Adverse_Event_ID,Participant_ID,Event_Type,Severity,Related_To_Treatment,Serious_Event
1,3257,Dizziness,Mild,Yes,No
2,6771,Injection Site Reaction,Mild,No,No
3,9432,Other,Mild,No,No
4,8766,Other,Mild,Yes,No
5,8554,Fatigue,Mild,No,No
6,1934,Dizziness,Moderate,No,No
7,7280,Injection Site Reaction,Moderate,Yes,No
8,6188,Other,Mild,Yes,No
9,6035,Nausea,Moderate,No,No
10,5729,Fatigue,Mild,Yes,No
11,234,Nausea,Moderate,Yes,No
12,7423,Nausea,Mild,Yes,No
13,8722,Nausea,Mild,Yes,No
14,5967,Injection Site Reaction,Mild,Yes,No
15,6311,Other,Moderate,No,Yes
16,3158,Nausea,Mild,Yes,No
17,1765,Fatigue,Mild,No,No
18,1685,Headache,Moderate,Yes,No
19,447,Dizziness,Mild,Yes,No
20,911,Injection Site Reaction,Mild,No,No
21,9237,Headache,Mild,Yes,No
22,3383,Injection Site Reaction,Mild,Yes,No
23,6010,Other,Mild,Yes,No
24,4342,Fatigue,Mild,Yes,No
25,2648,Nausea,Mild,No,No
26,6815,Headache,Severe,Yes,No
27,467,Other,Mild,Yes,No
28,8760,Other,Mild,No,No
29,2784,Fatigue,Severe,Yes,No
30,8424,Other,Mild,Yes,No
31,5190,Other,Mild,Yes,No
32,6386,Nausea,Mild,Yes,No
33,3251,Injection Site Reaction,Mild,Yes,No
34,9619,Dizziness,Mild,Yes,No
35,3981,Dizziness,Mild,No,No
36,4431,Other,Mild,No,No
37,6304,Injection Site Reaction,Mild,Yes,No
38,6335,Dizziness,Mild,Yes,No
39,4601,Other,Mild,Yes,No
40,9635,Headache,Moderate,Yes,No
41,422,Nausea,Mild,No,No
42,2622,Injection Site Reaction,Moderate,Yes,No
43,7779,Injection Site Reaction,Moderate,No,No
44,3895,Dizziness,Mild,Yes,No
45,2905,Nausea,Mild,Yes,No
46,4029,Nausea,Mild,Yes,No
47,816,Nausea,Mild,No,No
48,1231,Fatigue,Mild,Yes,No
49,612,Other,Mild,No,No
50,2787,Nausea,Mild,Yes,No
51,2301,Headache,Mild,Yes,No
52,5699,Nausea,Mild,No,No
53,2070,Injection Site Reaction,Mild,Yes,No
54,6323,Dizziness,Mild,Yes,No
55,1290,Other,Mild,No,No
56,9114,Nausea,Mild,Yes,No
57,9659,Other,Moderate,Yes,No
58,7454,Other,Mild,Yes,No
59,1697,Injection Site Reaction,Mild,No,No
60,4167,Nausea,Moderate,Yes,No
61,6197,Other,Severe,Yes,No
62,7417,Other,Mild,Yes,No
63,8963,Other,Moderate,Yes,No
64,2254,Headache,Mild,Yes,No
65,576,Dizziness,Severe,Yes,Yes
66,6875,Nausea,Moderate,Yes,No
67,9443,Fatigue,Mild,Yes,Yes
68,8017,Nausea,Mild,Yes,No
69,8120,Headache,Mild,No,No
70,4415,Fatigue,Moderate,Yes,No
71,7298,Dizziness,Mild,No,No
72,2996,Injection Site Reaction,Mild,Yes,No
73,7823,Fatigue,Moderate,Yes,No
74,4032,Nausea,Mild,Yes,No
75,9920,Injection Site Reaction,Mild,No,No
76,6286,Headache,Mild,Yes,No
77,8827,Nausea,Mild,Yes,No
78,6597,Nausea,Mild,Yes,Yes
79,1691,Dizziness,Moderate,No,No
80,5381,Injection Site Reaction,Mild,Yes,No
81,2406,Dizziness,Moderate,Yes,No
82,3937,Injection Site Reaction,Mild,No,No
83,296,Headache,Moderate,Yes,No
84,6273,Fatigue,Mild,No,No
85,3191,Nausea,Moderate,No,Yes
86,9929,Headache,Mild,Yes,No
87,2696,Headache,Moderate,No,No
88,5761,Nausea,Moderate,No,No
89,6452,Fatigue,Mild,No,No
90,7467,Nausea,Mild,Yes,No
91,348,Injection Site Reaction,Moderate,Yes,No
92,7159,Injection Site Reaction,Mild,No,No
93,8236,Headache,Mild,No,No
94,6731,Dizziness,Mild,Yes,No
95,824,Injection Site Reaction,Mild,No,No
96,1520,Other,Mild,No,No
97,7729,Dizziness,Mild,Yes,No
98,6344,Injection Site Reaction,Mild,No,No
99,5132,Nausea,Mild,Yes,No
100,1567,Injection Site Reaction,Mild,No,No
101,686,Nausea,Moderate,No,Yes
102,698,Nausea,Mild,Yes,No
103,4184,Dizziness,Severe,Yes,No
104,8928,Fatigue,Mild,Yes,No
105,1828,Other,Mild,Yes,No
106,8621,Other,Moderate,No,No
107,2078,Other,Mild,Yes,No
108,9710,Dizziness,Mild,Yes,No
109,3685,Fatigue,Moderate,Yes,No
110,2867,Other,Mild,Yes,No
111,9535,Headache,Mild,No,No
112,253,Other,Mild,Yes,No
113,7988,Headache,Moderate,Yes,No
114,6843,Other,Mild,Yes,No
115,2683,Fatigue,Mild,Yes,No
116,3854,Fatigue,Moderate,Yes,No
117,1935,Other,Moderate,No,No
118,3071,Fatigue,Mild,Yes,No
119,850,Dizziness,Mild,Yes,No
120,8241,Nausea,Mild,No,No
121,8836,Injection Site Reaction,Mild,No,No
122,755,Fatigue,Mild,No,No
123,9149,Headache,Mild,Yes,No
124,3137,Other,Mild,Yes,No
125,4217,Headache,Mild,No,No
126,6378,Nausea,Mild,Yes,No
127,7664,Dizziness,Mild,No,No
128,3266,Headache,Mild,Yes,No
129,5354,Dizziness,Moderate,No,No
130,8048,Dizziness,Mild,Yes,No
131,3825,Fatigue,Mild,Yes,No
132,5949,Nausea,Moderate,No,No
133,843,Nausea,Mild,No,No
134,337,Injection Site Reaction,Mild,No,No
135,2061,Headache,Mild,Yes,No
136,1147,Headache,Moderate,No,No
137,2713,Headache,Mild,No,No
138,5833,Injection Site Reaction,Mild,Yes,No
139,4277,Injection Site Reaction,Moderate,Yes,No
140,223,Headache,Moderate,Yes,No
141,484,Headache,Mild,No,No
142,2870,Fatigue,Mild,Yes,No
143,7120,Injection Site Reaction,Moderate,Yes,No
144,1583,Injection Site Reaction,Mild,Yes,No
145,8888,Dizziness,Mild,Yes,No
146,3261,Other,Moderate,No,No
147,4111,Other,Mild,Yes,No
148,2269,Nausea,Mild,No,No
149,3131,Fatigue,Mild,No,No
150,5929,Headache,Moderate,Yes,No
151,1500,Headache,Severe,Yes,No
152,2692,Nausea,Mild,Yes,No
153,709,Fatigue,Moderate,Yes,No
154,1739,Other,Mild,No,No
155,7529,Fatigue,Mild,No,No
156,8118,Fatigue,Mild,No,Yes
157,740,Nausea,Moderate,Yes,No
158,5964,Headache,Mild,Yes,No
159,4100,Injection Site Reaction,Mild,Yes,No
160,7730,Headache,Mild,No,No
161,9413,Other,Mild,Yes,No
162,409,Nausea,Mild,No,No
163,7193,Fatigue,Mild,Yes,No
164,4241,Dizziness,Mild,No,No
165,5105,Dizziness,Mild,Yes,No
166,601,Fatigue,Mild,Yes,No
167,7418,Injection Site Reaction,Moderate,Yes,No
168,907,Fatigue,Mild,Yes,No
169,2483,Nausea,Mild,No,No
170,6265,Injection Site Reaction,Mild,Yes,No
171,2091,Other,Mild,Yes,No
172,9846,Dizziness,Mild,No,No
173,2896,Injection Site Reaction,Mild,Yes,No
174,8146,Other,Mild,Yes,No
175,8995,Fatigue,Mild,Yes,No
176,529,Injection Site Reaction,Mild,Yes,No
177,1925,Nausea,Mild,No,No
178,1518,Injection Site Reaction,Mild,No,No
179,4689,Nausea,Mild,Yes,No
180,7309,Injection Site Reaction,Mild,No,No
181,4822,Fatigue,Mild,Yes,No
182,4797,Headache,Severe,Yes,No
183,614,Fatigue,Moderate,Yes,No
184,7903,Nausea,Moderate,Yes,No
185,8271,Injection Site Reaction,Mild,Yes,No
186,6067,Other,Moderate,Yes,No
187,4766,Injection Site Reaction,Mild,Yes,No
188,3550,Injection Site Reaction,Moderate,Yes,No
189,5965,Headache,Moderate,No,No
190,4628,Injection Site Reaction,Mild,Yes,No
191,6953,Fatigue,Moderate,No,No
192,4753,Headache,Mild,No,No
193,1225,Nausea,Moderate,Yes,No
194,3795,Nausea,Moderate,Yes,No
195,4828,Nausea,Mild,Yes,No
196,7755,Nausea,Mild,Yes,No
197,6693,Headache,Mild,No,Yes
198,4215,Other,Mild,No,No
199,8662,Injection Site Reaction,Mild,Yes,No
200,5316,Headache,Severe,Yes,No
201,3900,Injection Site Reaction,Moderate,Yes,No
202,6889,Nausea,Moderate,Yes,No
203,4935,Dizziness,Mild,No,No
204,5468,Fatigue,Moderate,Yes,No
205,4535,Fatigue,Moderate,Yes,No
206,8869,Headache,Mild,Yes,No
207,2951,Injection Site Reaction,Mild,Yes,No
208,1128,Headache,Moderate,Yes,No
209,4376,Dizziness,Mild,No,No
210,5531,Headache,Mild,Yes,No
211,9686,Other,Moderate,Yes,No
212,1758,Dizziness,Mild,Yes,No
213,7180,Other,Mild,No,No
214,2596,Nausea,Moderate,Yes,No
215,1428,Dizziness,Moderate,Yes,No
216,5019,Injection Site Reaction,Moderate,Yes,No
217,6162,Injection Site Reaction,Mild,No,No
218,8170,Injection Site Reaction,Moderate,Yes,No
219,9989,Nausea,Mild,No,No
220,189,Injection Site Reaction,Moderate,Yes,No
221,2524,Nausea,Mild,Yes,No
222,7781,Headache,Mild,Yes,No
223,9581,Other,Mild,No,No
224,4987,Nausea,Moderate,Yes,No
225,6530,Headache,Moderate,No,No
226,8507,Other,Mild,No,No
227,8342,Headache,Mild,No,No
228,9638,Fatigue,Mild,Yes,No
229,5291,Nausea,Mild,No,No
230,9218,Other,Mild,No,No
231,7516,Headache,Mild,No,No
232,493,Fatigue,Mild,Yes,No
233,9763,Headache,Mild,Yes,No
234,7155,Dizziness,Mild,No,No
235,3540,Other,Moderate,No,No
236,8174,Fatigue,Moderate,No,No
237,2240,Nausea,Moderate,Yes,No
238,8788,Fatigue,Mild,Yes,No
239,7966,Headache,Mild,Yes,No
240,8333,Other,Mild,Yes,No
241,4017,Injection Site Reaction,Severe,No,No
242,2525,Dizziness,Mild,Yes,Yes
243,8238,Dizziness,Moderate,Yes,No
244,7550,Fatigue,Mild,Yes,No
245,4998,Other,Mild,Yes,No
246,2504,Injection Site Reaction,Moderate,Yes,No
247,6629,Fatigue,Mild,No,No
248,60,Fatigue,Mild,Yes,No
249,5359,Nausea,Moderate,Yes,No
250,5698,Nausea,Mild,Yes,No
251,8613,Injection Site Reaction,Mild,No,No
252,8564,Fatigue,Moderate,Yes,No
253,853,Dizziness,Mild,Yes,No
254,4552,Headache,Mild,No,No
255,8134,Other,Mild,Yes,No
256,2571,Dizziness,Mild,Yes,No
257,3657,Headache,Moderate,No,No
258,439,Headache,Moderate,Yes,No
259,7076,Dizziness,Mild,No,No
260,2578,Fatigue,Mild,Yes,No
261,9467,Other,Moderate,Yes,No
262,3558,Injection Site Reaction,Mild,No,No
263,2967,Dizziness,Mild,No,No
264,6498,Injection Site Reaction,Mild,No,No
265,9567,Nausea,Severe,No,No
266,2147,Headache,Mild,No,No
267,4432,Nausea,Mild,Yes,No
268,221,Injection Site Reaction,Moderate,No,No
269,5115,Fatigue,Mild,No,No
270,3958,Other,Mild,Yes,No
271,7118,Other,Moderate,No,No
272,9076,Headache,Mild,Yes,No
273,7157,Dizziness,Moderate,No,No
274,1575,Other,Mild,No,No
275,779,Other,Mild,Yes,No
276,2063,Fatigue,Mild,No,No
277,3222,Nausea,Mild,No,No
278,3728,Other,Severe,Yes,No
279,855,Dizziness,Moderate,Yes,No
280,6315,Other,Mild,No,No
281,2261,Other,Mild,Yes,No
282,2858,Other,Moderate,Yes,No
283,304,Other,Mild,Yes,No
284,6449,Other,Mild,Yes,No
285,7387,Injection Site Reaction,Mild,No,No
286,9014,Nausea,Mild,Yes,No
287,8992,Other,Mild,No,No
288,7740,Headache,Mild,Yes,No
289,2881,Other,Mild,Yes,No
290,2461,Injection Site Reaction,Moderate,No,No
291,281,Nausea,Mild,Yes,No
292,9150,Other,Moderate,Yes,No
293,3360,Headache,Moderate,No,No
294,6454,Nausea,Mild,Yes,No
295,7608,Other,Mild,No,No
296,8921,Injection Site Reaction,Mild,No,No
297,4512,Fatigue,Mild,No,No
298,5170,Nausea,Mild,Yes,No
299,8833,Injection Site Reaction,Mild,No,No
300,8260,Dizziness,Severe,No,No
301,4680,Fatigue,Moderate,Yes,Yes
302,1153,Other,Mild,Yes,No
303,5796,Nausea,Moderate,Yes,No
304,201,Nausea,Mild,Yes,No
305,4029,Headache,Mild,Yes,No
306,5717,Headache,Moderate,Yes,No
307,9088,Injection Site Reaction,Mild,No,No
308,9051,Other,Moderate,Yes,Yes
309,7433,Nausea,Mild,No,No
310,2261,Injection Site Reaction,Mild,Yes,No
311,7564,Fatigue,Mild,Yes,No
312,7379,Injection Site Reaction,Mild,Yes,No
313,2517,Nausea,Mild,Yes,No
314,2570,Dizziness,Mild,No,No
315,3153,Nausea,Mild,No,No
316,8862,Other,Mild,Yes,No
317,5480,Injection Site Reaction,Mild,Yes,No
318,7040,Headache,Moderate,Yes,No
319,5067,Dizziness,Mild,No,No
320,8315,Injection Site Reaction,Moderate,Yes,No
321,2897,Other,Mild,Yes,No
322,142,Headache,Moderate,No,No
323,2721,Nausea,Mild,No,No
324,3526,Fatigue,Moderate,Yes,No
325,3686,Other,Mild,No,No
326,2313,Injection Site Reaction,Moderate,No,No
327,2988,Other,Mild,Yes,Yes
328,9504,Headache,Mild,No,No
329,5039,Fatigue,Mild,Yes,No
330,6204,Headache,Moderate,Yes,No
331,8406,Nausea,Mild,No,Yes
332,1628,Headache,Mild,No,No
333,2310,Fatigue,Mild,Yes,No
334,1893,Other,Moderate,No,No
335,5686,Headache,Mild,Yes,No
336,8672,Other,Mild,No,No
337,2620,Injection Site Reaction,Severe,No,No
338,2875,Injection Site Reaction,Moderate,Yes,No
339,8967,Other,Mild,No,No
340,6183,Headache,Mild,No,No
341,7311,Other,Mild,No,No
342,4633,Headache,Moderate,No,No
343,3476,Headache,Mild,Yes,No
344,2397,Headache,Moderate,No,No
345,6933,Other,Moderate,Yes,No
346,604,Fatigue,Mild,No,No
347,7541,Dizziness,Mild,No,No
348,2200,Fatigue,Mild,Yes,No
349,3703,Fatigue,Moderate,Yes,No
350,6764,Injection Site Reaction,Moderate,No,No
351,3375,Other,Mild,Yes,No
352,1773,Other,Mild,Yes,No
353,1883,Injection Site Reaction,Mild,No,No
354,7633,Other,Mild,Yes,No
355,5754,Injection Site Reaction,Mild,Yes,No
356,5385,Headache,Moderate,No,No
357,1051,Other,Moderate,No,No
358,9090,Dizziness,Mild,Yes,No
359,373,Dizziness,Mild,No,No
360,7985,Dizziness,Mild,No,No
361,839,Headache,Mild,No,No
362,7123,Dizziness,Mild,No,No
363,2495,Other,Mild,No,No
364,4209,Dizziness,Mild,No,No
365,2289,Fatigue,Mild,No,No
366,4870,Nausea,Mild,Yes,No
367,9807,Headache,Mild,No,No
368,6610,Injection Site Reaction,Mild,Yes,No
369,1656,Dizziness,Mild,Yes,No
370,4753,Headache,Moderate,Yes,No
371,9761,Dizziness,Mild,Yes,No
372,5365,Other,Mild,Yes,No
373,6071,Fatigue,Mild,Yes,No
374,2766,Nausea,Mild,No,No
375,5968,Injection Site Reaction,Mild,No,No
376,5598,Dizziness,Severe,No,No
377,293,Nausea,Mild,No,No
378,7375,Nausea,Mild,Yes,No
379,6299,Dizziness,Mild,No,No
380,8683,Dizziness,Mild,No,No
381,4458,Injection Site Reaction,Moderate,No,No
382,3162,Headache,Mild,No,No
383,5180,Fatigue,Mild,Yes,No
384,7529,Fatigue,Mild,No,No
385,2803,Other,Mild,Yes,No
386,4029,Injection Site Reaction,Mild,Yes,No
387,4066,Fatigue,Mild,No,No
388,6028,Injection Site Reaction,Mild,No,No
389,1002,Headache,Moderate,No,No
390,132,Other,Mild,Yes,No
391,148,Fatigue,Mild,Yes,No
392,6113,Injection Site Reaction,Mild,Yes,No
393,5745,Injection Site Reaction,Moderate,No,No
394,2000,Nausea,Mild,No,No
395,7557,Dizziness,Mild,No,No
396,9345,Fatigue,Moderate,No,No
397,9685,Nausea,Mild,Yes,No
398,18,Other,Mild,No,No
399,8733,Injection Site Reaction,Moderate,Yes,No
400,5513,Injection Site Reaction,Moderate,No,Yes
401,4332,Nausea,Mild,Yes,No
402,9633,Nausea,Severe,No,No
403,1967,Injection Site Reaction,Mild,No,No
404,4899,Injection Site Reaction,Mild,Yes,No
405,9675,Other,Mild,No,No
406,2291,Other,Mild,Yes,No
407,8103,Other,Mild,Yes,No
408,6744,Nausea,Moderate,Yes,No
409,4677,Fatigue,Mild,Yes,No
410,7132,Nausea,Mild,Yes,No
411,4713,Injection Site Reaction,Mild,Yes,No
412,5655,Dizziness,Moderate,Yes,No
413,8930,Other,Moderate,Yes,No
414,9611,Injection Site Reaction,Mild,Yes,No
415,7728,Headache,Mild,Yes,No
416,6846,Injection Site Reaction,Mild,Yes,No
417,2191,Dizziness,Mild,Yes,No
418,3555,Nausea,Moderate,No,No
419,3517,Other,Mild,Yes,No
420,7416,Injection Site Reaction,Mild,No,No
421,6190,Fatigue,Mild,No,No
422,6163,Injection Site Reaction,Mild,No,No
423,730,Other,Mild,Yes,No
424,3037,Nausea,Moderate,Yes,No
425,8230,Dizziness,Mild,No,Yes
426,4141,Nausea,Mild,No,No
427,2227,Dizziness,Moderate,Yes,No
428,3176,Other,Mild,Yes,No
429,3258,Dizziness,Mild,Yes,No
430,9046,Injection Site Reaction,Mild,No,No
431,1395,Headache,Mild,Yes,No
432,5353,Injection Site Reaction,Mild,Yes,No
433,3994,Dizziness,Moderate,Yes,No
434,6915,Injection Site Reaction,Moderate,No,No
435,2080,Headache,Moderate,Yes,Yes
436,363,Fatigue,Mild,Yes,No
437,1616,Nausea,Mild,No,No
438,5145,Other,Mild,No,No
439,6627,Injection Site Reaction,Mild,Yes,No
440,6287,Other,Severe,Yes,No
441,4802,Nausea,Mild,Yes,No
442,4858,Other,Mild,Yes,No
443,9068,Dizziness,Mild,Yes,No
444,7055,Injection Site Reaction,Mild,Yes,No
445,7638,Injection Site Reaction,Severe,Yes,No
446,3819,Nausea,Mild,No,No
447,2909,Nausea,Mild,No,Yes
448,9738,Dizziness,Moderate,No,No
449,2052,Other,Mild,Yes,No
450,6651,Headache,Mild,Yes,No
451,65,Other,Moderate,Yes,No
452,3489,Dizziness,Mild,Yes,No
453,2185,Nausea,Moderate,Yes,No
454,8061,Dizziness,Mild,Yes,No
455,2169,Other,Moderate,No,No
456,4286,Injection Site Reaction,Mild,No,No
457,9207,Nausea,Moderate,No,No
458,7331,Nausea,Mild,No,No
459,8287,Fatigue,Mild,Yes,No
460,4208,Fatigue,Mild,Yes,No
461,4981,Fatigue,Mild,Yes,No
462,4280,Injection Site Reaction,Mild,No,No
463,747,Other,Mild,Yes,No
464,9192,Headache,Mild,Yes,No
465,9152,Injection Site Reaction,Mild,No,No
466,5382,Other,Mild,Yes,No
467,4097,Headache,Mild,Yes,No
468,2315,Other,Mild,Yes,No
469,3880,Headache,Moderate,Yes,No
470,6005,Nausea,Moderate,Yes,No
471,5686,Nausea,Mild,Yes,No
472,3349,Dizziness,Mild,No,No
473,6635,Dizziness,Mild,Yes,No
474,5819,Injection Site Reaction,Mild,No,No
475,9596,Nausea,Mild,No,No
476,5346,Fatigue,Mild,No,No
477,4446,Other,Mild,Yes,No
478,6033,Other,Mild,Yes,No
479,3316,Nausea,Severe,No,No
480,3395,Other,Mild,Yes,No
481,7824,Headache,Moderate,Yes,No
482,6603,Injection Site Reaction,Mild,Yes,No
483,3554,Dizziness,Mild,Yes,No
484,4972,Headache,Moderate,No,No
485,6388,Fatigue,Moderate,No,No
486,5625,Dizziness,Mild,Yes,No
487,4366,Headache,Moderate,No,No
488,2310,Nausea,Mild,No,No
489,5452,Headache,Mild,No,No
490,7399,Dizziness,Mild,Yes,No
491,4296,Injection Site Reaction,Moderate,No,No
492,8144,Fatigue,Mild,Yes,No
493,8809,Injection Site Reaction,Moderate,Yes,No
494,3470,Other,Moderate,Yes,No
495,8732,Dizziness,Mild,Yes,No
496,6010,Dizziness,Mild,Yes,No
497,3008,Headache,Mild,Yes,No
498,1169,Injection Site Reaction,Moderate,Yes,No
499,7692,Dizziness,Mild,No,No
500,9436,Other,Moderate,No,No
501,7621,Fatigue,Moderate,No,No
502,2192,Dizziness,Mild,Yes,No
503,2032,Headache,Mild,Yes,No
504,6929,Nausea,Mild,No,Yes
505,1451,Other,Mild,No,No
506,2288,Injection Site Reaction,Mild,No,No
507,8497,Injection Site Reaction,Mild,No,No
508,768,Nausea,Mild,Yes,No
509,9136,Fatigue,Mild,Yes,No
510,1097,Injection Site Reaction,Moderate,Yes,No
511,7865,Fatigue,Mild,No,No
512,201,Injection Site Reaction,Mild,Yes,No
513,1678,Headache,Mild,No,No
514,6572,Other,Mild,Yes,No
515,9130,Other,Mild,Yes,No
516,764,Nausea,Mild,Yes,No
517,9498,Headache,Mild,Yes,Yes
518,4886,Dizziness,Moderate,Yes,No
519,7833,Headache,Severe,Yes,No
520,5387,Other,Mild,No,No
521,5460,Fatigue,Mild,Yes,No
522,3713,Nausea,Mild,Yes,No
523,2532,Fatigue,Moderate,Yes,No
524,8367,Fatigue,Mild,Yes,No
525,8101,Dizziness,Mild,Yes,No
526,7530,Fatigue,Mild,Yes,No
527,2467,Nausea,Mild,Yes,No
528,1046,Fatigue,Mild,Yes,No
529,7494,Fatigue,Mild,Yes,No
530,9269,Dizziness,Mild,Yes,No
531,8371,Headache,Mild,Yes,No
532,7113,Other,Mild,Yes,No
533,9415,Fatigue,Mild,No,No
534,6603,Headache,Severe,Yes,No
535,1795,Injection Site Reaction,Mild,Yes,No
536,3522,Nausea,Mild,Yes,No
537,5652,Headache,Severe,No,No
538,5835,Injection Site Reaction,Mild,Yes,No
539,3072,Headache,Mild,Yes,No
540,3482,Dizziness,Mild,Yes,No
541,8365,Dizziness,Mild,Yes,Yes
542,4071,Injection Site Reaction,Mild,Yes,No
543,3127,Fatigue,Moderate,No,No
544,8460,Fatigue,Mild,Yes,No
545,974,Nausea,Mild,No,No
546,7773,Other,Moderate,Yes,No
547,4696,Fatigue,Mild,No,No
548,9205,Nausea,Mild,Yes,No
549,4820,Headache,Mild,Yes,No
550,4810,Fatigue,Moderate,Yes,No
551,1692,Nausea,Mild,Yes,No
552,3226,Headache,Moderate,No,Yes
553,2208,Fatigue,Mild,Yes,No
554,1569,Nausea,Mild,No,No
555,3312,Dizziness,Mild,No,No
556,5995,Dizziness,Moderate,No,No
557,7718,Other,Mild,Yes,No
558,5066,Nausea,Mild,Yes,No
559,3353,Nausea,Moderate,Yes,No
560,579,Nausea,Mild,Yes,No
561,7717,Injection Site Reaction,Mild,Yes,No
562,3676,Headache,Mild,Yes,No
563,6705,Dizziness,Moderate,Yes,No
564,9593,Dizziness,Mild,Yes,No
565,1072,Other,Mild,No,No
566,3188,Other,Mild,Yes,No
567,8892,Fatigue,Severe,No,No
568,4422,Other,Mild,Yes,No
569,3654,Dizziness,Moderate,Yes,Yes
570,4611,Dizziness,Mild,No,No
571,8052,Nausea,Mild,Yes,No
572,6176,Other,Moderate,No,No
573,1873,Injection Site Reaction,Mild,Yes,No
574,5986,Injection Site Reaction,Moderate,Yes,No
575,5817,Dizziness,Severe,Yes,Yes
576,8483,Nausea,Mild,No,No
577,3702,Injection Site Reaction,Mild,Yes,No
578,4236,Dizziness,Mild,Yes,No
579,2329,Dizziness,Mild,Yes,No
580,9269,Other,Mild,No,No
581,7666,Dizziness,Mild,No,No
582,2849,Injection Site Reaction,Moderate,Yes,No
583,645,Headache,Mild,No,No
584,3714,Headache,Mild,Yes,No
585,6589,Nausea,Moderate,Yes,No
586,9022,Fatigue,Severe,Yes,No
587,8562,Fatigue,Mild,Yes,No
588,1126,Fatigue,Moderate,Yes,No
589,5526,Fatigue,Mild,No,No
590,2042,Dizziness,Mild,No,No
591,8806,Other,Mild,No,No
592,951,Fatigue,Moderate,No,No
593,6835,Dizziness,Moderate,Yes,No
594,280,Fatigue,Mild,No,No
595,794,Other,Mild,No,No
596,8413,Other,Mild,Yes,No
597,700,Nausea,Mild,Yes,No
598,7938,Other,Moderate,Yes,No
599,8186,Dizziness,Mild,No,No
600,8597,Nausea,Moderate,No,No
601,9251,Headache,Mild,Yes,No
602,4743,Injection Site Reaction,Mild,Yes,No
603,8615,Dizziness,Mild,Yes,No
604,6038,Headache,Mild,Yes,No
605,5829,Injection Site Reaction,Mild,No,No
606,6139,Nausea,Moderate,Yes,No
607,3717,Nausea,Mild,Yes,No
608,2912,Injection Site Reaction,Mild,No,No
609,9445,Injection Site Reaction,Mild,No,No
610,2345,Injection Site Reaction,Mild,No,No
611,4125,Fatigue,Mild,Yes,No
612,4914,Other,Mild,Yes,No
613,6500,Fatigue,Moderate,Yes,No
614,225,Headache,Mild,Yes,No
615,9060,Headache,Mild,Yes,No
616,3811,Injection Site Reaction,Moderate,No,No
617,1143,Injection Site Reaction,Mild,No,No
618,8112,Dizziness,Mild,No,No
619,5078,Fatigue,Mild,Yes,No
620,6393,Fatigue,Mild,Yes,No
621,91,Headache,Mild,Yes,No
622,6000,Injection Site Reaction,Mild,Yes,No
623,1673,Injection Site Reaction,Moderate,No,No
624,571,Dizziness,Moderate,No,No
625,973,Fatigue,Mild,No,No
626,4564,Nausea,Moderate,Yes,No
627,7442,Headache,Mild,Yes,No
628,7917,Headache,Mild,Yes,No
629,3755,Dizziness,Mild,Yes,No
630,3157,Fatigue,Moderate,Yes,No
631,9817,Other,Mild,Yes,No
632,1681,Dizziness,Moderate,Yes,No
633,3754,Dizziness,Mild,No,No
634,8088,Fatigue,Mild,No,No
635,3159,Dizziness,Mild,Yes,No
636,1033,Injection Site Reaction,Severe,Yes,No
637,8854,Fatigue,Mild,Yes,No
638,2693,Injection Site Reaction,Mild,No,No
639,4455,Injection Site Reaction,Mild,Yes,No
640,3760,Headache,Mild,Yes,No
641,3623,Dizziness,Mild,No,No
642,5475,Fatigue,Mild,No,No
643,5846,Fatigue,Mild,Yes,No
644,1609,Headache,Mild,Yes,No
645,3280,Dizziness,Mild,Yes,No
646,3006,Fatigue,Mild,No,No
647,4032,Dizziness,Mild,Yes,No
648,2151,Other,Mild,Yes,No
649,4720,Headache,Moderate,No,No
650,8733,Dizziness,Moderate,Yes,No
651,5031,Injection Site Reaction,Mild,Yes,No
652,324,Other,Moderate,No,No
653,5401,Headache,Moderate,Yes,No
654,9566,Nausea,Moderate,No,No
655,7567,Nausea,Mild,No,No
656,9607,Fatigue,Mild,Yes,No
657,7639,Headache,Moderate,Yes,No
658,1797,Other,Mild,Yes,No
659,5917,Headache,Moderate,Yes,No
660,3845,Nausea,Moderate,No,No
661,2397,Nausea,Moderate,No,No
662,906,Fatigue,Mild,No,No
663,6095,Dizziness,Moderate,Yes,No
664,7612,Dizziness,Mild,Yes,No
665,4471,Dizziness,Moderate,Yes,No
666,6816,Dizziness,Moderate,No,No
667,8605,Injection Site Reaction,Mild,Yes,No
668,1509,Fatigue,Mild,No,No
669,3022,Injection Site Reaction,Mild,Yes,No
670,5648,Headache,Mild,No,No
671,9859,Other,Mild,No,No
672,449,Dizziness,Mild,Yes,No
673,3009,Nausea,Severe,No,No
674,2950,Other,Mild,Yes,No
675,6127,Headache,Mild,Yes,No
676,9291,Headache,Moderate,Yes,No
677,7050,Dizziness,Mild,Yes,No
678,1735,Fatigue,Mild,Yes,No
679,4695,Nausea,Moderate,No,No
680,3980,Dizziness,Mild,Yes,No
681,2244,Headache,Mild,No,No
682,1354,Dizziness,Mild,Yes,No
683,8267,Other,Mild,Yes,No
684,4895,Headache,Moderate,Yes,No
685,3431,Headache,Moderate,Yes,No
686,9184,Dizziness,Mild,Yes,No
687,6120,Injection Site Reaction,Mild,No,No
688,7901,Nausea,Mild,Yes,No
689,1789,Fatigue,Mild,No,No
690,471,Other,Mild,Yes,No
691,8858,Headache,Mild,Yes,No
692,7374,Headache,Mild,No,No
693,3829,Headache,Mild,Yes,No
694,4204,Dizziness,Mild,Yes,No
695,9867,Dizziness,Mild,No,No
696,1127,Other,Moderate,Yes,No
697,8645,Other,Mild,Yes,No
698,6518,Nausea,Mild,Yes,No
699,209,Injection Site Reaction,Mild,No,No
700,703,Nausea,Mild,Yes,No
701,4998,Other,Moderate,No,No
702,8524,Fatigue,Mild,No,No
703,3169,Other,Mild,Yes,No
704,5783,Other,Mild,Yes,No
705,3870,Other,Mild,Yes,No
706,7795,Other,Mild,No,No
707,6386,Injection Site Reaction,Mild,Yes,No
708,4686,Other,Severe,Yes,No
709,9586,Injection Site Reaction,Mild,Yes,No
710,7586,Injection Site Reaction,Mild,No,No
711,7207,Headache,Mild,No,No
712,9707,Fatigue,Moderate,No,Yes
713,2227,Other,Severe,Yes,No
714,7187,Dizziness,Mild,Yes,No
715,6632,Other,Mild,Yes,No
716,3368,Other,Mild,No,No
717,7808,Headache,Mild,No,No
718,2296,Other,Mild,No,No
719,1272,Fatigue,Severe,No,No
720,3102,Injection Site Reaction,Mild,Yes,Yes
721,8056,Dizziness,Mild,No,No
722,8182,Dizziness,Mild,No,No
723,8700,Injection Site Reaction,Mild,Yes,No
724,2996,Nausea,Mild,Yes,No
725,3417,Fatigue,Mild,Yes,No
726,9779,Nausea,Mild,Yes,No
727,6675,Other,Moderate,Yes,No
728,9721,Other,Mild,Yes,No
729,5589,Fatigue,Moderate,Yes,No
730,7030,Fatigue,Mild,Yes,No
731,6428,Headache,Mild,No,No
732,6187,Other,Mild,No,No
733,369,Dizziness,Mild,Yes,No
734,295,Injection Site Reaction,Mild,Yes,No
735,8966,Other,Mild,Yes,No
736,265,Dizziness,Mild,No,No
737,5599,Injection Site Reaction,Moderate,No,No
738,7579,Fatigue,Moderate,No,No
739,5030,Headache,Moderate,Yes,No
740,3029,Fatigue,Mild,Yes,No
741,8939,Dizziness,Moderate,No,Yes
742,3681,Dizziness,Moderate,No,No
743,2305,Other,Severe,Yes,No
744,6946,Fatigue,Mild,No,No
745,1725,Injection Site Reaction,Mild,No,No
746,3163,Nausea,Mild,Yes,No
747,4928,Headache,Mild,Yes,No
748,6078,Dizziness,Mild,Yes,Yes
749,6788,Injection Site Reaction,Mild,Yes,No
750,6464,Other,Mild,Yes,No
751,8314,Nausea,Moderate,No,No
752,4695,Injection Site Reaction,Mild,Yes,No
753,7656,Headache,Mild,Yes,No
754,7279,Headache,Mild,Yes,No
755,2665,Dizziness,Moderate,No,No
756,3398,Injection Site Reaction,Mild,No,No
757,2555,Nausea,Mild,No,No
758,8198,Headache,Mild,Yes,No
759,9217,Injection Site Reaction,Mild,Yes,No
760,2313,Headache,Mild,Yes,No
761,9543,Other,Mild,Yes,No
762,2996,Other,Moderate,Yes,No
763,4900,Other,Mild,No,No
764,4868,Injection Site Reaction,Severe,Yes,No
765,1407,Fatigue,Mild,Yes,No
766,5084,Fatigue,Moderate,Yes,No
767,6312,Nausea,Moderate,Yes,No
768,2607,Dizziness,Mild,Yes,No
769,5450,Dizziness,Mild,Yes,No
770,26,Fatigue,Mild,No,No
771,3030,Injection Site Reaction,Mild,No,No
772,3868,Injection Site Reaction,Severe,No,No
773,8501,Injection Site Reaction,Mild,Yes,No
774,832,Nausea,Mild,Yes,No
775,9142,Fatigue,Moderate,Yes,No
776,7703,Fatigue,Mild,Yes,No
777,130,Headache,Moderate,Yes,No
778,7233,Fatigue,Mild,No,No
779,1596,Headache,Moderate,Yes,No
780,6407,Dizziness,Mild,No,No
781,6217,Headache,Mild,Yes,No
782,9827,Fatigue,Mild,Yes,No
783,7102,Fatigue,Mild,Yes,No
784,688,Fatigue,Mild,Yes,Yes
785,398,Headache,Mild,No,No
786,4707,Injection Site Reaction,Mild,No,No
787,5832,Injection Site Reaction,Mild,Yes,Yes
788,6017,Headache,Mild,Yes,No
789,9321,Headache,Mild,Yes,No
790,9237,Headache,Severe,Yes,No
791,2307,Other,Mild,No,No
792,7791,Headache,Mild,No,No
793,6626,Fatigue,Moderate,No,No
794,9595,Fatigue,Moderate,No,No
795,5266,Fatigue,Severe,No,No
796,7530,Nausea,Mild,Yes,No
797,1742,Headache,Mild,Yes,No
798,2989,Other,Moderate,No,No
799,628,Dizziness,Moderate,Yes,No
800,5889,Nausea,Mild,Yes,No
801,6970,Headache,Moderate,Yes,No
802,2206,Injection Site Reaction,Mild,Yes,No
803,8854,Headache,Mild,Yes,Yes
804,118,Injection Site Reaction,Mild,Yes,No
805,6591,Nausea,Mild,Yes,No
806,536,Fatigue,Mild,Yes,Yes
807,4128,Dizziness,Moderate,Yes,Yes
808,2102,Dizziness,Mild,No,No
809,5945,Headache,Mild,Yes,No
810,4300,Other,Moderate,Yes,No
811,1622,Injection Site Reaction,Moderate,Yes,No
812,7539,Headache,Mild,No,No
813,8017,Fatigue,Moderate,No,No
814,6888,Other,Mild,Yes,No
815,1212,Nausea,Moderate,No,No
816,9850,Fatigue,Mild,No,No
817,1804,Dizziness,Moderate,Yes,No
818,8771,Dizziness,Mild,Yes,Yes
819,6046,Other,Mild,No,No
820,9239,Headache,Mild,Yes,No
821,8513,Nausea,Moderate,Yes,No
822,1072,Other,Mild,Yes,No
823,403,Other,Mild,Yes,No
824,8576,Fatigue,Moderate,Yes,No
825,5412,Dizziness,Mild,No,No
826,5129,Fatigue,Mild,No,No
827,9056,Dizziness,Mild,Yes,No
828,9801,Injection Site Reaction,Moderate,Yes,No
829,261,Dizziness,Severe,Yes,No
830,8859,Fatigue,Mild,Yes,No
831,1413,Other,Moderate,No,No
832,6331,Dizziness,Moderate,No,No
833,4191,Other,Mild,No,No
834,2768,Injection Site Reaction,Mild,Yes,No
835,9690,Fatigue,Mild,Yes,No
836,1163,Nausea,Mild,Yes,No
837,8534,Injection Site Reaction,Mild,Yes,No
838,6560,Headache,Mild,Yes,Yes
839,3298,Fatigue,Moderate,Yes,No
840,4285,Fatigue,Mild,No,No
841,585,Nausea,Mild,No,No
842,345,Injection Site Reaction,Moderate,Yes,No
843,8987,Fatigue,Mild,No,No
844,2327,Fatigue,Mild,Yes,No
845,2449,Other,Mild,Yes,No
846,4205,Other,Mild,Yes,No
847,3292,Injection Site Reaction,Mild,No,No
848,1274,Injection Site Reaction,Moderate,Yes,No
849,7219,Other,Mild,No,No
850,4677,Injection Site Reaction,Mild,No,No
851,2483,Headache,Mild,Yes,No
852,9847,Fatigue,Moderate,Yes,No
853,5042,Other,Mild,Yes,No
854,4237,Fatigue,Mild,Yes,No
855,6544,Other,Mild,Yes,No
856,9805,Headache,Mild,Yes,No
857,9189,Injection Site Reaction,Mild,Yes,No
858,5939,Injection Site Reaction,Mild,Yes,No
859,8216,Other,Mild,Yes,No
860,4911,Fatigue,Mild,Yes,Yes
861,5456,Other,Severe,Yes,No
862,4944,Nausea,Moderate,Yes,No
863,578,Nausea,Mild,Yes,No
864,9665,Dizziness,Moderate,No,No
865,1524,Dizziness,Severe,No,No
866,5750,Injection Site Reaction,Mild,Yes,No
867,5612,Other,Moderate,Yes,No
868,9297,Headache,Moderate,No,No
869,8042,Headache,Mild,Yes,No
870,3273,Injection Site Reaction,Mild,Yes,No
871,6754,Fatigue,Moderate,Yes,No
872,5337,Headache,Moderate,Yes,No
873,9310,Injection Site Reaction,Mild,Yes,No
874,6718,Other,Mild,No,Yes
875,8683,Dizziness,Mild,Yes,No
876,7800,Other,Mild,Yes,No
877,4316,Fatigue,Moderate,No,No
878,4017,Fatigue,Moderate,Yes,No
879,7788,Dizziness,Mild,No,No
880,5243,Headache,Severe,No,No
881,8898,Nausea,Moderate,Yes,No
882,2725,Headache,Mild,Yes,No
883,743,Nausea,Moderate,Yes,No
884,7067,Other,Mild,Yes,No
885,6693,Fatigue,Moderate,Yes,No
886,2311,Other,Mild,Yes,Yes
887,7735,Injection Site Reaction,Mild,Yes,No
888,5209,Nausea,Mild,No,Yes
889,100,Dizziness,Moderate,Yes,No
890,4068,Headache,Mild,Yes,No
891,6452,Other,Mild,Yes,No
892,4602,Dizziness,Mild,Yes,No
893,8731,Headache,Mild,Yes,No
894,56,Other,Severe,Yes,No
895,2535,Fatigue,Moderate,Yes,No
896,7785,Other,Mild,Yes,No
897,9701,Other,Mild,Yes,No
898,1298,Dizziness,Mild,No,No
899,7235,Injection Site Reaction,Mild,Yes,No
900,6948,Fatigue,Mild,Yes,No
901,8937,Fatigue,Moderate,No,No
902,158,Fatigue,Moderate,Yes,No
903,9534,Other,Mild,Yes,No
904,7763,Other,Mild,No,No
905,5992,Dizziness,Mild,Yes,No
906,7786,Injection Site Reaction,Moderate,Yes,No
907,3969,Dizziness,Moderate,Yes,No
908,8281,Dizziness,Moderate,Yes,No
909,8062,Injection Site Reaction,Mild,Yes,No
910,4092,Nausea,Moderate,Yes,No
911,771,Other,Mild,No,Yes
912,5478,Other,Mild,No,No
913,8329,Dizziness,Mild,Yes,No
914,1387,Injection Site Reaction,Mild,Yes,Yes
915,6125,Nausea,Mild,Yes,No
916,9514,Dizziness,Mild,Yes,No
917,2792,Headache,Moderate,No,No
918,9699,Dizziness,Mild,No,No
919,8075,Dizziness,Mild,Yes,No
920,6935,Fatigue,Severe,Yes,No
921,6336,Headache,Moderate,No,No
922,1655,Injection Site Reaction,Moderate,Yes,No
923,982,Other,Mild,Yes,No
924,8089,Dizziness,Moderate,No,No
925,5465,Dizziness,Mild,Yes,No
926,2292,Injection Site Reaction,Mild,No,No
927,514,Headache,Moderate,Yes,No
928,9918,Dizziness,Mild,No,No
929,3961,Other,Mild,Yes,No
930,9807,Injection Site Reaction,Mild,Yes,No
931,5897,Nausea,Mild,No,No
932,3470,Dizziness,Mild,Yes,No
933,8569,Headache,Mild,Yes,No
934,7117,Fatigue,Mild,Yes,No
935,8540,Dizziness,Mild,No,No
936,9105,Fatigue,Moderate,Yes,No
937,5157,Dizziness,Moderate,Yes,No
938,6338,Other,Mild,Yes,No
939,708,Injection Site Reaction,Mild,Yes,No
940,3607,Other,Mild,Yes,No
941,4527,Headache,Mild,No,No
942,8092,Nausea,Mild,Yes,No
943,8795,Injection Site Reaction,Mild,Yes,No
944,1678,Injection Site Reaction,Mild,No,No
945,783,Headache,Mild,Yes,No
946,7380,Other,Mild,Yes,No
947,2185,Nausea,Mild,Yes,No
948,140,Dizziness,Moderate,Yes,No
949,1417,Fatigue,Moderate,No,No
950,4610,Headache,Mild,Yes,No
951,437,Headache,Mild,Yes,No
952,701,Headache,Mild,Yes,No
953,9528,Fatigue,Moderate,Yes,No
954,876,Other,Mild,Yes,No
955,2626,Headache,Moderate,No,No
956,7292,Headache,Mild,Yes,No
957,4570,Other,Moderate,No,No
958,2910,Headache,Mild,No,No
959,5480,Fatigue,Mild,Yes,No
960,9191,Other,Mild,No,No
961,9768,Nausea,Mild,Yes,No
962,343,Headache,Moderate,Yes,No
963,5940,Other,Mild,No,No
964,5070,Injection Site Reaction,Moderate,Yes,No
965,9576,Nausea,Mild,Yes,No
966,2508,Injection Site Reaction,Mild,Yes,No
967,6745,Dizziness,Mild,No,No
968,2622,Other,Severe,Yes,No
969,704,Dizziness,Moderate,Yes,No
970,3673,Other,Severe,Yes,No
971,3413,Fatigue,Mild,Yes,Yes
972,5585,Dizziness,Moderate,Yes,No
973,7454,Headache,Mild,Yes,Yes
974,6626,Dizziness,Moderate,Yes,No
975,4327,Dizziness,Mild,Yes,No
976,881,Other,Moderate,Yes,No
977,5354,Other,Mild,No,No
978,2833,Fatigue,Mild,Yes,Yes
979,9265,Injection Site Reaction,Moderate,No,No
980,8520,Nausea,Mild,Yes,No
981,4076,Headache,Mild,Yes,No
982,5363,Fatigue,Mild,Yes,No
983,9540,Dizziness,Moderate,Yes,No
984,9971,Headache,Mild,No,No
985,1601,Fatigue,Moderate,Yes,No
986,2690,Injection Site Reaction,Moderate,Yes,No
987,1068,Injection Site Reaction,Mild,Yes,No
988,5689,Nausea,Moderate,No,No
989,1698,Other,Moderate,Yes,No
990,2800,Other,Mild,Yes,No
991,2143,Dizziness,Mild,Yes,No
992,119,Headache,Mild,No,No
993,8738,Injection Site Reaction,Mild,No,No
994,7526,Other,Mild,No,No
995,4266,Nausea,Mild,Yes,No
996,4201,Other,Moderate,Yes,No
997,8437,Nausea,Mild,No,No
998,3111,Fatigue,Mild,No,No
999,860,Other,Moderate,No,No
1000,484,Headache,Mild,Yes,Yes
1001,2053,Headache,Mild,No,No
1002,79,Nausea,Mild,Yes,No
1003,259,Headache,Mild,Yes,No
1004,1616,Fatigue,Mild,Yes,No
1005,2155,Fatigue,Severe,Yes,No
1006,8194,Headache,Moderate,Yes,No
1007,667,Fatigue,Mild,No,No
1008,2379,Fatigue,Mild,No,No
1009,8908,Dizziness,Mild,No,No
1010,4948,Dizziness,Moderate,No,Yes
1011,8638,Dizziness,Mild,Yes,No
1012,9175,Dizziness,Mild,Yes,No
1013,4192,Injection Site Reaction,Mild,Yes,No
1014,9318,Headache,Severe,Yes,No
1015,7399,Headache,Mild,Yes,No
1016,383,Fatigue,Mild,Yes,No
1017,9442,Headache,Moderate,Yes,No
1018,3718,Injection Site Reaction,Moderate,No,No
1019,4256,Injection Site Reaction,Moderate,No,No
1020,1331,Headache,Mild,No,No
1021,9047,Other,Mild,No,No
1022,8435,Dizziness,Mild,Yes,No
1023,9930,Nausea,Mild,Yes,No
1024,405,Dizziness,Mild,Yes,No
1025,9525,Headache,Mild,Yes,No
1026,7780,Fatigue,Mild,No,No
1027,448,Nausea,Mild,No,No
1028,4452,Headache,Mild,No,No
1029,4895,Injection Site Reaction,Mild,Yes,No
1030,2009,Nausea,Moderate,Yes,No
1031,5830,Dizziness,Moderate,Yes,No
1032,6477,Other,Mild,Yes,No
1033,2112,Dizziness,Moderate,Yes,No
1034,6328,Dizziness,Mild,No,No
1035,8841,Headache,Mild,Yes,No
1036,3713,Dizziness,Mild,No,No
1037,5859,Nausea,Mild,Yes,No
1038,639,Dizziness,Mild,Yes,No
1039,4142,Dizziness,Moderate,Yes,No
1040,5154,Fatigue,Moderate,No,No
1041,9893,Dizziness,Mild,Yes,No
1042,9235,Fatigue,Severe,No,No
1043,2824,Fatigue,Mild,Yes,No
1044,7450,Dizziness,Mild,Yes,No
1045,680,Other,Mild,No,No
1046,8259,Dizziness,Moderate,No,No
1047,2754,Fatigue,Moderate,Yes,No
1048,9037,Injection Site Reaction,Mild,No,No
1049,2583,Headache,Moderate,No,No
1050,4286,Nausea,Mild,No,No
1051,5806,Other,Moderate,Yes,No
1052,8174,Injection Site Reaction,Mild,No,No
1053,7693,Fatigue,Mild,Yes,No
1054,9962,Headache,Mild,Yes,No
1055,9281,Headache,Mild,No,No
1056,4775,Headache,Mild,Yes,No
1057,9420,Nausea,Moderate,No,No
1058,1636,Injection Site Reaction,Mild,Yes,No
1059,7836,Injection Site Reaction,Mild,Yes,No
1060,4732,Headache,Mild,Yes,No
1061,6333,Other,Moderate,No,No
1062,7388,Nausea,Mild,Yes,No
1063,3386,Nausea,Mild,Yes,No
1064,6591,Fatigue,Mild,Yes,No
1065,4418,Other,Moderate,No,No
1066,8560,Fatigue,Mild,Yes,No
1067,3402,Injection Site Reaction,Moderate,No,No
1068,3523,Injection Site Reaction,Mild,No,No
1069,4699,Other,Mild,Yes,No
1070,6533,Other,Severe,Yes,No
1071,8910,Injection Site Reaction,Mild,Yes,No
1072,5122,Headache,Moderate,Yes,No
1073,9566,Injection Site Reaction,Moderate,Yes,No
1074,3035,Headache,Mild,No,No
1075,7284,Fatigue,Mild,No,No
1076,4827,Dizziness,Moderate,Yes,No
1077,4804,Headache,Mild,Yes,No
1078,2335,Headache,Mild,No,No
1079,315,Headache,Mild,Yes,No
1080,7939,Injection Site Reaction,Severe,Yes,No
1081,9513,Dizziness,Severe,No,No
1082,9277,Headache,Mild,No,No
1083,1234,Dizziness,Mild,No,No
1084,95,Dizziness,Moderate,No,No
1085,2813,Headache,Mild,No,No
1086,3968,Other,Mild,Yes,No
1087,9333,Other,Mild,Yes,No
1088,3215,Headache,Mild,No,No
1089,9321,Headache,Moderate,No,No
1090,7987,Dizziness,Mild,Yes,No
1091,5786,Injection Site Reaction,Mild,No,No
1092,4519,Dizziness,Mild,Yes,No
1093,5419,Dizziness,Mild,No,No
1094,7154,Injection Site Reaction,Mild,No,No
1095,5184,Nausea,Mild,Yes,No
1096,1418,Headache,Moderate,No,No
1097,6768,Injection Site Reaction,Mild,No,No
1098,3306,Injection Site Reaction,Mild,No,No
1099,8836,Nausea,Moderate,Yes,No
1100,9552,Headache,Mild,Yes,No
1101,6034,Other,Mild,Yes,No
1102,994,Headache,Mild,No,No
1103,9512,Fatigue,Mild,No,No
1104,4848,Dizziness,Moderate,No,No
1105,8871,Nausea,Mild,Yes,No
1106,8759,Injection Site Reaction,Mild,No,No
1107,1695,Other,Mild,No,No
1108,1144,Fatigue,Mild,Yes,No
1109,1874,Injection Site Reaction,Mild,Yes,No
1110,919,Headache,Mild,Yes,No
1111,5424,Dizziness,Mild,Yes,No
1112,9956,Other,Mild,No,No
1113,7833,Headache,Mild,No,No
1114,3575,Injection Site Reaction,Severe,No,No
1115,3522,Injection Site Reaction,Mild,No,No
1116,5826,Dizziness,Mild,No,No
1117,2740,Fatigue,Mild,No,No
1118,4813,Nausea,Mild,No,No
1119,4143,Other,Severe,Yes,No
1120,544,Dizziness,Mild,Yes,No
1121,5622,Other,Mild,Yes,No
1122,8464,Fatigue,Moderate,No,No
1123,447,Injection Site Reaction,Mild,Yes,No
1124,7692,Injection Site Reaction,Mild,Yes,No
1125,9624,Nausea,Mild,No,No
1126,7224,Dizziness,Moderate,Yes,No
1127,2510,Nausea,Moderate,No,No
1128,4454,Nausea,Severe,No,No
1129,9113,Other,Moderate,Yes,No
1130,1509,Dizziness,Mild,Yes,No
1131,8726,Fatigue,Moderate,Yes,No
1132,6473,Other,Moderate,No,No
1133,7565,Injection Site Reaction,Mild,Yes,No
1134,4283,Other,Moderate,Yes,No
1135,7288,Dizziness,Mild,No,No
1136,2865,Injection Site Reaction,Mild,No,No
1137,7959,Nausea,Mild,Yes,No
1138,9142,Other,Moderate,Yes,No
1139,3590,Other,Mild,No,No
1140,9438,Injection Site Reaction,Mild,Yes,No
1141,2818,Fatigue,Mild,Yes,No
1142,1414,Nausea,Mild,No,No
1143,5055,Fatigue,Mild,Yes,No
1144,5197,Nausea,Mild,Yes,No
1145,1928,Other,Moderate,Yes,No
1146,6579,Injection Site Reaction,Severe,Yes,No
1147,6545,Nausea,Moderate,No,No
1148,6690,Other,Mild,Yes,No
1149,5689,Fatigue,Moderate,Yes,No
1150,9601,Nausea,Mild,No,No
1151,8432,Nausea,Moderate,Yes,No
1152,4622,Other,Mild,Yes,No
1153,2621,Headache,Moderate,Yes,No
1154,3127,Fatigue,Mild,Yes,No
1155,2275,Fatigue,Mild,Yes,No
1156,5219,Nausea,Mild,Yes,No
1157,4140,Headache,Moderate,Yes,No
1158,8729,Nausea,Mild,Yes,No
1159,7959,Nausea,Mild,Yes,No
1160,4910,Dizziness,Mild,Yes,No
1161,8497,Nausea,Mild,No,No
1162,2389,Headache,Moderate,Yes,No
1163,4093,Other,Mild,Yes,No
1164,2615,Headache,Severe,Yes,No
1165,6144,Injection Site Reaction,Mild,Yes,No
1166,6388,Nausea,Moderate,No,No
1167,2799,Fatigue,Moderate,Yes,No
1168,4191,Headache,Moderate,No,No
1169,8342,Headache,Mild,Yes,No
1170,418,Other,Mild,Yes,No
1171,9850,Other,Moderate,Yes,No
1172,9472,Nausea,Mild,Yes,No
1173,1207,Dizziness,Mild,Yes,No
1174,5336,Injection Site Reaction,Mild,Yes,No
1175,6257,Fatigue,Moderate,Yes,No
1176,2657,Dizziness,Mild,No,No
1177,886,Injection Site Reaction,Moderate,No,No
1178,2014,Nausea,Mild,Yes,No
1179,3411,Fatigue,Moderate,No,No
1180,1016,Injection Site Reaction,Mild,Yes,No
1181,5912,Dizziness,Moderate,Yes,No
1182,3329,Injection Site Reaction,Mild,No,No
1183,9994,Nausea,Mild,No,No
1184,3217,Injection Site Reaction,Mild,Yes,No
1185,6733,Nausea,Mild,No,No
1186,854,Fatigue,Mild,No,No
1187,416,Injection Site Reaction,Moderate,Yes,No
1188,3890,Other,Mild,Yes,No
1189,5573,Dizziness,Moderate,Yes,No
1190,257,Other,Mild,No,No
1191,1724,Nausea,Mild,Yes,No
1192,5140,Fatigue,Mild,Yes,No
1193,7504,Headache,Severe,Yes,No
1194,174,Nausea,Mild,No,No
1195,2874,Injection Site Reaction,Moderate,No,No
1196,7551,Nausea,Mild,Yes,No
1197,6896,Fatigue,Mild,No,No
1198,1680,Dizziness,Mild,Yes,No
1199,2310,Dizziness,Mild,Yes,No
1200,5482,Dizziness,Moderate,No,No
1201,770,Dizziness,Mild,Yes,No
1202,4483,Headache,Severe,Yes,No
1203,5916,Headache,Mild,Yes,No
1204,2509,Headache,Mild,No,No
1205,556,Nausea,Mild,Yes,No
1206,7394,Nausea,Mild,No,No
1207,8278,Injection Site Reaction,Mild,No,No
1208,8552,Fatigue,Mild,No,No
1209,7518,Headache,Mild,No,No
1210,9545,Dizziness,Moderate,No,No
1211,9258,Fatigue,Moderate,No,No
1212,917,Other,Mild,No,No
1213,2685,Other,Moderate,Yes,No
1214,6125,Dizziness,Mild,No,No
1215,1408,Injection Site Reaction,Moderate,Yes,No
1216,542,Other,Mild,No,No
1217,5638,Injection Site Reaction,Mild,No,No
1218,2215,Headache,Moderate,No,No
1219,4316,Dizziness,Mild,Yes,No
1220,7003,Dizziness,Mild,No,No
1221,3140,Dizziness,Mild,Yes,No
1222,1024,Other,Moderate,No,No
1223,7333,Dizziness,Mild,No,No
1224,709,Dizziness,Mild,Yes,No
1225,5574,Dizziness,Mild,No,No
1226,7169,Headache,Mild,No,No
1227,2819,Other,Mild,No,No
1228,8443,Injection Site Reaction,Mild,No,No
1229,1215,Nausea,Mild,Yes,No
1230,5036,Injection Site Reaction,Mild,Yes,No
1231,7273,Other,Mild,No,No
1232,6914,Injection Site Reaction,Moderate,No,No
1233,5387,Dizziness,Mild,No,No
1234,2333,Other,Mild,No,No
1235,7597,Headache,Moderate,No,No
1236,764,Injection Site Reaction,Mild,Yes,No
1237,3196,Headache,Mild,No,No
1238,2899,Nausea,Mild,No,No
1239,3712,Injection Site Reaction,Mild,No,No
1240,5715,Fatigue,Mild,Yes,No
1241,7861,Injection Site Reaction,Mild,Yes,No
1242,6111,Injection Site Reaction,Mild,Yes,No
1243,9708,Nausea,Mild,No,No
1244,1199,Nausea,Moderate,Yes,No
1245,3663,Other,Mild,Yes,No
1246,8777,Dizziness,Mild,Yes,No
1247,4053,Fatigue,Mild,No,No
1248,2262,Other,Mild,No,No
1249,4926,Dizziness,Mild,No,No
1250,4194,Dizziness,Mild,No,No
1251,5478,Injection Site Reaction,Mild,Yes,No
1252,4014,Headache,Mild,No,Yes
1253,7646,Dizziness,Mild,Yes,No
1254,4958,Other,Mild,Yes,Yes
1255,3526,Injection Site Reaction,Mild,Yes,No
1256,6809,Dizziness,Severe,Yes,Yes
1257,5854,Fatigue,Moderate,Yes,No
1258,8390,Nausea,Mild,Yes,No
1259,3106,Other,Mild,No,No
1260,3697,Dizziness,Moderate,Yes,No
1261,7924,Other,Moderate,Yes,No
1262,4461,Fatigue,Mild,Yes,No
1263,4993,Dizziness,Moderate,Yes,No
1264,8379,Injection Site Reaction,Mild,No,No
1265,8224,Fatigue,Moderate,No,No
1266,1826,Other,Moderate,Yes,No
1267,4082,Headache,Moderate,Yes,No
1268,8325,Other,Mild,No,No
1269,2968,Dizziness,Moderate,Yes,No
1270,5134,Fatigue,Mild,Yes,No
1271,3442,Nausea,Mild,Yes,No
1272,5013,Other,Mild,Yes,No
1273,3292,Other,Moderate,Yes,No
1274,6427,Headache,Mild,Yes,No
1275,2214,Injection Site Reaction,Mild,Yes,No
1276,5266,Dizziness,Mild,Yes,No
1277,5332,Other,Mild,Yes,No
1278,6510,Fatigue,Mild,Yes,No
1279,4133,Other,Mild,No,No
1280,2980,Fatigue,Mild,Yes,No
1281,5443,Headache,Severe,No,No
1282,2782,Fatigue,Mild,No,No
1283,4977,Headache,Mild,Yes,No
1284,6300,Fatigue,Mild,Yes,No
1285,6231,Fatigue,Mild,Yes,No
1286,5146,Other,Mild,Yes,No
1287,8107,Dizziness,Mild,Yes,No
1288,1596,Headache,Mild,Yes,No
1289,4001,Fatigue,Severe,Yes,No
1290,2910,Headache,Mild,Yes,No
1291,6802,Nausea,Moderate,Yes,No
1292,3126,Other,Moderate,No,No
1293,2808,Nausea,Mild,Yes,No
1294,4883,Injection Site Reaction,Mild,Yes,No
1295,6874,Other,Mild,Yes,No
1296,1065,Nausea,Mild,Yes,No
1297,4791,Dizziness,Moderate,Yes,No
1298,8534,Fatigue,Moderate,No,No
1299,9144,Fatigue,Moderate,Yes,No
1300,4928,Other,Mild,Yes,No
1301,8081,Dizziness,Mild,Yes,No
1302,785,Headache,Severe,No,No
1303,7045,Injection Site Reaction,Mild,Yes,No
1304,4864,Fatigue,Mild,No,No
1305,4633,Nausea,Mild,No,No
1306,4983,Injection Site Reaction,Mild,Yes,No
1307,5459,Fatigue,Mild,Yes,No
1308,646,Headache,Moderate,Yes,No
1309,7748,Other,Mild,No,No
1310,3696,Other,Mild,Yes,No
1311,3312,Nausea,Mild,Yes,No
1312,2022,Other,Mild,Yes,No
1313,5573,Fatigue,Mild,Yes,No
1314,534,Dizziness,Mild,Yes,No
1315,3471,Other,Mild,No,No
1316,5745,Nausea,Moderate,Yes,No
1317,7160,Dizziness,Mild,Yes,No
1318,159,Other,Mild,Yes,No
1319,486,Dizziness,Mild,Yes,No
1320,3811,Headache,Moderate,No,Yes
1321,8931,Other,Mild,Yes,No
1322,2409,Headache,Mild,Yes,No
1323,2487,Nausea,Mild,No,No
1324,4054,Headache,Mild,No,No
1325,6303,Injection Site Reaction,Moderate,No,No
1326,9113,Injection Site Reaction,Mild,Yes,No
1327,1953,Dizziness,Moderate,No,No
1328,2098,Dizziness,Mild,Yes,No
1329,3988,Dizziness,Severe,Yes,No
1330,9742,Nausea,Severe,No,No
1331,7593,Other,Mild,Yes,No
1332,2536,Fatigue,Mild,No,No
1333,2736,Injection Site Reaction,Mild,No,No
1334,2630,Headache,Moderate,Yes,No
1335,4171,Injection Site Reaction,Mild,No,No
1336,3040,Headache,Mild,Yes,No
1337,984,Fatigue,Mild,Yes,No
1338,8417,Nausea,Mild,No,No
1339,994,Injection Site Reaction,Mild,Yes,No
1340,1334,Dizziness,Mild,No,No
1341,3732,Fatigue,Mild,Yes,No
1342,9602,Nausea,Mild,Yes,No
1343,3241,Nausea,Mild,Yes,No
1344,9533,Nausea,Moderate,No,No
1345,5713,Fatigue,Mild,Yes,No
1346,7084,Nausea,Mild,Yes,No
1347,2954,Headache,Mild,Yes,No
1348,9046,Nausea,Mild,No,No
1349,6481,Headache,Moderate,Yes,No
1350,2488,Dizziness,Mild,Yes,No
1351,4488,Dizziness,Moderate,No,No
1352,812,Injection Site Reaction,Moderate,Yes,No
1353,1858,Nausea,Mild,Yes,No
1354,3384,Other,Mild,No,No
1355,9832,Injection Site Reaction,Moderate,No,No
1356,5860,Dizziness,Mild,Yes,No
1357,8134,Headache,Mild,Yes,No
1358,446,Dizziness,Mild,Yes,No
1359,8622,Injection Site Reaction,Mild,No,No
1360,8894,Injection Site Reaction,Mild,Yes,No
1361,7781,Fatigue,Mild,Yes,No
1362,1677,Dizziness,Moderate,Yes,No
1363,7961,Fatigue,Mild,Yes,No
1364,2666,Dizziness,Mild,Yes,No
1365,650,Fatigue,Moderate,Yes,No
1366,1981,Injection Site Reaction,Mild,No,No
1367,9023,Nausea,Mild,Yes,No
1368,3225,Nausea,Mild,No,No
1369,668,Dizziness,Moderate,No,No
1370,7223,Headache,Mild,No,No
1371,9867,Fatigue,Mild,No,No
1372,9531,Injection Site Reaction,Moderate,Yes,No
1373,390,Headache,Mild,Yes,No
1374,8165,Headache,Moderate,No,No
1375,5107,Injection Site Reaction,Mild,No,No
1376,1662,Dizziness,Mild,Yes,No
1377,1240,Injection Site Reaction,Moderate,No,No
1378,9643,Headache,Mild,Yes,No
1379,3856,Fatigue,Moderate,Yes,No
1380,3363,Injection Site Reaction,Mild,Yes,No
1381,5671,Dizziness,Moderate,No,No
1382,3642,Dizziness,Mild,Yes,No
1383,5982,Other,Mild,No,No
1384,9806,Injection Site Reaction,Moderate,Yes,No
1385,2298,Headache,Mild,Yes,No
1386,3216,Other,Mild,Yes,Yes
1387,800,Nausea,Mild,Yes,No
1388,5027,Dizziness,Mild,No,No
1389,2451,Dizziness,Moderate,Yes,No
1390,5151,Fatigue,Mild,Yes,No
1391,2436,Injection Site Reaction,Mild,No,No
1392,3580,Nausea,Moderate,No,No
1393,8765,Other,Moderate,No,No
1394,303,Fatigue,Moderate,No,No
1395,7394,Other,Moderate,Yes,No
1396,243,Other,Mild,No,No
1397,2732,Other,Mild,Yes,No
1398,6115,Nausea,Mild,No,No
1399,5044,Injection Site Reaction,Moderate,No,No
1400,906,Fatigue,Mild,Yes,No
1401,7452,Injection Site Reaction,Mild,No,No
1402,5901,Headache,Mild,Yes,No
1403,9419,Nausea,Moderate,Yes,No
1404,2685,Fatigue,Mild,No,No
1405,1973,Nausea,Mild,No,No
1406,4694,Other,Mild,No,No
1407,6873,Fatigue,Mild,No,No
1408,2423,Headache,Mild,No,No
1409,8510,Headache,Mild,No,No
1410,7760,Fatigue,Moderate,No,No
1411,4875,Other,Mild,Yes,No
1412,1619,Other,Mild,Yes,No
1413,5000,Injection Site Reaction,Mild,Yes,No
1414,8269,Headache,Moderate,No,No
1415,3793,Nausea,Mild,Yes,Yes
1416,5086,Dizziness,Mild,Yes,No
1417,3781,Injection Site Reaction,Mild,Yes,No
1418,8940,Fatigue,Mild,Yes,No
1419,9632,Dizziness,Mild,Yes,No
1420,4206,Fatigue,Severe,Yes,No
1421,9841,Dizziness,Mild,Yes,No
1422,9162,Headache,Moderate,Yes,No
1423,9156,Headache,Mild,Yes,No
1424,669,Nausea,Severe,Yes,No
1425,4581,Injection Site Reaction,Mild,Yes,No
1426,5225,Fatigue,Mild,Yes,No
1427,4743,Injection Site Reaction,Mild,Yes,No
1428,5432,Headache,Mild,Yes,No
1429,9952,Nausea,Mild,Yes,No
1430,4534,Fatigue,Mild,No,No
1431,5881,Fatigue,Mild,Yes,No
1432,8064,Nausea,Mild,No,No
1433,6082,Other,Mild,Yes,No
1434,3818,Fatigue,Mild,Yes,No
1435,7668,Nausea,Moderate,Yes,No
1436,6805,Injection Site Reaction,Moderate,No,No
1437,8774,Dizziness,Moderate,No,No
1438,154,Other,Mild,Yes,Yes
1439,332,Headache,Moderate,Yes,No
1440,5919,Headache,Mild,No,No
1441,5195,Dizziness,Mild,Yes,No
1442,5102,Fatigue,Mild,Yes,No
1443,4673,Other,Mild,Yes,No
1444,4244,Dizziness,Mild,Yes,No
1445,4100,Other,Moderate,Yes,No
1446,681,Injection Site Reaction,Mild,No,No
1447,6590,Other,Mild,Yes,Yes
1448,407,Dizziness,Mild,No,No
1449,6177,Injection Site Reaction,Mild,Yes,No
1450,6798,Other,Mild,No,No
1451,5444,Fatigue,Mild,Yes,No
1452,8120,Fatigue,Severe,No,No
1453,4479,Dizziness,Severe,Yes,No
1454,447,Nausea,Mild,Yes,No
1455,483,Other,Moderate,No,No
1456,7642,Injection Site Reaction,Moderate,Yes,No
1457,2066,Dizziness,Mild,No,No
1458,2027,Headache,Mild,Yes,No
1459,8611,Injection Site Reaction,Mild,Yes,No
1460,7814,Dizziness,Mild,No,No
1461,1473,Headache,Mild,Yes,No
1462,7240,Other,Mild,Yes,No
1463,4178,Other,Moderate,Yes,No
1464,6920,Fatigue,Mild,Yes,No
1465,8944,Other,Moderate,Yes,No
1466,595,Nausea,Moderate,Yes,No
1467,19,Nausea,Moderate,Yes,No
1468,3807,Nausea,Mild,No,No
1469,9359,Fatigue,Moderate,Yes,No
1470,2197,Other,Mild,Yes,Yes
1471,1784,Dizziness,Mild,No,No
1472,4429,Nausea,Mild,Yes,No
1473,6625,Nausea,Mild,No,No
1474,4054,Headache,Mild,Yes,No
1475,9452,Other,Moderate,No,No
1476,7449,Injection Site Reaction,Moderate,Yes,No
1477,7478,Headache,Mild,No,No
1478,7497,Nausea,Moderate,Yes,No
1479,5214,Injection Site Reaction,Mild,Yes,No
1480,7120,Other,Severe,Yes,Yes
1481,6704,Dizziness,Severe,Yes,No
1482,7604,Other,Mild,Yes,No
1483,3079,Headache,Moderate,No,No
1484,5962,Nausea,Mild,No,No
1485,1824,Nausea,Moderate,No,No
1486,1895,Other,Mild,No,No
1487,4050,Dizziness,Moderate,Yes,No
1488,2166,Dizziness,Moderate,Yes,No
1489,6668,Other,Mild,Yes,No
1490,9356,Nausea,Mild,Yes,No
1491,7983,Injection Site Reaction,Mild,Yes,No
1492,5196,Dizziness,Mild,Yes,No
1493,7430,Headache,Mild,Yes,No
1494,3029,Injection Site Reaction,Moderate,Yes,No
1495,3212,Headache,Moderate,Yes,No
1496,5476,Dizziness,Mild,Yes,No
1497,2055,Injection Site Reaction,Moderate,Yes,No
1498,3759,Nausea,Mild,Yes,No
1499,4938,Dizziness,Mild,Yes,No
1500,4977,Headache,Mild,Yes,No
1501,1884,Headache,Mild,Yes,No
1502,943,Dizziness,Mild,Yes,No
1503,3429,Fatigue,Mild,Yes,No
1504,2770,Dizziness,Moderate,Yes,No
1505,4874,Fatigue,Mild,Yes,No
1506,708,Injection Site Reaction,Mild,No,No
1507,3512,Dizziness,Moderate,Yes,No
1508,1086,Dizziness,Moderate,No,No
1509,5392,Injection Site Reaction,Moderate,Yes,No
1510,6348,Headache,Mild,No,No
1511,4489,Other,Mild,No,No
1512,6957,Injection Site Reaction,Mild,Yes,No
1513,7492,Injection Site Reaction,Moderate,Yes,No
1514,6983,Fatigue,Mild,Yes,No
1515,9156,Other,Mild,Yes,No
1516,9691,Dizziness,Mild,Yes,No
1517,6102,Other,Mild,Yes,No
1518,2178,Nausea,Mild,No,No
1519,6742,Nausea,Mild,No,No
1520,4400,Dizziness,Mild,No,No
1521,9830,Other,Mild,Yes,No
1522,1771,Nausea,Mild,Yes,Yes
1523,6265,Nausea,Mild,Yes,No
1524,6689,Other,Moderate,Yes,No
1525,4643,Other,Mild,Yes,No
1526,4741,Dizziness,Mild,Yes,No
1527,1601,Fatigue,Mild,Yes,No
1528,5563,Fatigue,Mild,No,No
1529,6604,Nausea,Moderate,Yes,No
1530,141,Fatigue,Mild,Yes,No
1531,679,Fatigue,Mild,Yes,No
1532,7599,Other,Mild,Yes,No
1533,7439,Injection Site Reaction,Mild,Yes,No
1534,2918,Dizziness,Mild,No,No
1535,5590,Other,Mild,Yes,No
1536,6112,Other,Mild,No,No
1537,3185,Headache,Mild,Yes,No
1538,4764,Headache,Mild,No,No
1539,7446,Injection Site Reaction,Moderate,Yes,No
1540,3379,Dizziness,Mild,Yes,No
1541,9577,Dizziness,Mild,Yes,No
1542,578,Dizziness,Mild,Yes,No
1543,6898,Nausea,Moderate,No,No
1544,8941,Headache,Mild,Yes,No
1545,1713,Dizziness,Moderate,Yes,No
1546,8550,Fatigue,Mild,Yes,No
1547,3029,Other,Mild,Yes,Yes
1548,6715,Nausea,Mild,No,No
1549,3109,Fatigue,Severe,Yes,No
1550,4964,Headache,Mild,Yes,No
1551,1356,Other,Mild,Yes,No
1552,41,Nausea,Mild,No,No
1553,2265,Fatigue,Mild,No,No
1554,4385,Nausea,Mild,No,Yes
1555,9154,Fatigue,Mild,Yes,No
1556,1651,Nausea,Mild,No,No
1557,1786,Fatigue,Mild,No,No
1558,8934,Nausea,Mild,Yes,No
1559,9929,Other,Mild,Yes,No
1560,7318,Dizziness,Mild,Yes,No
1561,3724,Dizziness,Mild,Yes,No
1562,9993,Headache,Mild,No,No
1563,4482,Headache,Moderate,Yes,No
1564,8117,Dizziness,Mild,Yes,No
1565,946,Dizziness,Moderate,No,No
1566,8365,Fatigue,Mild,No,No
1567,785,Headache,Moderate,Yes,No
1568,9261,Nausea,Moderate,No,No
1569,6299,Other,Moderate,No,No
1570,5513,Dizziness,Moderate,Yes,No
1571,2342,Nausea,Mild,Yes,Yes
1572,8653,Nausea,Mild,Yes,No
1573,1842,Other,Moderate,No,No
1574,7976,Other,Mild,Yes,No
1575,5840,Other,Mild,Yes,No
1576,1571,Other,Mild,Yes,No
1577,2053,Headache,Moderate,Yes,No
1578,4245,Fatigue,Mild,Yes,No
1579,6666,Dizziness,Moderate,Yes,No
1580,3782,Other,Mild,No,No
1581,944,Dizziness,Mild,Yes,No
1582,6911,Fatigue,Mild,No,No
1583,1808,Dizziness,Mild,No,No
1584,4024,Headache,Severe,Yes,No
1585,6241,Headache,Mild,Yes,No
1586,9522,Injection Site Reaction,Mild,Yes,Yes
1587,8972,Injection Site Reaction,Moderate,No,No
1588,4386,Other,Mild,Yes,No
1589,4073,Fatigue,Mild,Yes,No
1590,7439,Nausea,Moderate,Yes,No
1591,9428,Other,Mild,Yes,No
1592,1103,Other,Moderate,Yes,No
1593,2030,Fatigue,Moderate,No,No
1594,3899,Dizziness,Mild,Yes,No
1595,5323,Dizziness,Mild,No,No
1596,3403,Headache,Moderate,No,No
1597,5394,Other,Mild,No,No
1598,6369,Fatigue,Mild,Yes,No
1599,842,Injection Site Reaction,Moderate,Yes,No
1600,7456,Other,Mild,No,No
1601,7802,Dizziness,Moderate,Yes,Yes
1602,3915,Headache,Mild,Yes,No
1603,5941,Headache,Moderate,No,No
1604,4584,Headache,Mild,Yes,No
1605,1208,Nausea,Mild,Yes,No
1606,9705,Headache,Mild,Yes,No
1607,8082,Other,Mild,Yes,No
1608,7911,Headache,Mild,Yes,No
1609,4630,Injection Site Reaction,Mild,Yes,No
1610,2874,Other,Mild,No,No
1611,1314,Dizziness,Mild,No,No
1612,6001,Dizziness,Mild,No,No
1613,9830,Fatigue,Moderate,No,No
1614,2385,Injection Site Reaction,Moderate,No,No
1615,5388,Headache,Severe,Yes,No
1616,9268,Nausea,Severe,No,No
1617,6807,Injection Site Reaction,Mild,Yes,No
1618,3529,Nausea,Mild,No,No
1619,67,Injection Site Reaction,Mild,Yes,No
1620,7888,Fatigue,Mild,No,No
1621,7842,Nausea,Mild,Yes,No
1622,9460,Injection Site Reaction,Moderate,Yes,No
1623,7440,Dizziness,Mild,Yes,No
1624,5910,Fatigue,Mild,No,No
1625,1240,Headache,Mild,Yes,No
1626,5241,Other,Moderate,Yes,No
1627,7812,Injection Site Reaction,Mild,Yes,No
1628,541,Nausea,Mild,Yes,No
1629,5233,Dizziness,Mild,Yes,No
1630,9504,Dizziness,Mild,No,No
1631,9917,Dizziness,Mild,Yes,No
1632,6972,Fatigue,Mild,Yes,No
1633,7418,Fatigue,Mild,Yes,No
1634,9965,Injection Site Reaction,Mild,Yes,No
1635,4840,Other,Moderate,Yes,No
1636,9839,Nausea,Moderate,Yes,Yes
1637,6575,Fatigue,Moderate,No,No
1638,9761,Headache,Mild,Yes,No
1639,3772,Other,Mild,No,No
1640,9667,Other,Mild,No,No
1641,981,Dizziness,Moderate,Yes,No
1642,651,Headache,Mild,No,No
1643,3343,Fatigue,Mild,No,No
1644,475,Headache,Moderate,No,No
1645,8232,Headache,Moderate,Yes,No
1646,9376,Injection Site Reaction,Mild,No,No
1647,2143,Nausea,Moderate,Yes,No
1648,7390,Dizziness,Mild,Yes,No
1649,2877,Dizziness,Mild,Yes,No
1650,2915,Other,Mild,Yes,No
1651,6636,Nausea,Mild,Yes,No
1652,2446,Injection Site Reaction,Mild,No,No
1653,5597,Headache,Mild,Yes,No
1654,3794,Nausea,Mild,Yes,No
1655,740,Other,Mild,No,Yes
1656,4858,Fatigue,Mild,Yes,No
1657,5066,Injection Site Reaction,Mild,No,No
1658,406,Dizziness,Mild,Yes,No
1659,6955,Headache,Moderate,No,No
1660,6824,Fatigue,Moderate,No,No
1661,7584,Fatigue,Mild,No,No
1662,2830,Headache,Mild,Yes,No
1663,1237,Headache,Moderate,Yes,No
1664,4369,Fatigue,Mild,No,Yes
1665,6862,Nausea,Moderate,Yes,No
1666,2511,Fatigue,Mild,Yes,No
1667,1275,Dizziness,Mild,Yes,No
1668,9524,Headache,Moderate,Yes,No
1669,8726,Other,Moderate,Yes,No
1670,8122,Injection Site Reaction,Mild,Yes,No
1671,2398,Other,Mild,No,No
1672,4593,Fatigue,Moderate,Yes,No
1673,5849,Dizziness,Moderate,Yes,No
1674,4604,Injection Site Reaction,Mild,Yes,No
1675,1147,Dizziness,Mild,Yes,No
1676,4007,Other,Mild,No,No
1677,8586,Fatigue,Mild,Yes,No
1678,5468,Fatigue,Mild,Yes,No
1679,8958,Nausea,Mild,Yes,No
1680,6649,Other,Mild,Yes,No
1681,9878,Nausea,Moderate,Yes,No
1682,5291,Fatigue,Mild,Yes,Yes
1683,648,Injection Site Reaction,Mild,Yes,No
1684,8655,Fatigue,Mild,Yes,No
1685,5476,Injection Site Reaction,Severe,No,No
1686,6106,Injection Site Reaction,Mild,Yes,Yes
1687,8430,Other,Mild,Yes,No
1688,1090,Nausea,Mild,Yes,No
1689,1655,Nausea,Mild,No,No
1690,996,Headache,Moderate,No,No
1691,9625,Other,Moderate,No,No
1692,9053,Headache,Moderate,Yes,No
1693,1968,Dizziness,Mild,Yes,No
1694,5764,Fatigue,Moderate,Yes,No
1695,6849,Injection Site Reaction,Moderate,Yes,No
1696,2621,Injection Site Reaction,Mild,No,No
1697,4882,Injection Site Reaction,Mild,Yes,No
1698,1395,Other,Mild,No,No
1699,4638,Nausea,Moderate,Yes,No
1700,7915,Fatigue,Mild,Yes,No
1701,2963,Other,Mild,No,No
1702,4751,Fatigue,Mild,Yes,No
1703,405,Nausea,Mild,Yes,No
1704,9639,Dizziness,Moderate,Yes,No
1705,1047,Injection Site Reaction,Mild,No,No
1706,9721,Fatigue,Moderate,No,No
1707,4434,Other,Mild,Yes,No
1708,9714,Injection Site Reaction,Mild,Yes,No
1709,83,Injection Site Reaction,Mild,Yes,No
1710,2748,Other,Mild,Yes,No
1711,241,Dizziness,Mild,Yes,No
1712,4856,Dizziness,Mild,Yes,No
1713,6849,Dizziness,Moderate,Yes,No
1714,1376,Headache,Severe,No,No
1715,2319,Nausea,Mild,No,No
1716,7433,Headache,Mild,Yes,No
1717,2712,Headache,Mild,No,No
1718,1832,Other,Mild,Yes,No
1719,7515,Injection Site Reaction,Mild,Yes,No
1720,1395,Other,Mild,Yes,No
1721,3622,Dizziness,Mild,Yes,No
1722,2314,Other,Severe,Yes,No
1723,146,Fatigue,Mild,Yes,No
1724,669,Injection Site Reaction,Moderate,Yes,No
1725,7743,Dizziness,Mild,Yes,No
1726,1603,Other,Severe,Yes,No
1727,1946,Fatigue,Moderate,No,No
1728,9636,Dizziness,Mild,Yes,No
1729,118,Fatigue,Mild,Yes,No
1730,7930,Other,Mild,No,No
1731,2093,Other,Mild,Yes,No
1732,7171,Headache,Severe,No,No
1733,7407,Dizziness,Moderate,No,No
1734,2833,Injection Site Reaction,Moderate,Yes,No
1735,7710,Headache,Mild,Yes,No
1736,7781,Other,Mild,Yes,No
1737,5583,Fatigue,Moderate,Yes,No
1738,7659,Nausea,Severe,Yes,No
1739,8474,Dizziness,Mild,Yes,No
1740,5885,Headache,Mild,Yes,Yes
1741,6630,Dizziness,Mild,Yes,No
1742,9086,Headache,Severe,No,No
1743,5354,Headache,Mild,Yes,No
1744,5835,Other,Mild,Yes,No
1745,8999,Other,Mild,No,No
1746,7913,Other,Moderate,Yes,No
1747,7819,Injection Site Reaction,Moderate,Yes,No
1748,8080,Fatigue,Mild,Yes,No
1749,7999,Other,Mild,Yes,No
1750,4214,Other,Moderate,No,No
1751,6361,Nausea,Moderate,Yes,No
1752,8577,Injection Site Reaction,Mild,Yes,No
1753,3966,Dizziness,Moderate,No,No
1754,2850,Other,Mild,No,No
1755,3288,Headache,Mild,Yes,No
1756,1099,Nausea,Mild,No,No
1757,9540,Fatigue,Mild,Yes,Yes
1758,60,Dizziness,Mild,No,No
1759,6448,Dizziness,Mild,Yes,No
1760,5507,Injection Site Reaction,Mild,Yes,No
1761,5222,Fatigue,Mild,No,No
1762,1703,Headache,Mild,Yes,No
1763,2612,Fatigue,Mild,No,No
1764,6508,Fatigue,Mild,No,No
1765,1651,Other,Moderate,Yes,No
1766,5313,Nausea,Mild,No,No
1767,5449,Headache,Mild,Yes,No
1768,5495,Other,Mild,Yes,No
1769,5836,Dizziness,Moderate,No,No
1770,116,Dizziness,Moderate,No,No
1771,2234,Dizziness,Moderate,Yes,No
1772,6397,Headache,Moderate,No,No
1773,7519,Injection Site Reaction,Moderate,Yes,No
1774,4529,Headache,Mild,Yes,No
1775,9377,Other,Moderate,No,No
1776,4600,Dizziness,Mild,Yes,No
1777,993,Other,Moderate,Yes,No
1778,7486,Dizziness,Mild,No,No
1779,2431,Nausea,Mild,Yes,No
1780,7141,Injection Site Reaction,Mild,No,No
1781,1920,Fatigue,Mild,No,No
1782,99,Nausea,Mild,Yes,No
1783,7555,Fatigue,Mild,Yes,No
1784,2890,Fatigue,Moderate,No,No
1785,6710,Injection Site Reaction,Mild,No,No
1786,811,Dizziness,Mild,No,No
1787,5994,Fatigue,Mild,Yes,No
1788,2766,Dizziness,Mild,Yes,No
1789,223,Injection Site Reaction,Mild,No,No
1790,776,Other,Mild,Yes,No
1791,7010,Nausea,Mild,No,No
1792,9754,Headache,Mild,No,No
1793,5264,Fatigue,Mild,No,No
1794,6497,Headache,Mild,Yes,No
1795,5294,Nausea,Mild,Yes,No
1796,3044,Injection Site Reaction,Mild,No,No
1797,5707,Headache,Mild,Yes,No
1798,5867,Fatigue,Mild,Yes,No
1799,5007,Fatigue,Mild,No,No
1800,7543,Headache,Mild,No,No
1801,8397,Nausea,Mild,Yes,No
1802,7666,Fatigue,Moderate,Yes,No
1803,2415,Injection Site Reaction,Moderate,No,No
1804,2271,Headache,Mild,Yes,No
1805,2859,Dizziness,Mild,Yes,No
1806,1531,Fatigue,Severe,No,No
1807,7085,Fatigue,Moderate,Yes,No
1808,1774,Fatigue,Mild,Yes,Yes
1809,3377,Dizziness,Mild,Yes,No
1810,7281,Injection Site Reaction,Mild,Yes,No
1811,2551,Other,Mild,No,No
1812,7823,Headache,Moderate,No,No
1813,4918,Dizziness,Severe,Yes,No
1814,9099,Headache,Mild,Yes,No
1815,9792,Headache,Moderate,No,No
1816,6515,Fatigue,Moderate,Yes,No
1817,362,Nausea,Mild,No,No
1818,7154,Other,Mild,Yes,No
1819,4869,Injection Site Reaction,Mild,No,No
1820,5362,Injection Site Reaction,Mild,Yes,No
1821,9791,Nausea,Mild,Yes,No
1822,4400,Other,Mild,Yes,No
1823,6743,Fatigue,Mild,Yes,No
1824,2320,Dizziness,Moderate,Yes,No
1825,4619,Headache,Mild,Yes,No
1826,546,Nausea,Mild,No,No
1827,5651,Dizziness,Mild,No,Yes
1828,6205,Injection Site Reaction,Mild,Yes,No
1829,792,Injection Site Reaction,Mild,Yes,No
1830,7461,Nausea,Mild,Yes,No
1831,1578,Other,Mild,No,No
1832,4143,Fatigue,Mild,No,No
1833,8781,Injection Site Reaction,Mild,Yes,No
1834,1017,Nausea,Moderate,Yes,No
1835,6821,Nausea,Mild,Yes,No
1836,8502,Other,Mild,Yes,No
1837,222,Headache,Mild,Yes,No
1838,6402,Other,Mild,No,No
1839,363,Fatigue,Mild,Yes,No
1840,909,Nausea,Mild,No,No
1841,3231,Injection Site Reaction,Mild,Yes,No
1842,4756,Nausea,Mild,Yes,No
1843,1828,Other,Moderate,Yes,No
1844,2604,Nausea,Mild,Yes,Yes
1845,4972,Injection Site Reaction,Mild,No,No
1846,2035,Injection Site Reaction,Mild,Yes,No
1847,2537,Nausea,Mild,No,No
1848,9832,Other,Moderate,Yes,No
1849,8710,Nausea,Mild,No,No
1850,673,Injection Site Reaction,Mild,Yes,No
1851,5602,Fatigue,Mild,Yes,Yes
1852,3160,Headache,Moderate,Yes,No
1853,3708,Headache,Mild,Yes,No
1854,5456,Fatigue,Mild,Yes,No
1855,3240,Other,Moderate,Yes,No
1856,5955,Dizziness,Moderate,Yes,No
1857,1862,Fatigue,Moderate,Yes,No
1858,9400,Nausea,Mild,No,No
1859,128,Headache,Moderate,Yes,No
1860,3757,Nausea,Mild,No,No
1861,3766,Fatigue,Mild,No,No
1862,3107,Injection Site Reaction,Mild,Yes,No
1863,2038,Other,Mild,Yes,No
1864,7831,Nausea,Mild,Yes,No
1865,9145,Dizziness,Mild,Yes,No
1866,1518,Nausea,Mild,Yes,No
1867,5946,Nausea,Mild,Yes,No
1868,51,Other,Mild,No,No
1869,2434,Dizziness,Mild,Yes,No
1870,7906,Headache,Mild,Yes,No
1871,9205,Dizziness,Mild,No,No
1872,4668,Nausea,Moderate,Yes,No
1873,3979,Other,Mild,No,No
1874,9190,Nausea,Mild,Yes,No
1875,5347,Other,Mild,No,Yes
1876,3738,Other,Mild,Yes,No
1877,5561,Headache,Mild,Yes,No
1878,2704,Nausea,Mild,No,No
1879,5403,Dizziness,Mild,Yes,No
1880,2802,Fatigue,Mild,Yes,No
1881,5147,Headache,Moderate,No,No
1882,7867,Dizziness,Mild,Yes,No
1883,8316,Other,Mild,Yes,No
1884,4237,Fatigue,Mild,No,No
1885,1545,Dizziness,Mild,No,No
1886,532,Fatigue,Mild,Yes,No
1887,615,Headache,Mild,Yes,Yes
1888,5956,Injection Site Reaction,Moderate,Yes,No
1889,2884,Injection Site Reaction,Mild,Yes,No
1890,3343,Other,Mild,Yes,No
1891,9012,Injection Site Reaction,Severe,Yes,No
1892,1988,Injection Site Reaction,Moderate,No,No
1893,4641,Nausea,Mild,Yes,No
1894,7080,Injection Site Reaction,Mild,No,No
1895,3641,Fatigue,Moderate,Yes,No
1896,758,Fatigue,Mild,Yes,No
1897,1956,Fatigue,Mild,No,No
1898,7744,Dizziness,Mild,Yes,No
1899,2257,Headache,Mild,No,No
1900,9876,Injection Site Reaction,Mild,Yes,No
1901,717,Other,Mild,Yes,No
1902,2214,Headache,Moderate,No,No
1903,6033,Nausea,Mild,Yes,No
1904,2001,Injection Site Reaction,Mild,Yes,No
1905,6596,Dizziness,Mild,Yes,No
1906,1992,Nausea,Moderate,No,No
1907,7121,Injection Site Reaction,Moderate,Yes,No
1908,3991,Nausea,Moderate,No,No
1909,6999,Nausea,Mild,Yes,No
1910,4365,Headache,Mild,Yes,No
1911,7670,Injection Site Reaction,Mild,No,No
1912,9699,Injection Site Reaction,Mild,Yes,No
1913,8470,Dizziness,Mild,No,No
1914,6925,Nausea,Moderate,Yes,No
1915,5094,Headache,Mild,Yes,No
1916,67,Other,Moderate,Yes,No
1917,2220,Nausea,Mild,No,Yes
1918,158,Dizziness,Moderate,No,No
1919,2260,Dizziness,Mild,No,No
1920,5922,Nausea,Mild,Yes,Yes
1921,2841,Nausea,Moderate,No,No
1922,648,Nausea,Mild,Yes,No
1923,7535,Injection Site Reaction,Mild,Yes,No
1924,3890,Headache,Moderate,Yes,No
1925,9380,Dizziness,Mild,Yes,No
1926,2787,Other,Moderate,Yes,No
1927,3601,Fatigue,Mild,Yes,No
1928,1065,Dizziness,Moderate,Yes,No
1929,8856,Nausea,Mild,Yes,No
1930,4602,Other,Mild,Yes,No
1931,5216,Headache,Mild,Yes,No
1932,4977,Headache,Moderate,Yes,No
1933,6843,Fatigue,Mild,Yes,No
1934,4052,Nausea,Mild,Yes,No
1935,5363,Other,Mild,Yes,No
1936,5710,Dizziness,Mild,Yes,Yes
1937,5866,Nausea,Mild,No,No
1938,3382,Fatigue,Moderate,No,No
1939,8504,Dizziness,Mild,Yes,No
1940,9186,Dizziness,Mild,No,No
1941,9765,Dizziness,Mild,Yes,No
1942,5240,Nausea,Mild,No,No
1943,6925,Injection Site Reaction,Mild,No,No
1944,2638,Injection Site Reaction,Mild,No,No
1945,5830,Nausea,Severe,No,No
1946,1102,Nausea,Mild,Yes,No
1947,7691,Headache,Mild,Yes,No
1948,940,Other,Moderate,Yes,No
1949,512,Nausea,Mild,No,No
1950,4532,Dizziness,Mild,Yes,No
1951,6182,Nausea,Mild,Yes,No
1952,2904,Nausea,Mild,No,No
1953,6953,Other,Moderate,Yes,No
1954,7027,Other,Moderate,Yes,No
1955,1037,Dizziness,Moderate,Yes,No
1956,7781,Headache,Mild,Yes,No
1957,5235,Injection Site Reaction,Mild,No,No
1958,584,Injection Site Reaction,Moderate,No,No
1959,1695,Dizziness,Mild,Yes,No
1960,1490,Fatigue,Mild,Yes,No
1961,843,Fatigue,Moderate,Yes,No
1962,8117,Headache,Mild,No,No
1963,3137,Dizziness,Severe,No,No
1964,3937,Nausea,Mild,No,No
1965,6297,Dizziness,Mild,Yes,No
1966,1335,Other,Mild,Yes,No
1967,5505,Nausea,Mild,Yes,No
1968,1745,Fatigue,Mild,Yes,No
1969,4310,Headache,Mild,Yes,No
1970,8868,Headache,Mild,No,No
1971,664,Injection Site Reaction,Moderate,No,No
1972,9593,Nausea,Mild,Yes,No
1973,3953,Fatigue,Mild,No,No
1974,3650,Nausea,Mild,No,No
1975,5398,Dizziness,Moderate,Yes,No
1976,9092,Injection Site Reaction,Mild,No,No
1977,2975,Injection Site Reaction,Mild,Yes,No
1978,2519,Other,Moderate,Yes,No
1979,7181,Headache,Mild,Yes,No
1980,2277,Headache,Mild,Yes,No
1981,5132,Other,Mild,Yes,No
1982,5108,Injection Site Reaction,Moderate,Yes,No
1983,4080,Nausea,Mild,Yes,No
1984,1836,Injection Site Reaction,Mild,No,No
1985,6130,Other,Severe,Yes,No
1986,3277,Headache,Mild,No,Yes
1987,1575,Nausea,Mild,No,No
1988,7066,Other,Severe,No,No
1989,8258,Injection Site Reaction,Mild,Yes,No
1990,3813,Injection Site Reaction,Moderate,Yes,No
1991,2747,Other,Moderate,Yes,No
1992,5592,Dizziness,Severe,Yes,No
1993,6778,Other,Mild,Yes,No
1994,321,Injection Site Reaction,Mild,Yes,No
1995,6397,Other,Mild,Yes,No
1996,1810,Injection Site Reaction,Mild,Yes,No
1997,6917,Dizziness,Moderate,Yes,Yes
1998,6706,Fatigue,Mild,No,No
1999,4910,Fatigue,Mild,Yes,No
2000,1831,Dizziness,Mild,Yes,No
2001,1386,Other,Mild,No,No
2002,9265,Injection Site Reaction,Moderate,No,No
2003,9957,Headache,Mild,No,No
2004,8550,Dizziness,Moderate,Yes,No
2005,6230,Dizziness,Moderate,Yes,No
2006,2256,Injection Site Reaction,Moderate,No,No
2007,4007,Fatigue,Moderate,Yes,No
2008,1732,Dizziness,Mild,Yes,No
2009,1360,Other,Mild,No,No
2010,8406,Nausea,Mild,No,No
2011,1539,Injection Site Reaction,Mild,Yes,No
2012,8533,Headache,Moderate,Yes,No
2013,157,Headache,Mild,Yes,No
2014,2786,Headache,Mild,No,No
2015,2006,Dizziness,Mild,Yes,No
2016,3689,Nausea,Mild,Yes,No
2017,6823,Nausea,Moderate,No,No
2018,9696,Other,Mild,No,No
2019,1644,Fatigue,Mild,Yes,No
2020,9784,Dizziness,Moderate,No,No
2021,780,Injection Site Reaction,Moderate,Yes,No
2022,2614,Fatigue,Mild,No,No
2023,7751,Nausea,Mild,Yes,No
2024,3506,Headache,Mild,No,Yes
2025,2212,Dizziness,Mild,Yes,No
2026,3329,Fatigue,Moderate,No,No
2027,1663,Injection Site Reaction,Moderate,No,No
2028,5779,Other,Mild,No,No
2029,5846,Headache,Moderate,Yes,No
2030,8585,Other,Moderate,Yes,No
2031,4071,Headache,Mild,Yes,No
2032,8356,Other,Mild,Yes,No
2033,4458,Fatigue,Moderate,Yes,No
2034,9048,Fatigue,Moderate,Yes,No
2035,6296,Headache,Mild,Yes,No
2036,3664,Fatigue,Mild,No,No
2037,4254,Injection Site Reaction,Mild,Yes,No
2038,1781,Fatigue,Mild,No,No
2039,2163,Injection Site Reaction,Mild,No,No
2040,2090,Injection Site Reaction,Mild,No,No
2041,7599,Other,Moderate,Yes,No
2042,9129,Dizziness,Mild,Yes,No
2043,1101,Headache,Mild,Yes,No
2044,5475,Dizziness,Severe,No,No
2045,9446,Injection Site Reaction,Mild,Yes,No
2046,7330,Injection Site Reaction,Mild,No,No
2047,8146,Headache,Mild,Yes,No
2048,5051,Injection Site Reaction,Mild,No,No
2049,2822,Headache,Mild,Yes,No
2050,6902,Fatigue,Moderate,Yes,No
2051,9243,Dizziness,Mild,Yes,No
2052,1467,Nausea,Mild,Yes,No
2053,255,Dizziness,Mild,Yes,No
2054,915,Nausea,Severe,Yes,No
2055,5274,Injection Site Reaction,Mild,Yes,No
2056,9441,Fatigue,Mild,No,No
2057,6896,Nausea,Mild,Yes,No
2058,6500,Headache,Mild,Yes,No
2059,5482,Other,Mild,Yes,No
2060,4877,Headache,Mild,No,No
2061,617,Fatigue,Mild,Yes,No
2062,8413,Other,Mild,No,No
2063,9543,Dizziness,Mild,Yes,No
2064,3649,Dizziness,Moderate,Yes,No
2065,2730,Fatigue,Moderate,No,No
2066,8785,Other,Mild,Yes,No
2067,8039,Dizziness,Mild,Yes,No
2068,3329,Nausea,Mild,Yes,No
2069,7375,Headache,Mild,Yes,No
2070,4360,Injection Site Reaction,Mild,No,No
2071,2391,Other,Mild,No,No
2072,7298,Headache,Mild,No,No
2073,2683,Headache,Mild,No,No
2074,3897,Headache,Mild,Yes,No
2075,6619,Headache,Moderate,No,No
2076,4057,Headache,Mild,Yes,No
2077,7330,Fatigue,Severe,Yes,No
2078,8278,Other,Moderate,Yes,No
2079,9831,Other,Moderate,No,No
2080,9395,Other,Mild,Yes,No
2081,3449,Other,Mild,Yes,No
2082,7102,Dizziness,Mild,Yes,No
2083,3518,Dizziness,Mild,Yes,No
2084,6477,Other,Mild,Yes,No
2085,4073,Nausea,Mild,No,No
2086,1283,Nausea,Mild,Yes,No
2087,2688,Headache,Severe,No,No
2088,7867,Other,Moderate,No,No
2089,1532,Dizziness,Mild,No,No
2090,806,Dizziness,Mild,Yes,No
2091,2363,Injection Site Reaction,Moderate,Yes,No
2092,1274,Injection Site Reaction,Mild,No,No
2093,4031,Headache,Mild,Yes,No
2094,9144,Nausea,Moderate,No,No
2095,3672,Other,Mild,Yes,No
2096,3197,Nausea,Moderate,No,No
2097,6097,Dizziness,Mild,Yes,No
2098,9552,Other,Mild,Yes,No
2099,2824,Headache,Mild,Yes,No
2100,8662,Nausea,Mild,No,No
2101,1393,Other,Mild,Yes,No
2102,9530,Headache,Mild,No,No
2103,7310,Nausea,Moderate,Yes,No
2104,7566,Fatigue,Mild,No,No
2105,748,Headache,Mild,No,No
2106,5332,Other,Mild,Yes,No
2107,4074,Nausea,Mild,Yes,No
2108,7893,Fatigue,Mild,Yes,No
2109,1711,Dizziness,Mild,No,No
2110,6,Injection Site Reaction,Severe,No,No
2111,4189,Nausea,Moderate,No,No
2112,6724,Nausea,Mild,Yes,No
2113,7953,Other,Mild,No,No
2114,2670,Fatigue,Mild,No,No
2115,2484,Headache,Mild,Yes,No
2116,4041,Fatigue,Moderate,No,No
2117,7629,Nausea,Mild,Yes,No
2118,3755,Injection Site Reaction,Mild,Yes,No
2119,8056,Injection Site Reaction,Moderate,Yes,No
2120,4235,Nausea,Mild,Yes,No
2121,5146,Fatigue,Severe,No,No
2122,3913,Injection Site Reaction,Mild,No,No
2123,3555,Fatigue,Mild,Yes,No
2124,8046,Dizziness,Mild,No,Yes
2125,2916,Headache,Moderate,Yes,No
2126,8461,Nausea,Moderate,Yes,No
2127,3390,Fatigue,Mild,No,No
2128,9884,Other,Mild,No,No
2129,9992,Other,Severe,Yes,No
2130,3800,Injection Site Reaction,Mild,Yes,No
2131,8899,Injection Site Reaction,Mild,No,No
2132,9998,Headache,Mild,Yes,No
2133,3984,Dizziness,Mild,Yes,No
2134,9396,Dizziness,Mild,No,Yes
2135,8633,Dizziness,Severe,Yes,No
2136,4730,Headache,Mild,Yes,No
2137,9982,Fatigue,Mild,Yes,No
2138,4632,Fatigue,Mild,No,No
2139,3908,Nausea,Moderate,No,No
2140,9468,Nausea,Moderate,Yes,No
2141,4505,Other,Mild,Yes,No
2142,5392,Dizziness,Mild,No,No
2143,2804,Headache,Moderate,No,No
2144,5987,Other,Mild,Yes,No
2145,2072,Nausea,Severe,Yes,Yes
2146,1447,Fatigue,Severe,Yes,No
2147,5055,Dizziness,Mild,Yes,No
2148,1729,Other,Mild,No,No
2149,4892,Injection Site Reaction,Mild,Yes,No
2150,6441,Other,Mild,Yes,No
2151,8773,Nausea,Moderate,No,No
2152,4151,Dizziness,Mild,No,No
2153,9820,Headache,Mild,Yes,No
2154,2206,Headache,Moderate,Yes,No
2155,310,Other,Mild,No,No
2156,2738,Injection Site Reaction,Mild,Yes,No
2157,3292,Other,Mild,Yes,No
2158,2263,Headache,Mild,Yes,No
2159,2599,Headache,Moderate,Yes,No
2160,3497,Nausea,Mild,Yes,No
2161,4852,Nausea,Mild,Yes,No
2162,437,Fatigue,Moderate,No,No
2163,1078,Injection Site Reaction,Mild,Yes,No
2164,4588,Fatigue,Moderate,Yes,No
2165,2643,Other,Severe,No,No
2166,210,Nausea,Mild,No,No
2167,2500,Headache,Mild,No,No
2168,7313,Fatigue,Mild,Yes,No
2169,2484,Nausea,Mild,Yes,No
2170,6653,Fatigue,Mild,Yes,No
2171,2630,Headache,Mild,No,No
2172,5236,Fatigue,Mild,Yes,No
2173,3146,Injection Site Reaction,Mild,No,No
2174,1057,Nausea,Moderate,Yes,Yes
2175,7689,Dizziness,Mild,Yes,No
2176,1055,Nausea,Mild,Yes,No
2177,6422,Fatigue,Mild,No,No
2178,3583,Headache,Mild,Yes,No
2179,3734,Nausea,Moderate,Yes,No
2180,3907,Headache,Moderate,No,No
2181,3917,Nausea,Moderate,Yes,No
2182,7009,Other,Moderate,No,No
2183,8484,Headache,Moderate,Yes,No
2184,83,Injection Site Reaction,Mild,No,No
2185,3289,Other,Severe,No,No
2186,3271,Fatigue,Mild,Yes,No
2187,2451,Dizziness,Mild,No,No
2188,6264,Headache,Mild,Yes,No
2189,9193,Nausea,Moderate,Yes,No
2190,8239,Nausea,Moderate,Yes,Yes
2191,2785,Injection Site Reaction,Moderate,No,No
2192,1095,Other,Mild,Yes,No
2193,7165,Other,Mild,No,No
2194,4067,Nausea,Mild,No,No
2195,6212,Dizziness,Moderate,Yes,No
2196,1216,Nausea,Moderate,No,No
2197,4785,Other,Mild,Yes,No
2198,6912,Nausea,Mild,No,No
2199,8379,Dizziness,Mild,Yes,Yes
2200,1358,Dizziness,Mild,No,No
2201,8614,Nausea,Mild,Yes,No
2202,4555,Nausea,Mild,Yes,No
2203,7902,Fatigue,Moderate,Yes,No
2204,9432,Nausea,Moderate,No,No
2205,9158,Fatigue,Mild,No,No
2206,3980,Other,Mild,Yes,No
2207,4326,Injection Site Reaction,Moderate,Yes,Yes
2208,4670,Dizziness,Mild,Yes,Yes
2209,116,Nausea,Mild,Yes,Yes
2210,7650,Nausea,Severe,Yes,No
2211,683,Fatigue,Mild,Yes,No
2212,221,Dizziness,Mild,No,No
2213,9401,Dizziness,Moderate,No,No
2214,8627,Injection Site Reaction,Mild,Yes,No
2215,3689,Dizziness,Moderate,Yes,No
2216,2668,Other,Mild,Yes,No
2217,9268,Dizziness,Mild,Yes,No
2218,1577,Fatigue,Mild,Yes,No
2219,3553,Dizziness,Mild,Yes,No
2220,4649,Headache,Mild,No,No
2221,9723,Other,Mild,Yes,No
2222,2926,Fatigue,Mild,Yes,No
2223,410,Nausea,Mild,Yes,No
2224,4869,Fatigue,Mild,Yes,No
2225,2231,Headache,Mild,No,No
2226,1996,Dizziness,Mild,Yes,No
2227,3190,Other,Moderate,Yes,No
2228,207,Other,Mild,No,No
2229,9090,Nausea,Mild,Yes,Yes
2230,3805,Headache,Moderate,No,No
2231,2696,Other,Mild,No,No
2232,4497,Headache,Mild,Yes,No
2233,1030,Fatigue,Mild,No,No
2234,1933,Fatigue,Mild,No,No
2235,1414,Dizziness,Mild,Yes,No
2236,1522,Nausea,Moderate,Yes,No
2237,1295,Injection Site Reaction,Mild,Yes,No
2238,6712,Headache,Mild,Yes,No
2239,3696,Injection Site Reaction,Moderate,Yes,No
2240,4919,Headache,Mild,No,No
2241,8993,Injection Site Reaction,Mild,No,No
2242,8097,Fatigue,Mild,Yes,No
2243,858,Dizziness,Mild,Yes,No
2244,1489,Dizziness,Mild,Yes,No
2245,4453,Nausea,Moderate,Yes,No
2246,2661,Fatigue,Mild,Yes,No
2247,6946,Injection Site Reaction,Mild,Yes,No
2248,6937,Fatigue,Mild,Yes,No
2249,9358,Dizziness,Mild,Yes,No
2250,5168,Headache,Moderate,Yes,No
2251,9893,Nausea,Mild,Yes,No
2252,3452,Headache,Mild,No,No
2253,4746,Other,Mild,Yes,No
2254,6302,Dizziness,Mild,Yes,No
2255,6384,Fatigue,Moderate,No,No
2256,3923,Headache,Mild,Yes,No
2257,9972,Other,Mild,Yes,No
2258,6158,Fatigue,Mild,No,No
2259,7713,Nausea,Moderate,No,No
2260,6616,Dizziness,Mild,No,No
2261,8291,Headache,Mild,Yes,No
2262,2612,Nausea,Moderate,Yes,No
2263,2378,Headache,Mild,No,No
2264,4875,Dizziness,Mild,No,No
2265,9304,Other,Moderate,Yes,No
2266,3252,Nausea,Mild,Yes,No
2267,1544,Headache,Mild,Yes,No
2268,2858,Other,Mild,No,No
2269,7776,Injection Site Reaction,Mild,No,No
2270,6832,Headache,Mild,No,No
2271,6227,Nausea,Mild,No,No
2272,8620,Headache,Mild,Yes,No
2273,5530,Headache,Mild,Yes,No
2274,4318,Nausea,Mild,Yes,No
2275,2023,Injection Site Reaction,Mild,No,No
2276,6020,Dizziness,Severe,No,No
2277,4113,Dizziness,Mild,Yes,No
2278,9415,Injection Site Reaction,Mild,Yes,No
2279,7353,Injection Site Reaction,Moderate,Yes,No
2280,267,Dizziness,Mild,No,No
2281,9485,Other,Mild,Yes,No
2282,4186,Fatigue,Mild,Yes,No
2283,7436,Headache,Moderate,Yes,No
2284,3659,Other,Moderate,Yes,No
2285,1611,Injection Site Reaction,Mild,Yes,No
2286,7670,Injection Site Reaction,Mild,Yes,No
2287,2276,Fatigue,Moderate,No,No
2288,3490,Fatigue,Moderate,Yes,No
2289,3671,Injection Site Reaction,Mild,Yes,No
2290,4322,Fatigue,Mild,No,No
2291,1215,Headache,Mild,No,No
2292,3670,Other,Mild,Yes,No
2293,1791,Nausea,Mild,No,No
2294,736,Dizziness,Mild,Yes,No
2295,3651,Headache,Mild,No,No
2296,3874,Other,Moderate,No,Yes
2297,3359,Nausea,Mild,No,No
2298,8347,Fatigue,Mild,Yes,No
2299,6643,Dizziness,Mild,No,No
2300,8725,Nausea,Mild,Yes,No
2301,1393,Other,Mild,No,No
2302,8936,Dizziness,Moderate,Yes,No
2303,7829,Injection Site Reaction,Mild,Yes,No
2304,4622,Injection Site Reaction,Mild,Yes,No
2305,2888,Headache,Mild,Yes,No
2306,8648,Headache,Severe,No,No
2307,2721,Injection Site Reaction,Mild,Yes,No
2308,7359,Dizziness,Mild,No,No
2309,6558,Other,Mild,No,No
2310,6700,Dizziness,Mild,Yes,No
2311,9917,Injection Site Reaction,Mild,No,No
2312,5,Nausea,Moderate,Yes,No
2313,74,Other,Mild,No,No
2314,3859,Fatigue,Moderate,Yes,No
2315,5518,Headache,Moderate,No,No
2316,1031,Other,Moderate,Yes,No
2317,8167,Fatigue,Mild,No,No
2318,7778,Headache,Mild,Yes,No
2319,9356,Fatigue,Moderate,Yes,No
2320,1793,Injection Site Reaction,Mild,Yes,No
2321,9203,Nausea,Mild,No,No
2322,4198,Dizziness,Moderate,Yes,No
2323,8639,Dizziness,Moderate,No,No
2324,8006,Fatigue,Mild,No,No
2325,1967,Dizziness,Mild,No,No
2326,5413,Dizziness,Mild,Yes,No
2327,587,Headache,Mild,Yes,No
2328,1293,Nausea,Moderate,Yes,Yes
2329,7157,Dizziness,Moderate,Yes,No
2330,8842,Fatigue,Mild,No,Yes
2331,6880,Other,Mild,Yes,No
2332,7429,Other,Mild,No,No
2333,1731,Fatigue,Mild,No,No
2334,801,Nausea,Mild,Yes,No
2335,2286,Nausea,Mild,Yes,No
2336,6593,Other,Moderate,No,No
2337,55,Fatigue,Moderate,No,No
2338,3898,Headache,Mild,No,No
2339,9487,Dizziness,Moderate,Yes,No
2340,2169,Headache,Mild,Yes,No
2341,3305,Fatigue,Mild,Yes,No
2342,5775,Fatigue,Mild,Yes,No
2343,2050,Dizziness,Moderate,Yes,Yes
2344,9068,Other,Mild,Yes,No
2345,8906,Fatigue,Mild,Yes,No
2346,588,Nausea,Moderate,No,No
2347,2928,Injection Site Reaction,Mild,Yes,No
2348,6165,Fatigue,Mild,Yes,No
2349,5833,Headache,Mild,Yes,No
2350,7922,Headache,Mild,Yes,No
2351,3505,Headache,Moderate,No,No
2352,8021,Nausea,Moderate,No,No
2353,1682,Other,Mild,Yes,No
2354,1347,Other,Mild,Yes,No
2355,7036,Nausea,Severe,No,No
2356,7997,Nausea,Mild,Yes,No
2357,7959,Nausea,Mild,Yes,No
2358,5957,Headache,Mild,Yes,No
2359,5353,Other,Moderate,Yes,No
2360,475,Fatigue,Severe,No,No
2361,9338,Fatigue,Mild,No,No
2362,7486,Dizziness,Mild,No,No
2363,8712,Nausea,Moderate,No,No
2364,1668,Dizziness,Mild,Yes,No
2365,6046,Nausea,Mild,No,No
2366,4258,Dizziness,Mild,Yes,No
2367,5389,Headache,Moderate,No,No
2368,7012,Other,Mild,Yes,No
2369,5037,Injection Site Reaction,Moderate,Yes,No
2370,4055,Dizziness,Mild,No,No
2371,2361,Other,Mild,Yes,No
2372,750,Dizziness,Mild,Yes,No
2373,4247,Injection Site Reaction,Mild,Yes,No
2374,4914,Injection Site Reaction,Moderate,Yes,No
2375,8430,Nausea,Moderate,Yes,No
2376,2616,Injection Site Reaction,Mild,No,No
2377,7541,Nausea,Mild,No,No
2378,1269,Dizziness,Mild,No,No
2379,8159,Other,Moderate,Yes,No
2380,804,Injection Site Reaction,Moderate,Yes,No
2381,2283,Headache,Moderate,No,No
2382,1016,Nausea,Mild,Yes,No
2383,1538,Injection Site Reaction,Mild,Yes,No
2384,858,Fatigue,Moderate,No,No
2385,5858,Headache,Mild,Yes,No
2386,47,Injection Site Reaction,Moderate,Yes,Yes
2387,2680,Other,Moderate,Yes,No
2388,2190,Other,Moderate,Yes,No
2389,6504,Headache,Mild,No,No
2390,2691,Other,Moderate,Yes,No
2391,9279,Fatigue,Moderate,Yes,No
2392,2047,Other,Moderate,Yes,No
2393,3112,Fatigue,Moderate,No,No
2394,8135,Other,Moderate,Yes,No
2395,8283,Other,Mild,Yes,No
2396,8648,Nausea,Mild,Yes,No
2397,5865,Headache,Mild,No,No
2398,3735,Headache,Mild,No,No
2399,3052,Headache,Mild,Yes,No
2400,323,Dizziness,Mild,Yes,No
2401,1185,Headache,Mild,Yes,No
2402,4372,Fatigue,Mild,No,No
2403,3078,Injection Site Reaction,Mild,Yes,No
2404,9068,Other,Mild,Yes,No
2405,4670,Dizziness,Mild,No,No
2406,4725,Dizziness,Mild,Yes,No
2407,8756,Other,Mild,No,No
2408,2196,Nausea,Mild,Yes,No
2409,6120,Dizziness,Mild,No,No
2410,4789,Dizziness,Moderate,Yes,No
2411,3701,Nausea,Mild,No,No
2412,8130,Injection Site Reaction,Severe,No,No
2413,2821,Injection Site Reaction,Moderate,Yes,No
2414,5050,Nausea,Moderate,No,No
2415,208,Nausea,Mild,No,No
2416,1212,Other,Moderate,No,Yes
2417,6566,Other,Mild,No,No
2418,1460,Injection Site Reaction,Moderate,Yes,No
2419,8103,Fatigue,Mild,Yes,No
2420,8320,Headache,Mild,No,No
2421,6399,Fatigue,Mild,No,No
2422,5613,Nausea,Moderate,No,No
2423,6721,Nausea,Mild,No,No
2424,9068,Fatigue,Mild,Yes,No
2425,5842,Injection Site Reaction,Mild,Yes,No
2426,6758,Dizziness,Mild,Yes,No
2427,8415,Nausea,Mild,Yes,No
2428,5676,Fatigue,Mild,Yes,No
2429,4349,Nausea,Mild,No,No
2430,6743,Dizziness,Moderate,No,No
2431,1167,Dizziness,Moderate,Yes,No
2432,470,Injection Site Reaction,Moderate,Yes,Yes
2433,3903,Other,Mild,No,No
2434,1030,Dizziness,Moderate,Yes,No
2435,3887,Other,Mild,No,No
2436,4734,Nausea,Mild,Yes,No
2437,8350,Nausea,Moderate,No,No
2438,3151,Dizziness,Mild,Yes,No
2439,2016,Nausea,Mild,No,No
2440,5810,Other,Severe,No,No
2441,3161,Injection Site Reaction,Mild,No,No
2442,5975,Other,Mild,Yes,No
2443,1583,Injection Site Reaction,Mild,Yes,No
2444,8842,Injection Site Reaction,Mild,Yes,No
2445,7683,Injection Site Reaction,Moderate,Yes,No
2446,4707,Nausea,Moderate,Yes,No
2447,1664,Headache,Severe,Yes,Yes
2448,7637,Fatigue,Moderate,No,No
2449,4254,Injection Site Reaction,Moderate,Yes,No
2450,1903,Injection Site Reaction,Severe,Yes,No
2451,5964,Headache,Mild,Yes,No
2452,6048,Injection Site Reaction,Mild,Yes,No
2453,2704,Other,Mild,No,No
2454,7740,Injection Site Reaction,Mild,Yes,No
2455,4003,Fatigue,Mild,No,No
2456,6084,Other,Mild,Yes,No
2457,2085,Headache,Mild,No,No
2458,5924,Dizziness,Mild,Yes,No
2459,3044,Other,Moderate,Yes,No
2460,1069,Injection Site Reaction,Moderate,Yes,Yes
2461,5107,Nausea,Moderate,Yes,No
2462,1019,Nausea,Moderate,Yes,No
2463,9574,Headache,Moderate,No,No
2464,250,Headache,Moderate,Yes,No
2465,7799,Injection Site Reaction,Moderate,Yes,No
2466,1277,Dizziness,Mild,Yes,No
2467,1452,Fatigue,Moderate,Yes,Yes
2468,7279,Fatigue,Mild,No,No
2469,9561,Injection Site Reaction,Moderate,Yes,No
2470,3889,Other,Mild,Yes,No
2471,7790,Headache,Mild,No,No
2472,2529,Other,Severe,Yes,No
2473,367,Fatigue,Moderate,Yes,No
2474,2624,Headache,Mild,No,No
2475,8810,Fatigue,Moderate,Yes,No
2476,5234,Injection Site Reaction,Moderate,Yes,No
2477,5022,Nausea,Mild,Yes,No
2478,4873,Dizziness,Moderate,Yes,No
2479,5427,Dizziness,Mild,No,Yes
2480,4354,Other,Mild,No,No
2481,2235,Nausea,Mild,Yes,No
2482,8025,Nausea,Mild,No,No
2483,2406,Dizziness,Mild,No,No
2484,9176,Dizziness,Mild,No,No
2485,6555,Other,Mild,Yes,No
2486,1499,Fatigue,Mild,Yes,No
2487,4556,Injection Site Reaction,Moderate,Yes,No
2488,9136,Injection Site Reaction,Moderate,No,No
2489,9320,Nausea,Mild,No,No
2490,7492,Other,Moderate,Yes,No
2491,3904,Dizziness,Mild,Yes,No
2492,5779,Other,Mild,Yes,No
2493,7838,Headache,Mild,Yes,No
2494,3246,Fatigue,Moderate,Yes,No
2495,6699,Injection Site Reaction,Mild,Yes,No
2496,4535,Other,Moderate,Yes,No
2497,6940,Dizziness,Mild,No,No
2498,1506,Injection Site Reaction,Mild,Yes,No
2499,9782,Other,Mild,No,No
2500,7378,Other,Mild,Yes,No
2501,1760,Injection Site Reaction,Moderate,Yes,No
2502,6931,Fatigue,Mild,Yes,No
2503,8497,Nausea,Mild,Yes,No
2504,5041,Dizziness,Severe,Yes,No
2505,3873,Headache,Mild,No,No
2506,1450,Fatigue,Mild,No,No
2507,1698,Nausea,Mild,Yes,Yes
2508,3269,Other,Mild,No,No
2509,8761,Headache,Moderate,Yes,No
2510,6159,Headache,Mild,No,No
2511,3112,Other,Moderate,No,No
2512,5714,Injection Site Reaction,Mild,Yes,No
2513,7591,Nausea,Mild,No,No
2514,2623,Dizziness,Mild,No,No
2515,8093,Nausea,Mild,No,No
2516,455,Headache,Mild,No,No
2517,4269,Fatigue,Mild,Yes,No
2518,3936,Headache,Moderate,Yes,No
2519,2312,Nausea,Mild,Yes,No
2520,8955,Dizziness,Mild,Yes,No
2521,4442,Nausea,Moderate,No,No
2522,720,Injection Site Reaction,Mild,No,No
2523,4141,Headache,Mild,No,No
2524,4614,Dizziness,Moderate,No,No
2525,9440,Other,Mild,Yes,No
2526,9015,Injection Site Reaction,Mild,Yes,No
2527,9711,Injection Site Reaction,Mild,No,No
2528,8415,Fatigue,Mild,Yes,No
2529,6517,Nausea,Mild,No,No
2530,1812,Dizziness,Mild,Yes,No
2531,6201,Other,Moderate,No,No
2532,8092,Nausea,Moderate,No,No
2533,2507,Headache,Mild,No,No
2534,2169,Headache,Mild,No,No
2535,5307,Injection Site Reaction,Mild,Yes,No
2536,2819,Fatigue,Mild,Yes,No
2537,221,Injection Site Reaction,Mild,Yes,Yes
2538,996,Other,Mild,Yes,No
2539,4381,Injection Site Reaction,Mild,No,No
2540,4,Injection Site Reaction,Moderate,Yes,No
2541,6899,Injection Site Reaction,Mild,No,No
2542,7098,Nausea,Mild,Yes,No
2543,7553,Fatigue,Mild,Yes,No
2544,2508,Dizziness,Mild,Yes,No
2545,3421,Headache,Mild,Yes,No
2546,707,Fatigue,Moderate,No,No
2547,2408,Fatigue,Mild,Yes,No
2548,6298,Fatigue,Mild,No,No
2549,643,Injection Site Reaction,Mild,Yes,No
2550,6936,Fatigue,Mild,No,No
2551,9866,Injection Site Reaction,Mild,Yes,No
2552,5997,Injection Site Reaction,Mild,Yes,No
2553,7995,Headache,Mild,Yes,No
2554,9953,Nausea,Moderate,Yes,No
2555,7301,Injection Site Reaction,Mild,No,No
2556,8494,Fatigue,Mild,No,No
2557,3271,Injection Site Reaction,Mild,Yes,No
2558,7952,Dizziness,Mild,Yes,No
2559,4079,Dizziness,Moderate,No,No
2560,6319,Nausea,Mild,No,No
2561,6772,Fatigue,Moderate,Yes,No
2562,3611,Nausea,Mild,No,No
2563,8704,Fatigue,Mild,No,No
2564,7835,Fatigue,Mild,Yes,No
2565,6248,Dizziness,Mild,Yes,No
2566,8251,Headache,Moderate,No,Yes
2567,324,Fatigue,Mild,No,No
2568,4065,Nausea,Mild,Yes,No
2569,4008,Injection Site Reaction,Mild,Yes,No
2570,4656,Injection Site Reaction,Mild,Yes,No
2571,5566,Nausea,Mild,No,No
2572,7199,Dizziness,Moderate,Yes,No
2573,6056,Headache,Moderate,No,No
2574,5001,Headache,Mild,Yes,No
2575,4961,Other,Mild,No,No
2576,3462,Headache,Mild,Yes,No
2577,2544,Other,Moderate,No,No
2578,7850,Fatigue,Mild,Yes,No
2579,6189,Injection Site Reaction,Mild,Yes,No
2580,2658,Other,Mild,No,No
2581,1058,Headache,Mild,Yes,No
2582,1569,Nausea,Mild,Yes,No
2583,9316,Nausea,Mild,Yes,No
2584,9352,Injection Site Reaction,Mild,Yes,No
2585,4181,Nausea,Mild,Yes,No
2586,2754,Fatigue,Mild,Yes,No
2587,1829,Dizziness,Mild,No,No
2588,7607,Other,Mild,Yes,No
2589,5700,Fatigue,Mild,Yes,No
2590,991,Dizziness,Mild,Yes,No
2591,1030,Other,Mild,Yes,No
2592,4639,Headache,Moderate,Yes,No
2593,2777,Nausea,Mild,No,No
2594,7769,Other,Mild,Yes,No
2595,4952,Injection Site Reaction,Moderate,Yes,No
2596,1141,Dizziness,Mild,No,No
2597,9244,Other,Mild,No,No
2598,933,Nausea,Moderate,Yes,No
2599,7238,Fatigue,Moderate,Yes,No
2600,6935,Nausea,Mild,No,No
2601,5322,Nausea,Mild,Yes,No
2602,4253,Dizziness,Moderate,Yes,No
2603,9594,Nausea,Moderate,No,No
2604,2309,Dizziness,Moderate,Yes,No
2605,3659,Injection Site Reaction,Moderate,Yes,No
2606,4787,Fatigue,Mild,No,No
2607,700,Nausea,Mild,No,No
2608,9972,Nausea,Mild,Yes,No
2609,7080,Injection Site Reaction,Mild,Yes,No
2610,1884,Fatigue,Mild,Yes,No
2611,8848,Fatigue,Mild,Yes,No
2612,4222,Headache,Mild,No,No
2613,6773,Injection Site Reaction,Severe,Yes,No
2614,7110,Fatigue,Mild,Yes,No
2615,903,Injection Site Reaction,Mild,No,No
2616,6832,Fatigue,Mild,Yes,No
2617,8692,Fatigue,Mild,Yes,No
2618,8017,Other,Mild,No,No
2619,5602,Fatigue,Mild,Yes,No
2620,6650,Dizziness,Mild,No,No
2621,9074,Dizziness,Mild,Yes,No
2622,9633,Dizziness,Mild,Yes,No
2623,32,Dizziness,Mild,Yes,No
2624,7925,Other,Moderate,Yes,No
2625,2445,Headache,Moderate,Yes,No
2626,9294,Headache,Moderate,No,No
2627,5032,Other,Moderate,Yes,No
2628,9356,Other,Mild,Yes,No
2629,1883,Dizziness,Mild,No,No
2630,2854,Headache,Moderate,Yes,No
2631,207,Dizziness,Mild,No,No
2632,9390,Fatigue,Severe,Yes,No
2633,6652,Other,Moderate,Yes,No
2634,729,Dizziness,Moderate,No,No
2635,8645,Dizziness,Mild,Yes,No
2636,1387,Other,Mild,Yes,No
2637,2484,Dizziness,Moderate,No,No
2638,418,Fatigue,Moderate,Yes,No
2639,4994,Dizziness,Moderate,Yes,No
2640,2845,Headache,Mild,Yes,No
2641,4268,Other,Mild,Yes,No
2642,8806,Other,Mild,No,No
2643,923,Headache,Severe,Yes,No
2644,5554,Injection Site Reaction,Mild,Yes,No
2645,5158,Nausea,Mild,Yes,No
2646,5016,Injection Site Reaction,Mild,Yes,No
2647,6847,Headache,Mild,No,No
2648,2715,Injection Site Reaction,Mild,Yes,No
2649,5016,Fatigue,Moderate,Yes,No
2650,712,Other,Mild,No,No
2651,9260,Fatigue,Moderate,Yes,No
2652,9698,Nausea,Mild,Yes,No
2653,9030,Headache,Mild,No,Yes
2654,7784,Dizziness,Mild,No,No
2655,9537,Headache,Moderate,Yes,No
2656,5457,Other,Mild,Yes,No
2657,8232,Fatigue,Mild,No,No
2658,6093,Dizziness,Moderate,Yes,No
2659,4445,Fatigue,Moderate,Yes,No
2660,868,Fatigue,Severe,No,No
2661,5486,Nausea,Mild,No,No
2662,9245,Other,Mild,No,No
2663,1634,Headache,Mild,Yes,No
2664,8938,Nausea,Moderate,No,No
2665,8461,Nausea,Mild,Yes,No
2666,6115,Nausea,Severe,Yes,No
2667,4979,Dizziness,Mild,No,No
2668,7696,Injection Site Reaction,Mild,Yes,Yes
2669,5977,Dizziness,Mild,Yes,No
2670,9564,Headache,Mild,Yes,No
2671,416,Nausea,Mild,Yes,No
2672,8037,Headache,Severe,No,No
2673,944,Other,Mild,Yes,No
2674,7242,Fatigue,Mild,Yes,No
2675,9731,Dizziness,Mild,Yes,No
2676,1149,Headache,Mild,No,No
2677,2840,Nausea,Moderate,Yes,No
2678,9197,Dizziness,Moderate,Yes,No
2679,5888,Nausea,Mild,Yes,No
2680,8021,Fatigue,Mild,Yes,No
2681,9284,Dizziness,Moderate,No,No
2682,269,Headache,Mild,Yes,No
2683,2246,Nausea,Moderate,No,No
2684,7519,Headache,Mild,Yes,No
2685,5631,Nausea,Mild,Yes,No
2686,1764,Nausea,Mild,Yes,No
2687,191,Dizziness,Mild,No,No
2688,4245,Dizziness,Mild,Yes,No
2689,730,Nausea,Mild,Yes,No
2690,8629,Fatigue,Moderate,No,No
2691,3930,Nausea,Mild,Yes,No
2692,170,Other,Mild,Yes,No
2693,9658,Nausea,Mild,No,No
2694,7419,Other,Mild,Yes,No
2695,4530,Other,Mild,Yes,No
2696,762,Other,Moderate,Yes,No
2697,745,Injection Site Reaction,Mild,Yes,No
2698,8600,Fatigue,Mild,No,No
2699,4628,Dizziness,Mild,No,No
2700,3863,Headache,Mild,Yes,No
2701,3249,Other,Mild,No,No
2702,6773,Other,Mild,Yes,No
2703,8068,Fatigue,Mild,No,No
2704,7739,Injection Site Reaction,Mild,Yes,No
2705,6311,Other,Mild,Yes,No
2706,1069,Other,Mild,No,No
2707,9666,Fatigue,Mild,No,No
2708,8924,Fatigue,Mild,Yes,No
2709,4719,Fatigue,Moderate,Yes,No
2710,2895,Headache,Mild,Yes,No
2711,3990,Injection Site Reaction,Mild,No,No
2712,1511,Nausea,Mild,Yes,No
2713,5966,Fatigue,Mild,Yes,No
2714,3541,Nausea,Moderate,Yes,No
2715,9620,Headache,Severe,Yes,No
2716,1722,Other,Moderate,Yes,No
2717,2989,Other,Mild,Yes,No
2718,4012,Nausea,Mild,Yes,No
2719,3332,Nausea,Moderate,Yes,No
2720,2969,Nausea,Mild,Yes,No
2721,1642,Headache,Mild,No,No
2722,9150,Other,Mild,Yes,No
2723,2027,Nausea,Mild,Yes,No
2724,4777,Injection Site Reaction,Moderate,No,No
2725,7671,Other,Mild,Yes,No
2726,1038,Other,Moderate,Yes,No
2727,8610,Dizziness,Mild,Yes,Yes
2728,7847,Injection Site Reaction,Moderate,Yes,No
2729,5545,Dizziness,Mild,Yes,No
2730,2772,Headache,Mild,Yes,No
2731,6324,Fatigue,Moderate,Yes,No
2732,3194,Dizziness,Mild,No,No
2733,648,Nausea,Mild,No,No
2734,4818,Injection Site Reaction,Mild,Yes,No
2735,9318,Other,Mild,Yes,No
2736,9741,Fatigue,Severe,No,No
2737,4497,Injection Site Reaction,Severe,Yes,No
2738,6777,Nausea,Moderate,No,No
2739,9055,Nausea,Mild,Yes,No
2740,9810,Injection Site Reaction,Mild,No,No
2741,26,Dizziness,Moderate,Yes,No
2742,3681,Fatigue,Mild,No,No
2743,5416,Headache,Mild,Yes,No
2744,6416,Dizziness,Moderate,No,No
2745,2813,Dizziness,Mild,No,No
2746,1050,Other,Mild,Yes,No
2747,128,Fatigue,Mild,No,No
2748,3556,Injection Site Reaction,Mild,No,No
2749,6997,Injection Site Reaction,Severe,Yes,No
2750,8617,Injection Site Reaction,Mild,Yes,No
2751,1338,Other,Severe,Yes,No
2752,5490,Dizziness,Mild,Yes,No
2753,7973,Injection Site Reaction,Moderate,Yes,No
2754,694,Injection Site Reaction,Mild,Yes,No
2755,8677,Dizziness,Mild,Yes,No
2756,9689,Fatigue,Moderate,Yes,No
2757,2486,Dizziness,Moderate,Yes,No
2758,4077,Other,Severe,Yes,No
2759,7690,Headache,Mild,Yes,No
2760,5195,Dizziness,Mild,No,No
2761,9660,Other,Mild,Yes,No
2762,5065,Injection Site Reaction,Severe,No,No
2763,5591,Other,Mild,Yes,No
2764,3662,Nausea,Mild,Yes,No
2765,3096,Dizziness,Mild,Yes,No
2766,4096,Dizziness,Mild,Yes,No
2767,8095,Injection Site Reaction,Moderate,Yes,No
2768,4931,Other,Moderate,Yes,No
2769,4655,Dizziness,Mild,Yes,No
2770,321,Fatigue,Moderate,Yes,No
2771,831,Nausea,Mild,Yes,No
2772,240,Nausea,Moderate,Yes,No
2773,5477,Injection Site Reaction,Moderate,Yes,No
2774,4802,Fatigue,Moderate,Yes,No
2775,3098,Headache,Mild,No,No
2776,7489,Dizziness,Mild,Yes,No
2777,9727,Headache,Mild,Yes,No
2778,1259,Fatigue,Moderate,No,No
2779,1373,Fatigue,Mild,Yes,No
2780,698,Dizziness,Moderate,Yes,No
2781,3398,Dizziness,Moderate,No,No
2782,5680,Fatigue,Mild,Yes,No
2783,6009,Headache,Moderate,Yes,No
2784,7204,Other,Mild,Yes,No
2785,8825,Injection Site Reaction,Mild,Yes,No
2786,5862,Headache,Mild,No,No
2787,1296,Dizziness,Mild,Yes,No
2788,2294,Dizziness,Mild,Yes,No
2789,2047,Headache,Mild,Yes,No
2790,3134,Fatigue,Moderate,Yes,No
2791,6701,Nausea,Moderate,Yes,No
2792,5944,Dizziness,Moderate,Yes,No
2793,991,Nausea,Mild,No,No
2794,6515,Headache,Mild,No,No
2795,9746,Dizziness,Mild,Yes,No
2796,2798,Nausea,Moderate,No,No
2797,9897,Nausea,Moderate,No,No
2798,2926,Injection Site Reaction,Mild,Yes,No
2799,1199,Other,Mild,No,No
2800,9183,Nausea,Moderate,No,No
2801,1218,Fatigue,Mild,Yes,No
2802,3076,Headache,Mild,No,Yes
2803,2891,Headache,Moderate,Yes,No
2804,1551,Nausea,Mild,Yes,Yes
2805,9227,Other,Moderate,Yes,No
2806,9346,Nausea,Mild,No,No
2807,4287,Injection Site Reaction,Moderate,Yes,No
2808,9754,Other,Mild,Yes,No
2809,9536,Other,Moderate,Yes,Yes
2810,6931,Injection Site Reaction,Moderate,Yes,No
2811,3788,Injection Site Reaction,Mild,No,No
2812,7302,Headache,Mild,No,No
2813,9499,Dizziness,Mild,No,No
2814,8815,Injection Site Reaction,Mild,No,No
2815,3570,Fatigue,Severe,Yes,No
2816,5551,Fatigue,Severe,No,No
2817,4572,Fatigue,Mild,No,No
2818,1241,Other,Mild,No,No
2819,3701,Dizziness,Mild,Yes,No
2820,8746,Headache,Moderate,Yes,No
2821,216,Nausea,Mild,Yes,No
2822,4491,Fatigue,Mild,No,No
2823,1024,Fatigue,Mild,Yes,No
2824,4384,Dizziness,Mild,Yes,No
2825,2549,Headache,Mild,No,No
2826,2120,Injection Site Reaction,Moderate,No,No
2827,2505,Fatigue,Mild,Yes,No
2828,4960,Other,Mild,No,No
2829,1936,Nausea,Mild,No,No
2830,1601,Nausea,Moderate,No,No
2831,3438,Other,Mild,No,No
2832,623,Headache,Moderate,Yes,No
2833,7391,Other,Moderate,Yes,No
2834,8477,Fatigue,Mild,Yes,No
2835,7398,Headache,Mild,No,No
2836,4412,Nausea,Mild,No,No
2837,8102,Dizziness,Mild,Yes,No
2838,5589,Headache,Mild,No,No
2839,982,Fatigue,Mild,No,No
2840,4926,Nausea,Mild,Yes,No
2841,7361,Fatigue,Moderate,No,No
2842,5877,Fatigue,Mild,Yes,No
2843,9074,Headache,Mild,No,Yes
2844,3072,Headache,Moderate,No,No
2845,6029,Headache,Moderate,No,No
2846,8687,Other,Severe,Yes,Yes
2847,7698,Other,Mild,Yes,No
2848,5647,Headache,Severe,Yes,No
2849,4419,Headache,Moderate,No,No
2850,343,Injection Site Reaction,Mild,Yes,No
2851,2119,Headache,Mild,Yes,No
2852,4083,Headache,Mild,No,No
2853,5709,Injection Site Reaction,Moderate,Yes,No
2854,6993,Nausea,Mild,Yes,No
2855,4675,Nausea,Mild,No,No
2856,7806,Fatigue,Mild,No,No
2857,6219,Other,Mild,No,No
2858,5466,Injection Site Reaction,Mild,No,No
2859,6545,Injection Site Reaction,Severe,No,No
2860,2959,Dizziness,Mild,Yes,No
2861,9362,Dizziness,Moderate,No,No
2862,8775,Nausea,Mild,No,No
2863,5561,Headache,Mild,No,No
2864,6260,Headache,Moderate,Yes,No
2865,5891,Other,Mild,No,No
2866,8735,Other,Mild,Yes,No
2867,3441,Injection Site Reaction,Mild,Yes,No
2868,5627,Nausea,Severe,No,No
2869,3866,Headache,Mild,No,No
2870,23,Nausea,Moderate,Yes,No
2871,7807,Fatigue,Moderate,Yes,No
2872,5583,Nausea,Mild,Yes,No
2873,373,Injection Site Reaction,Mild,Yes,No
2874,8166,Injection Site Reaction,Moderate,No,No
2875,3586,Dizziness,Mild,Yes,No
2876,4849,Other,Mild,Yes,No
2877,8475,Dizziness,Mild,Yes,No
2878,3341,Fatigue,Moderate,No,No
2879,2844,Injection Site Reaction,Mild,No,No
2880,3366,Injection Site Reaction,Severe,Yes,No
2881,3202,Headache,Mild,Yes,No
2882,5913,Nausea,Moderate,No,No
2883,9625,Headache,Mild,No,No
2884,3046,Nausea,Mild,No,No
2885,5244,Nausea,Moderate,Yes,No
2886,4067,Headache,Mild,No,No
2887,3267,Dizziness,Mild,Yes,No
2888,3202,Nausea,Mild,Yes,No
2889,6414,Other,Mild,Yes,No
2890,1370,Headache,Moderate,No,No
2891,2946,Headache,Mild,Yes,No
2892,40,Nausea,Mild,No,No
2893,4019,Injection Site Reaction,Mild,Yes,No
2894,1048,Dizziness,Moderate,No,No
2895,5552,Injection Site Reaction,Moderate,Yes,No
2896,9596,Nausea,Mild,No,No
2897,6700,Fatigue,Severe,Yes,No
2898,3843,Other,Mild,No,No
2899,133,Other,Mild,Yes,No
2900,1564,Nausea,Mild,No,No
2901,652,Nausea,Mild,No,No
2902,3060,Nausea,Mild,No,No
2903,4762,Fatigue,Moderate,Yes,No
2904,3858,Dizziness,Severe,Yes,No
2905,4154,Headache,Moderate,No,No
2906,9614,Dizziness,Moderate,Yes,No
2907,7251,Dizziness,Mild,No,No
2908,6409,Nausea,Moderate,Yes,No
2909,3945,Nausea,Mild,Yes,No
2910,4368,Injection Site Reaction,Mild,No,No
2911,5814,Injection Site Reaction,Moderate,Yes,No
2912,8220,Nausea,Mild,No,No
2913,5887,Fatigue,Mild,Yes,No
2914,163,Injection Site Reaction,Moderate,Yes,No
2915,7651,Nausea,Moderate,No,No
2916,4087,Dizziness,Moderate,No,No
2917,947,Dizziness,Moderate,No,No
2918,7055,Other,Mild,No,No
2919,2073,Injection Site Reaction,Moderate,Yes,No
2920,2056,Headache,Mild,No,No
2921,489,Headache,Mild,No,No
2922,428,Fatigue,Mild,Yes,No
2923,6292,Nausea,Moderate,Yes,Yes
2924,2728,Fatigue,Mild,No,No
2925,2844,Dizziness,Mild,No,No
2926,2678,Injection Site Reaction,Mild,Yes,No
2927,4232,Injection Site Reaction,Moderate,No,No
2928,6826,Nausea,Mild,Yes,No
2929,4610,Other,Moderate,No,No
2930,8023,Other,Mild,Yes,No
2931,6979,Nausea,Mild,Yes,No
2932,5736,Fatigue,Severe,No,No
2933,5706,Nausea,Moderate,Yes,No
2934,3622,Headache,Severe,Yes,No
2935,8987,Headache,Mild,Yes,No
2936,3488,Nausea,Mild,Yes,No
2937,3488,Nausea,Mild,No,No
2938,1058,Injection Site Reaction,Moderate,No,No
2939,3924,Headache,Mild,Yes,No
2940,2081,Headache,Mild,No,No
2941,2996,Nausea,Moderate,No,No
2942,1521,Headache,Mild,Yes,No
2943,9456,Injection Site Reaction,Mild,Yes,No
2944,9860,Nausea,Moderate,Yes,No
2945,2572,Headache,Mild,Yes,No
2946,3941,Dizziness,Mild,No,Yes
2947,2026,Other,Mild,Yes,No
2948,8592,Injection Site Reaction,Mild,Yes,No
2949,8746,Injection Site Reaction,Mild,Yes,No
2950,661,Headache,Mild,Yes,No
2951,5177,Other,Mild,Yes,No
2952,385,Nausea,Mild,Yes,No
2953,5673,Dizziness,Moderate,Yes,No
2954,7862,Dizziness,Moderate,No,No
2955,6687,Injection Site Reaction,Mild,No,No
2956,5225,Headache,Mild,Yes,No
2957,8320,Fatigue,Mild,Yes,No
2958,726,Other,Mild,No,No
2959,1274,Dizziness,Mild,No,No
2960,3659,Nausea,Severe,No,No
2961,7785,Injection Site Reaction,Mild,No,No
2962,5698,Headache,Mild,Yes,No
2963,3300,Headache,Mild,Yes,No
2964,5393,Nausea,Mild,Yes,No
2965,462,Nausea,Moderate,No,No
2966,9146,Nausea,Moderate,Yes,No
2967,9997,Headache,Mild,No,No
2968,3118,Nausea,Mild,Yes,No
2969,6017,Fatigue,Mild,Yes,No
2970,2598,Other,Mild,Yes,No
2971,268,Nausea,Mild,Yes,No
2972,116,Injection Site Reaction,Mild,Yes,No
2973,3983,Other,Mild,Yes,No
2974,7403,Injection Site Reaction,Mild,Yes,No
2975,6647,Dizziness,Mild,No,No
2976,8264,Dizziness,Moderate,Yes,No
2977,9667,Dizziness,Mild,No,No
2978,7425,Nausea,Mild,Yes,No
2979,3355,Other,Severe,No,No
2980,5366,Dizziness,Mild,No,No
2981,8100,Headache,Mild,Yes,No
2982,7326,Dizziness,Moderate,Yes,No
2983,9542,Headache,Mild,Yes,No
2984,1997,Other,Moderate,Yes,Yes
2985,1122,Other,Moderate,No,No
2986,6063,Other,Mild,Yes,No
2987,2244,Dizziness,Mild,Yes,No
2988,1504,Nausea,Mild,Yes,No
2989,9049,Headache,Mild,No,No
2990,1561,Injection Site Reaction,Mild,No,No
2991,1375,Nausea,Mild,Yes,No
2992,8667,Dizziness,Moderate,Yes,No
2993,679,Fatigue,Mild,Yes,No
2994,99,Headache,Moderate,No,No
2995,3478,Injection Site Reaction,Mild,Yes,No
2996,2979,Nausea,Mild,No,No
2997,6795,Fatigue,Mild,Yes,No
2998,8423,Headache,Mild,No,No
2999,2021,Headache,Moderate,Yes,No
3000,1969,Fatigue,Mild,No,No
3001,366,Fatigue,Mild,Yes,No
3002,2120,Other,Moderate,Yes,No
3003,2952,Injection Site Reaction,Moderate,No,No
3004,8596,Nausea,Mild,Yes,No
3005,8419,Dizziness,Mild,Yes,No
3006,535,Injection Site Reaction,Mild,Yes,No
3007,2711,Headache,Mild,Yes,No
3008,6838,Fatigue,Moderate,No,No
3009,5895,Other,Mild,Yes,No
3010,2725,Dizziness,Moderate,No,No
3011,2562,Dizziness,Mild,Yes,No
3012,5178,Headache,Mild,No,No
3013,7121,Fatigue,Moderate,Yes,No
3014,7176,Dizziness,Moderate,Yes,No
3015,7649,Nausea,Mild,No,No
3016,8726,Headache,Mild,Yes,Yes
3017,6806,Other,Mild,Yes,No
3018,4190,Fatigue,Mild,Yes,No
3019,4069,Dizziness,Mild,No,No
3020,7803,Other,Mild,Yes,No
3021,1496,Fatigue,Mild,Yes,No
3022,7228,Injection Site Reaction,Mild,No,No
3023,69,Nausea,Mild,Yes,Yes
3024,3555,Fatigue,Mild,Yes,No
3025,2229,Headache,Mild,Yes,No
3026,9284,Nausea,Moderate,No,No
3027,8565,Fatigue,Moderate,Yes,No
3028,5362,Other,Severe,Yes,No
3029,1419,Headache,Mild,Yes,No
3030,122,Dizziness,Mild,No,No
3031,3943,Headache,Mild,Yes,No
3032,468,Nausea,Mild,Yes,No
3033,6053,Fatigue,Mild,Yes,No
3034,8096,Nausea,Moderate,No,No
3035,8631,Headache,Mild,Yes,No
3036,1435,Nausea,Mild,Yes,No
3037,263,Fatigue,Moderate,Yes,No
3038,6068,Nausea,Mild,No,No
3039,1003,Other,Mild,Yes,No
3040,8167,Fatigue,Mild,Yes,Yes
3041,6715,Nausea,Mild,Yes,No
3042,7324,Injection Site Reaction,Moderate,Yes,No
3043,720,Injection Site Reaction,Mild,Yes,No
3044,598,Dizziness,Mild,Yes,No
3045,2040,Dizziness,Mild,Yes,No
3046,1155,Dizziness,Mild,Yes,No
3047,3207,Nausea,Mild,Yes,Yes
3048,8912,Dizziness,Mild,Yes,No
3049,638,Fatigue,Moderate,Yes,No
3050,4370,Other,Moderate,No,No
3051,4701,Other,Mild,Yes,No
3052,6976,Nausea,Mild,No,No
3053,4099,Nausea,Severe,No,No
3054,8976,Injection Site Reaction,Mild,No,No
3055,7300,Dizziness,Mild,Yes,No
3056,8117,Injection Site Reaction,Mild,Yes,No
3057,6817,Other,Mild,No,No
3058,1693,Fatigue,Moderate,Yes,No
3059,9358,Nausea,Mild,Yes,No
3060,2817,Other,Mild,Yes,No
3061,112,Injection Site Reaction,Mild,Yes,No
3062,3276,Injection Site Reaction,Moderate,Yes,No
3063,3162,Other,Moderate,Yes,No
3064,1458,Fatigue,Mild,Yes,No
3065,2779,Headache,Mild,Yes,No
3066,6950,Nausea,Moderate,Yes,No
3067,4028,Fatigue,Mild,Yes,No
3068,7816,Dizziness,Mild,Yes,No
3069,5050,Fatigue,Mild,No,No
3070,9869,Headache,Moderate,Yes,No
3071,6212,Other,Moderate,Yes,No
3072,5167,Nausea,Mild,No,No
3073,4570,Headache,Mild,Yes,No
3074,6265,Dizziness,Mild,Yes,No
3075,6005,Nausea,Moderate,Yes,No
3076,4955,Dizziness,Mild,No,No
3077,3734,Fatigue,Mild,Yes,No
3078,5629,Injection Site Reaction,Mild,Yes,No
3079,7987,Other,Mild,Yes,No
3080,4875,Other,Moderate,No,No
3081,8809,Injection Site Reaction,Mild,No,No
3082,3916,Injection Site Reaction,Mild,Yes,No
3083,9206,Dizziness,Moderate,Yes,No
3084,7927,Dizziness,Severe,Yes,No
3085,7793,Nausea,Moderate,No,No
3086,9555,Headache,Mild,No,No
3087,3532,Fatigue,Mild,No,No
3088,4524,Headache,Moderate,Yes,No
3089,9903,Other,Mild,No,No
3090,8941,Injection Site Reaction,Moderate,No,No
3091,821,Dizziness,Mild,No,No
3092,4751,Dizziness,Moderate,Yes,No
3093,2513,Injection Site Reaction,Mild,No,No
3094,2657,Headache,Mild,Yes,No
3095,2558,Nausea,Mild,Yes,No
3096,895,Nausea,Mild,No,No
3097,6354,Dizziness,Mild,Yes,No
3098,2483,Injection Site Reaction,Mild,Yes,No
3099,5024,Injection Site Reaction,Moderate,No,No
3100,56,Dizziness,Mild,Yes,No
3101,6130,Nausea,Mild,Yes,No
3102,4213,Nausea,Mild,Yes,No
3103,6044,Nausea,Mild,Yes,No
3104,6987,Injection Site Reaction,Moderate,No,No
3105,9475,Fatigue,Mild,Yes,No
3106,9354,Headache,Mild,Yes,No
3107,7029,Other,Mild,Yes,No
3108,4182,Nausea,Mild,No,No
3109,4438,Dizziness,Mild,Yes,No
3110,3826,Dizziness,Mild,Yes,No
3111,1571,Other,Severe,Yes,No
3112,7807,Other,Mild,Yes,No
3113,8671,Dizziness,Moderate,Yes,No
3114,8161,Injection Site Reaction,Mild,Yes,No
3115,6185,Nausea,Mild,Yes,No
3116,2970,Dizziness,Mild,Yes,No
3117,8470,Headache,Moderate,No,Yes
3118,1281,Nausea,Moderate,Yes,No
3119,322,Injection Site Reaction,Moderate,Yes,No
3120,4965,Other,Mild,Yes,No
3121,1470,Other,Moderate,Yes,No
3122,3478,Injection Site Reaction,Mild,Yes,No
3123,5862,Fatigue,Moderate,No,No
3124,7283,Injection Site Reaction,Mild,Yes,No
3125,5289,Other,Mild,Yes,No
3126,3398,Nausea,Mild,Yes,No
3127,911,Dizziness,Mild,Yes,No
3128,3638,Dizziness,Mild,Yes,No
3129,4980,Headache,Mild,Yes,No
3130,8898,Injection Site Reaction,Mild,Yes,No
3131,1052,Injection Site Reaction,Mild,No,No
3132,357,Dizziness,Mild,Yes,No
3133,6508,Other,Mild,Yes,No
3134,6617,Fatigue,Mild,No,No
3135,6027,Injection Site Reaction,Mild,No,No
3136,7708,Other,Moderate,Yes,No
3137,670,Nausea,Mild,Yes,No
3138,5804,Fatigue,Moderate,Yes,No
3139,2787,Dizziness,Mild,No,No
3140,1757,Dizziness,Mild,Yes,No
3141,7880,Dizziness,Mild,Yes,No
3142,812,Nausea,Mild,No,No
3143,9141,Nausea,Mild,Yes,No
3144,8727,Nausea,Mild,Yes,No
3145,293,Fatigue,Mild,Yes,No
3146,8759,Dizziness,Mild,Yes,No
3147,412,Injection Site Reaction,Mild,Yes,No
3148,7611,Nausea,Mild,No,No
3149,8391,Fatigue,Moderate,Yes,No
3150,4597,Fatigue,Moderate,Yes,No
3151,6977,Other,Moderate,No,No
3152,5264,Fatigue,Mild,Yes,No
3153,6439,Nausea,Moderate,Yes,No
3154,3689,Headache,Mild,No,No
3155,4128,Other,Moderate,No,No
3156,6360,Other,Moderate,Yes,No
3157,4142,Dizziness,Mild,Yes,No
3158,7061,Dizziness,Mild,No,No
3159,784,Injection Site Reaction,Mild,No,No
3160,3558,Dizziness,Moderate,Yes,No
3161,921,Injection Site Reaction,Mild,Yes,No
3162,6548,Injection Site Reaction,Mild,No,No
3163,5067,Injection Site Reaction,Mild,No,No
3164,2009,Injection Site Reaction,Severe,No,No
3165,9265,Nausea,Moderate,No,Yes
3166,112,Fatigue,Mild,Yes,No
3167,4610,Headache,Mild,No,No
3168,5520,Fatigue,Mild,Yes,No
3169,658,Other,Mild,Yes,No
3170,7611,Other,Mild,No,No
3171,3920,Dizziness,Mild,Yes,No
3172,2937,Headache,Mild,No,No
3173,2797,Headache,Mild,Yes,No
3174,8557,Other,Moderate,No,No
3175,1902,Nausea,Moderate,No,No
3176,6089,Other,Moderate,Yes,No
3177,2183,Injection Site Reaction,Mild,Yes,No
3178,9543,Other,Mild,No,No
3179,5683,Fatigue,Mild,Yes,No
3180,7475,Dizziness,Mild,No,No
3181,4317,Dizziness,Moderate,No,Yes
3182,4008,Injection Site Reaction,Mild,Yes,No
3183,2467,Other,Mild,Yes,No
3184,7703,Fatigue,Moderate,Yes,No
3185,4579,Nausea,Mild,Yes,No
3186,6378,Injection Site Reaction,Mild,No,No
3187,8141,Dizziness,Moderate,Yes,No
3188,3331,Dizziness,Moderate,Yes,Yes
3189,161,Injection Site Reaction,Moderate,Yes,No
3190,3305,Other,Mild,No,No
3191,6596,Injection Site Reaction,Mild,Yes,No
3192,3193,Other,Mild,Yes,No
3193,699,Headache,Moderate,Yes,No
3194,3270,Nausea,Mild,No,No
3195,7737,Fatigue,Mild,Yes,No
3196,7094,Fatigue,Moderate,Yes,No
3197,5794,Dizziness,Mild,Yes,No
3198,8690,Injection Site Reaction,Mild,Yes,No
3199,3210,Other,Mild,Yes,No
3200,332,Injection Site Reaction,Mild,No,No
