Participant_ID,Doses_Expected,Doses_Taken,Adherence_Rate,Adherence_Band
2,84,84,100.0,High
6,84,80,95.2,High
7,84,74,88.1,High
12,84,76,90.5,High
13,84,81,96.4,High
14,84,80,95.2,High
16,84,71,84.5,Moderate
20,84,73,86.9,High
25,84,72,85.7,High
29,84,67,79.8,Moderate
34,84,68,81.0,Moderate
35,84,68,81.0,Moderate
36,84,75,89.3,High
37,84,62,73.8,Moderate
38,84,70,83.3,Moderate
41,84,78,92.9,High
43,84,62,73.8,Moderate
46,84,65,77.4,Moderate
47,84,84,100.0,High
49,84,49,58.3,Low
53,84,83,98.8,High
56,84,81,96.4,High
57,84,78,92.9,High
59,84,73,86.9,High
61,84,71,84.5,Moderate
63,84,73,86.9,High
66,84,63,75.0,Moderate
68,84,56,66.7,Low
69,84,63,75.0,Moderate
70,84,68,81.0,Moderate
72,84,72,85.7,High
74,84,68,81.0,Moderate
76,84,70,83.3,Moderate
77,84,84,100.0,High
79,84,78,92.9,High
81,84,72,85.7,High
82,84,84,100.0,High
84,84,73,86.9,High
85,84,68,81.0,Moderate
90,84,73,86.9,High
92,84,84,100.0,High
93,84,68,81.0,Moderate
95,84,74,88.1,High
96,84,66,78.6,Moderate
97,84,70,83.3,Moderate
98,84,59,70.2,Moderate
99,84,70,83.3,Moderate
100,84,72,85.7,High
101,84,82,97.6,High
102,84,75,89.3,High
105,84,71,84.5,Moderate
107,84,71,84.5,Moderate
109,84,84,100.0,High
112,84,84,100.0,High
113,84,82,97.6,High
114,84,65,77.4,Moderate
115,84,70,83.3,Moderate
117,84,77,91.7,High
120,84,63,75.0,Moderate
121,84,69,82.1,Moderate
122,84,53,63.1,Low
123,84,84,100.0,High
124,84,73,86.9,High
125,84,71,84.5,Moderate
127,84,83,98.8,High
128,84,73,86.9,High
132,84,84,100.0,High
135,84,82,97.6,High
138,84,57,67.9,Low
141,84,63,75.0,Moderate
142,84,68,81.0,Moderate
145,84,64,76.2,Moderate
146,84,67,79.8,Moderate
147,84,66,78.6,Moderate
148,84,79,94.0,High
149,84,69,82.1,Moderate
150,84,84,100.0,High
152,84,76,90.5,High
154,84,53,63.1,Low
155,84,67,79.8,Moderate
156,84,83,98.8,High
157,84,63,75.0,Moderate
160,84,75,89.3,High
162,84,80,95.2,High
163,84,62,73.8,Moderate
165,84,64,76.2,Moderate
167,84,60,71.4,Moderate
169,84,66,78.6,Moderate
170,84,72,85.7,High
172,84,66,78.6,Moderate
174,84,61,72.6,Moderate
175,84,84,100.0,High
176,84,77,91.7,High
177,84,69,82.1,Moderate
179,84,76,90.5,High
180,84,68,81.0,Moderate
181,84,75,89.3,High
185,84,70,83.3,Moderate
186,84,84,100.0,High
187,84,65,77.4,Moderate
192,84,72,85.7,High
193,84,69,82.1,Moderate
198,84,77,91.7,High
199,84,72,85.7,High
200,84,76,90.5,High
202,84,63,75.0,Moderate
209,84,64,76.2,Moderate
210,84,81,96.4,High
211,84,77,91.7,High
214,84,83,98.8,High
217,84,61,72.6,Moderate
220,84,76,90.5,High
222,84,61,72.6,Moderate
225,84,84,100.0,High
226,84,77,91.7,High
227,84,84,100.0,High
228,84,70,83.3,Moderate
229,84,77,91.7,High
230,84,69,82.1,Moderate
231,84,75,89.3,High
232,84,81,96.4,High
233,84,77,91.7,High
234,84,75,89.3,High
240,84,74,88.1,High
242,84,80,95.2,High
245,84,65,77.4,Moderate
246,84,71,84.5,Moderate
247,84,79,94.0,High
252,84,84,100.0,High
253,84,79,94.0,High
254,84,60,71.4,Moderate
256,84,84,100.0,High
258,84,78,92.9,High
259,84,75,89.3,High
261,84,71,84.5,Moderate
263,84,84,100.0,High
264,84,59,70.2,Moderate
265,84,57,67.9,Low
267,84,84,100.0,High
268,84,71,84.5,Moderate
269,84,63,75.0,Moderate
271,84,54,64.3,Low
273,84,75,89.3,High
274,84,66,78.6,Moderate
277,84,75,89.3,High
278,84,68,81.0,Moderate
283,84,84,100.0,High
289,84,84,100.0,High
291,84,65,77.4,Moderate
293,84,75,89.3,High
294,84,65,77.4,Moderate
295,84,66,78.6,Moderate
299,84,82,97.6,High
301,84,84,100.0,High
302,84,67,79.8,Moderate
303,84,80,95.2,High
307,84,73,86.9,High
308,84,65,77.4,Moderate
310,84,78,92.9,High
312,84,77,91.7,High
313,84,72,85.7,High
314,84,72,85.7,High
317,84,76,90.5,High
318,84,70,83.3,Moderate
320,84,65,77.4,Moderate
323,84,54,64.3,Low
324,84,51,60.7,Low
325,84,79,94.0,High
326,84,76,90.5,High
327,84,68,81.0,Moderate
328,84,67,79.8,Moderate
329,84,76,90.5,High
330,84,84,100.0,High
332,84,67,79.8,Moderate
334,84,75,89.3,High
335,84,84,100.0,High
337,84,84,100.0,High
338,84,68,81.0,Moderate
339,84,65,77.4,Moderate
341,84,81,96.4,High
342,84,70,83.3,Moderate
343,84,78,92.9,High
345,84,66,78.6,Moderate
348,84,79,94.0,High
349,84,62,73.8,Moderate
350,84,70,83.3,Moderate
351,84,54,64.3,Low
352,84,84,100.0,High
355,84,84,100.0,High
356,84,78,92.9,High
358,84,76,90.5,High
359,84,79,94.0,High
360,84,82,97.6,High
361,84,51,60.7,Low
362,84,71,84.5,Moderate
363,84,73,86.9,High
364,84,76,90.5,High
373,84,64,76.2,Moderate
374,84,68,81.0,Moderate
378,84,84,100.0,High
381,84,79,94.0,High
383,84,71,84.5,Moderate
385,84,47,56.0,Low
388,84,60,71.4,Moderate
393,84,72,85.7,High
394,84,62,73.8,Moderate
396,84,58,69.0,Low
397,84,59,70.2,Moderate
398,84,57,67.9,Low
401,84,67,79.8,Moderate
402,84,83,98.8,High
403,84,71,84.5,Moderate
404,84,51,60.7,Low
407,84,73,86.9,High
411,84,73,86.9,High
414,84,83,98.8,High
415,84,73,86.9,High
418,84,82,97.6,High
419,84,84,100.0,High
422,84,71,84.5,Moderate
423,84,68,81.0,Moderate
424,84,72,85.7,High
425,84,80,95.2,High
426,84,57,67.9,Low
431,84,75,89.3,High
432,84,76,90.5,High
434,84,47,56.0,Low
435,84,64,76.2,Moderate
436,84,71,84.5,Moderate
437,84,69,82.1,Moderate
438,84,79,94.0,High
440,84,73,86.9,High
442,84,77,91.7,High
443,84,84,100.0,High
445,84,65,77.4,Moderate
446,84,69,82.1,Moderate
448,84,77,91.7,High
449,84,69,82.1,Moderate
451,84,67,79.8,Moderate
453,84,68,81.0,Moderate
454,84,71,84.5,Moderate
455,84,75,89.3,High
456,84,76,90.5,High
457,84,64,76.2,Moderate
459,84,80,95.2,High
461,84,74,88.1,High
462,84,56,66.7,Low
464,84,71,84.5,Moderate
465,84,82,97.6,High
467,84,82,97.6,High
468,84,70,83.3,Moderate
470,84,84,100.0,High
475,84,70,83.3,Moderate
477,84,56,66.7,Low
478,84,84,100.0,High
479,84,72,85.7,High
480,84,66,78.6,Moderate
481,84,81,96.4,High
483,84,69,82.1,Moderate
486,84,74,88.1,High
493,84,79,94.0,High
494,84,53,63.1,Low
495,84,76,90.5,High
497,84,82,97.6,High
498,84,77,91.7,High
501,84,50,59.5,Low
502,84,59,70.2,Moderate
503,84,68,81.0,Moderate
505,84,63,75.0,Moderate
506,84,62,73.8,Moderate
507,84,71,84.5,Moderate
508,84,60,71.4,Moderate
509,84,84,100.0,High
510,84,69,82.1,Moderate
511,84,74,88.1,High
515,84,68,81.0,Moderate
516,84,70,83.3,Moderate
522,84,58,69.0,Low
524,84,63,75.0,Moderate
525,84,84,100.0,High
526,84,65,77.4,Moderate
527,84,81,96.4,High
529,84,73,86.9,High
530,84,74,88.1,High
531,84,61,72.6,Moderate
535,84,79,94.0,High
537,84,71,84.5,Moderate
538,84,69,82.1,Moderate
541,84,59,70.2,Moderate
542,84,67,79.8,Moderate
543,84,67,79.8,Moderate
544,84,61,72.6,Moderate
545,84,84,100.0,High
546,84,77,91.7,High
547,84,64,76.2,Moderate
548,84,70,83.3,Moderate
550,84,81,96.4,High
551,84,76,90.5,High
553,84,76,90.5,High
554,84,57,67.9,Low
555,84,63,75.0,Moderate
557,84,64,76.2,Moderate
558,84,50,59.5,Low
559,84,58,69.0,Low
561,84,64,76.2,Moderate
562,84,62,73.8,Moderate
563,84,79,94.0,High
565,84,65,77.4,Moderate
568,84,70,83.3,Moderate
574,84,62,73.8,Moderate
575,84,78,92.9,High
577,84,52,61.9,Low
578,84,60,71.4,Moderate
579,84,80,95.2,High
581,84,75,89.3,High
582,84,61,72.6,Moderate
584,84,84,100.0,High
585,84,61,72.6,Moderate
586,84,77,91.7,High
587,84,73,86.9,High
589,84,69,82.1,Moderate
593,84,67,79.8,Moderate
594,84,71,84.5,Moderate
597,84,82,97.6,High
598,84,61,72.6,Moderate
601,84,84,100.0,High
602,84,76,90.5,High
604,84,84,100.0,High
605,84,69,82.1,Moderate
606,84,66,78.6,Moderate
608,84,74,88.1,High
609,84,84,100.0,High
611,84,64,76.2,Moderate
612,84,74,88.1,High
615,84,84,100.0,High
616,84,81,96.4,High
617,84,69,82.1,Moderate
621,84,83,98.8,High
622,84,62,73.8,Moderate
623,84,57,67.9,Low
624,84,70,83.3,Moderate
627,84,58,69.0,Low
628,84,68,81.0,Moderate
629,84,84,100.0,High
631,84,80,95.2,High
635,84,58,69.0,Low
636,84,60,71.4,Moderate
638,84,77,91.7,High
640,84,72,85.7,High
641,84,72,85.7,High
644,84,68,81.0,Moderate
645,84,78,92.9,High
649,84,83,98.8,High
650,84,74,88.1,High
653,84,84,100.0,High
656,84,71,84.5,Moderate
657,84,70,83.3,Moderate
659,84,62,73.8,Moderate
660,84,69,82.1,Moderate
661,84,79,94.0,High
663,84,84,100.0,High
664,84,59,70.2,Moderate
665,84,84,100.0,High
670,84,84,100.0,High
671,84,70,83.3,Moderate
672,84,73,86.9,High
674,84,70,83.3,Moderate
676,84,80,95.2,High
679,84,77,91.7,High
687,84,65,77.4,Moderate
688,84,69,82.1,Moderate
689,84,67,79.8,Moderate
693,84,83,98.8,High
694,84,72,85.7,High
696,84,74,88.1,High
698,84,50,59.5,Low
700,84,84,100.0,High
701,84,83,98.8,High
704,84,82,97.6,High
705,84,68,81.0,Moderate
707,84,54,64.3,Low
710,84,81,96.4,High
713,84,59,70.2,Moderate
714,84,73,86.9,High
715,84,68,81.0,Moderate
716,84,69,82.1,Moderate
721,84,84,100.0,High
725,84,79,94.0,High
726,84,74,88.1,High
730,84,58,69.0,Low
732,84,83,98.8,High
733,84,84,100.0,High
735,84,71,84.5,Moderate
736,84,78,92.9,High
737,84,64,76.2,Moderate
739,84,59,70.2,Moderate
743,84,52,61.9,Low
744,84,70,83.3,Moderate
745,84,80,95.2,High
746,84,84,100.0,High
748,84,72,85.7,High
749,84,72,85.7,High
751,84,79,94.0,High
753,84,68,81.0,Moderate
754,84,69,82.1,Moderate
756,84,70,83.3,Moderate
757,84,69,82.1,Moderate
758,84,67,79.8,Moderate
760,84,68,81.0,Moderate
763,84,73,86.9,High
764,84,54,64.3,Low
766,84,75,89.3,High
769,84,71,84.5,Moderate
771,84,65,77.4,Moderate
773,84,61,72.6,Moderate
774,84,84,100.0,High
776,84,73,86.9,High
781,84,84,100.0,High
782,84,57,67.9,Low
783,84,74,88.1,High
784,84,76,90.5,High
785,84,80,95.2,High
786,84,60,71.4,Moderate
787,84,60,71.4,Moderate
788,84,82,97.6,High
793,84,65,77.4,Moderate
796,84,84,100.0,High
798,84,65,77.4,Moderate
799,84,71,84.5,Moderate
800,84,81,96.4,High
804,84,70,83.3,Moderate
805,84,77,91.7,High
809,84,84,100.0,High
811,84,63,75.0,Moderate
812,84,80,95.2,High
813,84,66,78.6,Moderate
814,84,84,100.0,High
817,84,57,67.9,Low
818,84,57,67.9,Low
819,84,82,97.6,High
822,84,68,81.0,Moderate
824,84,69,82.1,Moderate
827,84,77,91.7,High
828,84,75,89.3,High
830,84,79,94.0,High
833,84,62,73.8,Moderate
834,84,69,82.1,Moderate
837,84,72,85.7,High
840,84,78,92.9,High
841,84,75,89.3,High
844,84,64,76.2,Moderate
848,84,77,91.7,High
850,84,63,75.0,Moderate
851,84,70,83.3,Moderate
853,84,72,85.7,High
859,84,77,91.7,High
861,84,76,90.5,High
868,84,70,83.3,Moderate
869,84,78,92.9,High
870,84,62,73.8,Moderate
874,84,51,60.7,Low
876,84,61,72.6,Moderate
877,84,68,81.0,Moderate
878,84,76,90.5,High
882,84,58,69.0,Low
887,84,59,70.2,Moderate
888,84,73,86.9,High
889,84,78,92.9,High
891,84,74,88.1,High
893,84,61,72.6,Moderate
895,84,76,90.5,High
898,84,82,97.6,High
899,84,70,83.3,Moderate
901,84,74,88.1,High
903,84,67,79.8,Moderate
904,84,66,78.6,Moderate
905,84,81,96.4,High
906,84,72,85.7,High
912,84,77,91.7,High
914,84,73,86.9,High
916,84,84,100.0,High
917,84,68,81.0,Moderate
919,84,64,76.2,Moderate
920,84,71,84.5,Moderate
930,84,61,72.6,Moderate
933,84,68,81.0,Moderate
936,84,82,97.6,High
940,84,58,69.0,Low
942,84,82,97.6,High
945,84,84,100.0,High
946,84,78,92.9,High
953,84,76,90.5,High
954,84,60,71.4,Moderate
956,84,75,89.3,High
959,84,55,65.5,Low
960,84,70,83.3,Moderate
963,84,83,98.8,High
969,84,50,59.5,Low
971,84,78,92.9,High
972,84,68,81.0,Moderate
973,84,81,96.4,High
976,84,81,96.4,High
978,84,52,61.9,Low
980,84,71,84.5,Moderate
981,84,67,79.8,Moderate
986,84,66,78.6,Moderate
987,84,76,90.5,High
993,84,67,79.8,Moderate
994,84,73,86.9,High
995,84,79,94.0,High
997,84,80,95.2,High
999,84,76,90.5,High
1001,84,74,88.1,High
1003,84,77,91.7,High
1004,84,60,71.4,Moderate
1005,84,84,100.0,High
1006,84,68,81.0,Moderate
1007,84,79,94.0,High
1009,84,83,98.8,High
1010,84,76,90.5,High
1011,84,84,100.0,High
1012,84,84,100.0,High
1013,84,63,75.0,Moderate
1018,84,84,100.0,High
1019,84,66,78.6,Moderate
1025,84,76,90.5,High
1027,84,72,85.7,High
1028,84,54,64.3,Low
1029,84,76,90.5,High
1031,84,74,88.1,High
1032,84,76,90.5,High
1034,84,71,84.5,Moderate
1035,84,83,98.8,High
1036,84,71,84.5,Moderate
1037,84,73,86.9,High
1043,84,70,83.3,Moderate
1044,84,82,97.6,High
1046,84,76,90.5,High
1052,84,72,85.7,High
1055,84,80,95.2,High
1058,84,80,95.2,High
1060,84,84,100.0,High
1062,84,55,65.5,Low
1063,84,84,100.0,High
1066,84,56,66.7,Low
1068,84,65,77.4,Moderate
1069,84,81,96.4,High
1070,84,73,86.9,High
1073,84,79,94.0,High
1078,84,73,86.9,High
1082,84,65,77.4,Moderate
1085,84,83,98.8,High
1086,84,78,92.9,High
1087,84,82,97.6,High
1088,84,84,100.0,High
1091,84,78,92.9,High
1093,84,77,91.7,High
1094,84,72,85.7,High
1096,84,69,82.1,Moderate
1097,84,84,100.0,High
1100,84,63,75.0,Moderate
1103,84,77,91.7,High
1104,84,84,100.0,High
1106,84,83,98.8,High
1107,84,64,76.2,Moderate
1109,84,73,86.9,High
1112,84,84,100.0,High
1113,84,65,77.4,Moderate
1115,84,64,76.2,Moderate
1117,84,66,78.6,Moderate
1118,84,59,70.2,Moderate
1121,84,84,100.0,High
1128,84,72,85.7,High
1131,84,76,90.5,High
1132,84,84,100.0,High
1134,84,67,79.8,Moderate
1135,84,84,100.0,High
1137,84,84,100.0,High
1138,84,78,92.9,High
1140,84,74,88.1,High
1143,84,81,96.4,High
1144,84,57,67.9,Low
1145,84,72,85.7,High
1147,84,72,85.7,High
1149,84,70,83.3,Moderate
1154,84,64,76.2,Moderate
1155,84,63,75.0,Moderate
1159,84,65,77.4,Moderate
1160,84,63,75.0,Moderate
1161,84,74,88.1,High
1164,84,81,96.4,High
1166,84,69,82.1,Moderate
1173,84,82,97.6,High
1174,84,75,89.3,High
1176,84,58,69.0,Low
1178,84,53,63.1,Low
1182,84,65,77.4,Moderate
1184,84,81,96.4,High
1185,84,66,78.6,Moderate
1186,84,84,100.0,High
1190,84,83,98.8,High
1191,84,62,73.8,Moderate
1192,84,76,90.5,High
1193,84,72,85.7,High
1194,84,75,89.3,High
1198,84,67,79.8,Moderate
1200,84,59,70.2,Moderate
1202,84,75,89.3,High
1206,84,68,81.0,Moderate
1208,84,77,91.7,High
1209,84,84,100.0,High
1211,84,83,98.8,High
1212,84,59,70.2,Moderate
1214,84,69,82.1,Moderate
1215,84,84,100.0,High
1216,84,73,86.9,High
1218,84,66,78.6,Moderate
1220,84,55,65.5,Low
1223,84,79,94.0,High
1224,84,75,89.3,High
1225,84,83,98.8,High
1226,84,80,95.2,High
1227,84,54,64.3,Low
1228,84,84,100.0,High
1230,84,61,72.6,Moderate
1233,84,66,78.6,Moderate
1234,84,84,100.0,High
1236,84,63,75.0,Moderate
1237,84,73,86.9,High
1238,84,72,85.7,High
1239,84,81,96.4,High
1241,84,84,100.0,High
1242,84,84,100.0,High
1243,84,79,94.0,High
1245,84,53,63.1,Low
1249,84,74,88.1,High
1250,84,79,94.0,High
1256,84,84,100.0,High
1258,84,84,100.0,High
1260,84,60,71.4,Moderate
1262,84,84,100.0,High
1263,84,64,76.2,Moderate
1265,84,84,100.0,High
1269,84,84,100.0,High
1273,84,63,75.0,Moderate
1274,84,73,86.9,High
1275,84,67,79.8,Moderate
1276,84,79,94.0,High
1277,84,77,91.7,High
1278,84,84,100.0,High
1279,84,72,85.7,High
1281,84,84,100.0,High
1282,84,59,70.2,Moderate
1285,84,72,85.7,High
1287,84,67,79.8,Moderate
1288,84,84,100.0,High
1289,84,83,98.8,High
1290,84,64,76.2,Moderate
1297,84,84,100.0,High
1298,84,68,81.0,Moderate
1299,84,72,85.7,High
1301,84,73,86.9,High
1302,84,84,100.0,High
1303,84,72,85.7,High
1305,84,75,89.3,High
1307,84,81,96.4,High
1308,84,82,97.6,High
1309,84,84,100.0,High
1310,84,65,77.4,Moderate
1313,84,70,83.3,Moderate
1314,84,84,100.0,High
1315,84,61,72.6,Moderate
1316,84,70,83.3,Moderate
1318,84,81,96.4,High
1320,84,70,83.3,Moderate
1322,84,71,84.5,Moderate
1323,84,62,73.8,Moderate
1324,84,84,100.0,High
1328,84,84,100.0,High
1329,84,73,86.9,High
1331,84,58,69.0,Low
1333,84,64,76.2,Moderate
1334,84,81,96.4,High
1338,84,84,100.0,High
1340,84,59,70.2,Moderate
1342,84,78,92.9,High
1346,84,61,72.6,Moderate
1348,84,84,100.0,High
1349,84,69,82.1,Moderate
1351,84,84,100.0,High
1352,84,84,100.0,High
1353,84,67,79.8,Moderate
1355,84,66,78.6,Moderate
1358,84,78,92.9,High
1360,84,75,89.3,High
1361,84,82,97.6,High
1363,84,71,84.5,Moderate
1364,84,61,72.6,Moderate
1367,84,53,63.1,Low
1368,84,69,82.1,Moderate
1370,84,52,61.9,Low
1371,84,72,85.7,High
1373,84,75,89.3,High
1374,84,61,72.6,Moderate
1375,84,83,98.8,High
1376,84,80,95.2,High
1377,84,71,84.5,Moderate
1378,84,74,88.1,High
1379,84,69,82.1,Moderate
1380,84,80,95.2,High
1381,84,69,82.1,Moderate
1385,84,83,98.8,High
1390,84,52,61.9,Low
1391,84,60,71.4,Moderate
1392,84,69,82.1,Moderate
1393,84,50,59.5,Low
1397,84,84,100.0,High
1398,84,66,78.6,Moderate
1399,84,58,69.0,Low
1401,84,70,83.3,Moderate
1402,84,84,100.0,High
1403,84,81,96.4,High
1405,84,82,97.6,High
1406,84,61,72.6,Moderate
1407,84,69,82.1,Moderate
1409,84,84,100.0,High
1410,84,75,89.3,High
1411,84,81,96.4,High
1412,84,67,79.8,Moderate
1413,84,66,78.6,Moderate
1415,84,84,100.0,High
1418,84,54,64.3,Low
1419,84,72,85.7,High
1421,84,72,85.7,High
1424,84,84,100.0,High
1426,84,79,94.0,High
1427,84,72,85.7,High
1428,84,64,76.2,Moderate
1432,84,67,79.8,Moderate
1436,84,63,75.0,Moderate
1437,84,51,60.7,Low
1438,84,63,75.0,Moderate
1439,84,48,57.1,Low
1440,84,75,89.3,High
1441,84,54,64.3,Low
1445,84,76,90.5,High
1448,84,67,79.8,Moderate
1449,84,76,90.5,High
1453,84,73,86.9,High
1454,84,54,64.3,Low
1455,84,73,86.9,High
1458,84,73,86.9,High
1459,84,77,91.7,High
1460,84,55,65.5,Low
1462,84,68,81.0,Moderate
1463,84,69,82.1,Moderate
1464,84,63,75.0,Moderate
1465,84,76,90.5,High
1466,84,60,71.4,Moderate
1470,84,66,78.6,Moderate
1479,84,52,61.9,Low
1482,84,72,85.7,High
1485,84,58,69.0,Low
1487,84,46,54.8,Low
1490,84,77,91.7,High
1491,84,77,91.7,High
1494,84,67,79.8,Moderate
1496,84,50,59.5,Low
1497,84,65,77.4,Moderate
1498,84,84,100.0,High
1499,84,73,86.9,High
1500,84,80,95.2,High
1502,84,75,89.3,High
1505,84,76,90.5,High
1508,84,63,75.0,Moderate
1510,84,64,76.2,Moderate
1512,84,47,56.0,Low
1513,84,83,98.8,High
1514,84,76,90.5,High
1517,84,52,61.9,Low
1520,84,62,73.8,Moderate
1521,84,69,82.1,Moderate
1522,84,70,83.3,Moderate
1524,84,83,98.8,High
1525,84,67,79.8,Moderate
1527,84,84,100.0,High
1528,84,75,89.3,High
1532,84,76,90.5,High
1534,84,66,78.6,Moderate
1535,84,84,100.0,High
1536,84,69,82.1,Moderate
1541,84,71,84.5,Moderate
1545,84,84,100.0,High
1546,84,60,71.4,Moderate
1547,84,75,89.3,High
1548,84,76,90.5,High
1549,84,71,84.5,Moderate
1553,84,73,86.9,High
1556,84,78,92.9,High
1559,84,79,94.0,High
1561,84,61,72.6,Moderate
1562,84,73,86.9,High
1564,84,72,85.7,High
1565,84,66,78.6,Moderate
1567,84,84,100.0,High
1569,84,61,72.6,Moderate
1570,84,63,75.0,Moderate
1571,84,74,88.1,High
1573,84,79,94.0,High
1575,84,80,95.2,High
1576,84,71,84.5,Moderate
1578,84,72,85.7,High
1579,84,75,89.3,High
1580,84,84,100.0,High
1582,84,84,100.0,High
1583,84,69,82.1,Moderate
1585,84,61,72.6,Moderate
1588,84,71,84.5,Moderate
1591,84,75,89.3,High
1594,84,70,83.3,Moderate
1595,84,69,82.1,Moderate
1601,84,78,92.9,High
1604,84,58,69.0,Low
1605,84,58,69.0,Low
1606,84,80,95.2,High
1610,84,52,61.9,Low
1613,84,66,78.6,Moderate
1618,84,75,89.3,High
1619,84,84,100.0,High
1621,84,73,86.9,High
1622,84,78,92.9,High
1623,84,65,77.4,Moderate
1626,84,61,72.6,Moderate
1627,84,84,100.0,High
1628,84,84,100.0,High
1631,84,69,82.1,Moderate
1634,84,78,92.9,High
1636,84,70,83.3,Moderate
1638,84,57,67.9,Low
1639,84,68,81.0,Moderate
1640,84,67,79.8,Moderate
1641,84,75,89.3,High
1646,84,62,73.8,Moderate
1648,84,82,97.6,High
1650,84,71,84.5,Moderate
1654,84,57,67.9,Low
1655,84,84,100.0,High
1659,84,84,100.0,High
1661,84,70,83.3,Moderate
1666,84,49,58.3,Low
1668,84,69,82.1,Moderate
1669,84,63,75.0,Moderate
1670,84,69,82.1,Moderate
1671,84,74,88.1,High
1672,84,84,100.0,High
1674,84,83,98.8,High
1675,84,66,78.6,Moderate
1679,84,64,76.2,Moderate
1680,84,84,100.0,High
1686,84,84,100.0,High
1688,84,83,98.8,High
1690,84,84,100.0,High
1693,84,78,92.9,High
1695,84,72,85.7,High
1696,84,54,64.3,Low
1697,84,84,100.0,High
1698,84,84,100.0,High
1699,84,84,100.0,High
1700,84,82,97.6,High
1701,84,71,84.5,Moderate
1702,84,76,90.5,High
1705,84,82,97.6,High
1708,84,75,89.3,High
1709,84,76,90.5,High
1711,84,70,83.3,Moderate
1712,84,65,77.4,Moderate
1716,84,71,84.5,Moderate
1718,84,84,100.0,High
1721,84,75,89.3,High
1722,84,84,100.0,High
1723,84,78,92.9,High
1725,84,77,91.7,High
1728,84,79,94.0,High
1729,84,61,72.6,Moderate
1733,84,76,90.5,High
1735,84,68,81.0,Moderate
1738,84,73,86.9,High
1743,84,66,78.6,Moderate
1745,84,80,95.2,High
1747,84,55,65.5,Low
1748,84,68,81.0,Moderate
1751,84,79,94.0,High
1752,84,63,75.0,Moderate
1754,84,67,79.8,Moderate
1756,84,63,75.0,Moderate
1758,84,67,79.8,Moderate
1761,84,72,85.7,High
1763,84,72,85.7,High
1764,84,70,83.3,Moderate
1765,84,67,79.8,Moderate
1768,84,84,100.0,High
1772,84,71,84.5,Moderate
1773,84,84,100.0,High
1774,84,55,65.5,Low
1776,84,84,100.0,High
1777,84,82,97.6,High
1778,84,72,85.7,High
1779,84,71,84.5,Moderate
1780,84,82,97.6,High
1786,84,84,100.0,High
1787,84,68,81.0,Moderate
1789,84,72,85.7,High
1791,84,72,85.7,High
1794,84,84,100.0,High
1795,84,54,64.3,Low
1796,84,77,91.7,High
1798,84,82,97.6,High
1802,84,74,88.1,High
1807,84,78,92.9,High
1808,84,69,82.1,Moderate
1809,84,64,76.2,Moderate
1810,84,84,100.0,High
1813,84,68,81.0,Moderate
1814,84,70,83.3,Moderate
1818,84,84,100.0,High
1820,84,64,76.2,Moderate
1821,84,56,66.7,Low
1823,84,84,100.0,High
1825,84,63,75.0,Moderate
1826,84,54,64.3,Low
1828,84,84,100.0,High
1829,84,75,89.3,High
1831,84,54,64.3,Low
1835,84,71,84.5,Moderate
1837,84,63,75.0,Moderate
1838,84,55,65.5,Low
1840,84,59,70.2,Moderate
1843,84,70,83.3,Moderate
1844,84,84,100.0,High
1848,84,82,97.6,High
1849,84,72,85.7,High
1851,84,69,82.1,Moderate
1852,84,76,90.5,High
1853,84,69,82.1,Moderate
1854,84,69,82.1,Moderate
1859,84,69,82.1,Moderate
1860,84,55,65.5,Low
1861,84,70,83.3,Moderate
1862,84,76,90.5,High
1865,84,73,86.9,High
1868,84,75,89.3,High
1869,84,50,59.5,Low
1871,84,75,89.3,High
1872,84,62,73.8,Moderate
1874,84,72,85.7,High
1875,84,73,86.9,High
1880,84,81,96.4,High
1881,84,75,89.3,High
1882,84,70,83.3,Moderate
1883,84,80,95.2,High
1885,84,78,92.9,High
1888,84,60,71.4,Moderate
1889,84,84,100.0,High
1890,84,77,91.7,High
1891,84,73,86.9,High
1892,84,79,94.0,High
1894,84,71,84.5,Moderate
1895,84,73,86.9,High
1899,84,62,73.8,Moderate
1900,84,70,83.3,Moderate
1902,84,81,96.4,High
1905,84,68,81.0,Moderate
1912,84,64,76.2,Moderate
1913,84,76,90.5,High
1914,84,74,88.1,High
1916,84,76,90.5,High
1917,84,80,95.2,High
1923,84,73,86.9,High
1925,84,75,89.3,High
1930,84,61,72.6,Moderate
1934,84,65,77.4,Moderate
1935,84,73,86.9,High
1936,84,48,57.1,Low
1937,84,58,69.0,Low
1938,84,79,94.0,High
1939,84,84,100.0,High
1940,84,52,61.9,Low
1941,84,84,100.0,High
1942,84,84,100.0,High
1944,84,73,86.9,High
1946,84,76,90.5,High
1947,84,75,89.3,High
1951,84,84,100.0,High
1957,84,79,94.0,High
1969,84,59,70.2,Moderate
1970,84,76,90.5,High
1972,84,76,90.5,High
1974,84,76,90.5,High
1977,84,67,79.8,Moderate
1978,84,84,100.0,High
1979,84,60,71.4,Moderate
1980,84,54,64.3,Low
1983,84,81,96.4,High
1985,84,79,94.0,High
1986,84,84,100.0,High
1987,84,57,67.9,Low
1989,84,71,84.5,Moderate
1992,84,67,79.8,Moderate
1994,84,81,96.4,High
1995,84,61,72.6,Moderate
1997,84,60,71.4,Moderate
1998,84,74,88.1,High
1999,84,79,94.0,High
2005,84,58,69.0,Low
2007,84,72,85.7,High
2010,84,66,78.6,Moderate
2012,84,84,100.0,High
2016,84,68,81.0,Moderate
2017,84,78,92.9,High
2021,84,63,75.0,Moderate
2023,84,67,79.8,Moderate
2024,84,62,73.8,Moderate
2026,84,69,82.1,Moderate
2028,84,84,100.0,High
2030,84,78,92.9,High
2032,84,72,85.7,High
2035,84,69,82.1,Moderate
2037,84,76,90.5,High
2038,84,79,94.0,High
2039,84,84,100.0,High
2041,84,68,81.0,Moderate
2044,84,67,79.8,Moderate
2046,84,68,81.0,Moderate
2047,84,73,86.9,High
2052,84,84,100.0,High
2055,84,69,82.1,Moderate
2056,84,58,69.0,Low
2058,84,77,91.7,High
2060,84,79,94.0,High
2061,84,69,82.1,Moderate
2063,84,84,100.0,High
2065,84,73,86.9,High
2067,84,67,79.8,Moderate
2069,84,78,92.9,High
2070,84,66,78.6,Moderate
2071,84,84,100.0,High
2073,84,72,85.7,High
2078,84,68,81.0,Moderate
2079,84,78,92.9,High
2082,84,70,83.3,Moderate
2084,84,56,66.7,Low
2090,84,56,66.7,Low
2091,84,71,84.5,Moderate
2096,84,73,86.9,High
2099,84,71,84.5,Moderate
2101,84,60,71.4,Moderate
2102,84,47,56.0,Low
2103,84,73,86.9,High
2105,84,66,78.6,Moderate
2106,84,81,96.4,High
2108,84,84,100.0,High
2110,84,83,98.8,High
2113,84,61,72.6,Moderate
2116,84,69,82.1,Moderate
2117,84,69,82.1,Moderate
2118,84,82,97.6,High
2120,84,65,77.4,Moderate
2122,84,69,82.1,Moderate
2123,84,71,84.5,Moderate
2124,84,74,88.1,High
2126,84,78,92.9,High
2131,84,61,72.6,Moderate
2133,84,58,69.0,Low
2136,84,67,79.8,Moderate
2138,84,57,67.9,Low
2141,84,80,95.2,High
2144,84,60,71.4,Moderate
2145,84,67,79.8,Moderate
2147,84,81,96.4,High
2153,84,82,97.6,High
2154,84,65,77.4,Moderate
2155,84,72,85.7,High
2158,84,82,97.6,High
2160,84,75,89.3,High
2163,84,76,90.5,High
2167,84,78,92.9,High
2168,84,68,81.0,Moderate
2170,84,84,100.0,High
2172,84,72,85.7,High
2173,84,75,89.3,High
2175,84,75,89.3,High
2176,84,74,88.1,High
2177,84,74,88.1,High
2178,84,83,98.8,High
2179,84,77,91.7,High
2180,84,64,76.2,Moderate
2182,84,67,79.8,Moderate
2184,84,75,89.3,High
2186,84,67,79.8,Moderate
2189,84,82,97.6,High
2190,84,66,78.6,Moderate
2192,84,78,92.9,High
2200,84,74,88.1,High
2202,84,63,75.0,Moderate
2204,84,71,84.5,Moderate
2206,84,84,100.0,High
2207,84,75,89.3,High
2208,84,68,81.0,Moderate
2210,84,71,84.5,Moderate
2215,84,73,86.9,High
2216,84,69,82.1,Moderate
2220,84,79,94.0,High
2225,84,68,81.0,Moderate
2226,84,63,75.0,Moderate
2227,84,82,97.6,High
2228,84,84,100.0,High
2230,84,84,100.0,High
2232,84,66,78.6,Moderate
2233,84,80,95.2,High
2236,84,81,96.4,High
2238,84,84,100.0,High
2239,84,49,58.3,Low
2242,84,73,86.9,High
2244,84,76,90.5,High
2247,84,79,94.0,High
2250,84,53,63.1,Low
2253,84,76,90.5,High
2254,84,84,100.0,High
2255,84,84,100.0,High
2256,84,60,71.4,Moderate
2257,84,79,94.0,High
2258,84,76,90.5,High
2259,84,74,88.1,High
2261,84,52,61.9,Low
2264,84,71,84.5,Moderate
2266,84,75,89.3,High
2267,84,74,88.1,High
2274,84,59,70.2,Moderate
2275,84,74,88.1,High
2277,84,56,66.7,Low
2278,84,73,86.9,High
2280,84,49,58.3,Low
2282,84,84,100.0,High
2285,84,66,78.6,Moderate
2286,84,73,86.9,High
2291,84,74,88.1,High
2294,84,49,58.3,Low
2296,84,57,67.9,Low
2298,84,64,76.2,Moderate
2299,84,67,79.8,Moderate
2301,84,60,71.4,Moderate
2302,84,76,90.5,High
2303,84,83,98.8,High
2304,84,64,76.2,Moderate
2305,84,48,57.1,Low
2307,84,66,78.6,Moderate
2308,84,84,100.0,High
2309,84,83,98.8,High
2314,84,67,79.8,Moderate
2317,84,78,92.9,High
2320,84,77,91.7,High
2322,84,64,76.2,Moderate
2323,84,64,76.2,Moderate
2326,84,60,71.4,Moderate
2327,84,63,75.0,Moderate
2330,84,65,77.4,Moderate
2331,84,75,89.3,High
2333,84,76,90.5,High
2336,84,62,73.8,Moderate
2337,84,81,96.4,High
2339,84,80,95.2,High
2340,84,73,86.9,High
2341,84,77,91.7,High
2350,84,59,70.2,Moderate
2351,84,82,97.6,High
2353,84,68,81.0,Moderate
2354,84,75,89.3,High
2360,84,76,90.5,High
2362,84,73,86.9,High
2363,84,84,100.0,High
2365,84,70,83.3,Moderate
2367,84,74,88.1,High
2368,84,84,100.0,High
2370,84,76,90.5,High
2375,84,78,92.9,High
2378,84,72,85.7,High
2380,84,59,70.2,Moderate
2381,84,69,82.1,Moderate
2382,84,56,66.7,Low
2383,84,78,92.9,High
2387,84,56,66.7,Low
2390,84,82,97.6,High
2391,84,69,82.1,Moderate
2394,84,84,100.0,High
2398,84,82,97.6,High
2401,84,84,100.0,High
2402,84,84,100.0,High
2404,84,78,92.9,High
2405,84,63,75.0,Moderate
2408,84,55,65.5,Low
2409,84,62,73.8,Moderate
2410,84,78,92.9,High
2413,84,76,90.5,High
2417,84,79,94.0,High
2418,84,68,81.0,Moderate
2421,84,77,91.7,High
2424,84,84,100.0,High
2426,84,55,65.5,Low
2427,84,75,89.3,High
2429,84,55,65.5,Low
2432,84,54,64.3,Low
2433,84,54,64.3,Low
2434,84,58,69.0,Low
2435,84,73,86.9,High
2437,84,79,94.0,High
2438,84,75,89.3,High
2441,84,57,67.9,Low
2442,84,64,76.2,Moderate
2443,84,84,100.0,High
2444,84,65,77.4,Moderate
2445,84,82,97.6,High
2446,84,70,83.3,Moderate
2449,84,84,100.0,High
2451,84,65,77.4,Moderate
2452,84,65,77.4,Moderate
2457,84,74,88.1,High
2458,84,80,95.2,High
2459,84,72,85.7,High
2461,84,58,69.0,Low
2463,84,70,83.3,Moderate
2465,84,49,58.3,Low
2468,84,52,61.9,Low
2470,84,84,100.0,High
2471,84,73,86.9,High
2472,84,70,83.3,Moderate
2474,84,62,73.8,Moderate
2475,84,75,89.3,High
2477,84,68,81.0,Moderate
2478,84,81,96.4,High
2479,84,72,85.7,High
2482,84,61,72.6,Moderate
2483,84,71,84.5,Moderate
2485,84,63,75.0,Moderate
2492,84,75,89.3,High
2493,84,78,92.9,High
2497,84,82,97.6,High
2498,84,70,83.3,Moderate
2499,84,79,94.0,High
2500,84,58,69.0,Low
2502,84,84,100.0,High
2503,84,74,88.1,High
2504,84,53,63.1,Low
2505,84,67,79.8,Moderate
2506,84,84,100.0,High
2507,84,75,89.3,High
2508,84,68,81.0,Moderate
2509,84,74,88.1,High
2510,84,84,100.0,High
2512,84,69,82.1,Moderate
2514,84,71,84.5,Moderate
2515,84,76,90.5,High
2518,84,75,89.3,High
2520,84,69,82.1,Moderate
2521,84,75,89.3,High
2523,84,60,71.4,Moderate
2524,84,84,100.0,High
2525,84,79,94.0,High
2526,84,81,96.4,High
2527,84,73,86.9,High
2528,84,66,78.6,Moderate
2534,84,65,77.4,Moderate
2535,84,61,72.6,Moderate
2536,84,67,79.8,Moderate
2538,84,84,100.0,High
2540,84,77,91.7,High
2542,84,74,88.1,High
2543,84,69,82.1,Moderate
2545,84,48,57.1,Low
2547,84,55,65.5,Low
2550,84,68,81.0,Moderate
2551,84,68,81.0,Moderate
2552,84,65,77.4,Moderate
2554,84,59,70.2,Moderate
2556,84,68,81.0,Moderate
2557,84,84,100.0,High
2558,84,83,98.8,High
2562,84,81,96.4,High
2563,84,80,95.2,High
2564,84,70,83.3,Moderate
2565,84,67,79.8,Moderate
2566,84,72,85.7,High
2567,84,65,77.4,Moderate
2568,84,70,83.3,Moderate
2570,84,84,100.0,High
2572,84,51,60.7,Low
2573,84,84,100.0,High
2575,84,80,95.2,High
2576,84,72,85.7,High
2577,84,82,97.6,High
2579,84,79,94.0,High
2581,84,69,82.1,Moderate
2582,84,78,92.9,High
2583,84,53,63.1,Low
2584,84,77,91.7,High
2587,84,78,92.9,High
2589,84,84,100.0,High
2590,84,76,90.5,High
2595,84,76,90.5,High
2596,84,77,91.7,High
2597,84,51,60.7,Low
2600,84,73,86.9,High
2602,84,53,63.1,Low
2604,84,53,63.1,Low
2606,84,79,94.0,High
2611,84,84,100.0,High
2612,84,69,82.1,Moderate
2613,84,75,89.3,High
2615,84,64,76.2,Moderate
2618,84,68,81.0,Moderate
2620,84,81,96.4,High
2621,84,84,100.0,High
2627,84,67,79.8,Moderate
2630,84,81,96.4,High
2632,84,84,100.0,High
2634,84,71,84.5,Moderate
2637,84,66,78.6,Moderate
2640,84,59,70.2,Moderate
2643,84,66,78.6,Moderate
2644,84,64,76.2,Moderate
2645,84,58,69.0,Low
2646,84,67,79.8,Moderate
2647,84,68,81.0,Moderate
2648,84,67,79.8,Moderate
2650,84,79,94.0,High
2651,84,71,84.5,Moderate
2652,84,70,83.3,Moderate
2656,84,69,82.1,Moderate
2657,84,58,69.0,Low
2658,84,77,91.7,High
2660,84,82,97.6,High
2663,84,51,60.7,Low
2664,84,81,96.4,High
2665,84,79,94.0,High
2666,84,67,79.8,Moderate
2668,84,83,98.8,High
2669,84,80,95.2,High
2671,84,80,95.2,High
2672,84,69,82.1,Moderate
2673,84,84,100.0,High
2675,84,72,85.7,High
2676,84,62,73.8,Moderate
2677,84,77,91.7,High
2679,84,73,86.9,High
2681,84,61,72.6,Moderate
2682,84,55,65.5,Low
2684,84,76,90.5,High
2685,84,50,59.5,Low
2686,84,84,100.0,High
2687,84,81,96.4,High
2690,84,70,83.3,Moderate
2692,84,81,96.4,High
2693,84,71,84.5,Moderate
2696,84,65,77.4,Moderate
2700,84,84,100.0,High
2703,84,82,97.6,High
2708,84,73,86.9,High
2711,84,77,91.7,High
2715,84,59,70.2,Moderate
2716,84,66,78.6,Moderate
2719,84,69,82.1,Moderate
2721,84,70,83.3,Moderate
2724,84,74,88.1,High
2730,84,74,88.1,High
2731,84,69,82.1,Moderate
2733,84,68,81.0,Moderate
2735,84,58,69.0,Low
2736,84,56,66.7,Low
2737,84,81,96.4,High
2740,84,84,100.0,High
2742,84,66,78.6,Moderate
2743,84,68,81.0,Moderate
2744,84,72,85.7,High
2746,84,74,88.1,High
2747,84,70,83.3,Moderate
2749,84,84,100.0,High
2750,84,72,85.7,High
2754,84,73,86.9,High
2756,84,77,91.7,High
2758,84,68,81.0,Moderate
2761,84,79,94.0,High
2762,84,61,72.6,Moderate
2768,84,66,78.6,Moderate
2769,84,72,85.7,High
2770,84,84,100.0,High
2772,84,81,96.4,High
2778,84,76,90.5,High
2780,84,43,51.2,Low
2782,84,44,52.4,Low
2784,84,62,73.8,Moderate
2786,84,79,94.0,High
2787,84,73,86.9,High
2790,84,84,100.0,High
2794,84,69,82.1,Moderate
2795,84,76,90.5,High
2799,84,65,77.4,Moderate
2800,84,73,86.9,High
2801,84,79,94.0,High
2804,84,64,76.2,Moderate
2805,84,84,100.0,High
2806,84,84,100.0,High
2808,84,71,84.5,Moderate
2809,84,79,94.0,High
2813,84,66,78.6,Moderate
2819,84,57,67.9,Low
2821,84,73,86.9,High
2822,84,84,100.0,High
2824,84,54,64.3,Low
2825,84,76,90.5,High
2826,84,69,82.1,Moderate
2832,84,46,54.8,Low
2833,84,60,71.4,Moderate
2834,84,84,100.0,High
2835,84,74,88.1,High
2837,84,56,66.7,Low
2839,84,79,94.0,High
2840,84,77,91.7,High
2841,84,84,100.0,High
2842,84,76,90.5,High
2843,84,82,97.6,High
2844,84,62,73.8,Moderate
2845,84,67,79.8,Moderate
2846,84,56,66.7,Low
2847,84,84,100.0,High
2849,84,50,59.5,Low
2850,84,84,100.0,High
2851,84,63,75.0,Moderate
2852,84,76,90.5,High
2855,84,65,77.4,Moderate
2856,84,58,69.0,Low
2858,84,75,89.3,High
2864,84,52,61.9,Low
2870,84,82,97.6,High
2871,84,80,95.2,High
2873,84,59,70.2,Moderate
2878,84,70,83.3,Moderate
2879,84,81,96.4,High
2881,84,69,82.1,Moderate
2883,84,78,92.9,High
2884,84,76,90.5,High
2887,84,75,89.3,High
2888,84,62,73.8,Moderate
2890,84,84,100.0,High
2891,84,55,65.5,Low
2896,84,84,100.0,High
2904,84,68,81.0,Moderate
2905,84,78,92.9,High
2906,84,73,86.9,High
2907,84,75,89.3,High
2909,84,67,79.8,Moderate
2913,84,70,83.3,Moderate
2914,84,60,71.4,Moderate
2916,84,66,78.6,Moderate
2917,84,69,82.1,Moderate
2919,84,74,88.1,High
2921,84,64,76.2,Moderate
2922,84,75,89.3,High
2923,84,80,95.2,High
2924,84,63,75.0,Moderate
2925,84,84,100.0,High
2927,84,75,89.3,High
2930,84,63,75.0,Moderate
2932,84,72,85.7,High
2933,84,50,59.5,Low
2935,84,76,90.5,High
2938,84,64,76.2,Moderate
2940,84,57,67.9,Low
2941,84,57,67.9,Low
2942,84,81,96.4,High
2943,84,72,85.7,High
2945,84,65,77.4,Moderate
2947,84,81,96.4,High
2948,84,77,91.7,High
2949,84,53,63.1,Low
2950,84,83,98.8,High
2951,84,50,59.5,Low
2952,84,65,77.4,Moderate
2955,84,72,85.7,High
2957,84,61,72.6,Moderate
2959,84,72,85.7,High
2962,84,78,92.9,High
2963,84,84,100.0,High
2966,84,84,100.0,High
2970,84,67,79.8,Moderate
2971,84,76,90.5,High
2974,84,73,86.9,High
2977,84,65,77.4,Moderate
2978,84,56,66.7,Low
2979,84,81,96.4,High
2985,84,68,81.0,Moderate
2988,84,77,91.7,High
2989,84,74,88.1,High
2990,84,75,89.3,High
2991,84,66,78.6,Moderate
2992,84,72,85.7,High
2994,84,56,66.7,Low
2995,84,69,82.1,Moderate
2997,84,77,91.7,High
2998,84,72,85.7,High
2999,84,84,100.0,High
3007,84,74,88.1,High
3008,84,84,100.0,High
3009,84,76,90.5,High
3012,84,84,100.0,High
3014,84,69,82.1,Moderate
3017,84,68,81.0,Moderate
3020,84,63,75.0,Moderate
3021,84,72,85.7,High
3022,84,71,84.5,Moderate
3028,84,84,100.0,High
3029,84,68,81.0,Moderate
3030,84,66,78.6,Moderate
3031,84,68,81.0,Moderate
3033,84,64,76.2,Moderate
3034,84,64,76.2,Moderate
3035,84,70,83.3,Moderate
3036,84,67,79.8,Moderate
3038,84,67,79.8,Moderate
3040,84,84,100.0,High
3041,84,63,75.0,Moderate
3044,84,83,98.8,High
3045,84,70,83.3,Moderate
3048,84,70,83.3,Moderate
3050,84,72,85.7,High
3056,84,64,76.2,Moderate
3058,84,83,98.8,High
3062,84,84,100.0,High
3067,84,72,85.7,High
3068,84,84,100.0,High
3070,84,84,100.0,High
3072,84,64,76.2,Moderate
3073,84,50,59.5,Low
3074,84,84,100.0,High
3076,84,84,100.0,High
3078,84,65,77.4,Moderate
3079,84,78,92.9,High
3082,84,70,83.3,Moderate
3084,84,59,70.2,Moderate
3085,84,55,65.5,Low
3086,84,69,82.1,Moderate
3088,84,67,79.8,Moderate
3089,84,67,79.8,Moderate
3090,84,84,100.0,High
3091,84,60,71.4,Moderate
3092,84,71,84.5,Moderate
3097,84,79,94.0,High
3100,84,55,65.5,Low
3101,84,70,83.3,Moderate
3102,84,54,64.3,Low
3103,84,75,89.3,High
3105,84,84,100.0,High
3106,84,66,78.6,Moderate
3108,84,57,67.9,Low
3109,84,53,63.1,Low
3110,84,70,83.3,Moderate
3112,84,84,100.0,High
3113,84,84,100.0,High
3116,84,78,92.9,High
3117,84,79,94.0,High
3120,84,81,96.4,High
3121,84,68,81.0,Moderate
3122,84,82,97.6,High
3123,84,84,100.0,High
3125,84,56,66.7,Low
3126,84,79,94.0,High
3130,84,68,81.0,Moderate
3134,84,66,78.6,Moderate
3135,84,80,95.2,High
3141,84,68,81.0,Moderate
3143,84,73,86.9,High
3144,84,77,91.7,High
3146,84,64,76.2,Moderate
3148,84,80,95.2,High
3154,84,79,94.0,High
3156,84,70,83.3,Moderate
3157,84,76,90.5,High
3159,84,73,86.9,High
3161,84,79,94.0,High
3166,84,76,90.5,High
3167,84,84,100.0,High
3169,84,64,76.2,Moderate
3173,84,74,88.1,High
3176,84,75,89.3,High
3178,84,67,79.8,Moderate
3179,84,82,97.6,High
3180,84,68,81.0,Moderate
3183,84,63,75.0,Moderate
3184,84,76,90.5,High
3185,84,75,89.3,High
3186,84,77,91.7,High
3187,84,67,79.8,Moderate
3191,84,58,69.0,Low
3194,84,79,94.0,High
3195,84,74,88.1,High
3198,84,69,82.1,Moderate
3201,84,76,90.5,High
3202,84,84,100.0,High
3204,84,83,98.8,High
3207,84,60,71.4,Moderate
3208,84,75,89.3,High
3209,84,71,84.5,Moderate
3212,84,84,100.0,High
3213,84,65,77.4,Moderate
3215,84,70,83.3,Moderate
3216,84,70,83.3,Moderate
3217,84,73,86.9,High
3219,84,84,100.0,High
3223,84,65,77.4,Moderate
3226,84,57,67.9,Low
3228,84,66,78.6,Moderate
3229,84,79,94.0,High
3234,84,77,91.7,High
3235,84,84,100.0,High
3236,84,84,100.0,High
3238,84,67,79.8,Moderate
3241,84,76,90.5,High
3243,84,73,86.9,High
3245,84,68,81.0,Moderate
3247,84,66,78.6,Moderate
3250,84,69,82.1,Moderate
3252,84,60,71.4,Moderate
3253,84,63,75.0,Moderate
3254,84,81,96.4,High
3257,84,84,100.0,High
3258,84,65,77.4,Moderate
3260,84,84,100.0,High
3261,84,61,72.6,Moderate
3264,84,59,70.2,Moderate
3267,84,84,100.0,High
3271,84,76,90.5,High
3274,84,61,72.6,Moderate
3275,84,62,73.8,Moderate
3276,84,84,100.0,High
3278,84,76,90.5,High
3283,84,63,75.0,Moderate
3285,84,84,100.0,High
3288,84,84,100.0,High
3289,84,64,76.2,Moderate
3291,84,84,100.0,High
3292,84,74,88.1,High
3293,84,69,82.1,Moderate
3294,84,76,90.5,High
3295,84,74,88.1,High
3297,84,66,78.6,Moderate
3299,84,75,89.3,High
3301,84,69,82.1,Moderate
3302,84,56,66.7,Low
3303,84,84,100.0,High
3304,84,73,86.9,High
3307,84,82,97.6,High
3308,84,72,85.7,High
3309,84,55,65.5,Low
3313,84,74,88.1,High
3314,84,79,94.0,High
3315,84,74,88.1,High
3319,84,75,89.3,High
3322,84,84,100.0,High
3323,84,82,97.6,High
3324,84,66,78.6,Moderate
3325,84,71,84.5,Moderate
3326,84,66,78.6,Moderate
3328,84,57,67.9,Low
3331,84,79,94.0,High
3334,84,69,82.1,Moderate
3339,84,81,96.4,High
3340,84,59,70.2,Moderate
3343,84,66,78.6,Moderate
3344,84,84,100.0,High
3346,84,80,95.2,High
3347,84,84,100.0,High
3349,84,71,84.5,Moderate
3350,84,66,78.6,Moderate
3352,84,79,94.0,High
3356,84,84,100.0,High
3358,84,57,67.9,Low
3359,84,71,84.5,Moderate
3361,84,81,96.4,High
3362,84,75,89.3,High
3364,84,84,100.0,High
3366,84,77,91.7,High
3369,84,68,81.0,Moderate
3370,84,83,98.8,High
3371,84,56,66.7,Low
3372,84,70,83.3,Moderate
3377,84,84,100.0,High
3378,84,69,82.1,Moderate
3380,84,52,61.9,Low
3381,84,78,92.9,High
3386,84,69,82.1,Moderate
3389,84,57,67.9,Low
3391,84,57,67.9,Low
3392,84,74,88.1,High
3393,84,74,88.1,High
3394,84,66,78.6,Moderate
3395,84,65,77.4,Moderate
3396,84,80,95.2,High
3398,84,52,61.9,Low
3401,84,70,83.3,Moderate
3402,84,74,88.1,High
3405,84,69,82.1,Moderate
3406,84,77,91.7,High
3409,84,78,92.9,High
3410,84,60,71.4,Moderate
3415,84,73,86.9,High
3416,84,55,65.5,Low
3418,84,71,84.5,Moderate
3419,84,84,100.0,High
3420,84,80,95.2,High
3426,84,62,73.8,Moderate
3428,84,80,95.2,High
3429,84,78,92.9,High
3431,84,72,85.7,High
3434,84,84,100.0,High
3437,84,54,64.3,Low
3438,84,82,97.6,High
3439,84,84,100.0,High
3441,84,78,92.9,High
3442,84,84,100.0,High
3444,84,62,73.8,Moderate
3446,84,71,84.5,Moderate
3447,84,74,88.1,High
3450,84,76,90.5,High
3451,84,72,85.7,High
3453,84,65,77.4,Moderate
3454,84,58,69.0,Low
3455,84,72,85.7,High
3456,84,84,100.0,High
3457,84,63,75.0,Moderate
3458,84,84,100.0,High
3461,84,70,83.3,Moderate
3463,84,72,85.7,High
3464,84,69,82.1,Moderate
3467,84,68,81.0,Moderate
3468,84,74,88.1,High
3476,84,74,88.1,High
3479,84,69,82.1,Moderate
3480,84,64,76.2,Moderate
3481,84,65,77.4,Moderate
3483,84,64,76.2,Moderate
3486,84,83,98.8,High
3488,84,67,79.8,Moderate
3490,84,76,90.5,High
3492,84,67,79.8,Moderate
3493,84,71,84.5,Moderate
3494,84,84,100.0,High
3495,84,66,78.6,Moderate
3496,84,81,96.4,High
3497,84,70,83.3,Moderate
3498,84,84,100.0,High
3499,84,77,91.7,High
3500,84,80,95.2,High
3501,84,84,100.0,High
3503,84,64,76.2,Moderate
3504,84,83,98.8,High
3506,84,84,100.0,High
3507,84,84,100.0,High
3508,84,76,90.5,High
3509,84,78,92.9,High
3510,84,82,97.6,High
3511,84,61,72.6,Moderate
3512,84,62,73.8,Moderate
3513,84,69,82.1,Moderate
3514,84,69,82.1,Moderate
3516,84,66,78.6,Moderate
3527,84,77,91.7,High
3528,84,78,92.9,High
3529,84,76,90.5,High
3530,84,74,88.1,High
3531,84,72,85.7,High
3538,84,73,86.9,High
3542,84,59,70.2,Moderate
3546,84,83,98.8,High
3547,84,64,76.2,Moderate
3551,84,73,86.9,High
3552,84,68,81.0,Moderate
3553,84,80,95.2,High
3554,84,54,64.3,Low
3560,84,68,81.0,Moderate
3561,84,83,98.8,High
3562,84,83,98.8,High
3563,84,67,79.8,Moderate
3565,84,83,98.8,High
3566,84,84,100.0,High
3568,84,82,97.6,High
3569,84,84,100.0,High
3572,84,74,88.1,High
3575,84,67,79.8,Moderate
3577,84,72,85.7,High
3578,84,84,100.0,High
3579,84,71,84.5,Moderate
3580,84,71,84.5,Moderate
3582,84,77,91.7,High
3583,84,62,73.8,Moderate
3584,84,76,90.5,High
3585,84,67,79.8,Moderate
3586,84,52,61.9,Low
3588,84,61,72.6,Moderate
3590,84,62,73.8,Moderate
3598,84,69,82.1,Moderate
3599,84,82,97.6,High
3604,84,76,90.5,High
3606,84,63,75.0,Moderate
3608,84,60,71.4,Moderate
3611,84,63,75.0,Moderate
3613,84,60,71.4,Moderate
3615,84,64,76.2,Moderate
3620,84,84,100.0,High
3623,84,54,64.3,Low
3628,84,54,64.3,Low
3632,84,80,95.2,High
3634,84,72,85.7,High
3635,84,72,85.7,High
3638,84,74,88.1,High
3639,84,80,95.2,High
3640,84,84,100.0,High
3641,84,77,91.7,High
3642,84,66,78.6,Moderate
3643,84,82,97.6,High
3644,84,75,89.3,High
3646,84,84,100.0,High
3647,84,79,94.0,High
3653,84,70,83.3,Moderate
3654,84,73,86.9,High
3657,84,65,77.4,Moderate
3659,84,67,79.8,Moderate
3661,84,76,90.5,High
3664,84,84,100.0,High
3667,84,84,100.0,High
3669,84,84,100.0,High
3670,84,71,84.5,Moderate
3672,84,70,83.3,Moderate
3673,84,69,82.1,Moderate
3674,84,50,59.5,Low
3676,84,75,89.3,High
3677,84,77,91.7,High
3678,84,77,91.7,High
3679,84,68,81.0,Moderate
3682,84,69,82.1,Moderate
3683,84,76,90.5,High
3684,84,74,88.1,High
3686,84,49,58.3,Low
3687,84,84,100.0,High
3688,84,82,97.6,High
3690,84,74,88.1,High
3695,84,80,95.2,High
3696,84,84,100.0,High
3697,84,71,84.5,Moderate
3698,84,56,66.7,Low
3700,84,65,77.4,Moderate
3701,84,72,85.7,High
3702,84,78,92.9,High
3704,84,54,64.3,Low
3705,84,68,81.0,Moderate
3707,84,68,81.0,Moderate
3709,84,79,94.0,High
3710,84,76,90.5,High
3712,84,78,92.9,High
3713,84,75,89.3,High
3714,84,84,100.0,High
3715,84,72,85.7,High
3719,84,67,79.8,Moderate
3720,84,72,85.7,High
3722,84,64,76.2,Moderate
3723,84,63,75.0,Moderate
3724,84,64,76.2,Moderate
3726,84,70,83.3,Moderate
3728,84,78,92.9,High
3729,84,79,94.0,High
3730,84,70,83.3,Moderate
3732,84,81,96.4,High
3734,84,72,85.7,High
3735,84,84,100.0,High
3736,84,77,91.7,High
3738,84,56,66.7,Low
3739,84,68,81.0,Moderate
3743,84,71,84.5,Moderate
3745,84,63,75.0,Moderate
3746,84,81,96.4,High
3749,84,84,100.0,High
3750,84,77,91.7,High
3753,84,70,83.3,Moderate
3756,84,84,100.0,High
3758,84,76,90.5,High
3760,84,82,97.6,High
3762,84,80,95.2,High
3768,84,77,91.7,High
3769,84,78,92.9,High
3774,84,57,67.9,Low
3776,84,71,84.5,Moderate
3778,84,73,86.9,High
3779,84,62,73.8,Moderate
3781,84,69,82.1,Moderate
3783,84,70,83.3,Moderate
3784,84,64,76.2,Moderate
3789,84,82,97.6,High
3791,84,67,79.8,Moderate
3796,84,77,91.7,High
3799,84,62,73.8,Moderate
3801,84,61,72.6,Moderate
3802,84,63,75.0,Moderate
3805,84,76,90.5,High
3806,84,80,95.2,High
3807,84,77,91.7,High
3808,84,80,95.2,High
3809,84,62,73.8,Moderate
3811,84,76,90.5,High
3813,84,54,64.3,Low
3814,84,80,95.2,High
3816,84,37,44.0,Low
3817,84,56,66.7,Low
3818,84,73,86.9,High
3819,84,69,82.1,Moderate
3821,84,66,78.6,Moderate
3822,84,68,81.0,Moderate
3828,84,48,57.1,Low
3829,84,62,73.8,Moderate
3830,84,81,96.4,High
3831,84,54,64.3,Low
3832,84,69,82.1,Moderate
3833,84,73,86.9,High
3835,84,75,89.3,High
3836,84,75,89.3,High
3837,84,73,86.9,High
3838,84,76,90.5,High
3841,84,74,88.1,High
3843,84,74,88.1,High
3849,84,76,90.5,High
3855,84,74,88.1,High
3863,84,80,95.2,High
3864,84,73,86.9,High
3865,84,72,85.7,High
3867,84,75,89.3,High
3868,84,58,69.0,Low
3870,84,75,89.3,High
3871,84,83,98.8,High
3872,84,57,67.9,Low
3873,84,81,96.4,High
3875,84,63,75.0,Moderate
3876,84,74,88.1,High
3879,84,72,85.7,High
3880,84,68,81.0,Moderate
3882,84,83,98.8,High
3885,84,54,64.3,Low
3887,84,68,81.0,Moderate
3888,84,77,91.7,High
3889,84,69,82.1,Moderate
3892,84,62,73.8,Moderate
3893,84,69,82.1,Moderate
3896,84,82,97.6,High
3897,84,72,85.7,High
3899,84,69,82.1,Moderate
3900,84,65,77.4,Moderate
3902,84,72,85.7,High
3904,84,64,76.2,Moderate
3905,84,76,90.5,High
3907,84,55,65.5,Low
3915,84,74,88.1,High
3916,84,70,83.3,Moderate
3918,84,67,79.8,Moderate
3919,84,84,100.0,High
3920,84,84,100.0,High
3923,84,76,90.5,High
3924,84,74,88.1,High
3926,84,75,89.3,High
3930,84,57,67.9,Low
3938,84,84,100.0,High
3941,84,84,100.0,High
3944,84,58,69.0,Low
3945,84,67,79.8,Moderate
3946,84,77,91.7,High
3949,84,72,85.7,High
3950,84,74,88.1,High
3954,84,62,73.8,Moderate
3958,84,64,76.2,Moderate
3960,84,54,64.3,Low
3965,84,71,84.5,Moderate
3966,84,71,84.5,Moderate
3968,84,80,95.2,High
3969,84,78,92.9,High
3970,84,75,89.3,High
3971,84,84,100.0,High
3973,84,76,90.5,High
3974,84,69,82.1,Moderate
3975,84,74,88.1,High
3977,84,84,100.0,High
3983,84,76,90.5,High
3985,84,73,86.9,High
3987,84,72,85.7,High
3989,84,59,70.2,Moderate
3992,84,74,88.1,High
3993,84,64,76.2,Moderate
3994,84,71,84.5,Moderate
3996,84,80,95.2,High
3997,84,75,89.3,High
3998,84,84,100.0,High
3999,84,66,78.6,Moderate
4000,84,65,77.4,Moderate
4004,84,57,67.9,Low
4005,84,72,85.7,High
4006,84,67,79.8,Moderate
4008,84,82,97.6,High
4009,84,77,91.7,High
4011,84,84,100.0,High
4012,84,75,89.3,High
4013,84,84,100.0,High
4019,84,75,89.3,High
4020,84,83,98.8,High
4021,84,55,65.5,Low
4026,84,71,84.5,Moderate
4032,84,67,79.8,Moderate
4036,84,65,77.4,Moderate
4039,84,61,72.6,Moderate
4041,84,70,83.3,Moderate
4042,84,63,75.0,Moderate
4044,84,61,72.6,Moderate
4047,84,73,86.9,High
4049,84,83,98.8,High
4052,84,67,79.8,Moderate
4059,84,77,91.7,High
4062,84,59,70.2,Moderate
4065,84,64,76.2,Moderate
4067,84,74,88.1,High
4069,84,79,94.0,High
4070,84,84,100.0,High
4071,84,78,92.9,High
4073,84,84,100.0,High
4076,84,70,83.3,Moderate
4077,84,74,88.1,High
4078,84,68,81.0,Moderate
4079,84,68,81.0,Moderate
4084,84,72,85.7,High
4086,84,71,84.5,Moderate
4089,84,63,75.0,Moderate
4090,84,84,100.0,High
4093,84,68,81.0,Moderate
4094,84,79,94.0,High
4095,84,71,84.5,Moderate
4096,84,62,73.8,Moderate
4098,84,84,100.0,High
4100,84,68,81.0,Moderate
4106,84,64,76.2,Moderate
4107,84,61,72.6,Moderate
4108,84,72,85.7,High
4110,84,78,92.9,High
4114,84,72,85.7,High
4117,84,60,71.4,Moderate
4118,84,73,86.9,High
4119,84,71,84.5,Moderate
4120,84,84,100.0,High
4121,84,84,100.0,High
4123,84,58,69.0,Low
4126,84,84,100.0,High
4129,84,72,85.7,High
4131,84,77,91.7,High
4133,84,60,71.4,Moderate
4136,84,58,69.0,Low
4137,84,79,94.0,High
4138,84,72,85.7,High
4140,84,76,90.5,High
4141,84,68,81.0,Moderate
4143,84,61,72.6,Moderate
4147,84,66,78.6,Moderate
4150,84,70,83.3,Moderate
4151,84,68,81.0,Moderate
4153,84,70,83.3,Moderate
4154,84,61,72.6,Moderate
4156,84,84,100.0,High
4159,84,66,78.6,Moderate
4161,84,66,78.6,Moderate
4162,84,62,73.8,Moderate
4163,84,64,76.2,Moderate
4164,84,78,92.9,High
4167,84,67,79.8,Moderate
4174,84,66,78.6,Moderate
4176,84,73,86.9,High
4177,84,72,85.7,High
4182,84,72,85.7,High
4183,84,61,72.6,Moderate
4184,84,58,69.0,Low
4186,84,65,77.4,Moderate
4187,84,68,81.0,Moderate
4188,84,80,95.2,High
4189,84,72,85.7,High
4190,84,64,76.2,Moderate
4191,84,79,94.0,High
4196,84,53,63.1,Low
4197,84,54,64.3,Low
4201,84,77,91.7,High
4202,84,72,85.7,High
4205,84,76,90.5,High
4206,84,67,79.8,Moderate
4207,84,69,82.1,Moderate
4209,84,50,59.5,Low
4210,84,77,91.7,High
4214,84,66,78.6,Moderate
4216,84,81,96.4,High
4218,84,62,73.8,Moderate
4221,84,79,94.0,High
4222,84,68,81.0,Moderate
4224,84,76,90.5,High
4226,84,69,82.1,Moderate
4235,84,84,100.0,High
4241,84,49,58.3,Low
4243,84,55,65.5,Low
4244,84,84,100.0,High
4245,84,74,88.1,High
4246,84,61,72.6,Moderate
4248,84,76,90.5,High
4249,84,70,83.3,Moderate
4253,84,80,95.2,High
4255,84,84,100.0,High
4256,84,58,69.0,Low
4257,84,71,84.5,Moderate
4258,84,74,88.1,High
4259,84,84,100.0,High
4262,84,60,71.4,Moderate
4263,84,66,78.6,Moderate
4264,84,84,100.0,High
4265,84,66,78.6,Moderate
4266,84,71,84.5,Moderate
4268,84,76,90.5,High
4269,84,61,72.6,Moderate
4271,84,77,91.7,High
4273,84,68,81.0,Moderate
4274,84,73,86.9,High
4275,84,67,79.8,Moderate
4279,84,67,79.8,Moderate
4281,84,45,53.6,Low
4284,84,63,75.0,Moderate
4285,84,84,100.0,High
4287,84,76,90.5,High
4288,84,76,90.5,High
4289,84,64,76.2,Moderate
4292,84,79,94.0,High
4293,84,67,79.8,Moderate
4294,84,65,77.4,Moderate
4296,84,70,83.3,Moderate
4297,84,72,85.7,High
4298,84,64,76.2,Moderate
4299,84,72,85.7,High
4303,84,47,56.0,Low
4307,84,68,81.0,Moderate
4309,84,62,73.8,Moderate
4310,84,69,82.1,Moderate
4314,84,73,86.9,High
4315,84,75,89.3,High
4316,84,84,100.0,High
4318,84,84,100.0,High
4320,84,65,77.4,Moderate
4321,84,72,85.7,High
4323,84,69,82.1,Moderate
4324,84,72,85.7,High
4326,84,72,85.7,High
4329,84,69,82.1,Moderate
4331,84,84,100.0,High
4332,84,80,95.2,High
4333,84,73,86.9,High
4337,84,57,67.9,Low
4338,84,66,78.6,Moderate
4340,84,78,92.9,High
4343,84,84,100.0,High
4344,84,74,88.1,High
4348,84,59,70.2,Moderate
4349,84,84,100.0,High
4350,84,84,100.0,High
4353,84,66,78.6,Moderate
4354,84,84,100.0,High
4358,84,80,95.2,High
4359,84,68,81.0,Moderate
4360,84,84,100.0,High
4361,84,59,70.2,Moderate
4364,84,53,63.1,Low
4365,84,84,100.0,High
4369,84,84,100.0,High
4370,84,84,100.0,High
4371,84,68,81.0,Moderate
4372,84,74,88.1,High
4373,84,56,66.7,Low
4377,84,59,70.2,Moderate
4380,84,80,95.2,High
4381,84,75,89.3,High
4387,84,74,88.1,High
4393,84,76,90.5,High
4395,84,79,94.0,High
4396,84,63,75.0,Moderate
4398,84,79,94.0,High
4399,84,73,86.9,High
4400,84,49,58.3,Low
4404,84,79,94.0,High
4411,84,72,85.7,High
4412,84,75,89.3,High
4413,84,72,85.7,High
4415,84,73,86.9,High
4416,84,76,90.5,High
4423,84,63,75.0,Moderate
4424,84,81,96.4,High
4425,84,78,92.9,High
4426,84,75,89.3,High
4428,84,79,94.0,High
4429,84,72,85.7,High
4430,84,62,73.8,Moderate
4431,84,72,85.7,High
4437,84,61,72.6,Moderate
4440,84,70,83.3,Moderate
4441,84,75,89.3,High
4442,84,74,88.1,High
4444,84,84,100.0,High
4445,84,56,66.7,Low
4447,84,72,85.7,High
4451,84,72,85.7,High
4453,84,63,75.0,Moderate
4455,84,73,86.9,High
4457,84,64,76.2,Moderate
4458,84,79,94.0,High
4459,84,74,88.1,High
4462,84,71,84.5,Moderate
4464,84,69,82.1,Moderate
4465,84,79,94.0,High
4469,84,76,90.5,High
4470,84,71,84.5,Moderate
4473,84,67,79.8,Moderate
4474,84,63,75.0,Moderate
4475,84,77,91.7,High
4477,84,75,89.3,High
4479,84,84,100.0,High
4481,84,70,83.3,Moderate
4482,84,76,90.5,High
4484,84,84,100.0,High
4485,84,71,84.5,Moderate
4489,84,75,89.3,High
4492,84,56,66.7,Low
4494,84,84,100.0,High
4496,84,78,92.9,High
4500,84,67,79.8,Moderate
4502,84,80,95.2,High
4507,84,84,100.0,High
4508,84,84,100.0,High
4510,84,63,75.0,Moderate
4514,84,73,86.9,High
4516,84,65,77.4,Moderate
4517,84,83,98.8,High
4518,84,72,85.7,High
4520,84,80,95.2,High
4521,84,69,82.1,Moderate
4522,84,68,81.0,Moderate
4523,84,73,86.9,High
4527,84,77,91.7,High
4530,84,67,79.8,Moderate
4537,84,78,92.9,High
4540,84,51,60.7,Low
4541,84,54,64.3,Low
4542,84,65,77.4,Moderate
4544,84,78,92.9,High
4545,84,73,86.9,High
4546,84,78,92.9,High
4553,84,60,71.4,Moderate
4561,84,59,70.2,Moderate
4563,84,79,94.0,High
4564,84,59,70.2,Moderate
4568,84,64,76.2,Moderate
4569,84,65,77.4,Moderate
4570,84,84,100.0,High
4572,84,72,85.7,High
4573,84,66,78.6,Moderate
4574,84,84,100.0,High
4575,84,70,83.3,Moderate
4577,84,71,84.5,Moderate
4578,84,70,83.3,Moderate
4579,84,76,90.5,High
4581,84,56,66.7,Low
4582,84,55,65.5,Low
4584,84,62,73.8,Moderate
4587,84,69,82.1,Moderate
4588,84,78,92.9,High
4592,84,66,78.6,Moderate
4595,84,84,100.0,High
4596,84,36,42.9,Low
4597,84,70,83.3,Moderate
4599,84,66,78.6,Moderate
4600,84,79,94.0,High
4602,84,78,92.9,High
4603,84,66,78.6,Moderate
4607,84,52,61.9,Low
4608,84,61,72.6,Moderate
4609,84,65,77.4,Moderate
4611,84,77,91.7,High
4613,84,70,83.3,Moderate
4614,84,69,82.1,Moderate
4615,84,84,100.0,High
4618,84,55,65.5,Low
4619,84,61,72.6,Moderate
4621,84,64,76.2,Moderate
4622,84,57,67.9,Low
4624,84,75,89.3,High
4628,84,64,76.2,Moderate
4630,84,64,76.2,Moderate
4632,84,73,86.9,High
4633,84,71,84.5,Moderate
4644,84,58,69.0,Low
4645,84,54,64.3,Low
4646,84,76,90.5,High
4652,84,70,83.3,Moderate
4653,84,81,96.4,High
4654,84,64,76.2,Moderate
4655,84,77,91.7,High
4661,84,76,90.5,High
4662,84,84,100.0,High
4663,84,75,89.3,High
4664,84,72,85.7,High
4667,84,72,85.7,High
4671,84,69,82.1,Moderate
4672,84,74,88.1,High
4673,84,84,100.0,High
4675,84,84,100.0,High
4678,84,71,84.5,Moderate
4679,84,83,98.8,High
4681,84,81,96.4,High
4682,84,75,89.3,High
4683,84,64,76.2,Moderate
4684,84,72,85.7,High
4685,84,69,82.1,Moderate
4690,84,76,90.5,High
4692,84,82,97.6,High
4694,84,60,71.4,Moderate
4695,84,84,100.0,High
4697,84,54,64.3,Low
4698,84,65,77.4,Moderate
4699,84,61,72.6,Moderate
4700,84,64,76.2,Moderate
4701,84,83,98.8,High
4703,84,74,88.1,High
4705,84,67,79.8,Moderate
4706,84,77,91.7,High
4710,84,66,78.6,Moderate
4712,84,84,100.0,High
4714,84,76,90.5,High
4715,84,68,81.0,Moderate
4716,84,84,100.0,High
4717,84,68,81.0,Moderate
4719,84,84,100.0,High
4723,84,71,84.5,Moderate
4724,84,68,81.0,Moderate
4726,84,84,100.0,High
4727,84,80,95.2,High
4729,84,71,84.5,Moderate
4731,84,67,79.8,Moderate
4732,84,63,75.0,Moderate
4733,84,63,75.0,Moderate
4734,84,76,90.5,High
4735,84,76,90.5,High
4737,84,58,69.0,Low
4738,84,74,88.1,High
4740,84,84,100.0,High
4744,84,83,98.8,High
4746,84,71,84.5,Moderate
4749,84,54,64.3,Low
4750,84,58,69.0,Low
4754,84,74,88.1,High
4755,84,66,78.6,Moderate
4756,84,81,96.4,High
4758,84,74,88.1,High
4762,84,75,89.3,High
4764,84,67,79.8,Moderate
4767,84,69,82.1,Moderate
4770,84,69,82.1,Moderate
4772,84,76,90.5,High
4779,84,82,97.6,High
4781,84,74,88.1,High
4782,84,75,89.3,High
4783,84,69,82.1,Moderate
4788,84,74,88.1,High
4791,84,58,69.0,Low
4793,84,67,79.8,Moderate
4794,84,84,100.0,High
4795,84,76,90.5,High
4797,84,69,82.1,Moderate
4799,84,64,76.2,Moderate
4800,84,61,72.6,Moderate
4801,84,75,89.3,High
4806,84,60,71.4,Moderate
4807,84,67,79.8,Moderate
4808,84,64,76.2,Moderate
4810,84,68,81.0,Moderate
4812,84,72,85.7,High
4813,84,81,96.4,High
4816,84,64,76.2,Moderate
4819,84,63,75.0,Moderate
4821,84,62,73.8,Moderate
4823,84,51,60.7,Low
4824,84,68,81.0,Moderate
4827,84,74,88.1,High
4831,84,80,95.2,High
4832,84,84,100.0,High
4833,84,76,90.5,High
4835,84,84,100.0,High
4836,84,83,98.8,High
4837,84,70,83.3,Moderate
4838,84,74,88.1,High
4843,84,76,90.5,High
4846,84,84,100.0,High
4847,84,68,81.0,Moderate
4848,84,68,81.0,Moderate
4850,84,66,78.6,Moderate
4853,84,73,86.9,High
4857,84,59,70.2,Moderate
4858,84,78,92.9,High
4859,84,63,75.0,Moderate
4860,84,69,82.1,Moderate
4861,84,64,76.2,Moderate
4865,84,80,95.2,High
4870,84,67,79.8,Moderate
4871,84,82,97.6,High
4873,84,62,73.8,Moderate
4874,84,84,100.0,High
4875,84,63,75.0,Moderate
4878,84,78,92.9,High
4886,84,74,88.1,High
4887,84,64,76.2,Moderate
4889,84,57,67.9,Low
4892,84,83,98.8,High
4898,84,70,83.3,Moderate
4899,84,71,84.5,Moderate
4900,84,80,95.2,High
4902,84,84,100.0,High
4904,84,62,73.8,Moderate
4905,84,84,100.0,High
4906,84,71,84.5,Moderate
4909,84,76,90.5,High
4911,84,75,89.3,High
4912,84,56,66.7,Low
4913,84,84,100.0,High
4922,84,74,88.1,High
4923,84,65,77.4,Moderate
4925,84,63,75.0,Moderate
4926,84,71,84.5,Moderate
4927,84,65,77.4,Moderate
4928,84,68,81.0,Moderate
4934,84,61,72.6,Moderate
4935,84,83,98.8,High
4937,84,84,100.0,High
4938,84,46,54.8,Low
4940,84,68,81.0,Moderate
4941,84,60,71.4,Moderate
4942,84,73,86.9,High
4943,84,79,94.0,High
4944,84,72,85.7,High
4945,84,84,100.0,High
4948,84,79,94.0,High
4950,84,63,75.0,Moderate
4951,84,73,86.9,High
4953,84,65,77.4,Moderate
4954,84,70,83.3,Moderate
4961,84,73,86.9,High
4963,84,84,100.0,High
4965,84,84,100.0,High
4967,84,73,86.9,High
4969,84,74,88.1,High
4971,84,62,73.8,Moderate
4976,84,67,79.8,Moderate
4980,84,58,69.0,Low
4981,84,68,81.0,Moderate
4982,84,53,63.1,Low
4983,84,77,91.7,High
4984,84,68,81.0,Moderate
4989,84,82,97.6,High
4990,84,67,79.8,Moderate
4992,84,80,95.2,High
4993,84,80,95.2,High
4996,84,76,90.5,High
4997,84,82,97.6,High
5000,84,71,84.5,Moderate
5002,84,71,84.5,Moderate
5003,84,69,82.1,Moderate
5004,84,67,79.8,Moderate
5006,84,77,91.7,High
5009,84,68,81.0,Moderate
5010,84,63,75.0,Moderate
5013,84,75,89.3,High
5015,84,69,82.1,Moderate
5016,84,74,88.1,High
5017,84,57,67.9,Low
5019,84,81,96.4,High
5020,84,80,95.2,High
5021,84,73,86.9,High
5025,84,68,81.0,Moderate
5026,84,84,100.0,High
5027,84,60,71.4,Moderate
5029,84,70,83.3,Moderate
5030,84,59,70.2,Moderate
5032,84,78,92.9,High
5035,84,84,100.0,High
5037,84,57,67.9,Low
5040,84,52,61.9,Low
5043,84,70,83.3,Moderate
5046,84,69,82.1,Moderate
5049,84,72,85.7,High
5050,84,67,79.8,Moderate
5053,84,84,100.0,High
5055,84,67,79.8,Moderate
5065,84,77,91.7,High
5069,84,79,94.0,High
5070,84,81,96.4,High
5071,84,58,69.0,Low
5072,84,75,89.3,High
5073,84,60,71.4,Moderate
5075,84,75,89.3,High
5077,84,69,82.1,Moderate
5079,84,55,65.5,Low
5080,84,60,71.4,Moderate
5081,84,83,98.8,High
5084,84,83,98.8,High
5089,84,73,86.9,High
5092,84,76,90.5,High
5096,84,76,90.5,High
5097,84,66,78.6,Moderate
5099,84,72,85.7,High
5101,84,84,100.0,High
5102,84,73,86.9,High
5103,84,65,77.4,Moderate
5104,84,84,100.0,High
5105,84,80,95.2,High
5106,84,73,86.9,High
5107,84,78,92.9,High
5108,84,61,72.6,Moderate
5109,84,70,83.3,Moderate
5110,84,80,95.2,High
5112,84,72,85.7,High
5114,84,84,100.0,High
5117,84,78,92.9,High
5118,84,69,82.1,Moderate
5120,84,68,81.0,Moderate
5123,84,80,95.2,High
5126,84,80,95.2,High
5131,84,66,78.6,Moderate
5133,84,76,90.5,High
5135,84,65,77.4,Moderate
5139,84,68,81.0,Moderate
5144,84,84,100.0,High
5145,84,64,76.2,Moderate
5146,84,71,84.5,Moderate
5147,84,55,65.5,Low
5148,84,72,85.7,High
5149,84,61,72.6,Moderate
5150,84,84,100.0,High
5151,84,83,98.8,High
5152,84,68,81.0,Moderate
5153,84,60,71.4,Moderate
5154,84,77,91.7,High
5157,84,84,100.0,High
5159,84,72,85.7,High
5161,84,79,94.0,High
5162,84,63,75.0,Moderate
5163,84,59,70.2,Moderate
5164,84,67,79.8,Moderate
5166,84,68,81.0,Moderate
5167,84,84,100.0,High
5168,84,72,85.7,High
5170,84,72,85.7,High
5171,84,71,84.5,Moderate
5172,84,82,97.6,High
5175,84,84,100.0,High
5177,84,84,100.0,High
5179,84,67,79.8,Moderate
5180,84,79,94.0,High
5184,84,67,79.8,Moderate
5185,84,59,70.2,Moderate
5189,84,75,89.3,High
5191,84,84,100.0,High
5192,84,69,82.1,Moderate
5194,84,53,63.1,Low
5195,84,78,92.9,High
5196,84,80,95.2,High
5199,84,84,100.0,High
5200,84,84,100.0,High
5201,84,80,95.2,High
5204,84,84,100.0,High
5205,84,74,88.1,High
5207,84,76,90.5,High
5209,84,77,91.7,High
5211,84,73,86.9,High
5212,84,62,73.8,Moderate
5214,84,80,95.2,High
5216,84,75,89.3,High
5217,84,78,92.9,High
5221,84,75,89.3,High
5222,84,84,100.0,High
5223,84,69,82.1,Moderate
5224,84,62,73.8,Moderate
5225,84,84,100.0,High
5226,84,47,56.0,Low
5227,84,78,92.9,High
5228,84,70,83.3,Moderate
5229,84,81,96.4,High
5230,84,62,73.8,Moderate
5231,84,81,96.4,High
5232,84,71,84.5,Moderate
5236,84,71,84.5,Moderate
5237,84,77,91.7,High
5246,84,76,90.5,High
5247,84,65,77.4,Moderate
5250,84,67,79.8,Moderate
5251,84,62,73.8,Moderate
5252,84,63,75.0,Moderate
5253,84,73,86.9,High
5257,84,71,84.5,Moderate
5259,84,71,84.5,Moderate
5262,84,82,97.6,High
5267,84,78,92.9,High
5268,84,80,95.2,High
5269,84,63,75.0,Moderate
5271,84,69,82.1,Moderate
5272,84,81,96.4,High
5274,84,65,77.4,Moderate
5275,84,51,60.7,Low
5277,84,84,100.0,High
5279,84,76,90.5,High
5280,84,57,67.9,Low
5281,84,56,66.7,Low
5285,84,74,88.1,High
5286,84,39,46.4,Low
5287,84,84,100.0,High
5290,84,68,81.0,Moderate
5292,84,81,96.4,High
5297,84,84,100.0,High
5298,84,55,65.5,Low
5299,84,50,59.5,Low
5301,84,84,100.0,High
5302,84,54,64.3,Low
5306,84,66,78.6,Moderate
5308,84,72,85.7,High
5309,84,72,85.7,High
5312,84,62,73.8,Moderate
5314,84,84,100.0,High
5316,84,66,78.6,Moderate
5318,84,54,64.3,Low
5321,84,84,100.0,High
5322,84,63,75.0,Moderate
5323,84,84,100.0,High
5328,84,75,89.3,High
5333,84,72,85.7,High
5334,84,80,95.2,High
5335,84,52,61.9,Low
5337,84,57,67.9,Low
5340,84,58,69.0,Low
5341,84,75,89.3,High
5342,84,52,61.9,Low
5346,84,82,97.6,High
5347,84,71,84.5,Moderate
5349,84,54,64.3,Low
5350,84,51,60.7,Low
5352,84,66,78.6,Moderate
5354,84,76,90.5,High
5355,84,51,60.7,Low
5361,84,67,79.8,Moderate
5362,84,84,100.0,High
5367,84,59,70.2,Moderate
5368,84,83,98.8,High
5372,84,67,79.8,Moderate
5375,84,82,97.6,High
5380,84,72,85.7,High
5382,84,73,86.9,High
5387,84,78,92.9,High
5388,84,81,96.4,High
5390,84,72,85.7,High
5392,84,72,85.7,High
5393,84,71,84.5,Moderate
5395,84,57,67.9,Low
5396,84,78,92.9,High
5398,84,84,100.0,High
5400,84,73,86.9,High
5401,84,84,100.0,High
5406,84,65,77.4,Moderate
5407,84,82,97.6,High
5408,84,69,82.1,Moderate
5409,84,62,73.8,Moderate
5412,84,84,100.0,High
5413,84,74,88.1,High
5414,84,73,86.9,High
5419,84,84,100.0,High
5420,84,72,85.7,High
5425,84,66,78.6,Moderate
5435,84,75,89.3,High
5437,84,82,97.6,High
5438,84,76,90.5,High
5439,84,53,63.1,Low
5441,84,80,95.2,High
5442,84,84,100.0,High
5443,84,52,61.9,Low
5446,84,62,73.8,Moderate
5447,84,66,78.6,Moderate
5448,84,59,70.2,Moderate
5451,84,64,76.2,Moderate
5453,84,77,91.7,High
5454,84,60,71.4,Moderate
5455,84,64,76.2,Moderate
5456,84,77,91.7,High
5458,84,78,92.9,High
5460,84,69,82.1,Moderate
5463,84,82,97.6,High
5464,84,84,100.0,High
5467,84,67,79.8,Moderate
5468,84,76,90.5,High
5469,84,63,75.0,Moderate
5470,84,73,86.9,High
5472,84,81,96.4,High
5474,84,65,77.4,Moderate
5475,84,83,98.8,High
5479,84,84,100.0,High
5481,84,81,96.4,High
5482,84,62,73.8,Moderate
5483,84,84,100.0,High
5484,84,60,71.4,Moderate
5486,84,55,65.5,Low
5487,84,84,100.0,High
5488,84,84,100.0,High
5490,84,76,90.5,High
5493,84,76,90.5,High
5497,84,68,81.0,Moderate
5498,84,67,79.8,Moderate
5501,84,72,85.7,High
5502,84,79,94.0,High
5503,84,59,70.2,Moderate
5505,84,84,100.0,High
5506,84,59,70.2,Moderate
5510,84,73,86.9,High
5519,84,69,82.1,Moderate
5520,84,84,100.0,High
5521,84,83,98.8,High
5523,84,63,75.0,Moderate
5524,84,63,75.0,Moderate
5525,84,63,75.0,Moderate
5526,84,80,95.2,High
5528,84,84,100.0,High
5529,84,56,66.7,Low
5530,84,60,71.4,Moderate
5535,84,74,88.1,High
5538,84,77,91.7,High
5542,84,57,67.9,Low
5544,84,79,94.0,High
5545,84,80,95.2,High
5546,84,77,91.7,High
5547,84,84,100.0,High
5549,84,52,61.9,Low
5551,84,79,94.0,High
5554,84,84,100.0,High
5556,84,71,84.5,Moderate
5557,84,57,67.9,Low
5558,84,64,76.2,Moderate
5559,84,60,71.4,Moderate
5564,84,64,76.2,Moderate
5565,84,72,85.7,High
5569,84,69,82.1,Moderate
5570,84,74,88.1,High
5571,84,82,97.6,High
5572,84,60,71.4,Moderate
5574,84,79,94.0,High
5576,84,73,86.9,High
5578,84,66,78.6,Moderate
5579,84,67,79.8,Moderate
5580,84,84,100.0,High
5581,84,77,91.7,High
5582,84,84,100.0,High
5583,84,76,90.5,High
5585,84,75,89.3,High
5586,84,73,86.9,High
5589,84,71,84.5,Moderate
5590,84,67,79.8,Moderate
5591,84,65,77.4,Moderate
5592,84,75,89.3,High
5593,84,61,72.6,Moderate
5594,84,65,77.4,Moderate
5595,84,72,85.7,High
5597,84,64,76.2,Moderate
5598,84,69,82.1,Moderate
5601,84,73,86.9,High
5602,84,69,82.1,Moderate
5605,84,81,96.4,High
5607,84,76,90.5,High
5613,84,69,82.1,Moderate
5615,84,47,56.0,Low
5616,84,84,100.0,High
5617,84,64,76.2,Moderate
5618,84,63,75.0,Moderate
5619,84,71,84.5,Moderate
5620,84,55,65.5,Low
5621,84,79,94.0,High
5622,84,84,100.0,High
5623,84,62,73.8,Moderate
5624,84,84,100.0,High
5626,84,71,84.5,Moderate
5631,84,66,78.6,Moderate
5632,84,84,100.0,High
5633,84,66,78.6,Moderate
5634,84,65,77.4,Moderate
5638,84,71,84.5,Moderate
5640,84,64,76.2,Moderate
5645,84,57,67.9,Low
5647,84,57,67.9,Low
5649,84,61,72.6,Moderate
5653,84,80,95.2,High
5654,84,66,78.6,Moderate
5655,84,84,100.0,High
5656,84,73,86.9,High
5659,84,73,86.9,High
5660,84,78,92.9,High
5661,84,76,90.5,High
5665,84,78,92.9,High
5671,84,75,89.3,High
5672,84,82,97.6,High
5673,84,61,72.6,Moderate
5678,84,76,90.5,High
5683,84,56,66.7,Low
5685,84,76,90.5,High
5686,84,77,91.7,High
5689,84,81,96.4,High
5692,84,68,81.0,Moderate
5693,84,84,100.0,High
5695,84,62,73.8,Moderate
5696,84,81,96.4,High
5697,84,75,89.3,High
5702,84,67,79.8,Moderate
5706,84,73,86.9,High
5711,84,84,100.0,High
5715,84,73,86.9,High
5716,84,82,97.6,High
5717,84,84,100.0,High
5719,84,58,69.0,Low
5722,84,78,92.9,High
5723,84,64,76.2,Moderate
5725,84,75,89.3,High
5727,84,73,86.9,High
5728,84,70,83.3,Moderate
5732,84,66,78.6,Moderate
5733,84,64,76.2,Moderate
5734,84,73,86.9,High
5736,84,77,91.7,High
5740,84,79,94.0,High
5742,84,67,79.8,Moderate
5743,84,84,100.0,High
5744,84,84,100.0,High
5745,84,79,94.0,High
5747,84,84,100.0,High
5748,84,61,72.6,Moderate
5751,84,70,83.3,Moderate
5752,84,84,100.0,High
5757,84,73,86.9,High
5758,84,54,64.3,Low
5759,84,75,89.3,High
5760,84,77,91.7,High
5769,84,71,84.5,Moderate
5771,84,67,79.8,Moderate
5773,84,84,100.0,High
5776,84,67,79.8,Moderate
5778,84,70,83.3,Moderate
5779,84,72,85.7,High
5780,84,58,69.0,Low
5782,84,50,59.5,Low
5783,84,80,95.2,High
5784,84,79,94.0,High
5785,84,75,89.3,High
5786,84,57,67.9,Low
5790,84,64,76.2,Moderate
5794,84,54,64.3,Low
5796,84,64,76.2,Moderate
5800,84,74,88.1,High
5801,84,81,96.4,High
5803,84,64,76.2,Moderate
5804,84,73,86.9,High
5805,84,83,98.8,High
5809,84,79,94.0,High
5810,84,78,92.9,High
5814,84,72,85.7,High
5816,84,60,71.4,Moderate
5817,84,84,100.0,High
5818,84,58,69.0,Low
5819,84,66,78.6,Moderate
5820,84,62,73.8,Moderate
5824,84,72,85.7,High
5825,84,68,81.0,Moderate
5826,84,56,66.7,Low
5828,84,84,100.0,High
5829,84,74,88.1,High
5830,84,82,97.6,High
5832,84,84,100.0,High
5834,84,61,72.6,Moderate
5839,84,84,100.0,High
5841,84,68,81.0,Moderate
5843,84,73,86.9,High
5844,84,76,90.5,High
5846,84,65,77.4,Moderate
5849,84,79,94.0,High
5851,84,80,95.2,High
5852,84,78,92.9,High
5853,84,82,97.6,High
5855,84,73,86.9,High
5856,84,80,95.2,High
5857,84,77,91.7,High
5859,84,80,95.2,High
5861,84,58,69.0,Low
5862,84,84,100.0,High
5864,84,84,100.0,High
5865,84,66,78.6,Moderate
5866,84,81,96.4,High
5867,84,67,79.8,Moderate
5868,84,71,84.5,Moderate
5870,84,71,84.5,Moderate
5872,84,84,100.0,High
5875,84,79,94.0,High
5876,84,83,98.8,High
5878,84,80,95.2,High
5879,84,77,91.7,High
5885,84,79,94.0,High
5886,84,84,100.0,High
5890,84,75,89.3,High
5891,84,80,95.2,High
5892,84,76,90.5,High
5893,84,67,79.8,Moderate
5895,84,84,100.0,High
5896,84,68,81.0,Moderate
5897,84,72,85.7,High
5898,84,61,72.6,Moderate
5899,84,55,65.5,Low
5901,84,57,67.9,Low
5903,84,69,82.1,Moderate
5904,84,83,98.8,High
5911,84,77,91.7,High
5912,84,65,77.4,Moderate
5913,84,84,100.0,High
5914,84,71,84.5,Moderate
5915,84,72,85.7,High
5916,84,62,73.8,Moderate
5922,84,67,79.8,Moderate
5924,84,77,91.7,High
5927,84,71,84.5,Moderate
5928,84,68,81.0,Moderate
5929,84,75,89.3,High
5930,84,84,100.0,High
5932,84,69,82.1,Moderate
5934,84,66,78.6,Moderate
5939,84,60,71.4,Moderate
5943,84,49,58.3,Low
5945,84,74,88.1,High
5946,84,70,83.3,Moderate
5948,84,63,75.0,Moderate
5953,84,75,89.3,High
5954,84,65,77.4,Moderate
5957,84,64,76.2,Moderate
5961,84,71,84.5,Moderate
5962,84,76,90.5,High
5964,84,68,81.0,Moderate
5965,84,61,72.6,Moderate
5966,84,83,98.8,High
5968,84,84,100.0,High
5969,84,58,69.0,Low
5970,84,70,83.3,Moderate
5971,84,70,83.3,Moderate
5972,84,71,84.5,Moderate
5976,84,84,100.0,High
5978,84,81,96.4,High
5980,84,61,72.6,Moderate
5982,84,76,90.5,High
5985,84,76,90.5,High
5986,84,70,83.3,Moderate
5990,84,77,91.7,High
5992,84,59,70.2,Moderate
5993,84,57,67.9,Low
5994,84,78,92.9,High
5998,84,62,73.8,Moderate
5999,84,39,46.4,Low
6000,84,61,72.6,Moderate
6004,84,68,81.0,Moderate
6007,84,72,85.7,High
6008,84,78,92.9,High
6009,84,70,83.3,Moderate
6010,84,82,97.6,High
6011,84,71,84.5,Moderate
6012,84,71,84.5,Moderate
6013,84,60,71.4,Moderate
6015,84,67,79.8,Moderate
6017,84,65,77.4,Moderate
6020,84,64,76.2,Moderate
6022,84,70,83.3,Moderate
6023,84,82,97.6,High
6027,84,55,65.5,Low
6030,84,58,69.0,Low
6031,84,73,86.9,High
6033,84,61,72.6,Moderate
6034,84,77,91.7,High
6036,84,70,83.3,Moderate
6040,84,84,100.0,High
6041,84,67,79.8,Moderate
6042,84,61,72.6,Moderate
6045,84,84,100.0,High
6046,84,72,85.7,High
6047,84,68,81.0,Moderate
6048,84,75,89.3,High
6051,84,70,83.3,Moderate
6052,84,72,85.7,High
6053,84,81,96.4,High
6056,84,81,96.4,High
6061,84,77,91.7,High
6064,84,52,61.9,Low
6065,84,58,69.0,Low
6067,84,73,86.9,High
6068,84,68,81.0,Moderate
6071,84,69,82.1,Moderate
6072,84,65,77.4,Moderate
6075,84,62,73.8,Moderate
6077,84,75,89.3,High
6084,84,80,95.2,High
6087,84,60,71.4,Moderate
6091,84,79,94.0,High
6094,84,79,94.0,High
6098,84,84,100.0,High
6099,84,63,75.0,Moderate
6103,84,71,84.5,Moderate
6104,84,63,75.0,Moderate
6105,84,76,90.5,High
6109,84,55,65.5,Low
6110,84,64,76.2,Moderate
6111,84,80,95.2,High
6114,84,64,76.2,Moderate
6119,84,73,86.9,High
6120,84,84,100.0,High
6121,84,67,79.8,Moderate
6124,84,73,86.9,High
6125,84,74,88.1,High
6127,84,59,70.2,Moderate
6131,84,61,72.6,Moderate
6132,84,73,86.9,High
6133,84,84,100.0,High
6136,84,84,100.0,High
6137,84,78,92.9,High
6139,84,71,84.5,Moderate
6140,84,70,83.3,Moderate
6142,84,65,77.4,Moderate
6143,84,73,86.9,High
6144,84,73,86.9,High
6148,84,73,86.9,High
6151,84,72,85.7,High
6155,84,70,83.3,Moderate
6156,84,62,73.8,Moderate
6157,84,77,91.7,High
6159,84,84,100.0,High
6160,84,79,94.0,High
6161,84,82,97.6,High
6164,84,61,72.6,Moderate
6166,84,76,90.5,High
6168,84,76,90.5,High
6170,84,64,76.2,Moderate
6171,84,67,79.8,Moderate
6173,84,73,86.9,High
6174,84,75,89.3,High
6177,84,52,61.9,Low
6178,84,72,85.7,High
6179,84,67,79.8,Moderate
6181,84,84,100.0,High
6182,84,64,76.2,Moderate
6183,84,84,100.0,High
6184,84,65,77.4,Moderate
6185,84,68,81.0,Moderate
6186,84,67,79.8,Moderate
6188,84,81,96.4,High
6189,84,80,95.2,High
6192,84,80,95.2,High
6193,84,81,96.4,High
6194,84,59,70.2,Moderate
6196,84,67,79.8,Moderate
6199,84,84,100.0,High
6201,84,62,73.8,Moderate
6203,84,71,84.5,Moderate
6204,84,62,73.8,Moderate
6206,84,80,95.2,High
6207,84,84,100.0,High
6208,84,45,53.6,Low
6209,84,53,63.1,Low
6210,84,68,81.0,Moderate
6219,84,82,97.6,High
6223,84,68,81.0,Moderate
6225,84,82,97.6,High
6226,84,79,94.0,High
6228,84,63,75.0,Moderate
6229,84,81,96.4,High
6230,84,60,71.4,Moderate
6231,84,79,94.0,High
6232,84,84,100.0,High
6233,84,69,82.1,Moderate
6234,84,79,94.0,High
6236,84,74,88.1,High
6237,84,72,85.7,High
6240,84,73,86.9,High
6241,84,84,100.0,High
6242,84,68,81.0,Moderate
6243,84,84,100.0,High
6244,84,84,100.0,High
6248,84,82,97.6,High
6250,84,71,84.5,Moderate
6252,84,64,76.2,Moderate
6253,84,84,100.0,High
6254,84,77,91.7,High
6255,84,74,88.1,High
6258,84,58,69.0,Low
6259,84,84,100.0,High
6264,84,80,95.2,High
6265,84,61,72.6,Moderate
6266,84,59,70.2,Moderate
6267,84,74,88.1,High
6269,84,60,71.4,Moderate
6273,84,62,73.8,Moderate
6275,84,71,84.5,Moderate
6276,84,64,76.2,Moderate
6278,84,84,100.0,High
6280,84,74,88.1,High
6283,84,82,97.6,High
6284,84,84,100.0,High
6286,84,79,94.0,High
6287,84,75,89.3,High
6291,84,57,67.9,Low
6292,84,75,89.3,High
6293,84,84,100.0,High
6295,84,63,75.0,Moderate
6301,84,71,84.5,Moderate
6302,84,65,77.4,Moderate
6305,84,54,64.3,Low
6308,84,62,73.8,Moderate
6309,84,73,86.9,High
6311,84,75,89.3,High
6312,84,45,53.6,Low
6313,84,66,78.6,Moderate
6315,84,67,79.8,Moderate
6316,84,64,76.2,Moderate
6318,84,72,85.7,High
6320,84,58,69.0,Low
6321,84,78,92.9,High
6325,84,71,84.5,Moderate
6331,84,76,90.5,High
6334,84,66,78.6,Moderate
6335,84,76,90.5,High
6336,84,72,85.7,High
6337,84,71,84.5,Moderate
6340,84,66,78.6,Moderate
6341,84,82,97.6,High
6342,84,60,71.4,Moderate
6343,84,59,70.2,Moderate
6347,84,75,89.3,High
6349,84,84,100.0,High
6350,84,77,91.7,High
6351,84,79,94.0,High
6352,84,84,100.0,High
6353,84,74,88.1,High
6356,84,79,94.0,High
6359,84,84,100.0,High
6360,84,79,94.0,High
6361,84,72,85.7,High
6362,84,72,85.7,High
6364,84,84,100.0,High
6366,84,56,66.7,Low
6368,84,47,56.0,Low
6369,84,84,100.0,High
6370,84,84,100.0,High
6371,84,80,95.2,High
6372,84,82,97.6,High
6373,84,79,94.0,High
6374,84,81,96.4,High
6376,84,83,98.8,High
6377,84,63,75.0,Moderate
6379,84,83,98.8,High
6380,84,66,78.6,Moderate
6383,84,58,69.0,Low
6390,84,72,85.7,High
6391,84,66,78.6,Moderate
6394,84,79,94.0,High
6395,84,68,81.0,Moderate
6397,84,67,79.8,Moderate
6398,84,84,100.0,High
6399,84,81,96.4,High
6401,84,58,69.0,Low
6403,84,63,75.0,Moderate
6404,84,73,86.9,High
6406,84,59,70.2,Moderate
6410,84,72,85.7,High
6413,84,84,100.0,High
6416,84,56,66.7,Low
6418,84,84,100.0,High
6421,84,61,72.6,Moderate
6423,84,84,100.0,High
6424,84,84,100.0,High
6426,84,65,77.4,Moderate
6429,84,76,90.5,High
6432,84,65,77.4,Moderate
6434,84,76,90.5,High
6435,84,53,63.1,Low
6437,84,70,83.3,Moderate
6441,84,84,100.0,High
6445,84,73,86.9,High
6447,84,78,92.9,High
6449,84,72,85.7,High
6450,84,50,59.5,Low
6451,84,76,90.5,High
6455,84,69,82.1,Moderate
6459,84,63,75.0,Moderate
6461,84,78,92.9,High
6462,84,78,92.9,High
6464,84,75,89.3,High
6465,84,66,78.6,Moderate
6467,84,79,94.0,High
6468,84,80,95.2,High
6469,84,68,81.0,Moderate
6470,84,72,85.7,High
6471,84,83,98.8,High
6472,84,68,81.0,Moderate
6476,84,72,85.7,High
6477,84,75,89.3,High
6478,84,65,77.4,Moderate
6480,84,68,81.0,Moderate
6482,84,70,83.3,Moderate
6494,84,83,98.8,High
6495,84,80,95.2,High
6496,84,58,69.0,Low
6499,84,52,61.9,Low
6502,84,74,88.1,High
6504,84,68,81.0,Moderate
6510,84,69,82.1,Moderate
6512,84,68,81.0,Moderate
6515,84,65,77.4,Moderate
6517,84,79,94.0,High
6518,84,84,100.0,High
6520,84,75,89.3,High
6522,84,76,90.5,High
6523,84,61,72.6,Moderate
6524,84,63,75.0,Moderate
6526,84,74,88.1,High
6527,84,80,95.2,High
6530,84,61,72.6,Moderate
6532,84,72,85.7,High
6534,84,55,65.5,Low
6535,84,77,91.7,High
6537,84,72,85.7,High
6539,84,61,72.6,Moderate
6540,84,80,95.2,High
6541,84,84,100.0,High
6544,84,78,92.9,High
6545,84,54,64.3,Low
6546,84,66,78.6,Moderate
6547,84,73,86.9,High
6549,84,58,69.0,Low
6551,84,67,79.8,Moderate
6558,84,74,88.1,High
6561,84,68,81.0,Moderate
6563,84,74,88.1,High
6565,84,72,85.7,High
6567,84,63,75.0,Moderate
6570,84,69,82.1,Moderate
6576,84,75,89.3,High
6579,84,73,86.9,High
6580,84,71,84.5,Moderate
6581,84,65,77.4,Moderate
6583,84,83,98.8,High
6584,84,83,98.8,High
6585,84,68,81.0,Moderate
6587,84,79,94.0,High
6595,84,74,88.1,High
6596,84,80,95.2,High
6597,84,84,100.0,High
6599,84,78,92.9,High
6602,84,68,81.0,Moderate
6604,84,81,96.4,High
6608,84,72,85.7,High
6609,84,70,83.3,Moderate
6612,84,79,94.0,High
6615,84,71,84.5,Moderate
6617,84,75,89.3,High
6619,84,71,84.5,Moderate
6620,84,67,79.8,Moderate
6621,84,80,95.2,High
6623,84,62,73.8,Moderate
6624,84,65,77.4,Moderate
6625,84,69,82.1,Moderate
6627,84,77,91.7,High
6631,84,84,100.0,High
6632,84,83,98.8,High
6636,84,67,79.8,Moderate
6637,84,74,88.1,High
6639,84,71,84.5,Moderate
6640,84,80,95.2,High
6642,84,84,100.0,High
6644,84,70,83.3,Moderate
6645,84,77,91.7,High
6646,84,78,92.9,High
6648,84,62,73.8,Moderate
6649,84,59,70.2,Moderate
6651,84,69,82.1,Moderate
6654,84,84,100.0,High
6659,84,72,85.7,High
6661,84,57,67.9,Low
6662,84,70,83.3,Moderate
6663,84,73,86.9,High
6665,84,76,90.5,High
6666,84,64,76.2,Moderate
6667,84,66,78.6,Moderate
6669,84,62,73.8,Moderate
6672,84,84,100.0,High
6674,84,76,90.5,High
6675,84,84,100.0,High
6676,84,61,72.6,Moderate
6678,84,81,96.4,High
6679,84,64,76.2,Moderate
6680,84,71,84.5,Moderate
6682,84,81,96.4,High
6684,84,72,85.7,High
6685,84,49,58.3,Low
6686,84,71,84.5,Moderate
6689,84,62,73.8,Moderate
6691,84,66,78.6,Moderate
6692,84,71,84.5,Moderate
6694,84,76,90.5,High
6695,84,68,81.0,Moderate
6696,84,69,82.1,Moderate
6698,84,70,83.3,Moderate
6700,84,71,84.5,Moderate
6702,84,74,88.1,High
6703,84,65,77.4,Moderate
6705,84,74,88.1,High
6706,84,59,70.2,Moderate
6709,84,72,85.7,High
6710,84,60,71.4,Moderate
6712,84,56,66.7,Low
6714,84,77,91.7,High
6715,84,69,82.1,Moderate
6717,84,83,98.8,High
6718,84,74,88.1,High
6720,84,70,83.3,Moderate
6722,84,80,95.2,High
6726,84,84,100.0,High
6727,84,84,100.0,High
6729,84,61,72.6,Moderate
6731,84,71,84.5,Moderate
6738,84,84,100.0,High
6743,84,81,96.4,High
6744,84,61,72.6,Moderate
6745,84,84,100.0,High
6746,84,69,82.1,Moderate
6747,84,44,52.4,Low
6750,84,69,82.1,Moderate
6751,84,75,89.3,High
6752,84,58,69.0,Low
6753,84,84,100.0,High
6754,84,67,79.8,Moderate
6755,84,61,72.6,Moderate
6762,84,70,83.3,Moderate
6763,84,72,85.7,High
6764,84,81,96.4,High
6766,84,58,69.0,Low
6767,84,70,83.3,Moderate
6769,84,84,100.0,High
6770,84,75,89.3,High
6772,84,65,77.4,Moderate
6774,84,84,100.0,High
6776,84,62,73.8,Moderate
6777,84,84,100.0,High
6779,84,64,76.2,Moderate
6783,84,78,92.9,High
6784,84,84,100.0,High
6787,84,73,86.9,High
6789,84,56,66.7,Low
6791,84,66,78.6,Moderate
6792,84,64,76.2,Moderate
6793,84,84,100.0,High
6796,84,67,79.8,Moderate
6797,84,59,70.2,Moderate
6800,84,66,78.6,Moderate
6807,84,64,76.2,Moderate
6808,84,84,100.0,High
6810,84,65,77.4,Moderate
6814,84,69,82.1,Moderate
6815,84,82,97.6,High
6816,84,75,89.3,High
6819,84,83,98.8,High
6822,84,84,100.0,High
6823,84,84,100.0,High
6824,84,60,71.4,Moderate
6826,84,84,100.0,High
6827,84,79,94.0,High
6829,84,80,95.2,High
6832,84,61,72.6,Moderate
6834,84,70,83.3,Moderate
6835,84,67,79.8,Moderate
6837,84,66,78.6,Moderate
6838,84,75,89.3,High
6841,84,61,72.6,Moderate
6845,84,81,96.4,High
6847,84,73,86.9,High
6848,84,83,98.8,High
6851,84,76,90.5,High
6852,84,84,100.0,High
6853,84,84,100.0,High
6854,84,66,78.6,Moderate
6856,84,78,92.9,High
6857,84,69,82.1,Moderate
6860,84,78,92.9,High
6864,84,80,95.2,High
6865,84,79,94.0,High
6866,84,83,98.8,High
6867,84,74,88.1,High
6868,84,84,100.0,High
6870,84,61,72.6,Moderate
6873,84,69,82.1,Moderate
6875,84,78,92.9,High
6876,84,71,84.5,Moderate
6877,84,71,84.5,Moderate
6879,84,47,56.0,Low
6880,84,62,73.8,Moderate
6881,84,66,78.6,Moderate
6882,84,83,98.8,High
6884,84,76,90.5,High
6886,84,76,90.5,High
6887,84,67,79.8,Moderate
6889,84,62,73.8,Moderate
6891,84,78,92.9,High
6894,84,73,86.9,High
6895,84,62,73.8,Moderate
6896,84,76,90.5,High
6897,84,59,70.2,Moderate
6902,84,59,70.2,Moderate
6904,84,77,91.7,High
6905,84,70,83.3,Moderate
6906,84,62,73.8,Moderate
6910,84,66,78.6,Moderate
6912,84,57,67.9,Low
6915,84,77,91.7,High
6917,84,76,90.5,High
6918,84,74,88.1,High
6920,84,65,77.4,Moderate
6926,84,84,100.0,High
6929,84,76,90.5,High
6930,84,62,73.8,Moderate
6940,84,80,95.2,High
6942,84,55,65.5,Low
6947,84,64,76.2,Moderate
6948,84,75,89.3,High
6949,84,77,91.7,High
6950,84,70,83.3,Moderate
6952,84,64,76.2,Moderate
6953,84,72,85.7,High
6956,84,84,100.0,High
6958,84,60,71.4,Moderate
6959,84,71,84.5,Moderate
6960,84,67,79.8,Moderate
6961,84,84,100.0,High
6966,84,65,77.4,Moderate
6968,84,82,97.6,High
6970,84,73,86.9,High
6975,84,84,100.0,High
6977,84,62,73.8,Moderate
6978,84,76,90.5,High
6981,84,57,67.9,Low
6982,84,79,94.0,High
6983,84,54,64.3,Low
6985,84,69,82.1,Moderate
6986,84,72,85.7,High
6990,84,71,84.5,Moderate
6991,84,70,83.3,Moderate
6992,84,63,75.0,Moderate
6995,84,40,47.6,Low
6996,84,71,84.5,Moderate
6999,84,71,84.5,Moderate
7000,84,67,79.8,Moderate
7001,84,71,84.5,Moderate
7002,84,62,73.8,Moderate
7004,84,75,89.3,High
7005,84,73,86.9,High
7010,84,65,77.4,Moderate
7011,84,77,91.7,High
7012,84,81,96.4,High
7013,84,80,95.2,High
7015,84,82,97.6,High
7017,84,70,83.3,Moderate
7018,84,79,94.0,High
7019,84,84,100.0,High
7022,84,78,92.9,High
7025,84,69,82.1,Moderate
7027,84,84,100.0,High
7030,84,78,92.9,High
7031,84,57,67.9,Low
7032,84,70,83.3,Moderate
7033,84,73,86.9,High
7034,84,72,85.7,High
7035,84,75,89.3,High
7038,84,68,81.0,Moderate
7041,84,69,82.1,Moderate
7043,84,77,91.7,High
7044,84,84,100.0,High
7046,84,69,82.1,Moderate
7047,84,54,64.3,Low
7048,84,82,97.6,High
7049,84,63,75.0,Moderate
7050,84,81,96.4,High
7054,84,51,60.7,Low
7063,84,71,84.5,Moderate
7066,84,84,100.0,High
7067,84,72,85.7,High
7069,84,78,92.9,High
7070,84,62,73.8,Moderate
7071,84,71,84.5,Moderate
7072,84,66,78.6,Moderate
7075,84,58,69.0,Low
7078,84,69,82.1,Moderate
7080,84,74,88.1,High
7083,84,76,90.5,High
7086,84,80,95.2,High
7087,84,65,77.4,Moderate
7089,84,73,86.9,High
7090,84,84,100.0,High
7093,84,66,78.6,Moderate
7096,84,84,100.0,High
7098,84,84,100.0,High
7099,84,60,71.4,Moderate
7101,84,83,98.8,High
7103,84,51,60.7,Low
7104,84,76,90.5,High
7105,84,63,75.0,Moderate
7106,84,84,100.0,High
7109,84,73,86.9,High
7110,84,71,84.5,Moderate
7111,84,62,73.8,Moderate
7112,84,60,71.4,Moderate
7113,84,60,71.4,Moderate
7115,84,81,96.4,High
7117,84,74,88.1,High
7123,84,84,100.0,High
7124,84,71,84.5,Moderate
7127,84,84,100.0,High
7129,84,70,83.3,Moderate
7131,84,74,88.1,High
7133,84,71,84.5,Moderate
7134,84,60,71.4,Moderate
7138,84,74,88.1,High
7140,84,59,70.2,Moderate
7142,84,76,90.5,High
7143,84,72,85.7,High
7148,84,83,98.8,High
7151,84,83,98.8,High
7153,84,69,82.1,Moderate
7155,84,70,83.3,Moderate
7156,84,65,77.4,Moderate
7158,84,58,69.0,Low
7159,84,84,100.0,High
7162,84,77,91.7,High
7163,84,80,95.2,High
7164,84,52,61.9,Low
7165,84,84,100.0,High
7167,84,84,100.0,High
7168,84,84,100.0,High
7169,84,52,61.9,Low
7170,84,60,71.4,Moderate
7173,84,77,91.7,High
7174,84,53,63.1,Low
7175,84,84,100.0,High
7177,84,62,73.8,Moderate
7179,84,71,84.5,Moderate
7181,84,84,100.0,High
7185,84,71,84.5,Moderate
7189,84,84,100.0,High
7191,84,54,64.3,Low
7193,84,73,86.9,High
7195,84,72,85.7,High
7196,84,51,60.7,Low
7198,84,73,86.9,High
7199,84,67,79.8,Moderate
7200,84,84,100.0,High
7202,84,61,72.6,Moderate
7204,84,59,70.2,Moderate
7206,84,75,89.3,High
7207,84,75,89.3,High
7208,84,58,69.0,Low
7211,84,71,84.5,Moderate
7212,84,71,84.5,Moderate
7213,84,76,90.5,High
7218,84,51,60.7,Low
7220,84,73,86.9,High
7221,84,79,94.0,High
7223,84,78,92.9,High
7224,84,84,100.0,High
7225,84,68,81.0,Moderate
7226,84,74,88.1,High
7227,84,63,75.0,Moderate
7228,84,78,92.9,High
7231,84,83,98.8,High
7232,84,62,73.8,Moderate
7233,84,81,96.4,High
7234,84,80,95.2,High
7236,84,75,89.3,High
7241,84,70,83.3,Moderate
7242,84,60,71.4,Moderate
7243,84,66,78.6,Moderate
7244,84,73,86.9,High
7245,84,66,78.6,Moderate
7246,84,84,100.0,High
7251,84,68,81.0,Moderate
7252,84,76,90.5,High
7254,84,69,82.1,Moderate
7259,84,84,100.0,High
7260,84,65,77.4,Moderate
7266,84,78,92.9,High
7267,84,55,65.5,Low
7269,84,66,78.6,Moderate
7270,84,61,72.6,Moderate
7273,84,58,69.0,Low
7274,84,62,73.8,Moderate
7278,84,81,96.4,High
7279,84,60,71.4,Moderate
7281,84,84,100.0,High
7282,84,76,90.5,High
7283,84,58,69.0,Low
7285,84,84,100.0,High
7286,84,71,84.5,Moderate
7287,84,71,84.5,Moderate
7290,84,75,89.3,High
7295,84,66,78.6,Moderate
7300,84,73,86.9,High
7303,84,82,97.6,High
7305,84,67,79.8,Moderate
7306,84,76,90.5,High
7308,84,53,63.1,Low
7309,84,67,79.8,Moderate
7310,84,77,91.7,High
7311,84,84,100.0,High
7314,84,84,100.0,High
7321,84,73,86.9,High
7323,84,64,76.2,Moderate
7324,84,68,81.0,Moderate
7326,84,64,76.2,Moderate
7327,84,84,100.0,High
7329,84,77,91.7,High
7331,84,66,78.6,Moderate
7335,84,81,96.4,High
7336,84,84,100.0,High
7337,84,82,97.6,High
7338,84,60,71.4,Moderate
7340,84,74,88.1,High
7341,84,80,95.2,High
7344,84,61,72.6,Moderate
7347,84,76,90.5,High
7348,84,73,86.9,High
7349,84,61,72.6,Moderate
7350,84,64,76.2,Moderate
7351,84,68,81.0,Moderate
7354,84,74,88.1,High
7355,84,66,78.6,Moderate
7356,84,62,73.8,Moderate
7357,84,74,88.1,High
7358,84,76,90.5,High
7360,84,75,89.3,High
7361,84,78,92.9,High
7362,84,67,79.8,Moderate
7363,84,83,98.8,High
7364,84,71,84.5,Moderate
7365,84,81,96.4,High
7366,84,80,95.2,High
7369,84,69,82.1,Moderate
7370,84,62,73.8,Moderate
7372,84,52,61.9,Low
7373,84,65,77.4,Moderate
7374,84,84,100.0,High
7376,84,63,75.0,Moderate
7386,84,76,90.5,High
7387,84,84,100.0,High
7388,84,78,92.9,High
7394,84,81,96.4,High
7396,84,67,79.8,Moderate
7398,84,70,83.3,Moderate
7399,84,61,72.6,Moderate
7402,84,78,92.9,High
7409,84,60,71.4,Moderate
7410,84,84,100.0,High
7412,84,84,100.0,High
7413,84,75,89.3,High
7414,84,80,95.2,High
7415,84,62,73.8,Moderate
7416,84,64,76.2,Moderate
7417,84,81,96.4,High
7418,84,78,92.9,High
7421,84,83,98.8,High
7423,84,79,94.0,High
7428,84,84,100.0,High
7429,84,72,85.7,High
7431,84,80,95.2,High
7432,84,84,100.0,High
7435,84,73,86.9,High
7436,84,70,83.3,Moderate
7437,84,61,72.6,Moderate
7438,84,74,88.1,High
7440,84,62,73.8,Moderate
7441,84,79,94.0,High
7444,84,74,88.1,High
7445,84,77,91.7,High
7446,84,58,69.0,Low
7447,84,58,69.0,Low
7448,84,60,71.4,Moderate
7450,84,73,86.9,High
7453,84,69,82.1,Moderate
7454,84,60,71.4,Moderate
7455,84,69,82.1,Moderate
7458,84,83,98.8,High
7459,84,76,90.5,High
7461,84,77,91.7,High
7464,84,54,64.3,Low
7468,84,64,76.2,Moderate
7469,84,61,72.6,Moderate
7470,84,67,79.8,Moderate
7473,84,58,69.0,Low
7474,84,79,94.0,High
7475,84,65,77.4,Moderate
7482,84,80,95.2,High
7484,84,63,75.0,Moderate
7487,84,66,78.6,Moderate
7488,84,70,83.3,Moderate
7489,84,80,95.2,High
7490,84,57,67.9,Low
7492,84,64,76.2,Moderate
7494,84,75,89.3,High
7496,84,69,82.1,Moderate
7498,84,70,83.3,Moderate
7500,84,72,85.7,High
7501,84,70,83.3,Moderate
7502,84,62,73.8,Moderate
7504,84,71,84.5,Moderate
7506,84,71,84.5,Moderate
7507,84,72,85.7,High
7510,84,73,86.9,High
7511,84,77,91.7,High
7512,84,84,100.0,High
7513,84,80,95.2,High
7514,84,62,73.8,Moderate
7515,84,67,79.8,Moderate
7516,84,65,77.4,Moderate
7517,84,71,84.5,Moderate
7518,84,60,71.4,Moderate
7521,84,79,94.0,High
7523,84,57,67.9,Low
7524,84,83,98.8,High
7525,84,84,100.0,High
7527,84,80,95.2,High
7529,84,71,84.5,Moderate
7531,84,74,88.1,High
7532,84,79,94.0,High
7533,84,84,100.0,High
7534,84,84,100.0,High
7535,84,51,60.7,Low
7540,84,68,81.0,Moderate
7542,84,70,83.3,Moderate
7546,84,78,92.9,High
7554,84,84,100.0,High
7559,84,84,100.0,High
7560,84,61,72.6,Moderate
7564,84,66,78.6,Moderate
7565,84,71,84.5,Moderate
7566,84,84,100.0,High
7567,84,63,75.0,Moderate
7568,84,56,66.7,Low
7573,84,78,92.9,High
7574,84,75,89.3,High
7577,84,50,59.5,Low
7578,84,84,100.0,High
7580,84,68,81.0,Moderate
7590,84,66,78.6,Moderate
7592,84,84,100.0,High
7594,84,73,86.9,High
7595,84,70,83.3,Moderate
7596,84,60,71.4,Moderate
7597,84,65,77.4,Moderate
7598,84,72,85.7,High
7602,84,61,72.6,Moderate
7603,84,77,91.7,High
7605,84,63,75.0,Moderate
7610,84,76,90.5,High
7615,84,67,79.8,Moderate
7616,84,58,69.0,Low
7622,84,61,72.6,Moderate
7623,84,84,100.0,High
7624,84,71,84.5,Moderate
7633,84,59,70.2,Moderate
7637,84,67,79.8,Moderate
7638,84,61,72.6,Moderate
7640,84,73,86.9,High
7641,84,83,98.8,High
7644,84,84,100.0,High
7645,84,84,100.0,High
7646,84,78,92.9,High
7649,84,75,89.3,High
7650,84,84,100.0,High
7651,84,65,77.4,Moderate
7654,84,63,75.0,Moderate
7655,84,64,76.2,Moderate
7658,84,77,91.7,High
7663,84,75,89.3,High
7665,84,63,75.0,Moderate
7666,84,83,98.8,High
7669,84,80,95.2,High
7670,84,76,90.5,High
7672,84,71,84.5,Moderate
7673,84,84,100.0,High
7675,84,66,78.6,Moderate
7676,84,63,75.0,Moderate
7677,84,78,92.9,High
7679,84,77,91.7,High
7681,84,70,83.3,Moderate
7685,84,80,95.2,High
7686,84,71,84.5,Moderate
7688,84,58,69.0,Low
7689,84,82,97.6,High
7691,84,73,86.9,High
7692,84,67,79.8,Moderate
7693,84,76,90.5,High
7696,84,73,86.9,High
7697,84,59,70.2,Moderate
7698,84,83,98.8,High
7701,84,46,54.8,Low
7703,84,74,88.1,High
7707,84,65,77.4,Moderate
7709,84,65,77.4,Moderate
7710,84,69,82.1,Moderate
7713,84,58,69.0,Low
7714,84,77,91.7,High
7715,84,84,100.0,High
7717,84,68,81.0,Moderate
7719,84,69,82.1,Moderate
7720,84,74,88.1,High
7725,84,67,79.8,Moderate
7728,84,70,83.3,Moderate
7729,84,52,61.9,Low
7730,84,66,78.6,Moderate
7734,84,74,88.1,High
7737,84,61,72.6,Moderate
7739,84,58,69.0,Low
7741,84,68,81.0,Moderate
7742,84,84,100.0,High
7744,84,73,86.9,High
7745,84,84,100.0,High
7746,84,84,100.0,High
7748,84,66,78.6,Moderate
7750,84,63,75.0,Moderate
7752,84,67,79.8,Moderate
7753,84,60,71.4,Moderate
7755,84,71,84.5,Moderate
7757,84,76,90.5,High
7759,84,83,98.8,High
7760,84,81,96.4,High
7762,84,74,88.1,High
7763,84,84,100.0,High
7765,84,84,100.0,High
7766,84,84,100.0,High
7767,84,82,97.6,High
7771,84,62,73.8,Moderate
7772,84,84,100.0,High
7773,84,58,69.0,Low
7774,84,65,77.4,Moderate
7775,84,72,85.7,High
7779,84,67,79.8,Moderate
7781,84,84,100.0,High
7783,84,84,100.0,High
7787,84,84,100.0,High
7789,84,72,85.7,High
7790,84,73,86.9,High
7791,84,74,88.1,High
7795,84,71,84.5,Moderate
7796,84,84,100.0,High
7798,84,67,79.8,Moderate
7799,84,78,92.9,High
7800,84,71,84.5,Moderate
7801,84,84,100.0,High
7804,84,49,58.3,Low
7806,84,73,86.9,High
7809,84,62,73.8,Moderate
7810,84,72,85.7,High
7812,84,64,76.2,Moderate
7814,84,76,90.5,High
7815,84,76,90.5,High
7816,84,81,96.4,High
7819,84,68,81.0,Moderate
7820,84,68,81.0,Moderate
7822,84,69,82.1,Moderate
7823,84,75,89.3,High
7825,84,61,72.6,Moderate
7827,84,77,91.7,High
7828,84,84,100.0,High
7829,84,84,100.0,High
7830,84,76,90.5,High
7833,84,73,86.9,High
7834,84,79,94.0,High
7839,84,75,89.3,High
7840,84,59,70.2,Moderate
7842,84,73,86.9,High
7845,84,84,100.0,High
7847,84,79,94.0,High
7848,84,84,100.0,High
7849,84,77,91.7,High
7851,84,56,66.7,Low
7854,84,77,91.7,High
7857,84,69,82.1,Moderate
7860,84,54,64.3,Low
7861,84,84,100.0,High
7864,84,77,91.7,High
7867,84,59,70.2,Moderate
7874,84,77,91.7,High
7877,84,76,90.5,High
7879,84,70,83.3,Moderate
7881,84,65,77.4,Moderate
7883,84,84,100.0,High
7885,84,83,98.8,High
7887,84,72,85.7,High
7889,84,65,77.4,Moderate
7891,84,52,61.9,Low
7892,84,64,76.2,Moderate
7903,84,84,100.0,High
7905,84,72,85.7,High
7908,84,83,98.8,High
7909,84,84,100.0,High
7911,84,71,84.5,Moderate
7914,84,57,67.9,Low
7916,84,64,76.2,Moderate
7918,84,57,67.9,Low
7921,84,80,95.2,High
7924,84,70,83.3,Moderate
7928,84,84,100.0,High
7930,84,83,98.8,High
7931,84,62,73.8,Moderate
7932,84,84,100.0,High
7938,84,84,100.0,High
7945,84,84,100.0,High
7946,84,75,89.3,High
7948,84,65,77.4,Moderate
7950,84,66,78.6,Moderate
7951,84,76,90.5,High
7954,84,82,97.6,High
7955,84,59,70.2,Moderate
7959,84,49,58.3,Low
7960,84,82,97.6,High
7963,84,71,84.5,Moderate
7966,84,79,94.0,High
7968,84,65,77.4,Moderate
7969,84,81,96.4,High
7972,84,77,91.7,High
7973,84,65,77.4,Moderate
7974,84,84,100.0,High
7975,84,65,77.4,Moderate
7976,84,84,100.0,High
7978,84,46,54.8,Low
7979,84,64,76.2,Moderate
7981,84,74,88.1,High
7982,84,55,65.5,Low
7985,84,76,90.5,High
7986,84,84,100.0,High
7988,84,73,86.9,High
7989,84,80,95.2,High
7991,84,79,94.0,High
7992,84,82,97.6,High
7993,84,66,78.6,Moderate
7994,84,78,92.9,High
7997,84,60,71.4,Moderate
7998,84,65,77.4,Moderate
8001,84,78,92.9,High
8002,84,44,52.4,Low
8005,84,65,77.4,Moderate
8007,84,84,100.0,High
8008,84,84,100.0,High
8011,84,65,77.4,Moderate
8012,84,66,78.6,Moderate
8013,84,82,97.6,High
8014,84,64,76.2,Moderate
8015,84,67,79.8,Moderate
8018,84,63,75.0,Moderate
8019,84,70,83.3,Moderate
8020,84,61,72.6,Moderate
8021,84,63,75.0,Moderate
8022,84,50,59.5,Low
8025,84,69,82.1,Moderate
8026,84,74,88.1,High
8027,84,75,89.3,High
8028,84,83,98.8,High
8029,84,78,92.9,High
8030,84,70,83.3,Moderate
8031,84,65,77.4,Moderate
8032,84,75,89.3,High
8034,84,75,89.3,High
8036,84,84,100.0,High
8037,84,55,65.5,Low
8041,84,64,76.2,Moderate
8042,84,64,76.2,Moderate
8044,84,58,69.0,Low
8045,84,84,100.0,High
8046,84,80,95.2,High
8047,84,76,90.5,High
8049,84,78,92.9,High
8050,84,78,92.9,High
8051,84,54,64.3,Low
8052,84,72,85.7,High
8054,84,84,100.0,High
8055,84,58,69.0,Low
8058,84,84,100.0,High
8061,84,79,94.0,High
8062,84,67,79.8,Moderate
8066,84,67,79.8,Moderate
8069,84,74,88.1,High
8070,84,82,97.6,High
8072,84,55,65.5,Low
8073,84,71,84.5,Moderate
8074,84,65,77.4,Moderate
8075,84,84,100.0,High
8076,84,75,89.3,High
8077,84,57,67.9,Low
8078,84,72,85.7,High
8079,84,74,88.1,High
8080,84,62,73.8,Moderate
8082,84,83,98.8,High
8085,84,84,100.0,High
8086,84,64,76.2,Moderate
8090,84,84,100.0,High
8092,84,75,89.3,High
8093,84,55,65.5,Low
8095,84,71,84.5,Moderate
8096,84,84,100.0,High
8100,84,67,79.8,Moderate
8101,84,61,72.6,Moderate
8102,84,66,78.6,Moderate
8105,84,69,82.1,Moderate
8107,84,69,82.1,Moderate
8108,84,82,97.6,High
8109,84,80,95.2,High
8110,84,70,83.3,Moderate
8111,84,68,81.0,Moderate
8112,84,74,88.1,High
8113,84,83,98.8,High
8114,84,84,100.0,High
8115,84,68,81.0,Moderate
8116,84,70,83.3,Moderate
8118,84,68,81.0,Moderate
8122,84,67,79.8,Moderate
8123,84,80,95.2,High
8124,84,71,84.5,Moderate
8126,84,52,61.9,Low
8128,84,66,78.6,Moderate
8129,84,84,100.0,High
8130,84,74,88.1,High
8131,84,84,100.0,High
8133,84,74,88.1,High
8139,84,58,69.0,Low
8141,84,84,100.0,High
8142,84,61,72.6,Moderate
8143,84,53,63.1,Low
8144,84,76,90.5,High
8145,84,72,85.7,High
8148,84,75,89.3,High
8149,84,81,96.4,High
8150,84,43,51.2,Low
8152,84,77,91.7,High
8153,84,84,100.0,High
8155,84,84,100.0,High
8156,84,56,66.7,Low
8157,84,77,91.7,High
8159,84,81,96.4,High
8160,84,78,92.9,High
8163,84,61,72.6,Moderate
8164,84,72,85.7,High
8165,84,59,70.2,Moderate
8169,84,79,94.0,High
8172,84,68,81.0,Moderate
8174,84,79,94.0,High
8175,84,84,100.0,High
8176,84,70,83.3,Moderate
8179,84,62,73.8,Moderate
8181,84,73,86.9,High
8186,84,65,77.4,Moderate
8193,84,73,86.9,High
8194,84,58,69.0,Low
8197,84,58,69.0,Low
8201,84,74,88.1,High
8203,84,51,60.7,Low
8208,84,79,94.0,High
8209,84,72,85.7,High
8210,84,65,77.4,Moderate
8213,84,64,76.2,Moderate
8214,84,75,89.3,High
8217,84,79,94.0,High
8221,84,55,65.5,Low
8222,84,67,79.8,Moderate
8223,84,68,81.0,Moderate
8224,84,64,76.2,Moderate
8227,84,61,72.6,Moderate
8229,84,71,84.5,Moderate
8232,84,65,77.4,Moderate
8233,84,58,69.0,Low
8236,84,67,79.8,Moderate
8237,84,83,98.8,High
8239,84,71,84.5,Moderate
8242,84,63,75.0,Moderate
8246,84,50,59.5,Low
8249,84,84,100.0,High
8250,84,65,77.4,Moderate
8251,84,49,58.3,Low
8253,84,55,65.5,Low
8255,84,56,66.7,Low
8256,84,84,100.0,High
8265,84,62,73.8,Moderate
8267,84,73,86.9,High
8269,84,62,73.8,Moderate
8270,84,84,100.0,High
8271,84,72,85.7,High
8273,84,66,78.6,Moderate
8274,84,60,71.4,Moderate
8275,84,69,82.1,Moderate
8277,84,84,100.0,High
8278,84,64,76.2,Moderate
8281,84,75,89.3,High
8282,84,55,65.5,Low
8283,84,66,78.6,Moderate
8284,84,61,72.6,Moderate
8285,84,82,97.6,High
8286,84,69,82.1,Moderate
8287,84,84,100.0,High
8289,84,69,82.1,Moderate
8290,84,60,71.4,Moderate
8295,84,82,97.6,High
8298,84,76,90.5,High
8302,84,78,92.9,High
8303,84,62,73.8,Moderate
8304,84,68,81.0,Moderate
8306,84,66,78.6,Moderate
8307,84,49,58.3,Low
8308,84,57,67.9,Low
8309,84,82,97.6,High
8312,84,84,100.0,High
8316,84,83,98.8,High
8318,84,84,100.0,High
8319,84,54,64.3,Low
8320,84,84,100.0,High
8322,84,66,78.6,Moderate
8323,84,84,100.0,High
8324,84,80,95.2,High
8325,84,57,67.9,Low
8327,84,70,83.3,Moderate
8328,84,81,96.4,High
8329,84,61,72.6,Moderate
8332,84,69,82.1,Moderate
8333,84,75,89.3,High
8336,84,66,78.6,Moderate
8337,84,78,92.9,High
8338,84,71,84.5,Moderate
8340,84,65,77.4,Moderate
8343,84,84,100.0,High
8346,84,54,64.3,Low
8349,84,51,60.7,Low
8350,84,65,77.4,Moderate
8355,84,84,100.0,High
8358,84,63,75.0,Moderate
8359,84,84,100.0,High
8360,84,80,95.2,High
8361,84,72,85.7,High
8362,84,84,100.0,High
8363,84,68,81.0,Moderate
8364,84,70,83.3,Moderate
8367,84,76,90.5,High
8369,84,68,81.0,Moderate
8373,84,70,83.3,Moderate
8374,84,77,91.7,High
8376,84,67,79.8,Moderate
8378,84,70,83.3,Moderate
8379,84,82,97.6,High
8380,84,73,86.9,High
8382,84,61,72.6,Moderate
8385,84,79,94.0,High
8387,84,47,56.0,Low
8388,84,71,84.5,Moderate
8390,84,54,64.3,Low
8393,84,79,94.0,High
8394,84,81,96.4,High
8395,84,77,91.7,High
8396,84,78,92.9,High
8397,84,82,97.6,High
8398,84,73,86.9,High
8400,84,71,84.5,Moderate
8403,84,67,79.8,Moderate
8404,84,84,100.0,High
8412,84,74,88.1,High
8413,84,76,90.5,High
8415,84,81,96.4,High
8418,84,63,75.0,Moderate
8419,84,81,96.4,High
8421,84,66,78.6,Moderate
8422,84,84,100.0,High
8423,84,55,65.5,Low
8425,84,84,100.0,High
8427,84,80,95.2,High
8429,84,79,94.0,High
8430,84,72,85.7,High
8431,84,72,85.7,High
8432,84,84,100.0,High
8434,84,84,100.0,High
8435,84,60,71.4,Moderate
8436,84,72,85.7,High
8439,84,66,78.6,Moderate
8441,84,78,92.9,High
8443,84,84,100.0,High
8444,84,84,100.0,High
8449,84,79,94.0,High
8454,84,45,53.6,Low
8456,84,81,96.4,High
8457,84,84,100.0,High
8459,84,77,91.7,High
8460,84,61,72.6,Moderate
8461,84,74,88.1,High
8464,84,77,91.7,High
8465,84,80,95.2,High
8466,84,56,66.7,Low
8468,84,74,88.1,High
8469,84,66,78.6,Moderate
8471,84,77,91.7,High
8472,84,61,72.6,Moderate
8473,84,68,81.0,Moderate
8475,84,84,100.0,High
8479,84,83,98.8,High
8481,84,77,91.7,High
8482,84,82,97.6,High
8483,84,82,97.6,High
8484,84,76,90.5,High
8485,84,83,98.8,High
8488,84,65,77.4,Moderate
8492,84,69,82.1,Moderate
8495,84,84,100.0,High
8496,84,84,100.0,High
8499,84,75,89.3,High
8504,84,64,76.2,Moderate
8506,84,84,100.0,High
8507,84,62,73.8,Moderate
8508,84,48,57.1,Low
8509,84,74,88.1,High
8510,84,63,75.0,Moderate
8512,84,74,88.1,High
8513,84,51,60.7,Low
8514,84,74,88.1,High
8515,84,84,100.0,High
8517,84,64,76.2,Moderate
8518,84,82,97.6,High
8519,84,81,96.4,High
8521,84,72,85.7,High
8524,84,84,100.0,High
8525,84,77,91.7,High
8526,84,77,91.7,High
8527,84,72,85.7,High
8529,84,58,69.0,Low
8530,84,73,86.9,High
8533,84,84,100.0,High
8535,84,76,90.5,High
8536,84,67,79.8,Moderate
8538,84,84,100.0,High
8542,84,68,81.0,Moderate
8543,84,80,95.2,High
8546,84,79,94.0,High
8547,84,81,96.4,High
8550,84,61,72.6,Moderate
8551,84,62,73.8,Moderate
8552,84,78,92.9,High
8556,84,78,92.9,High
8557,84,58,69.0,Low
8558,84,74,88.1,High
8562,84,62,73.8,Moderate
8564,84,80,95.2,High
8569,84,70,83.3,Moderate
8570,84,79,94.0,High
8571,84,73,86.9,High
8576,84,75,89.3,High
8577,84,65,77.4,Moderate
8578,84,59,70.2,Moderate
8579,84,84,100.0,High
8580,84,64,76.2,Moderate
8581,84,67,79.8,Moderate
8583,84,73,86.9,High
8584,84,79,94.0,High
8585,84,71,84.5,Moderate
8586,84,75,89.3,High
8588,84,66,78.6,Moderate
8590,84,63,75.0,Moderate
8591,84,68,81.0,Moderate
8597,84,84,100.0,High
8599,84,84,100.0,High
8601,84,73,86.9,High
8603,84,83,98.8,High
8604,84,84,100.0,High
8605,84,84,100.0,High
8606,84,65,77.4,Moderate
8608,84,65,77.4,Moderate
8610,84,57,67.9,Low
8615,84,65,77.4,Moderate
8617,84,67,79.8,Moderate
8619,84,74,88.1,High
8621,84,79,94.0,High
8625,84,75,89.3,High
8626,84,75,89.3,High
8627,84,72,85.7,High
8629,84,84,100.0,High
8631,84,73,86.9,High
8634,84,78,92.9,High
8637,84,72,85.7,High
8639,84,68,81.0,Moderate
8641,84,79,94.0,High
8643,84,77,91.7,High
8645,84,48,57.1,Low
8646,84,72,85.7,High
8647,84,61,72.6,Moderate
8648,84,54,64.3,Low
8649,84,68,81.0,Moderate
8650,84,83,98.8,High
8653,84,69,82.1,Moderate
8654,84,69,82.1,Moderate
8657,84,69,82.1,Moderate
8659,84,73,86.9,High
8661,84,71,84.5,Moderate
8662,84,60,71.4,Moderate
8663,84,75,89.3,High
8664,84,81,96.4,High
8665,84,84,100.0,High
8666,84,84,100.0,High
8667,84,77,91.7,High
8668,84,74,88.1,High
8670,84,59,70.2,Moderate
8671,84,57,67.9,Low
8672,84,70,83.3,Moderate
8677,84,84,100.0,High
8679,84,83,98.8,High
8680,84,67,79.8,Moderate
8683,84,65,77.4,Moderate
8685,84,75,89.3,High
8688,84,48,57.1,Low
8689,84,59,70.2,Moderate
8692,84,84,100.0,High
8694,84,58,69.0,Low
8696,84,75,89.3,High
8698,84,48,57.1,Low
8699,84,61,72.6,Moderate
8701,84,62,73.8,Moderate
8702,84,59,70.2,Moderate
8703,84,59,70.2,Moderate
8704,84,77,91.7,High
8705,84,66,78.6,Moderate
8707,84,71,84.5,Moderate
8708,84,74,88.1,High
8711,84,78,92.9,High
8712,84,70,83.3,Moderate
8721,84,84,100.0,High
8722,84,52,61.9,Low
8723,84,82,97.6,High
8726,84,74,88.1,High
8727,84,60,71.4,Moderate
8730,84,69,82.1,Moderate
8731,84,70,83.3,Moderate
8732,84,73,86.9,High
8733,84,59,70.2,Moderate
8737,84,68,81.0,Moderate
8739,84,72,85.7,High
8740,84,65,77.4,Moderate
8741,84,65,77.4,Moderate
8742,84,74,88.1,High
8743,84,76,90.5,High
8744,84,69,82.1,Moderate
8746,84,58,69.0,Low
8747,84,61,72.6,Moderate
8748,84,69,82.1,Moderate
8751,84,47,56.0,Low
8753,84,69,82.1,Moderate
8754,84,65,77.4,Moderate
8757,84,63,75.0,Moderate
8761,84,70,83.3,Moderate
8765,84,72,85.7,High
8768,84,70,83.3,Moderate
8769,84,74,88.1,High
8772,84,63,75.0,Moderate
8773,84,65,77.4,Moderate
8774,84,79,94.0,High
8775,84,72,85.7,High
8780,84,67,79.8,Moderate
8782,84,79,94.0,High
8785,84,61,72.6,Moderate
8786,84,61,72.6,Moderate
8787,84,58,69.0,Low
8788,84,79,94.0,High
8789,84,66,78.6,Moderate
8792,84,77,91.7,High
8793,84,84,100.0,High
8795,84,68,81.0,Moderate
8798,84,73,86.9,High
8799,84,55,65.5,Low
8800,84,72,85.7,High
8803,84,71,84.5,Moderate
8804,84,75,89.3,High
8805,84,84,100.0,High
8806,84,66,78.6,Moderate
8809,84,63,75.0,Moderate
8811,84,59,70.2,Moderate
8814,84,67,79.8,Moderate
8817,84,62,73.8,Moderate
8818,84,70,83.3,Moderate
8820,84,84,100.0,High
8821,84,84,100.0,High
8822,84,79,94.0,High
8824,84,65,77.4,Moderate
8827,84,72,85.7,High
8828,84,81,96.4,High
8829,84,84,100.0,High
8830,84,74,88.1,High
8831,84,80,95.2,High
8833,84,77,91.7,High
8834,84,60,71.4,Moderate
8835,84,79,94.0,High
8839,84,53,63.1,Low
8841,84,84,100.0,High
8842,84,83,98.8,High
8843,84,70,83.3,Moderate
8845,84,75,89.3,High
8846,84,84,100.0,High
8847,84,84,100.0,High
8849,84,70,83.3,Moderate
8851,84,65,77.4,Moderate
8853,84,84,100.0,High
8854,84,74,88.1,High
8860,84,78,92.9,High
8861,84,72,85.7,High
8862,84,58,69.0,Low
8866,84,84,100.0,High
8868,84,63,75.0,Moderate
8869,84,84,100.0,High
8870,84,63,75.0,Moderate
8872,84,83,98.8,High
8873,84,75,89.3,High
8874,84,75,89.3,High
8876,84,84,100.0,High
8880,84,65,77.4,Moderate
8882,84,72,85.7,High
8887,84,65,77.4,Moderate
8888,84,70,83.3,Moderate
8891,84,64,76.2,Moderate
8894,84,81,96.4,High
8895,84,83,98.8,High
8899,84,78,92.9,High
8900,84,77,91.7,High
8901,84,58,69.0,Low
8902,84,77,91.7,High
8903,84,74,88.1,High
8905,84,68,81.0,Moderate
8908,84,73,86.9,High
8911,84,84,100.0,High
8912,84,68,81.0,Moderate
8915,84,62,73.8,Moderate
8916,84,84,100.0,High
8919,84,78,92.9,High
8923,84,64,76.2,Moderate
8925,84,77,91.7,High
8926,84,70,83.3,Moderate
8931,84,84,100.0,High
8932,84,53,63.1,Low
8933,84,73,86.9,High
8940,84,84,100.0,High
8941,84,75,89.3,High
8942,84,70,83.3,Moderate
8945,84,59,70.2,Moderate
8953,84,71,84.5,Moderate
8957,84,73,86.9,High
8961,84,74,88.1,High
8963,84,56,66.7,Low
8965,84,84,100.0,High
8968,84,63,75.0,Moderate
8969,84,63,75.0,Moderate
8970,84,79,94.0,High
8973,84,77,91.7,High
8974,84,64,76.2,Moderate
8976,84,54,64.3,Low
8978,84,52,61.9,Low
8979,84,69,82.1,Moderate
8980,84,75,89.3,High
8982,84,66,78.6,Moderate
8984,84,64,76.2,Moderate
8985,84,73,86.9,High
8986,84,73,86.9,High
8988,84,62,73.8,Moderate
8989,84,69,82.1,Moderate
8990,84,67,79.8,Moderate
8991,84,77,91.7,High
8995,84,79,94.0,High
8997,84,64,76.2,Moderate
8999,84,76,90.5,High
9002,84,82,97.6,High
9004,84,76,90.5,High
9005,84,74,88.1,High
9011,84,69,82.1,Moderate
9014,84,66,78.6,Moderate
9015,84,78,92.9,High
9018,84,84,100.0,High
9020,84,59,70.2,Moderate
9021,84,84,100.0,High
9022,84,78,92.9,High
9026,84,62,73.8,Moderate
9027,84,67,79.8,Moderate
9028,84,79,94.0,High
9029,84,63,75.0,Moderate
9032,84,73,86.9,High
9033,84,63,75.0,Moderate
9034,84,68,81.0,Moderate
9035,84,73,86.9,High
9036,84,84,100.0,High
9037,84,72,85.7,High
9040,84,84,100.0,High
9042,84,52,61.9,Low
9043,84,84,100.0,High
9044,84,75,89.3,High
9045,84,84,100.0,High
9047,84,84,100.0,High
9051,84,76,90.5,High
9052,84,70,83.3,Moderate
9054,84,74,88.1,High
9059,84,74,88.1,High
9060,84,67,79.8,Moderate
9061,84,71,84.5,Moderate
9062,84,62,73.8,Moderate
9063,84,60,71.4,Moderate
9064,84,83,98.8,High
9065,84,68,81.0,Moderate
9068,84,62,73.8,Moderate
9074,84,60,71.4,Moderate
9075,84,73,86.9,High
9080,84,79,94.0,High
9082,84,80,95.2,High
9084,84,69,82.1,Moderate
9085,84,69,82.1,Moderate
9086,84,65,77.4,Moderate
9088,84,84,100.0,High
9089,84,66,78.6,Moderate
9091,84,70,83.3,Moderate
9092,84,69,82.1,Moderate
9093,84,55,65.5,Low
9094,84,64,76.2,Moderate
9095,84,64,76.2,Moderate
9097,84,83,98.8,High
9099,84,76,90.5,High
9100,84,77,91.7,High
9101,84,60,71.4,Moderate
9104,84,64,76.2,Moderate
9105,84,60,71.4,Moderate
9106,84,84,100.0,High
9108,84,68,81.0,Moderate
9113,84,84,100.0,High
9116,84,84,100.0,High
9119,84,75,89.3,High
9120,84,77,91.7,High
9126,84,75,89.3,High
9127,84,70,83.3,Moderate
9128,84,65,77.4,Moderate
9133,84,53,63.1,Low
9135,84,71,84.5,Moderate
9137,84,64,76.2,Moderate
9139,84,66,78.6,Moderate
9140,84,75,89.3,High
9143,84,65,77.4,Moderate
9144,84,64,76.2,Moderate
9145,84,53,63.1,Low
9146,84,58,69.0,Low
9147,84,70,83.3,Moderate
9149,84,55,65.5,Low
9150,84,59,70.2,Moderate
9152,84,46,54.8,Low
9153,84,83,98.8,High
9156,84,68,81.0,Moderate
9158,84,60,71.4,Moderate
9159,84,61,72.6,Moderate
9160,84,79,94.0,High
9162,84,77,91.7,High
9163,84,75,89.3,High
9164,84,68,81.0,Moderate
9167,84,54,64.3,Low
9168,84,78,92.9,High
9169,84,69,82.1,Moderate
9170,84,76,90.5,High
9171,84,54,64.3,Low
9172,84,64,76.2,Moderate
9174,84,72,85.7,High
9176,84,83,98.8,High
9177,84,82,97.6,High
9179,84,70,83.3,Moderate
9181,84,84,100.0,High
9182,84,83,98.8,High
9183,84,73,86.9,High
9185,84,76,90.5,High
9187,84,62,73.8,Moderate
9190,84,68,81.0,Moderate
9192,84,76,90.5,High
9195,84,69,82.1,Moderate
9197,84,76,90.5,High
9198,84,80,95.2,High
9199,84,69,82.1,Moderate
9200,84,52,61.9,Low
9202,84,75,89.3,High
9203,84,73,86.9,High
9209,84,65,77.4,Moderate
9210,84,72,85.7,High
9211,84,62,73.8,Moderate
9213,84,78,92.9,High
9216,84,77,91.7,High
9218,84,64,76.2,Moderate
9219,84,62,73.8,Moderate
9223,84,77,91.7,High
9224,84,60,71.4,Moderate
9225,84,60,71.4,Moderate
9227,84,84,100.0,High
9229,84,68,81.0,Moderate
9234,84,72,85.7,High
9235,84,66,78.6,Moderate
9237,84,63,75.0,Moderate
9238,84,62,73.8,Moderate
9239,84,74,88.1,High
9241,84,62,73.8,Moderate
9243,84,71,84.5,Moderate
9244,84,68,81.0,Moderate
9249,84,84,100.0,High
9251,84,84,100.0,High
9253,84,70,83.3,Moderate
9254,84,81,96.4,High
9255,84,68,81.0,Moderate
9256,84,80,95.2,High
9257,84,81,96.4,High
9258,84,63,75.0,Moderate
9259,84,68,81.0,Moderate
9260,84,76,90.5,High
9264,84,67,79.8,Moderate
9265,84,73,86.9,High
9267,84,63,75.0,Moderate
9269,84,72,85.7,High
9270,84,71,84.5,Moderate
9271,84,84,100.0,High
9272,84,73,86.9,High
9273,84,84,100.0,High
9274,84,55,65.5,Low
9275,84,71,84.5,Moderate
9278,84,84,100.0,High
9279,84,71,84.5,Moderate
9280,84,74,88.1,High
9281,84,68,81.0,Moderate
9283,84,74,88.1,High
9286,84,73,86.9,High
9287,84,84,100.0,High
9288,84,67,79.8,Moderate
9293,84,84,100.0,High
9294,84,67,79.8,Moderate
9295,84,75,89.3,High
9298,84,69,82.1,Moderate
9301,84,63,75.0,Moderate
9303,84,77,91.7,High
9306,84,82,97.6,High
9308,84,62,73.8,Moderate
9309,84,61,72.6,Moderate
9310,84,67,79.8,Moderate
9311,84,81,96.4,High
9312,84,64,76.2,Moderate
9314,84,72,85.7,High
9315,84,80,95.2,High
9317,84,61,72.6,Moderate
9318,84,70,83.3,Moderate
9322,84,74,88.1,High
9323,84,62,73.8,Moderate
9329,84,73,86.9,High
9330,84,84,100.0,High
9333,84,78,92.9,High
9334,84,81,96.4,High
9335,84,68,81.0,Moderate
9336,84,84,100.0,High
9337,84,71,84.5,Moderate
9340,84,65,77.4,Moderate
9341,84,84,100.0,High
9344,84,68,81.0,Moderate
9348,84,84,100.0,High
9350,84,63,75.0,Moderate
9351,84,71,84.5,Moderate
9352,84,78,92.9,High
9354,84,71,84.5,Moderate
9355,84,76,90.5,High
9357,84,76,90.5,High
9358,84,78,92.9,High
9360,84,82,97.6,High
9361,84,72,85.7,High
9362,84,60,71.4,Moderate
9367,84,51,60.7,Low
9368,84,80,95.2,High
9369,84,53,63.1,Low
9371,84,61,72.6,Moderate
9373,84,84,100.0,High
9374,84,70,83.3,Moderate
9375,84,73,86.9,High
9378,84,57,67.9,Low
9380,84,81,96.4,High
9381,84,82,97.6,High
9382,84,60,71.4,Moderate
9384,84,71,84.5,Moderate
9385,84,67,79.8,Moderate
9390,84,65,77.4,Moderate
9394,84,71,84.5,Moderate
9397,84,65,77.4,Moderate
9398,84,74,88.1,High
9399,84,49,58.3,Low
9405,84,56,66.7,Low
9409,84,78,92.9,High
9410,84,71,84.5,Moderate
9411,84,80,95.2,High
9412,84,84,100.0,High
9413,84,73,86.9,High
9415,84,72,85.7,High
9416,84,61,72.6,Moderate
9418,84,58,69.0,Low
9420,84,77,91.7,High
9424,84,82,97.6,High
9427,84,58,69.0,Low
9428,84,68,81.0,Moderate
9431,84,84,100.0,High
9432,84,53,63.1,Low
9433,84,57,67.9,Low
9438,84,72,85.7,High
9440,84,66,78.6,Moderate
9441,84,69,82.1,Moderate
9442,84,69,82.1,Moderate
9443,84,66,78.6,Moderate
9444,84,73,86.9,High
9445,84,61,72.6,Moderate
9446,84,54,64.3,Low
9447,84,81,96.4,High
9449,84,73,86.9,High
9451,84,61,72.6,Moderate
9452,84,84,100.0,High
9459,84,57,67.9,Low
9460,84,53,63.1,Low
9463,84,78,92.9,High
9464,84,84,100.0,High
9466,84,74,88.1,High
9467,84,44,52.4,Low
9468,84,84,100.0,High
9472,84,84,100.0,High
9475,84,54,64.3,Low
9477,84,80,95.2,High
9478,84,71,84.5,Moderate
9484,84,84,100.0,High
9486,84,72,85.7,High
9487,84,83,98.8,High
9488,84,82,97.6,High
9490,84,84,100.0,High
9494,84,73,86.9,High
9496,84,77,91.7,High
9498,84,68,81.0,Moderate
9501,84,67,79.8,Moderate
9502,84,84,100.0,High
9503,84,67,79.8,Moderate
9509,84,70,83.3,Moderate
9515,84,62,73.8,Moderate
9516,84,72,85.7,High
9517,84,80,95.2,High
9519,84,61,72.6,Moderate
9521,84,83,98.8,High
9522,84,63,75.0,Moderate
9523,84,65,77.4,Moderate
9525,84,84,100.0,High
9528,84,77,91.7,High
9530,84,77,91.7,High
9531,84,70,83.3,Moderate
9533,84,74,88.1,High
9535,84,82,97.6,High
9541,84,80,95.2,High
9542,84,75,89.3,High
9545,84,84,100.0,High
9546,84,61,72.6,Moderate
9547,84,71,84.5,Moderate
9550,84,71,84.5,Moderate
9551,84,59,70.2,Moderate
9552,84,67,79.8,Moderate
9554,84,69,82.1,Moderate
9555,84,78,92.9,High
9556,84,74,88.1,High
9557,84,74,88.1,High
9560,84,84,100.0,High
9561,84,65,77.4,Moderate
9563,84,71,84.5,Moderate
9569,84,64,76.2,Moderate
9570,84,71,84.5,Moderate
9571,84,63,75.0,Moderate
9572,84,57,67.9,Low
9573,84,65,77.4,Moderate
9577,84,84,100.0,High
9578,84,72,85.7,High
9579,84,67,79.8,Moderate
9581,84,83,98.8,High
9584,84,82,97.6,High
9586,84,76,90.5,High
9588,84,77,91.7,High
9589,84,80,95.2,High
9590,84,72,85.7,High
9593,84,84,100.0,High
9594,84,68,81.0,Moderate
9595,84,78,92.9,High
9596,84,72,85.7,High
9599,84,71,84.5,Moderate
9600,84,79,94.0,High
9601,84,68,81.0,Moderate
9602,84,83,98.8,High
9603,84,78,92.9,High
9604,84,77,91.7,High
9605,84,78,92.9,High
9607,84,53,63.1,Low
9608,84,74,88.1,High
9609,84,84,100.0,High
9610,84,74,88.1,High
9611,84,79,94.0,High
9612,84,79,94.0,High
9615,84,73,86.9,High
9616,84,61,72.6,Moderate
9617,84,72,85.7,High
9619,84,67,79.8,Moderate
9621,84,71,84.5,Moderate
9623,84,56,66.7,Low
9627,84,63,75.0,Moderate
9628,84,63,75.0,Moderate
9632,84,81,96.4,High
9636,84,61,72.6,Moderate
9637,84,71,84.5,Moderate
9640,84,64,76.2,Moderate
9644,84,75,89.3,High
9647,84,81,96.4,High
9648,84,75,89.3,High
9651,84,68,81.0,Moderate
9653,84,69,82.1,Moderate
9657,84,66,78.6,Moderate
9659,84,55,65.5,Low
9662,84,54,64.3,Low
9663,84,66,78.6,Moderate
9666,84,80,95.2,High
9671,84,84,100.0,High
9672,84,78,92.9,High
9674,84,78,92.9,High
9675,84,73,86.9,High
9676,84,58,69.0,Low
9677,84,70,83.3,Moderate
9678,84,82,97.6,High
9679,84,61,72.6,Moderate
9680,84,72,85.7,High
9682,84,84,100.0,High
9684,84,77,91.7,High
9685,84,79,94.0,High
9689,84,70,83.3,Moderate
9695,84,78,92.9,High
9697,84,84,100.0,High
9699,84,71,84.5,Moderate
9700,84,83,98.8,High
9701,84,77,91.7,High
9702,84,68,81.0,Moderate
9704,84,84,100.0,High
9705,84,66,78.6,Moderate
9706,84,84,100.0,High
9707,84,76,90.5,High
9708,84,78,92.9,High
9710,84,65,77.4,Moderate
9712,84,84,100.0,High
9714,84,68,81.0,Moderate
9716,84,60,71.4,Moderate
9717,84,84,100.0,High
9718,84,69,82.1,Moderate
9720,84,73,86.9,High
9723,84,76,90.5,High
9727,84,69,82.1,Moderate
9730,84,81,96.4,High
9732,84,68,81.0,Moderate
9733,84,60,71.4,Moderate
9741,84,68,81.0,Moderate
9743,84,69,82.1,Moderate
9744,84,84,100.0,High
9746,84,68,81.0,Moderate
9748,84,79,94.0,High
9749,84,82,97.6,High
9750,84,62,73.8,Moderate
9751,84,65,77.4,Moderate
9753,84,68,81.0,Moderate
9755,84,64,76.2,Moderate
9759,84,81,96.4,High
9760,84,67,79.8,Moderate
9761,84,84,100.0,High
9763,84,80,95.2,High
9764,84,69,82.1,Moderate
9766,84,72,85.7,High
9768,84,73,86.9,High
9775,84,83,98.8,High
9777,84,60,71.4,Moderate
9778,84,84,100.0,High
9781,84,74,88.1,High
9784,84,77,91.7,High
9785,84,72,85.7,High
9787,84,67,79.8,Moderate
9791,84,73,86.9,High
9794,84,65,77.4,Moderate
9795,84,79,94.0,High
9797,84,84,100.0,High
9800,84,59,70.2,Moderate
9802,84,84,100.0,High
9806,84,72,85.7,High
9810,84,84,100.0,High
9811,84,82,97.6,High
9816,84,69,82.1,Moderate
9818,84,76,90.5,High
9822,84,58,69.0,Low
9825,84,84,100.0,High
9828,84,75,89.3,High
9829,84,81,96.4,High
9831,84,79,94.0,High
9836,84,68,81.0,Moderate
9840,84,73,86.9,High
9842,84,82,97.6,High
9844,84,75,89.3,High
9845,84,84,100.0,High
9846,84,72,85.7,High
9847,84,66,78.6,Moderate
9848,84,81,96.4,High
9849,84,67,79.8,Moderate
9853,84,82,97.6,High
9854,84,58,69.0,Low
9858,84,84,100.0,High
9859,84,63,75.0,Moderate
9862,84,70,83.3,Moderate
9863,84,75,89.3,High
9866,84,73,86.9,High
9868,84,71,84.5,Moderate
9870,84,76,90.5,High
9871,84,67,79.8,Moderate
9872,84,77,91.7,High
9875,84,73,86.9,High
9876,84,53,63.1,Low
9881,84,69,82.1,Moderate
9885,84,67,79.8,Moderate
9888,84,73,86.9,High
9889,84,58,69.0,Low
9890,84,66,78.6,Moderate
9892,84,64,76.2,Moderate
9893,84,83,98.8,High
9894,84,68,81.0,Moderate
9895,84,79,94.0,High
9896,84,77,91.7,High
9897,84,60,71.4,Moderate
9901,84,74,88.1,High
9904,84,73,86.9,High
9905,84,84,100.0,High
9906,84,71,84.5,Moderate
9911,84,69,82.1,Moderate
9912,84,70,83.3,Moderate
9913,84,60,71.4,Moderate
9914,84,59,70.2,Moderate
9915,84,81,96.4,High
9917,84,75,89.3,High
9919,84,84,100.0,High
9921,84,78,92.9,High
9922,84,84,100.0,High
9924,84,74,88.1,High
9926,84,76,90.5,High
9928,84,46,54.8,Low
9929,84,73,86.9,High
9930,84,77,91.7,High
9932,84,84,100.0,High
9933,84,72,85.7,High
9938,84,67,79.8,Moderate
9945,84,62,73.8,Moderate
9947,84,54,64.3,Low
9948,84,74,88.1,High
9949,84,69,82.1,Moderate
9953,84,78,92.9,High
9954,84,82,97.6,High
9955,84,69,82.1,Moderate
9956,84,73,86.9,High
9957,84,68,81.0,Moderate
9959,84,65,77.4,Moderate
9961,84,63,75.0,Moderate
9967,84,84,100.0,High
9971,84,77,91.7,High
9972,84,64,76.2,Moderate
9977,84,84,100.0,High
9978,84,70,83.3,Moderate
9980,84,82,97.6,High
9982,84,68,81.0,Moderate
9983,84,77,91.7,High
9985,84,71,84.5,Moderate
9989,84,63,75.0,Moderate
9991,84,67,79.8,Moderate
9993,84,66,78.6,Moderate
10000,84,66,78.6,Moderate
