Participant_ID,Site_ID,Age,Gender,Baseline_Severity,Risk_Category,Treatment_Arm,Baseline_Score,Endpoint_Score,Outcome_Change,Response_Status
1,5,61,Female,Moderate,Medium,Control,87.3,66.5,20.8,Responder
2,13,55,Female,Mild,Low,Treatment,43.6,30.6,13.0,Responder
3,23,57,Female,Severe,Medium,Control,53.4,36.5,16.9,Responder
4,1,37,Male,Mild,Medium,Control,66.8,58.4,8.4,Non-Responder
5,6,49,Female,Moderate,Medium,Control,80.9,63.5,17.4,Responder
6,7,41,Male,Severe,Medium,Treatment,76.1,67.4,8.7,Non-Responder
7,31,36,Female,Mild,Medium,Treatment,55.0,39.6,15.4,Responder
8,40,81,Male,Severe,Low,Control,65.6,57.2,8.4,Non-Responder
9,19,66,Female,Severe,Medium,Control,73.1,60.5,12.6,Responder
10,21,40,Male,Moderate,High,Control,50.9,32.7,18.2,Responder
11,14,63,Female,Moderate,Low,Control,60.1,47.3,12.8,Responder
12,35,48,Female,Mild,Low,Treatment,55.5,40.9,14.6,Responder
13,16,51,Female,Mild,Low,Treatment,49.9,31.1,18.8,Responder
14,34,66,Male,Moderate,Medium,Treatment,62.6,56.9,5.7,Non-Responder
15,14,63,Female,Moderate,Low,Control,83.2,73.5,9.7,Non-Responder
16,18,50,Female,Mild,High,Treatment,47.9,28.0,19.9,Responder
17,13,42,Female,Severe,Low,Control,84.0,84.2,-0.2,Non-Responder
18,19,55,Female,Moderate,Medium,Control,49.3,38.9,10.4,Responder
19,4,74,Male,Mild,Low,Control,56.3,47.7,8.6,Non-Responder
20,31,68,Male,Moderate,Medium,Treatment,66.3,59.3,7.0,Non-Responder
21,1,66,Female,Mild,Low,Control,55.8,55.5,0.3,Non-Responder
22,12,67,Female,Mild,Medium,Control,61.4,52.2,9.2,Non-Responder
23,19,57,Female,Moderate,Medium,Control,56.4,53.7,2.7,Non-Responder
24,31,46,Female,Moderate,Medium,Control,77.4,77.0,0.4,Non-Responder
25,22,52,Female,Moderate,Low,Treatment,53.4,44.4,9.0,Non-Responder
26,21,82,Male,Moderate,Low,Control,65.4,65.7,-0.3,Non-Responder
27,32,47,Female,Severe,Low,Control,82.9,73.0,9.9,Non-Responder
28,32,77,Female,Moderate,Low,Control,78.2,70.4,7.8,Non-Responder
29,26,59,Female,Severe,Medium,Treatment,95.5,62.9,32.6,Responder
30,35,38,Female,Mild,Low,Control,42.2,56.8,-14.6,Non-Responder
31,29,58,Female,Moderate,Low,Control,51.1,39.8,11.3,Responder
32,11,44,Male,Moderate,Medium,Control,75.8,65.5,10.3,Responder
33,27,40,Female,Moderate,High,Control,65.5,50.7,14.8,Responder
34,10,61,Female,Moderate,High,Treatment,57.6,42.8,14.8,Responder
35,15,45,Male,Severe,Medium,Treatment,66.3,36.7,29.6,Responder
36,5,46,Female,Mild,Low,Treatment,42.9,43.4,-0.5,Non-Responder
37,35,52,Female,Mild,Low,Treatment,59.7,69.2,-9.5,Non-Responder
38,26,34,Male,Severe,Low,Treatment,60.6,48.8,11.8,Responder
39,1,59,Female,Mild,Low,Control,51.3,35.2,16.1,Responder
40,30,56,Female,Moderate,Medium,Control,54.6,61.5,-6.9,Non-Responder
41,28,38,Male,Mild,High,Treatment,55.5,31.4,24.1,Responder
42,14,56,Male,Mild,Low,Control,41.0,48.1,-7.1,Non-Responder
43,40,46,Male,Mild,Medium,Treatment,76.2,81.7,-5.5,Non-Responder
44,7,35,Male,Mild,Medium,Control,49.6,36.6,13.0,Responder
45,9,72,Male,Mild,Medium,Control,50.6,42.6,8.0,Non-Responder
46,18,33,Female,Mild,Low,Treatment,58.9,33.7,25.2,Responder
47,29,57,Female,Moderate,Low,Treatment,85.1,70.9,14.2,Responder
48,3,45,Male,Moderate,Low,Control,70.8,50.1,20.7,Responder
49,35,52,Male,Mild,Low,Treatment,57.9,52.4,5.5,Non-Responder
50,24,42,Male,Severe,Unknown,Control,80.1,70.3,9.8,Non-Responder
51,34,25,Male,Severe,Medium,Control,77.4,60.4,17.0,Responder
52,30,52,Male,Severe,High,Control,72.5,61.0,11.5,Responder
53,5,64,Female,Mild,Low,Treatment,43.2,33.2,10.0,Responder
54,40,42,Male,Mild,Medium,Control,47.3,25.5,21.8,Responder
55,29,38,Male,Moderate,Medium,Control,60.9,58.9,2.0,Non-Responder
56,7,47,Female,Moderate,Medium,Treatment,59.7,45.0,14.7,Responder
57,9,66,Female,Moderate,Low,Treatment,51.6,33.9,17.7,Responder
58,29,47,Female,Moderate,Low,Control,79.7,80.1,-0.4,Non-Responder
59,40,74,Male,Severe,Low,Treatment,65.4,42.5,22.9,Responder
60,27,70,Male,Moderate,Medium,Control,68.8,48.6,20.2,Responder
61,2,53,Female,Moderate,Low,Treatment,55.0,19.8,35.2,Responder
62,4,39,Female,Moderate,Low,Control,70.3,61.1,9.2,Non-Responder
63,33,49,Male,Mild,Medium,Treatment,51.3,32.4,18.9,Responder
64,16,41,Male,Moderate,Medium,Control,72.4,64.4,8.0,Non-Responder
65,17,33,Male,Mild,Low,Control,59.2,52.6,6.6,Non-Responder
66,1,44,Female,Mild,Low,Treatment,62.9,50.4,12.5,Responder
67,14,56,Male,Mild,Low,Control,53.1,41.4,11.7,Responder
68,37,58,Female,Mild,High,Treatment,61.9,53.0,8.9,Non-Responder
69,22,82,Female,Severe,Low,Treatment,81.9,78.8,3.1,Non-Responder
70,25,50,Female,Severe,Medium,Treatment,57.6,33.8,23.8,Responder
71,29,56,Male,Mild,Medium,Control,59.0,57.0,2.0,Non-Responder
72,20,78,Male,Mild,Medium,Treatment,43.9,36.7,7.2,Non-Responder
73,39,54,Female,Moderate,Medium,Control,65.8,63.1,2.7,Non-Responder
74,21,58,Female,Mild,High,Treatment,42.7,38.5,4.2,Non-Responder
75,9,58,Male,Mild,Medium,Control,78.6,70.5,8.1,Non-Responder
76,32,26,Female,Mild,Low,Treatment,44.0,36.0,8.0,Non-Responder
77,30,65,Male,Mild,Low,Treatment,70.0,43.3,26.7,Responder
78,28,45,Female,Mild,Medium,Control,43.8,40.3,3.5,Non-Responder
79,3,43,Female,Severe,Low,Treatment,80.3,63.7,16.6,Responder
80,40,42,Male,Mild,Low,Control,46.7,43.6,3.1,Non-Responder
81,33,46,Male,Mild,Medium,Treatment,46.1,18.9,27.2,Responder
82,17,62,Male,Moderate,Low,Treatment,50.4,43.6,6.8,Non-Responder
83,30,52,Male,Moderate,Medium,Control,62.9,51.2,11.7,Responder
84,35,43,Female,Moderate,Low,Treatment,66.9,44.6,22.3,Responder
85,4,37,Male,Moderate,Medium,Treatment,78.2,49.5,28.7,Responder
86,18,47,Male,Mild,Low,Control,48.9,39.8,9.1,Non-Responder
87,32,60,Male,Mild,High,Control,41.4,36.4,5.0,Non-Responder
88,13,53,Male,Moderate,Medium,Control,46.5,27.0,19.5,Responder
89,29,62,Male,Moderate,Medium,Control,61.4,63.2,-1.8,Non-Responder
90,2,51,Female,Mild,Medium,Treatment,48.8,23.3,25.5,Responder
91,6,43,Female,Severe,Low,Control,65.6,54.2,11.4,Responder
92,40,33,Female,Severe,High,Treatment,71.6,58.6,13.0,Responder
93,16,62,Male,Mild,Medium,Treatment,55.8,38.5,17.3,Responder
94,6,25,Female,Moderate,Low,Control,66.9,41.2,25.7,Responder
95,18,49,Female,Severe,High,Treatment,60.8,57.4,3.4,Non-Responder
96,7,34,Female,Moderate,Low,Treatment,73.9,61.5,12.4,Responder
97,16,45,Female,Severe,Low,Treatment,72.9,70.1,2.8,Non-Responder
98,26,36,Female,Mild,Medium,Treatment,44.8,31.6,13.2,Responder
99,27,80,Male,Mild,Low,Treatment,54.3,47.0,7.3,Non-Responder
100,20,73,Male,Moderate,High,Treatment,57.4,34.3,23.1,Responder
101,33,66,Female,Moderate,Low,Treatment,49.1,47.1,2.0,Non-Responder
102,29,51,Female,Moderate,Medium,Treatment,43.4,18.9,24.5,Responder
103,31,42,Female,Mild,Medium,Control,45.7,45.3,0.4,Non-Responder
104,8,60,Male,Mild,High,Control,39.0,32.5,6.5,Non-Responder
105,37,41,Male,Moderate,Low,Treatment,54.3,40.2,14.1,Responder
106,20,26,Female,Moderate,Low,Control,61.9,65.9,-4.0,Non-Responder
107,1,52,Male,Mild,Low,Treatment,71.9,44.3,27.6,Responder
108,11,34,Female,Severe,Low,Control,72.5,63.2,9.3,Non-Responder
109,29,74,Female,Mild,Medium,Treatment,59.2,38.8,20.4,Responder
110,18,40,Male,Moderate,Low,Control,70.9,56.5,14.4,Responder
111,2,41,Male,Moderate,Medium,Control,54.3,48.2,6.1,Non-Responder
112,10,54,Male,Severe,Low,Treatment,67.8,59.8,8.0,Non-Responder
113,40,75,Male,Severe,Low,Treatment,87.5,73.3,14.2,Responder
114,36,61,Female,Mild,Low,Treatment,43.0,44.8,-1.8,Non-Responder
115,17,77,Male,Severe,Medium,Treatment,77.9,73.3,4.6,Non-Responder
116,37,50,Female,Mild,Low,Control,50.2,36.9,13.3,Responder
117,29,42,Female,Mild,High,Treatment,52.3,52.0,0.3,Non-Responder
118,38,55,Male,Mild,Medium,Control,39.6,20.6,19.0,Responder
119,33,45,Male,Moderate,Low,Control,67.6,48.0,19.6,Responder
120,37,43,Female,Moderate,Medium,Treatment,59.2,44.6,14.6,Responder
121,35,71,Female,Moderate,Medium,Treatment,72.4,53.3,19.1,Responder
122,25,58,Male,Moderate,Low,Treatment,68.2,41.9,26.3,Responder
123,33,52,Male,Mild,Low,Treatment,46.5,31.2,15.3,Responder
124,13,23,Male,Severe,Medium,Treatment,76.2,52.3,23.9,Responder
125,31,46,Female,Moderate,High,Treatment,51.7,35.6,16.1,Responder
126,10,58,Male,Mild,Low,Control,36.6,43.9,-7.3,Non-Responder
127,13,38,Male,Moderate,High,Treatment,60.5,51.9,8.6,Non-Responder
128,23,26,Male,Moderate,Medium,Treatment,60.5,37.0,23.5,Responder
129,11,64,Female,Moderate,Low,Control,45.9,58.0,-12.1,Non-Responder
130,5,45,Female,Mild,Low,Control,65.9,68.2,-2.3,Non-Responder
131,39,56,Female,Moderate,High,Control,74.8,73.7,1.1,Non-Responder
132,40,62,Male,Moderate,Medium,Treatment,53.2,34.2,19.0,Responder
133,18,33,Male,Severe,High,Control,64.9,62.3,2.6,Non-Responder
134,2,71,Female,Mild,Low,Control,53.5,37.2,16.3,Responder
135,7,53,Female,Moderate,Low,Treatment,58.3,47.8,10.5,Responder
136,23,63,Male,Moderate,Low,Control,57.6,54.2,3.4,Non-Responder
137,20,55,Male,Moderate,Low,Control,80.0,74.7,5.3,Non-Responder
138,31,57,Male,Moderate,Medium,Treatment,87.4,75.3,12.1,Responder
139,25,49,Female,Severe,High,Control,69.2,69.9,-0.7,Non-Responder
140,14,62,Female,Mild,Low,Control,64.3,44.0,20.3,Responder
141,6,28,Female,Moderate,Medium,Treatment,87.8,78.5,9.3,Non-Responder
142,38,43,Male,Moderate,Low,Treatment,54.0,46.3,7.7,Non-Responder
143,5,55,Female,Mild,Low,Control,47.2,51.9,-4.7,Non-Responder
144,16,55,Female,Severe,Medium,Control,72.2,58.3,13.9,Responder
145,23,63,Female,Mild,Low,Treatment,60.0,58.4,1.6,Non-Responder
146,14,50,Male,Mild,Low,Treatment,48.4,34.4,14.0,Responder
147,5,56,Female,Mild,Low,Treatment,47.6,34.1,13.5,Responder
148,9,53,Male,Moderate,Medium,Treatment,73.4,61.4,12.0,Responder
149,11,38,Male,Severe,Low,Treatment,73.0,61.6,11.4,Responder
150,13,43,Male,Severe,Medium,Treatment,77.8,71.9,5.9,Non-Responder
151,37,61,Female,Severe,Low,Control,63.6,47.7,15.9,Responder
152,13,40,Male,Moderate,High,Treatment,42.8,26.9,15.9,Responder
153,19,50,Female,Moderate,Medium,Control,52.7,53.9,-1.2,Non-Responder
154,16,54,Female,Mild,High,Treatment,68.3,56.8,11.5,Responder
155,21,54,Female,Moderate,High,Treatment,62.5,36.1,26.4,Responder
156,3,44,Female,Moderate,High,Treatment,44.2,39.3,4.9,Non-Responder
157,29,24,Female,Mild,Medium,Treatment,57.8,42.0,15.8,Responder
158,4,52,Male,Mild,High,Control,59.0,57.5,1.5,Non-Responder
159,15,45,Female,Severe,Low,Control,70.5,62.7,7.8,Non-Responder
160,39,63,Male,Moderate,Medium,Treatment,59.9,47.0,12.9,Responder
161,27,69,Male,Mild,Low,Control,47.1,36.4,10.7,Responder
162,13,59,Male,Mild,Low,Treatment,61.3,48.0,13.3,Responder
163,39,53,Male,Moderate,Medium,Treatment,42.3,29.4,12.9,Responder
164,39,56,Female,Mild,High,Control,57.6,43.2,14.4,Responder
165,28,64,Female,Moderate,Medium,Treatment,47.4,44.9,2.5,Non-Responder
166,39,47,Male,Severe,Low,Control,65.7,47.2,18.5,Responder
167,33,58,Female,Moderate,Medium,Treatment,53.8,27.2,26.6,Responder
168,1,49,Female,Moderate,Low,Control,57.7,63.1,-5.4,Non-Responder
169,10,61,Female,Severe,High,Treatment,59.6,35.7,23.9,Responder
170,25,59,Male,Mild,Medium,Treatment,51.5,36.4,15.1,Responder
171,27,47,Male,Moderate,Medium,Control,72.3,50.9,21.4,Responder
172,26,46,Female,Moderate,Low,Treatment,69.0,60.0,9.0,Non-Responder
173,1,71,Female,Severe,High,Control,73.1,60.6,12.5,Responder
174,9,73,Female,Moderate,Medium,Treatment,72.7,59.3,13.4,Responder
175,36,82,Male,Moderate,High,Treatment,46.1,32.7,13.4,Responder
176,26,47,Male,Moderate,Low,Treatment,50.2,40.2,10.0,Responder
177,39,38,Male,Moderate,Low,Treatment,41.9,24.1,17.8,Responder
178,36,31,Male,Severe,Low,Control,84.7,62.3,22.4,Responder
179,14,57,Male,Mild,Medium,Treatment,52.7,42.7,10.0,Responder
180,6,28,Female,Severe,Medium,Treatment,73.0,52.9,20.1,Responder
181,40,43,Male,Mild,Low,Treatment,64.7,45.4,19.3,Responder
182,20,56,Female,Mild,Low,Control,45.2,40.1,5.1,Non-Responder
183,11,62,Male,Moderate,Medium,Control,66.0,50.9,15.1,Responder
184,7,46,Male,Mild,Medium,Control,67.4,55.6,11.8,Responder
185,18,30,Female,Moderate,Low,Treatment,57.1,41.5,15.6,Responder
186,24,48,Male,Moderate,Medium,Treatment,64.8,44.7,20.1,Responder
187,29,63,Female,Mild,Medium,Treatment,51.2,38.1,13.1,Responder
188,4,39,Female,Severe,Low,Control,67.1,51.8,15.3,Responder
189,30,53,Female,Moderate,Low,Control,59.4,45.6,13.8,Responder
190,33,76,Male,Moderate,Medium,Control,70.3,49.9,20.4,Responder
191,32,24,Male,Mild,Low,Control,33.5,30.1,3.4,Non-Responder
192,3,59,Male,Moderate,Medium,Treatment,56.1,30.6,25.5,Responder
193,12,31,Male,Mild,High,Treatment,61.5,49.3,12.2,Responder
194,10,76,Female,Moderate,Low,Control,61.2,62.4,-1.2,Non-Responder
195,20,39,Female,Moderate,Medium,Control,42.6,23.5,19.1,Responder
196,16,64,Female,Moderate,Low,Control,79.6,83.8,-4.2,Non-Responder
197,8,43,Female,Severe,Low,Control,91.4,78.7,12.7,Responder
198,3,52,Female,Moderate,Medium,Treatment,68.1,58.9,9.2,Non-Responder
199,4,34,Female,Moderate,Low,Treatment,55.5,41.0,14.5,Responder
200,9,31,Male,Moderate,Medium,Treatment,60.2,47.5,12.7,Responder
201,28,51,Female,Moderate,High,Control,72.2,67.3,4.9,Non-Responder
202,36,56,Male,Moderate,Low,Treatment,51.8,47.1,4.7,Non-Responder
203,39,53,Female,Moderate,Medium,Control,57.1,58.8,-1.7,Non-Responder
204,29,44,Male,Moderate,Low,Control,53.6,30.8,22.8,Responder
205,15,65,Female,Moderate,Low,Control,64.0,48.4,15.6,Responder
206,22,55,Female,Moderate,High,Control,66.4,57.6,8.8,Non-Responder
207,9,42,Female,Severe,Medium,Control,62.2,48.6,13.6,Responder
208,36,62,Female,Moderate,Medium,Control,72.0,71.5,0.5,Non-Responder
209,8,48,Male,Moderate,High,Treatment,71.5,60.5,11.0,Responder
210,36,60,Male,Severe,Low,Treatment,60.7,64.3,-3.6,Non-Responder
211,22,48,Female,Moderate,Low,Treatment,63.3,55.5,7.8,Non-Responder
212,25,52,Male,Moderate,Medium,Control,54.2,56.3,-2.1,Non-Responder
213,34,52,Female,Moderate,Medium,Control,79.3,80.7,-1.4,Non-Responder
214,8,52,Male,Severe,Low,Treatment,92.4,82.9,9.5,Non-Responder
215,15,57,Female,Severe,Medium,Control,63.4,45.8,17.6,Responder
216,1,66,Female,Severe,Medium,Control,91.0,76.6,14.4,Responder
217,1,48,Male,Moderate,Medium,Treatment,73.1,59.4,13.7,Responder
218,35,60,Female,Severe,High,Control,58.7,37.0,21.7,Responder
219,16,27,Male,Mild,Low,Control,79.3,74.1,5.2,Non-Responder
220,39,40,Male,Severe,Low,Treatment,56.6,50.8,5.8,Non-Responder
221,35,82,Male,Severe,Medium,Control,80.2,64.2,16.0,Responder
222,33,48,Male,Moderate,High,Treatment,86.3,84.0,2.3,Non-Responder
223,1,40,Male,Mild,Medium,Control,46.4,38.0,8.4,Non-Responder
224,34,47,Female,Mild,Low,Control,52.0,50.4,1.6,Non-Responder
225,3,50,Male,Moderate,Low,Treatment,59.7,30.9,28.8,Responder
226,6,50,Female,Mild,Low,Treatment,72.8,70.0,2.8,Non-Responder
227,11,56,Male,Moderate,Low,Treatment,60.3,44.5,15.8,Responder
228,33,52,Female,Mild,Medium,Treatment,63.8,54.4,9.4,Non-Responder
229,15,46,Female,Mild,Low,Treatment,37.8,26.6,11.2,Responder
230,9,50,Female,Moderate,High,Treatment,49.5,39.1,10.4,Responder
231,2,64,Male,Moderate,Medium,Treatment,52.9,44.4,8.5,Non-Responder
232,29,46,Male,Mild,Medium,Treatment,65.0,42.7,22.3,Responder
233,9,60,Male,Moderate,High,Treatment,55.4,42.2,13.2,Responder
234,40,51,Male,Mild,Medium,Treatment,33.6,18.8,14.8,Responder
235,34,41,Female,Mild,Low,Control,36.1,28.4,7.7,Non-Responder
236,3,25,Female,Mild,Medium,Control,58.7,60.1,-1.4,Non-Responder
237,25,58,Male,Moderate,Medium,Control,53.0,40.8,12.2,Responder
238,31,49,Female,Moderate,Medium,Control,58.9,61.2,-2.3,Non-Responder
239,32,63,Female,Mild,Low,Control,53.1,51.7,1.4,Non-Responder
240,33,56,Male,Moderate,Medium,Treatment,54.7,27.3,27.4,Responder
241,7,64,Male,Moderate,Low,Control,57.3,60.3,-3.0,Non-Responder
242,34,64,Male,Moderate,Low,Treatment,65.4,49.6,15.8,Responder
243,27,57,Male,Moderate,Medium,Control,51.9,37.0,14.9,Responder
244,10,69,Female,Moderate,Low,Control,57.2,46.4,10.8,Responder
245,40,49,Male,Mild,Low,Treatment,61.1,44.4,16.7,Responder
246,37,76,Male,Mild,Medium,Treatment,57.4,36.9,20.5,Responder
247,7,49,Male,Moderate,Medium,Treatment,81.3,74.7,6.6,Non-Responder
248,24,54,Male,Moderate,Medium,Control,49.1,33.8,15.3,Responder
249,7,72,Male,Mild,Medium,Control,45.3,47.0,-1.7,Non-Responder
250,15,69,Female,Mild,Medium,Control,45.5,26.8,18.7,Responder
251,23,57,Male,Moderate,Low,Control,72.6,66.5,6.1,Non-Responder
252,36,62,Male,Moderate,High,Treatment,58.4,48.7,9.7,Non-Responder
253,8,80,Female,Severe,Medium,Treatment,81.3,51.8,29.5,Responder
254,26,31,Male,Moderate,Medium,Treatment,62.4,47.6,14.8,Responder
255,6,59,Male,Moderate,Low,Control,55.9,49.4,6.5,Non-Responder
256,30,67,Female,Mild,High,Treatment,55.3,35.8,19.5,Responder
257,21,44,Male,Mild,Medium,Control,42.2,34.4,7.8,Non-Responder
258,14,62,Male,Severe,Medium,Treatment,67.7,52.0,15.7,Responder
259,5,49,Female,Moderate,Medium,Treatment,58.4,44.7,13.7,Responder
260,21,54,Male,Severe,Medium,Control,97.3,87.0,10.3,Responder
261,9,39,Male,Mild,High,Treatment,55.8,39.5,16.3,Responder
262,23,75,Female,Severe,Low,Control,76.8,60.0,16.8,Responder
263,4,63,Female,Moderate,High,Treatment,65.8,66.9,-1.1,Non-Responder
264,17,41,Female,Mild,High,Treatment,58.3,35.7,22.6,Responder
265,23,29,Female,Moderate,Medium,Treatment,56.9,42.7,14.2,Responder
266,12,53,Male,Moderate,Medium,Control,55.4,33.3,22.1,Responder
267,29,55,Male,Moderate,Low,Treatment,90.6,78.5,12.1,Responder
268,28,40,Male,Moderate,Low,Treatment,65.4,57.3,8.1,Non-Responder
269,38,53,Male,Severe,Low,Treatment,77.3,60.8,16.5,Responder
270,27,59,Female,Mild,Medium,Control,74.3,75.4,-1.1,Non-Responder
271,23,63,Male,Moderate,Medium,Treatment,62.2,47.5,14.7,Responder
272,10,54,Male,Mild,High,Control,46.3,47.2,-0.9,Non-Responder
273,28,57,Female,Moderate,High,Treatment,68.2,33.6,34.6,Responder
274,16,67,Female,Moderate,Medium,Treatment,56.7,43.5,13.2,Responder
275,32,61,Female,Severe,Low,Control,62.4,58.0,4.4,Non-Responder
276,5,36,Male,Moderate,Low,Control,58.4,50.2,8.2,Non-Responder
277,20,35,Female,Moderate,Low,Treatment,74.3,59.7,14.6,Responder
278,24,36,Female,Severe,High,Treatment,55.4,39.6,15.8,Responder
279,18,48,Male,Moderate,Medium,Control,61.4,50.7,10.7,Responder
280,14,54,Female,Mild,Low,Control,53.3,50.6,2.7,Non-Responder
281,20,52,Female,Severe,Medium,Control,97.9,86.6,11.3,Responder
282,22,56,Female,Mild,Medium,Control,71.1,64.0,7.1,Non-Responder
283,8,40,Female,Moderate,Low,Treatment,62.2,44.7,17.5,Responder
284,29,67,Male,Mild,Low,Control,50.8,46.8,4.0,Non-Responder
285,36,60,Female,Moderate,Medium,Control,52.6,48.8,3.8,Non-Responder
286,29,55,Female,Mild,Low,Control,48.1,53.9,-5.8,Non-Responder
287,13,45,Female,Moderate,Medium,Control,72.0,64.6,7.4,Non-Responder
288,40,33,Male,Severe,Low,Control,62.5,68.6,-6.1,Non-Responder
289,25,82,Female,Moderate,High,Treatment,46.8,28.9,17.9,Responder
290,23,51,Male,Mild,Medium,Control,51.7,56.2,-4.5,Non-Responder
291,24,49,Male,Moderate,Unknown,Treatment,54.7,34.6,20.1,Responder
292,12,32,Female,Moderate,Low,Control,71.1,52.6,18.5,Responder
293,16,64,Female,Mild,Low,Treatment,69.4,52.5,16.9,Responder
294,24,59,Female,Moderate,Low,Treatment,60.0,50.0,10.0,Responder
295,26,74,Female,Severe,Medium,Treatment,67.4,33.4,34.0,Responder
296,1,41,Female,Mild,Low,Control,58.0,51.5,6.5,Non-Responder
297,4,19,Female,Moderate,High,Control,54.1,47.2,6.9,Non-Responder
298,31,59,Male,Moderate,Low,Control,62.4,56.9,5.5,Non-Responder
299,15,62,Female,Moderate,Low,Treatment,46.9,24.1,22.8,Responder
300,19,57,Female,Severe,Low,Control,83.9,80.7,3.2,Non-Responder
301,17,39,Female,Moderate,Medium,Treatment,73.2,65.0,8.2,Non-Responder
302,10,65,Male,Moderate,Medium,Treatment,56.3,43.6,12.7,Responder
303,3,33,Female,Moderate,Low,Treatment,59.4,34.7,24.7,Responder
304,22,48,Female,Severe,Low,Control,82.5,76.2,6.3,Non-Responder
305,40,52,Female,Moderate,Low,Control,79.6,73.2,6.4,Non-Responder
306,28,59,Male,Moderate,Low,Control,61.7,52.6,9.1,Non-Responder
307,5,71,Male,Mild,Low,Treatment,56.7,59.4,-2.7,Non-Responder
308,13,55,Male,Severe,Medium,Treatment,66.4,53.5,12.9,Responder
309,23,55,Male,Moderate,Low,Control,78.5,64.7,13.8,Responder
310,11,44,Female,Mild,Medium,Treatment,40.0,34.3,5.7,Non-Responder
311,2,76,Female,Severe,High,Control,73.7,52.5,21.2,Responder
312,18,67,Female,Moderate,Low,Treatment,39.3,24.0,15.3,Responder
313,8,48,Male,Moderate,Medium,Treatment,61.1,43.4,17.7,Responder
314,21,45,Female,Moderate,Low,Treatment,71.8,55.3,16.5,Responder
315,21,55,Female,Moderate,Low,Control,87.6,72.2,15.4,Responder
316,2,60,Female,Mild,Low,Control,55.2,52.1,3.1,Non-Responder
317,12,64,Female,Severe,Unknown,Treatment,65.9,50.3,15.6,Responder
318,30,51,Male,Mild,High,Treatment,45.7,36.0,9.7,Non-Responder
319,16,35,Male,Mild,Medium,Control,58.9,58.1,0.8,Non-Responder
320,10,33,Male,Mild,Medium,Treatment,55.8,49.3,6.5,Non-Responder
321,34,62,Female,Severe,Low,Control,70.8,61.8,9.0,Non-Responder
322,33,49,Male,Mild,Medium,Control,30.9,10.6,20.3,Responder
323,10,48,Male,Mild,Low,Treatment,57.0,36.4,20.6,Responder
324,17,80,Female,Moderate,Medium,Treatment,46.6,45.3,1.3,Non-Responder
325,26,64,Female,Moderate,Medium,Treatment,43.1,21.4,21.7,Responder
326,6,49,Female,Moderate,Medium,Treatment,65.2,40.1,25.1,Responder
327,23,53,Female,Moderate,Medium,Treatment,54.6,38.2,16.4,Responder
328,39,70,Female,Moderate,Medium,Treatment,60.0,45.0,15.0,Responder
329,17,52,Male,Severe,Medium,Treatment,70.7,63.1,7.6,Non-Responder
330,18,47,Female,Mild,Low,Treatment,34.6,26.8,7.8,Non-Responder
331,28,57,Male,Severe,Medium,Control,76.7,73.1,3.6,Non-Responder
332,14,67,Female,Moderate,Low,Treatment,64.0,54.4,9.6,Non-Responder
333,38,42,Male,Moderate,Medium,Control,78.1,69.2,8.9,Non-Responder
334,21,59,Female,Mild,Low,Treatment,79.2,73.9,5.3,Non-Responder
335,24,62,Male,Moderate,Medium,Treatment,58.5,42.7,15.8,Responder
336,5,33,Male,Severe,Medium,Control,81.7,64.2,17.5,Responder
337,1,46,Male,Moderate,Medium,Treatment,61.5,44.8,16.7,Responder
338,28,58,Female,Moderate,Medium,Treatment,65.8,57.0,8.8,Non-Responder
339,15,49,Female,Severe,High,Treatment,72.0,54.8,17.2,Responder
340,38,61,Male,Severe,Medium,Control,54.4,34.1,20.3,Responder
341,29,54,Female,Mild,Low,Treatment,64.3,33.7,30.6,Responder
342,25,71,Female,Moderate,Low,Treatment,66.2,32.4,33.8,Responder
343,37,55,Male,Mild,Low,Treatment,43.2,21.5,21.7,Responder
344,13,58,Female,Mild,Medium,Control,59.9,53.4,6.5,Non-Responder
345,23,58,Male,Mild,Medium,Treatment,55.0,44.8,10.2,Responder
346,21,40,Male,Severe,Low,Control,57.7,44.4,13.3,Responder
347,9,58,Female,Moderate,Medium,Control,66.9,59.3,7.6,Non-Responder
348,5,40,Female,Mild,Unknown,Treatment,41.1,20.0,21.1,Responder
349,38,40,Female,Mild,Medium,Treatment,60.8,53.1,7.7,Non-Responder
350,1,31,Male,Moderate,Low,Treatment,51.3,35.6,15.7,Responder
351,17,77,Female,Moderate,High,Treatment,60.7,52.4,8.3,Non-Responder
352,1,75,Female,Moderate,Medium,Treatment,53.3,37.9,15.4,Responder
353,2,54,Male,Mild,Low,Control,46.9,43.0,3.9,Non-Responder
354,22,40,Female,Severe,Low,Control,77.1,71.8,5.3,Non-Responder
355,12,62,Female,Mild,Medium,Treatment,67.4,53.9,13.5,Responder
356,31,48,Female,Mild,Medium,Treatment,65.4,45.0,20.4,Responder
357,24,44,Female,Moderate,Low,Control,71.5,53.9,17.6,Responder
358,17,69,Male,Mild,Medium,Treatment,59.7,49.8,9.9,Non-Responder
359,30,50,Male,Mild,Low,Treatment,44.2,28.0,16.2,Responder
360,28,49,Male,Mild,Medium,Treatment,63.7,41.7,22.0,Responder
361,11,35,Male,Moderate,High,Treatment,66.0,45.2,20.8,Responder
362,35,61,Male,Mild,Low,Treatment,71.0,49.1,21.9,Responder
363,7,57,Female,Moderate,Medium,Treatment,44.7,35.8,8.9,Non-Responder
364,13,65,Female,Moderate,Low,Treatment,53.5,43.2,10.3,Responder
365,20,52,Female,Moderate,Medium,Control,66.4,48.5,17.9,Responder
366,9,45,Female,Mild,High,Control,47.6,48.5,-0.9,Non-Responder
367,30,26,Male,Moderate,Low,Control,64.8,53.3,11.5,Responder
368,40,53,Male,Moderate,High,Control,64.4,69.3,-4.9,Non-Responder
369,17,81,Female,Severe,Medium,Control,79.7,73.6,6.1,Non-Responder
370,22,49,Male,Mild,Low,Control,57.7,49.8,7.9,Non-Responder
371,15,31,Female,Moderate,Low,Control,64.6,55.0,9.6,Non-Responder
372,36,52,Female,Moderate,Low,Control,60.2,47.3,12.9,Responder
373,22,49,Female,Severe,High,Treatment,70.9,35.4,35.5,Responder
374,22,60,Male,Moderate,Medium,Treatment,55.5,48.0,7.5,Non-Responder
375,25,69,Male,Moderate,High,Control,57.7,38.8,18.9,Responder
376,34,68,Female,Moderate,Low,Control,49.8,50.9,-1.1,Non-Responder
377,16,44,Male,Moderate,Medium,Control,52.0,39.8,12.2,Responder
378,32,53,Male,Severe,Low,Treatment,69.5,48.2,21.3,Responder
379,12,76,Female,Mild,Medium,Control,62.6,61.6,1.0,Non-Responder
380,26,73,Male,Severe,Low,Control,78.3,68.9,9.4,Non-Responder
381,36,54,Male,Moderate,Low,Treatment,68.7,56.4,12.3,Responder
382,29,72,Female,Moderate,Medium,Control,68.1,44.6,23.5,Responder
383,22,35,Male,Severe,High,Treatment,72.4,38.9,33.5,Responder
384,28,50,Male,Severe,Low,Control,69.0,64.3,4.7,Non-Responder
385,21,42,Female,Mild,Low,Treatment,44.3,22.1,22.2,Responder
386,8,59,Female,Moderate,Medium,Control,65.4,49.6,15.8,Responder
387,34,52,Male,Mild,Medium,Control,64.5,43.8,20.7,Responder
388,34,49,Male,Severe,Low,Treatment,76.2,55.0,21.2,Responder
389,29,64,Male,Moderate,High,Control,56.5,44.5,12.0,Responder
390,21,38,Female,Severe,High,Control,69.3,57.0,12.3,Responder
391,23,37,Male,Moderate,Medium,Control,67.9,64.5,3.4,Non-Responder
392,36,55,Female,Moderate,Medium,Control,62.7,54.6,8.1,Non-Responder
393,11,39,Male,Moderate,Low,Treatment,65.8,65.3,0.5,Non-Responder
394,15,46,Female,Mild,Medium,Treatment,46.8,32.6,14.2,Responder
395,15,43,Female,Severe,High,Control,78.2,62.5,15.7,Responder
396,36,74,Male,Moderate,Medium,Treatment,60.1,35.8,24.3,Responder
397,6,73,Female,Moderate,Medium,Treatment,60.7,47.8,12.9,Responder
398,12,68,Female,Moderate,Low,Treatment,53.6,34.8,18.8,Responder
399,21,66,Female,Moderate,Medium,Control,46.9,44.0,2.9,Non-Responder
400,21,44,Male,Moderate,Medium,Control,68.3,63.8,4.5,Non-Responder
401,31,52,Female,Severe,Low,Treatment,66.6,48.1,18.5,Responder
402,36,35,Female,Moderate,Low,Treatment,61.6,38.3,23.3,Responder
403,6,50,Female,Mild,Medium,Treatment,60.6,30.4,30.2,Responder
404,14,54,Male,Mild,Medium,Treatment,63.3,55.2,8.1,Non-Responder
405,2,36,Female,Moderate,Medium,Control,43.9,38.6,5.3,Non-Responder
406,39,39,Male,Moderate,Medium,Control,63.9,34.5,29.4,Responder
407,2,45,Female,Mild,Medium,Treatment,58.3,31.5,26.8,Responder
408,23,52,Female,Moderate,Medium,Control,70.8,55.2,15.6,Responder
409,15,45,Female,Moderate,Low,Control,65.4,52.6,12.8,Responder
410,2,67,Male,Moderate,Medium,Control,52.7,37.0,15.7,Responder
411,35,46,Male,Moderate,Low,Treatment,60.7,41.8,18.9,Responder
412,2,48,Female,Severe,Medium,Control,74.9,58.7,16.2,Responder
413,18,54,Male,Mild,Low,Control,58.7,47.5,11.2,Responder
414,2,42,Male,Moderate,Medium,Treatment,70.3,49.2,21.1,Responder
415,1,47,Male,Mild,High,Treatment,59.2,38.6,20.6,Responder
416,40,81,Male,Moderate,Medium,Control,61.2,57.0,4.2,Non-Responder
417,18,47,Male,Severe,Medium,Control,71.6,65.5,6.1,Non-Responder
418,13,38,Male,Moderate,Low,Treatment,57.6,34.7,22.9,Responder
419,20,47,Female,Mild,Medium,Treatment,54.9,50.2,4.7,Non-Responder
420,38,63,Male,Moderate,Medium,Control,47.4,37.5,9.9,Non-Responder
421,24,25,Male,Mild,Medium,Control,66.8,78.0,-11.2,Non-Responder
422,27,54,Female,Mild,Medium,Treatment,50.0,27.5,22.5,Responder
423,37,39,Male,Mild,Low,Treatment,62.8,68.5,-5.7,Non-Responder
424,1,47,Female,Mild,Low,Treatment,50.2,33.4,16.8,Responder
425,28,35,Male,Mild,Medium,Treatment,58.1,53.8,4.3,Non-Responder
426,15,67,Female,Severe,Medium,Treatment,64.9,53.3,11.6,Responder
427,5,40,Male,Moderate,Low,Control,67.3,47.6,19.7,Responder
428,26,54,Male,Moderate,Low,Control,61.5,52.9,8.6,Non-Responder
429,39,66,Male,Moderate,Medium,Control,72.4,62.9,9.5,Non-Responder
430,13,27,Female,Moderate,High,Control,58.4,38.7,19.7,Responder
431,19,49,Female,Moderate,Medium,Treatment,65.9,48.0,17.9,Responder
432,33,53,Female,Moderate,Low,Treatment,63.0,45.7,17.3,Responder
433,34,29,Female,Mild,Low,Control,55.6,28.7,26.9,Responder
434,5,46,Female,Moderate,Medium,Treatment,55.6,35.9,19.7,Responder
435,12,59,Male,Mild,Low,Treatment,81.0,73.4,7.6,Non-Responder
436,9,65,Male,Moderate,High,Treatment,48.2,36.9,11.3,Responder
437,9,38,Male,Severe,High,Treatment,59.7,46.3,13.4,Responder
438,1,50,Female,Moderate,Low,Treatment,37.4,17.2,20.2,Responder
439,40,51,Female,Severe,Medium,Control,75.5,68.5,7.0,Non-Responder
440,26,50,Female,Mild,Low,Treatment,46.0,32.1,13.9,Responder
441,22,64,Female,Moderate,Low,Control,46.9,37.4,9.5,Non-Responder
442,21,48,Male,Moderate,Medium,Treatment,60.6,49.0,11.6,Responder
443,22,55,Male,Severe,Medium,Treatment,79.2,50.7,28.5,Responder
444,24,54,Female,Severe,Unknown,Control,78.8,63.8,15.0,Responder
445,34,52,Male,Mild,Medium,Treatment,46.0,30.1,15.9,Responder
446,10,66,Female,Mild,Medium,Treatment,54.4,44.3,10.1,Responder
447,29,57,Male,Moderate,Medium,Control,74.8,74.2,0.6,Non-Responder
448,25,68,Female,Mild,Low,Treatment,68.4,58.6,9.8,Non-Responder
449,37,68,Female,Moderate,Medium,Treatment,54.0,44.5,9.5,Non-Responder
450,33,54,Male,Moderate,Medium,Control,67.8,72.6,-4.8,Non-Responder
451,27,40,Female,Moderate,Medium,Treatment,48.2,38.4,9.8,Non-Responder
452,7,53,Male,Moderate,Low,Control,52.2,53.3,-1.1,Non-Responder
453,9,60,Female,Moderate,Medium,Treatment,73.7,59.2,14.5,Responder
454,26,63,Female,Moderate,Low,Treatment,60.9,49.8,11.1,Responder
455,10,61,Male,Severe,Low,Treatment,100.0,82.6,17.4,Responder
456,1,54,Female,Severe,Medium,Treatment,73.2,54.1,19.1,Responder
457,26,45,Male,Moderate,Medium,Treatment,62.1,45.7,16.4,Responder
458,18,46,Female,Moderate,Low,Control,55.5,48.4,7.1,Non-Responder
459,38,46,Female,Moderate,Low,Treatment,56.2,35.0,21.2,Responder
460,35,18,Female,Moderate,Medium,Control,65.4,51.0,14.4,Responder
461,25,62,Female,Moderate,Low,Treatment,59.0,50.0,9.0,Non-Responder
462,31,55,Male,Mild,Low,Treatment,64.0,56.5,7.5,Non-Responder
463,30,73,Male,Moderate,Low,Control,75.8,71.6,4.2,Non-Responder
464,16,39,Female,Moderate,High,Treatment,66.0,53.0,13.0,Responder
465,40,50,Female,Mild,Low,Treatment,40.3,25.2,15.1,Responder
466,9,67,Female,Moderate,Medium,Control,55.7,40.9,14.8,Responder
467,23,66,Female,Mild,High,Treatment,65.8,55.0,10.8,Responder
468,29,54,Male,Moderate,Low,Treatment,55.6,53.7,1.9,Non-Responder
469,28,53,Female,Moderate,Medium,Control,66.6,64.7,1.9,Non-Responder
470,20,62,Female,Moderate,Low,Treatment,72.8,54.2,18.6,Responder
471,4,49,Male,Severe,Low,Control,83.3,64.5,18.8,Responder
472,11,45,Male,Moderate,Medium,Control,41.7,40.5,1.2,Non-Responder
473,20,51,Male,Moderate,Low,Control,73.5,72.0,1.5,Non-Responder
474,10,58,Male,Mild,High,Control,50.5,46.0,4.5,Non-Responder
475,37,58,Female,Moderate,Low,Treatment,47.8,35.2,12.6,Responder
476,38,81,Male,Severe,High,Control,81.7,87.0,-5.3,Non-Responder
477,36,37,Male,Mild,High,Treatment,57.1,37.2,19.9,Responder
478,14,51,Female,Severe,Medium,Treatment,68.4,56.4,12.0,Responder
479,13,57,Female,Severe,Low,Treatment,45.8,22.1,23.7,Responder
480,30,62,Female,Severe,Medium,Treatment,65.4,39.0,26.4,Responder
481,21,64,Female,Moderate,Low,Treatment,83.6,68.1,15.5,Responder
482,16,70,Female,Mild,High,Control,37.8,36.5,1.3,Non-Responder
483,27,77,Female,Moderate,High,Treatment,48.6,49.8,-1.2,Non-Responder
484,26,33,Male,Moderate,Medium,Control,59.6,30.6,29.0,Responder
485,13,27,Male,Mild,Medium,Control,54.8,45.1,9.7,Non-Responder
486,5,69,Female,Mild,Medium,Treatment,55.3,21.8,33.5,Responder
487,4,67,Male,Mild,Medium,Control,59.9,45.6,14.3,Responder
488,36,52,Male,Moderate,Medium,Control,38.0,11.1,26.9,Responder
489,38,55,Female,Mild,Low,Control,45.2,33.3,11.9,Responder
490,23,67,Female,Mild,Medium,Control,56.5,51.6,4.9,Non-Responder
491,36,57,Male,Mild,Low,Control,54.3,41.4,12.9,Responder
492,11,45,Female,Moderate,Medium,Control,46.8,27.1,19.7,Responder
493,27,66,Female,Mild,High,Treatment,58.8,55.5,3.3,Non-Responder
494,29,59,Male,Severe,Medium,Treatment,81.2,61.2,20.0,Responder
495,23,65,Female,Severe,High,Treatment,72.7,49.7,23.0,Responder
496,38,49,Male,Moderate,Medium,Control,61.5,54.1,7.4,Non-Responder
497,14,39,Male,Mild,High,Treatment,53.1,39.2,13.9,Responder
498,23,44,Female,Moderate,Low,Treatment,67.0,61.3,5.7,Non-Responder
499,38,70,Male,Moderate,Low,Control,72.6,66.6,6.0,Non-Responder
500,24,43,Male,Moderate,Medium,Control,57.7,56.0,1.7,Non-Responder
501,27,55,Female,Moderate,Medium,Treatment,55.9,37.1,18.8,Responder
502,39,82,Male,Moderate,High,Treatment,59.7,34.2,25.5,Responder
503,18,69,Female,Moderate,Low,Treatment,56.4,44.4,12.0,Responder
504,3,64,Male,Moderate,Medium,Control,59.2,47.4,11.8,Responder
505,29,55,Male,Moderate,Low,Treatment,56.5,52.0,4.5,Non-Responder
506,3,59,Male,Moderate,High,Treatment,61.3,55.6,5.7,Non-Responder
507,32,41,Male,Mild,Low,Treatment,56.9,46.6,10.3,Responder
508,37,61,Male,Severe,Low,Treatment,84.2,66.7,17.5,Responder
509,32,58,Female,Moderate,Medium,Treatment,55.4,36.2,19.2,Responder
510,33,62,Male,Moderate,Medium,Treatment,50.4,51.6,-1.2,Non-Responder
511,22,37,Female,Moderate,High,Treatment,61.2,57.4,3.8,Non-Responder
512,18,61,Female,Mild,Low,Control,51.6,49.9,1.7,Non-Responder
513,12,55,Male,Severe,Low,Control,65.1,36.6,28.5,Responder
514,24,30,Male,Moderate,Low,Control,65.0,81.8,-16.8,Non-Responder
515,33,54,Male,Mild,Low,Treatment,45.6,35.5,10.1,Responder
516,8,30,Female,Moderate,Medium,Treatment,71.8,52.9,18.9,Responder
517,19,51,Male,Moderate,Medium,Control,69.5,63.1,6.4,Non-Responder
518,26,56,Male,Mild,Medium,Control,50.6,41.6,9.0,Non-Responder
519,17,33,Female,Moderate,Medium,Control,65.5,58.2,7.3,Non-Responder
520,17,44,Female,Severe,Medium,Control,67.8,49.7,18.1,Responder
521,26,70,Male,Moderate,Medium,Control,45.4,23.9,21.5,Responder
522,36,57,Female,Severe,Low,Treatment,72.7,55.7,17.0,Responder
523,29,61,Female,Moderate,Low,Control,78.9,59.5,19.4,Responder
524,33,66,Female,Moderate,Low,Treatment,54.4,29.2,25.2,Responder
525,23,57,Female,Moderate,Low,Treatment,70.7,56.2,14.5,Responder
526,5,50,Female,Moderate,Low,Treatment,81.1,59.1,22.0,Responder
527,5,48,Male,Moderate,Medium,Treatment,67.7,54.3,13.4,Responder
528,3,53,Female,Severe,Medium,Control,60.0,44.3,15.7,Responder
529,22,39,Male,Moderate,Low,Treatment,78.3,55.6,22.7,Responder
530,39,56,Male,Moderate,Low,Treatment,53.8,54.9,-1.1,Non-Responder
531,3,54,Female,Mild,Medium,Treatment,62.8,62.5,0.3,Non-Responder
532,15,35,Male,Moderate,High,Control,62.1,47.7,14.4,Responder
533,33,61,Male,Moderate,Medium,Control,56.1,55.5,0.6,Non-Responder
534,27,42,Female,Moderate,Medium,Control,77.1,60.6,16.5,Responder
535,7,38,Male,Mild,High,Treatment,51.1,35.7,15.4,Responder
536,33,37,Male,Severe,Medium,Control,70.9,56.8,14.1,Responder
537,13,56,Female,Moderate,Low,Treatment,65.1,52.8,12.3,Responder
538,25,61,Female,Moderate,Medium,Treatment,55.9,30.8,25.1,Responder
539,3,56,Female,Mild,Medium,Control,52.8,42.1,10.7,Responder
540,32,40,Female,Mild,Medium,Control,50.6,38.3,12.3,Responder
541,23,23,Male,Moderate,Medium,Treatment,52.7,28.2,24.5,Responder
542,21,52,Female,Mild,Medium,Treatment,53.4,54.8,-1.4,Non-Responder
543,29,46,Male,Severe,High,Treatment,86.5,65.0,21.5,Responder
544,28,69,Male,Moderate,Low,Treatment,64.2,44.8,19.4,Responder
545,33,82,Male,Severe,Low,Treatment,71.8,57.6,14.2,Responder
546,5,50,Male,Moderate,Low,Treatment,58.4,32.9,25.5,Responder
547,40,60,Female,Moderate,Medium,Treatment,66.8,52.6,14.2,Responder
548,30,50,Female,Moderate,Medium,Treatment,52.9,45.4,7.5,Non-Responder
549,29,66,Male,Moderate,Medium,Control,66.0,53.2,12.8,Responder
550,24,54,Female,Severe,Low,Treatment,84.9,74.2,10.7,Responder
551,1,66,Male,Moderate,Low,Treatment,78.7,73.5,5.2,Non-Responder
552,7,48,Male,Moderate,Medium,Control,59.0,39.7,19.3,Responder
553,20,63,Female,Moderate,Medium,Treatment,65.5,49.3,16.2,Responder
554,30,71,Male,Moderate,Medium,Treatment,74.5,52.8,21.7,Responder
555,32,63,Female,Mild,Low,Treatment,56.5,51.2,5.3,Non-Responder
556,1,59,Male,Moderate,Medium,Control,69.6,68.2,1.4,Non-Responder
557,5,55,Female,Mild,Medium,Treatment,74.7,65.4,9.3,Non-Responder
558,39,54,Male,Moderate,Low,Treatment,67.8,54.4,13.4,Responder
559,38,56,Female,Moderate,High,Treatment,69.7,62.3,7.4,Non-Responder
560,32,52,Female,Moderate,Low,Control,61.5,54.8,6.7,Non-Responder
561,23,47,Female,Mild,Medium,Treatment,52.9,38.0,14.9,Responder
562,17,57,Male,Moderate,Medium,Treatment,55.3,50.3,5.0,Non-Responder
563,26,54,Female,Moderate,Low,Treatment,61.7,52.8,8.9,Non-Responder
564,2,46,Female,Moderate,Low,Control,79.7,76.6,3.1,Non-Responder
565,6,76,Female,Moderate,Low,Treatment,61.3,47.7,13.6,Responder
566,24,43,Female,Moderate,Low,Control,54.6,42.1,12.5,Responder
567,15,34,Male,Severe,Medium,Control,90.8,85.1,5.7,Non-Responder
568,40,61,Female,Mild,Low,Treatment,58.9,51.2,7.7,Non-Responder
569,25,41,Female,Moderate,Medium,Control,70.0,56.1,13.9,Responder
570,39,40,Male,Moderate,Medium,Control,67.8,55.6,12.2,Responder
571,6,64,Male,Moderate,Low,Control,68.3,73.9,-5.6,Non-Responder
572,21,58,Female,Moderate,High,Control,60.1,57.4,2.7,Non-Responder
573,19,48,Male,Mild,Medium,Control,57.8,58.3,-0.5,Non-Responder
574,1,29,Male,Moderate,Low,Treatment,64.7,62.6,2.1,Non-Responder
575,5,42,Male,Moderate,Medium,Treatment,80.6,71.6,9.0,Non-Responder
576,32,39,Female,Mild,Low,Control,50.4,60.2,-9.8,Non-Responder
577,34,29,Male,Mild,Low,Treatment,44.9,35.4,9.5,Non-Responder
578,10,71,Female,Mild,Low,Treatment,51.1,37.7,13.4,Responder
579,35,54,Male,Severe,Low,Treatment,58.4,31.9,26.5,Responder
580,6,46,Male,Mild,Medium,Control,47.1,46.1,1.0,Non-Responder
581,11,56,Female,Moderate,Medium,Treatment,75.0,63.1,11.9,Responder
582,2,51,Female,Moderate,Medium,Treatment,64.9,55.4,9.5,Non-Responder
583,38,52,Male,Moderate,Medium,Control,58.1,37.9,20.2,Responder
584,34,49,Female,Moderate,High,Treatment,68.4,49.0,19.4,Responder
585,5,37,Female,Moderate,High,Treatment,37.3,31.2,6.1,Non-Responder
586,35,55,Male,Mild,High,Treatment,56.2,48.4,7.8,Non-Responder
587,11,60,Female,Mild,Medium,Treatment,46.7,32.2,14.5,Responder
588,2,64,Male,Moderate,Medium,Control,78.0,74.2,3.8,Non-Responder
589,8,49,Male,Mild,Medium,Treatment,63.3,47.2,16.1,Responder
590,14,30,Male,Moderate,Low,Control,62.9,48.8,14.1,Responder
591,30,55,Male,Mild,Low,Control,40.9,30.3,10.6,Responder
592,3,57,Female,Moderate,Low,Control,73.5,74.6,-1.1,Non-Responder
593,30,46,Female,Mild,Medium,Treatment,41.2,14.0,27.2,Responder
594,19,52,Male,Severe,Medium,Treatment,68.7,50.5,18.2,Responder
595,37,69,Male,Severe,Medium,Control,65.4,49.6,15.8,Responder
596,14,64,Female,Mild,High,Control,42.8,36.2,6.6,Non-Responder
597,19,55,Female,Moderate,Medium,Treatment,61.8,59.5,2.3,Non-Responder
598,4,38,Female,Mild,Low,Treatment,49.5,34.9,14.6,Responder
599,27,61,Female,Moderate,High,Control,46.9,32.8,14.1,Responder
600,34,39,Male,Mild,Low,Control,42.6,45.0,-2.4,Non-Responder
601,36,40,Female,Moderate,Low,Treatment,57.6,47.0,10.6,Responder
602,36,52,Female,Mild,Low,Treatment,55.8,48.8,7.0,Non-Responder
603,28,26,Female,Mild,Medium,Control,58.9,59.2,-0.3,Non-Responder
604,28,63,Female,Moderate,Low,Treatment,71.6,54.6,17.0,Responder
605,20,66,Female,Moderate,Low,Treatment,51.9,28.3,23.6,Responder
606,24,56,Male,Moderate,Medium,Treatment,74.9,62.4,12.5,Responder
607,33,58,Female,Severe,Medium,Control,63.1,49.7,13.4,Responder
608,30,25,Male,Mild,Low,Treatment,66.0,56.3,9.7,Non-Responder
609,15,70,Male,Mild,Medium,Treatment,52.0,32.3,19.7,Responder
610,17,40,Male,Moderate,Medium,Control,59.3,52.7,6.6,Non-Responder
611,36,62,Female,Moderate,Low,Treatment,69.9,58.8,11.1,Responder
612,5,41,Male,Moderate,Low,Treatment,65.2,49.7,15.5,Responder
613,36,39,Male,Mild,Low,Control,44.5,33.5,11.0,Responder
614,34,59,Female,Moderate,High,Control,60.2,60.1,0.1,Non-Responder
615,26,64,Female,Mild,Medium,Treatment,47.6,26.2,21.4,Responder
616,28,46,Female,Moderate,Medium,Treatment,67.0,45.6,21.4,Responder
617,12,68,Male,Mild,Medium,Treatment,81.6,68.4,13.2,Responder
618,24,50,Male,Moderate,Medium,Control,44.5,16.9,27.6,Responder
619,4,56,Female,Moderate,Medium,Control,65.0,60.6,4.4,Non-Responder
620,8,60,Male,Moderate,Medium,Control,60.4,56.6,3.8,Non-Responder
621,18,69,Female,Mild,High,Treatment,65.8,61.8,4.0,Non-Responder
622,14,18,Male,Mild,High,Treatment,35.3,15.0,20.3,Responder
623,1,36,Female,Mild,Low,Treatment,52.2,39.5,12.7,Responder
624,22,47,Male,Mild,Low,Treatment,66.2,53.4,12.8,Responder
625,26,57,Female,Mild,Low,Control,60.4,63.5,-3.1,Non-Responder
626,30,50,Male,Severe,Medium,Control,72.6,56.4,16.2,Responder
627,32,43,Female,Moderate,Medium,Treatment,67.6,48.2,19.4,Responder
628,13,21,Female,Mild,Low,Treatment,64.6,54.1,10.5,Responder
629,1,51,Male,Mild,Low,Treatment,63.5,47.6,15.9,Responder
630,19,65,Female,Moderate,Medium,Control,59.0,57.1,1.9,Non-Responder
631,31,35,Male,Severe,Low,Treatment,78.4,66.1,12.3,Responder
632,5,46,Female,Severe,Medium,Control,64.2,57.0,7.2,Non-Responder
633,1,39,Female,Mild,Medium,Control,50.9,42.2,8.7,Non-Responder
634,7,53,Female,Moderate,Medium,Control,59.9,34.9,25.0,Responder
635,13,65,Male,Severe,Low,Treatment,49.9,36.6,13.3,Responder
636,39,59,Male,Moderate,Medium,Treatment,67.2,55.0,12.2,Responder
637,13,35,Male,Mild,Medium,Control,61.4,58.8,2.6,Non-Responder
638,15,75,Female,Severe,Medium,Treatment,50.4,42.8,7.6,Non-Responder
639,17,55,Female,Mild,Medium,Control,44.1,38.6,5.5,Non-Responder
640,33,20,Male,Severe,Low,Treatment,82.2,75.1,7.1,Non-Responder
641,16,51,Male,Moderate,Low,Treatment,86.6,68.2,18.4,Responder
642,11,49,Male,Moderate,Low,Control,68.8,45.1,23.7,Responder
643,1,33,Male,Moderate,Medium,Control,50.4,40.6,9.8,Non-Responder
644,21,53,Female,Moderate,Medium,Treatment,47.0,23.3,23.7,Responder
645,6,51,Female,Severe,Medium,Treatment,42.8,20.5,22.3,Responder
646,13,55,Female,Severe,Medium,Control,71.8,61.4,10.4,Responder
647,16,48,Female,Mild,Low,Control,46.6,53.8,-7.2,Non-Responder
648,39,45,Male,Mild,Medium,Control,42.5,44.7,-2.2,Non-Responder
649,36,27,Female,Severe,Low,Treatment,50.0,33.7,16.3,Responder
650,25,54,Female,Mild,Low,Treatment,40.9,35.4,5.5,Non-Responder
651,9,27,Female,Moderate,Medium,Control,48.8,39.7,9.1,Non-Responder
652,1,39,Male,Severe,Low,Control,73.5,68.2,5.3,Non-Responder
653,40,68,Male,Severe,Low,Treatment,81.6,57.6,24.0,Responder
654,9,64,Female,Mild,Low,Control,31.4,16.2,15.2,Responder
655,21,49,Male,Severe,Medium,Control,85.8,88.2,-2.4,Non-Responder
656,32,51,Female,Moderate,Low,Treatment,55.6,38.3,17.3,Responder
657,5,82,Male,Severe,High,Treatment,79.6,85.9,-6.3,Non-Responder
658,7,41,Female,Mild,Medium,Control,50.1,44.9,5.2,Non-Responder
659,28,56,Male,Mild,Low,Treatment,60.1,52.0,8.1,Non-Responder
660,19,53,Female,Severe,Medium,Treatment,58.5,33.4,25.1,Responder
661,22,32,Female,Moderate,Medium,Treatment,54.9,45.5,9.4,Non-Responder
662,23,39,Female,Mild,High,Control,68.0,54.7,13.3,Responder
663,29,57,Female,Moderate,Low,Treatment,61.9,52.7,9.2,Non-Responder
664,27,45,Female,Severe,Medium,Treatment,77.0,56.1,20.9,Responder
665,9,42,Male,Moderate,Medium,Treatment,66.1,54.2,11.9,Responder
666,11,56,Male,Mild,Medium,Control,57.1,46.0,11.1,Responder
667,22,54,Female,Moderate,Low,Control,68.5,49.5,19.0,Responder
668,9,42,Female,Moderate,High,Control,70.2,62.3,7.9,Non-Responder
669,31,47,Male,Mild,Medium,Control,42.7,26.5,16.2,Responder
670,32,48,Female,Severe,Medium,Treatment,74.8,56.4,18.4,Responder
671,2,44,Male,Mild,Low,Treatment,51.0,42.3,8.7,Non-Responder
672,37,49,Male,Moderate,High,Treatment,47.3,37.4,9.9,Non-Responder
673,15,32,Female,Moderate,Medium,Control,63.7,50.4,13.3,Responder
674,25,28,Female,Severe,Low,Treatment,63.9,37.4,26.5,Responder
675,24,37,Female,Moderate,Low,Control,66.3,57.5,8.8,Non-Responder
676,36,40,Male,Severe,Medium,Treatment,78.3,59.4,18.9,Responder
677,18,53,Male,Mild,High,Control,63.3,60.1,3.2,Non-Responder
678,4,54,Male,Moderate,Low,Control,60.8,61.3,-0.5,Non-Responder
679,5,59,Male,Moderate,High,Treatment,49.0,27.0,22.0,Responder
680,15,77,Female,Moderate,Medium,Control,61.3,48.9,12.4,Responder
681,6,53,Male,Moderate,Low,Control,69.6,53.0,16.6,Responder
682,28,48,Male,Moderate,Medium,Control,60.5,42.1,18.4,Responder
683,17,56,Female,Moderate,Low,Control,92.5,83.2,9.3,Non-Responder
684,21,48,Female,Moderate,Medium,Control,53.0,45.8,7.2,Non-Responder
685,11,52,Male,Moderate,Medium,Control,62.7,53.8,8.9,Non-Responder
686,14,37,Male,Moderate,High,Control,55.8,47.6,8.2,Non-Responder
687,12,47,Male,Mild,Low,Treatment,48.4,34.0,14.4,Responder
688,22,70,Male,Severe,Medium,Treatment,81.6,85.4,-3.8,Non-Responder
689,22,79,Female,Severe,High,Treatment,71.8,53.3,18.5,Responder
690,6,50,Female,Moderate,Medium,Control,77.9,72.1,5.8,Non-Responder
691,33,52,Male,Severe,High,Control,76.2,70.4,5.8,Non-Responder
692,4,69,Female,Mild,Medium,Control,59.3,45.5,13.8,Responder
693,37,33,Female,Severe,Medium,Treatment,65.3,49.7,15.6,Responder
694,18,56,Male,Moderate,Medium,Treatment,51.9,35.1,16.8,Responder
695,36,63,Female,Mild,Medium,Control,60.4,46.2,14.2,Responder
696,38,41,Male,Moderate,High,Treatment,65.0,51.4,13.6,Responder
697,5,47,Male,Moderate,Low,Control,61.7,61.6,0.1,Non-Responder
698,28,59,Male,Moderate,Low,Treatment,60.0,46.7,13.3,Responder
699,30,67,Male,Severe,Medium,Control,68.1,50.9,17.2,Responder
700,4,69,Female,Moderate,Low,Treatment,75.0,71.7,3.3,Non-Responder
701,19,56,Male,Moderate,Low,Treatment,52.6,36.9,15.7,Responder
702,10,41,Male,Severe,Low,Control,73.3,73.1,0.2,Non-Responder
703,10,52,Female,Moderate,Low,Control,79.4,70.4,9.0,Non-Responder
704,4,64,Female,Mild,High,Treatment,61.6,36.1,25.5,Responder
705,7,79,Female,Moderate,Medium,Treatment,65.6,60.6,5.0,Non-Responder
706,12,67,Male,Severe,Low,Control,74.2,68.6,5.6,Non-Responder
707,5,38,Female,Moderate,Low,Treatment,62.0,44.5,17.5,Responder
708,14,67,Female,Mild,High,Control,58.0,46.8,11.2,Responder
709,13,38,Male,Mild,Medium,Control,69.3,62.3,7.0,Non-Responder
710,24,53,Male,Mild,Low,Treatment,36.0,30.6,5.4,Non-Responder
711,5,30,Female,Mild,Medium,Control,51.3,49.0,2.3,Non-Responder
712,34,41,Male,Mild,Medium,Control,66.7,56.1,10.6,Responder
713,11,48,Male,Moderate,Medium,Treatment,54.9,42.2,12.7,Responder
714,33,72,Female,Moderate,Low,Treatment,72.8,68.3,4.5,Non-Responder
715,22,43,Male,Moderate,Low,Treatment,65.9,58.9,7.0,Non-Responder
716,17,52,Male,Moderate,Medium,Treatment,61.2,44.8,16.4,Responder
717,6,47,Male,Moderate,Medium,Control,68.8,56.2,12.6,Responder
718,9,32,Male,Mild,Low,Control,55.4,55.5,-0.1,Non-Responder
719,32,42,Female,Moderate,Medium,Control,50.8,41.2,9.6,Non-Responder
720,7,56,Male,Mild,Medium,Control,68.2,52.0,16.2,Responder
721,9,41,Female,Moderate,Low,Treatment,65.5,48.2,17.3,Responder
722,19,38,Female,Moderate,Low,Control,77.9,64.8,13.1,Responder
723,17,49,Female,Moderate,Medium,Control,63.9,68.8,-4.9,Non-Responder
724,14,23,Male,Moderate,Medium,Control,55.0,40.6,14.4,Responder
725,8,52,Male,Moderate,Medium,Treatment,62.7,33.7,29.0,Responder
726,11,66,Female,Severe,Medium,Treatment,81.5,77.1,4.4,Non-Responder
727,20,46,Male,Moderate,Medium,Control,77.2,68.0,9.2,Non-Responder
728,31,28,Female,Moderate,Low,Control,56.6,30.6,26.0,Responder
729,35,58,Female,Moderate,Low,Control,55.8,59.0,-3.2,Non-Responder
730,19,64,Male,Moderate,Low,Treatment,53.9,43.5,10.4,Responder
731,4,35,Female,Moderate,Low,Control,78.0,79.6,-1.6,Non-Responder
732,6,77,Female,Moderate,High,Treatment,65.9,45.5,20.4,Responder
733,22,56,Female,Mild,Medium,Treatment,55.2,43.5,11.7,Responder
734,3,46,Female,Severe,Medium,Control,73.8,57.6,16.2,Responder
735,19,51,Female,Mild,High,Treatment,66.2,48.5,17.7,Responder
736,28,29,Female,Moderate,Medium,Treatment,52.0,30.6,21.4,Responder
737,18,39,Female,Mild,Low,Treatment,52.7,44.4,8.3,Non-Responder
738,19,59,Female,Moderate,Low,Control,58.7,40.4,18.3,Responder
739,18,45,Male,Mild,Low,Treatment,61.5,36.5,25.0,Responder
740,11,53,Female,Moderate,Medium,Control,45.6,33.3,12.3,Responder
741,19,53,Male,Moderate,High,Control,59.2,41.2,18.0,Responder
742,26,69,Female,Severe,Medium,Control,79.0,69.8,9.2,Non-Responder
743,34,21,Male,Mild,Low,Treatment,50.1,43.1,7.0,Non-Responder
744,10,80,Male,Moderate,Low,Treatment,59.5,54.3,5.2,Non-Responder
745,14,42,Female,Mild,Low,Treatment,52.9,38.1,14.8,Responder
746,40,63,Female,Moderate,High,Treatment,58.7,40.2,18.5,Responder
747,1,60,Female,Moderate,High,Control,61.8,53.9,7.9,Non-Responder
748,21,65,Female,Severe,Medium,Treatment,71.2,55.4,15.8,Responder
749,40,65,Male,Mild,Medium,Treatment,50.8,26.0,24.8,Responder
750,13,53,Female,Moderate,Medium,Control,65.6,59.2,6.4,Non-Responder
751,27,31,Male,Mild,Medium,Treatment,69.7,61.1,8.6,Non-Responder
752,20,24,Female,Moderate,Medium,Control,53.2,32.4,20.8,Responder
753,11,48,Male,Mild,Low,Treatment,66.9,57.7,9.2,Non-Responder
754,1,57,Male,Mild,Low,Treatment,59.8,47.1,12.7,Responder
755,32,44,Male,Severe,Low,Control,70.0,61.0,9.0,Non-Responder
756,31,50,Male,Mild,Low,Treatment,44.5,35.0,9.5,Non-Responder
757,3,42,Male,Mild,Medium,Treatment,51.7,45.4,6.3,Non-Responder
758,12,63,Female,Moderate,Medium,Treatment,53.7,43.4,10.3,Responder
759,24,41,Male,Severe,Low,Control,54.8,57.9,-3.1,Non-Responder
760,3,44,Female,Moderate,Medium,Treatment,57.6,41.9,15.7,Responder
761,8,57,Female,Severe,Low,Control,66.4,57.1,9.3,Non-Responder
762,8,69,Male,Moderate,Low,Control,56.9,54.6,2.3,Non-Responder
763,12,68,Male,Moderate,Low,Treatment,45.3,18.2,27.1,Responder
764,2,45,Female,Severe,Low,Treatment,76.9,63.6,13.3,Responder
765,16,49,Female,Moderate,Medium,Control,54.7,60.9,-6.2,Non-Responder
766,29,54,Female,Mild,High,Treatment,41.7,32.3,9.4,Non-Responder
767,23,64,Female,Moderate,Medium,Control,76.3,68.7,7.6,Non-Responder
768,10,44,Female,Mild,Medium,Control,58.4,55.6,2.8,Non-Responder
769,9,52,Female,Mild,Medium,Treatment,45.6,36.9,8.7,Non-Responder
770,20,49,Male,Mild,Low,Control,60.8,55.5,5.3,Non-Responder
771,23,40,Male,Mild,Low,Treatment,53.1,41.7,11.4,Responder
772,26,61,Male,Mild,Medium,Control,49.1,37.6,11.5,Responder
773,15,49,Female,Moderate,High,Treatment,65.1,63.1,2.0,Non-Responder
774,30,52,Female,Moderate,High,Treatment,61.3,25.8,35.5,Responder
775,23,56,Female,Severe,High,Control,62.2,51.5,10.7,Responder
776,7,79,Female,Mild,Medium,Treatment,62.1,48.0,14.1,Responder
777,4,37,Male,Mild,High,Control,38.3,37.7,0.6,Non-Responder
778,25,33,Male,Moderate,Medium,Control,55.5,60.5,-5.0,Non-Responder
779,29,45,Male,Severe,Low,Control,68.7,62.5,6.2,Non-Responder
780,30,78,Female,Mild,Medium,Control,44.5,32.4,12.1,Responder
781,39,66,Male,Moderate,Low,Treatment,49.1,24.8,24.3,Responder
782,8,51,Female,Mild,Low,Treatment,34.8,13.3,21.5,Responder
783,27,41,Female,Severe,Medium,Treatment,83.4,56.7,26.7,Responder
784,15,54,Female,Moderate,High,Treatment,55.7,47.0,8.7,Non-Responder
785,23,40,Male,Moderate,Low,Treatment,72.4,71.5,0.9,Non-Responder
786,33,34,Male,Moderate,Medium,Treatment,62.8,43.9,18.9,Responder
787,14,50,Male,Severe,Medium,Treatment,69.1,60.1,9.0,Non-Responder
788,30,40,Male,Severe,Medium,Treatment,58.2,45.0,13.2,Responder
789,10,49,Female,Moderate,Medium,Control,45.7,46.8,-1.1,Non-Responder
790,4,46,Female,Moderate,Medium,Control,71.5,81.2,-9.7,Non-Responder
791,5,26,Female,Severe,Medium,Control,79.6,63.1,16.5,Responder
792,39,60,Female,Severe,Medium,Control,78.3,80.7,-2.4,Non-Responder
793,40,44,Female,Mild,Low,Treatment,53.6,22.4,31.2,Responder
794,5,36,Male,Severe,Medium,Control,72.3,55.9,16.4,Responder
795,21,53,Male,Moderate,Medium,Control,59.0,50.4,8.6,Non-Responder
796,11,55,Male,Moderate,Medium,Treatment,74.7,62.9,11.8,Responder
797,19,60,Female,Moderate,Medium,Control,68.2,68.3,-0.1,Non-Responder
798,23,46,Female,Severe,Low,Treatment,85.5,83.7,1.8,Non-Responder
799,12,45,Female,Moderate,Low,Treatment,64.8,55.0,9.8,Non-Responder
800,3,52,Female,Moderate,Medium,Treatment,54.8,31.2,23.6,Responder
801,22,51,Female,Severe,High,Control,53.3,48.0,5.3,Non-Responder
802,8,40,Female,Mild,Low,Control,39.9,47.0,-7.1,Non-Responder
803,40,38,Female,Moderate,Low,Control,65.7,52.3,13.4,Responder
804,40,75,Male,Moderate,High,Treatment,57.2,46.0,11.2,Responder
805,28,52,Female,Mild,High,Treatment,62.8,45.8,17.0,Responder
806,25,38,Female,Mild,Low,Control,56.1,54.8,1.3,Non-Responder
807,38,42,Male,Moderate,Medium,Control,67.0,62.4,4.6,Non-Responder
808,30,41,Male,Moderate,High,Control,72.5,64.3,8.2,Non-Responder
809,26,41,Male,Moderate,Medium,Treatment,68.2,56.7,11.5,Responder
810,1,33,Female,Moderate,Medium,Control,68.6,39.1,29.5,Responder
811,25,66,Female,Severe,Low,Treatment,90.3,74.4,15.9,Responder
812,16,72,Male,Moderate,Medium,Treatment,70.3,58.2,12.1,Responder
813,24,54,Female,Moderate,Medium,Treatment,63.3,40.1,23.2,Responder
814,13,56,Male,Mild,Medium,Treatment,63.0,43.5,19.5,Responder
815,36,40,Female,Severe,Medium,Control,81.3,80.1,1.2,Non-Responder
816,28,54,Male,Mild,High,Control,65.6,59.1,6.5,Non-Responder
817,11,70,Female,Moderate,Low,Treatment,62.4,43.3,19.1,Responder
818,31,55,Female,Mild,Low,Treatment,56.9,49.6,7.3,Non-Responder
819,12,40,Male,Moderate,Low,Treatment,76.4,54.1,22.3,Responder
820,18,61,Female,Severe,Low,Control,63.5,49.6,13.9,Responder
821,13,19,Female,Severe,Medium,Control,91.6,82.6,9.0,Non-Responder
822,20,56,Male,Moderate,Low,Treatment,63.5,35.5,28.0,Responder
823,29,51,Female,Moderate,Low,Control,65.9,54.6,11.3,Responder
824,12,71,Male,Mild,Low,Treatment,55.7,45.2,10.5,Responder
825,7,62,Male,Severe,Medium,Control,78.3,63.3,15.0,Responder
826,20,81,Male,Severe,High,Control,69.8,65.0,4.8,Non-Responder
827,11,51,Female,Severe,Low,Treatment,69.3,59.9,9.4,Non-Responder
828,4,65,Female,Moderate,Medium,Treatment,61.2,42.4,18.8,Responder
829,19,35,Male,Moderate,Medium,Control,67.6,54.2,13.4,Responder
830,24,40,Female,Mild,Medium,Treatment,61.5,52.1,9.4,Non-Responder
831,35,44,Female,Mild,Medium,Control,37.8,33.7,4.1,Non-Responder
832,35,51,Female,Mild,Low,Control,54.9,50.3,4.6,Non-Responder
833,34,29,Female,Mild,Low,Treatment,43.3,35.7,7.6,Non-Responder
834,29,56,Male,Moderate,Medium,Treatment,43.8,26.3,17.5,Responder
835,5,53,Female,Moderate,Low,Control,67.7,57.0,10.7,Responder
836,7,48,Male,Moderate,Medium,Control,63.7,61.1,2.6,Non-Responder
837,13,45,Male,Severe,Medium,Treatment,71.3,46.5,24.8,Responder
838,10,51,Male,Moderate,Medium,Control,56.0,47.7,8.3,Non-Responder
839,4,55,Male,Moderate,High,Control,58.6,39.0,19.6,Responder
840,8,41,Female,Moderate,Low,Treatment,60.3,36.8,23.5,Responder
841,11,36,Female,Mild,Low,Treatment,57.7,27.1,30.6,Responder
842,22,77,Male,Moderate,High,Control,55.1,66.3,-11.2,Non-Responder
843,35,55,Male,Severe,Medium,Control,83.7,67.3,16.4,Responder
844,20,53,Male,Severe,Low,Treatment,69.6,67.6,2.0,Non-Responder
845,7,44,Female,Mild,Medium,Control,68.4,69.2,-0.8,Non-Responder
846,38,42,Female,Moderate,Medium,Control,58.4,52.1,6.3,Non-Responder
847,38,61,Male,Mild,High,Control,40.0,43.1,-3.1,Non-Responder
848,11,48,Female,Moderate,Medium,Treatment,56.9,45.4,11.5,Responder
849,3,38,Male,Moderate,High,Control,63.2,47.4,15.8,Responder
850,21,26,Male,Severe,Medium,Treatment,82.6,49.3,33.3,Responder
851,37,50,Female,Severe,Low,Treatment,84.1,72.4,11.7,Responder
852,40,72,Female,Mild,Low,Control,53.3,49.9,3.4,Non-Responder
853,4,49,Male,Severe,High,Treatment,82.5,70.9,11.6,Responder
854,13,46,Male,Severe,Medium,Control,81.9,77.1,4.8,Non-Responder
855,31,65,Female,Severe,Medium,Control,63.4,49.7,13.7,Responder
856,15,57,Female,Mild,Medium,Control,64.6,46.8,17.8,Responder
857,8,40,Female,Moderate,Low,Control,57.2,40.2,17.0,Responder
858,25,64,Female,Moderate,High,Control,55.8,60.9,-5.1,Non-Responder
859,39,49,Male,Moderate,Medium,Treatment,52.6,45.7,6.9,Non-Responder
860,40,32,Male,Mild,Medium,Control,55.9,57.8,-1.9,Non-Responder
861,15,50,Male,Moderate,Low,Treatment,48.4,23.8,24.6,Responder
862,14,36,Female,Severe,Low,Control,75.7,73.4,2.3,Non-Responder
863,33,49,Male,Mild,Low,Control,51.7,47.3,4.4,Non-Responder
864,12,55,Female,Mild,Low,Control,36.5,27.1,9.4,Non-Responder
865,38,51,Female,Mild,Medium,Control,60.6,67.7,-7.1,Non-Responder
866,3,57,Male,Moderate,Low,Control,71.1,62.7,8.4,Non-Responder
867,22,57,Male,Severe,Medium,Control,72.0,51.5,20.5,Responder
868,25,40,Male,Mild,Low,Treatment,68.0,62.0,6.0,Non-Responder
869,35,59,Female,Moderate,Medium,Treatment,90.4,81.7,8.7,Non-Responder
870,17,50,Male,Mild,Low,Treatment,43.3,28.1,15.2,Responder
871,29,48,Female,Mild,High,Control,53.3,52.4,0.9,Non-Responder
872,21,70,Female,Mild,Medium,Control,46.9,28.6,18.3,Responder
873,40,48,Female,Severe,Low,Control,88.3,77.4,10.9,Responder
874,30,82,Female,Moderate,Medium,Treatment,57.9,35.0,22.9,Responder
875,27,57,Female,Moderate,Low,Control,70.1,74.5,-4.4,Non-Responder
876,3,56,Female,Severe,Low,Treatment,71.2,45.0,26.2,Responder
877,26,61,Male,Moderate,Low,Treatment,71.1,56.6,14.5,Responder
878,7,63,Male,Mild,Low,Treatment,71.0,53.1,17.9,Responder
879,2,42,Male,Severe,Medium,Control,73.3,69.4,3.9,Non-Responder
880,12,59,Female,Severe,Low,Control,70.0,64.0,6.0,Non-Responder
881,19,46,Female,Mild,High,Control,65.1,60.1,5.0,Non-Responder
882,30,25,Male,Moderate,Medium,Treatment,66.1,54.5,11.6,Responder
883,37,31,Female,Severe,Low,Control,60.6,50.7,9.9,Non-Responder
884,14,47,Female,Mild,Medium,Control,51.2,33.2,18.0,Responder
885,38,53,Male,Moderate,Medium,Control,81.5,69.4,12.1,Responder
886,16,53,Male,Moderate,Low,Control,79.3,89.7,-10.4,Non-Responder
887,15,60,Male,Moderate,Low,Treatment,69.1,49.5,19.6,Responder
888,15,59,Female,Severe,Medium,Treatment,58.7,57.3,1.4,Non-Responder
889,39,60,Female,Moderate,Medium,Treatment,70.0,46.1,23.9,Responder
890,7,75,Female,Severe,High,Control,72.1,63.4,8.7,Non-Responder
891,39,37,Female,Moderate,Low,Treatment,50.5,35.7,14.8,Responder
892,5,54,Female,Moderate,Medium,Control,70.9,65.2,5.7,Non-Responder
893,39,43,Male,Mild,Low,Treatment,57.8,29.3,28.5,Responder
894,2,47,Female,Moderate,Medium,Control,59.6,67.2,-7.6,Non-Responder
895,24,44,Male,Moderate,Medium,Treatment,63.1,49.6,13.5,Responder
896,23,47,Male,Moderate,Medium,Control,65.4,55.0,10.4,Responder
897,15,67,Female,Mild,Medium,Control,37.9,23.4,14.5,Responder
898,21,77,Female,Moderate,Medium,Treatment,60.5,53.2,7.3,Non-Responder
899,1,33,Male,Severe,Medium,Treatment,59.9,37.6,22.3,Responder
900,27,37,Female,Severe,Medium,Control,56.6,54.3,2.3,Non-Responder
901,33,46,Female,Moderate,Low,Treatment,68.1,57.4,10.7,Responder
902,35,57,Female,Mild,Low,Control,56.8,43.6,13.2,Responder
903,7,66,Female,Severe,Low,Treatment,69.8,62.0,7.8,Non-Responder
904,33,59,Female,Mild,Low,Treatment,37.9,26.7,11.2,Responder
905,23,50,Female,Moderate,Low,Treatment,63.5,34.1,29.4,Responder
906,25,48,Female,Moderate,Medium,Treatment,67.2,58.7,8.5,Non-Responder
907,35,48,Male,Moderate,Low,Control,68.0,83.3,-15.3,Non-Responder
908,6,71,Female,Moderate,High,Control,52.9,39.3,13.6,Responder
909,18,53,Male,Moderate,Medium,Control,45.7,39.1,6.6,Non-Responder
910,9,77,Male,Moderate,Medium,Control,68.2,47.4,20.8,Responder
911,14,42,Male,Moderate,Low,Control,82.8,66.5,16.3,Responder
912,30,66,Male,Mild,Medium,Treatment,56.7,56.6,0.1,Non-Responder
913,11,63,Female,Mild,Medium,Control,34.4,15.2,19.2,Responder
914,1,75,Female,Mild,Low,Treatment,59.8,50.2,9.6,Non-Responder
915,23,55,Female,Severe,High,Control,72.5,63.2,9.3,Non-Responder
916,30,48,Female,Mild,Low,Treatment,70.2,52.7,17.5,Responder
917,10,61,Female,Severe,Medium,Treatment,74.0,55.9,18.1,Responder
918,39,62,Male,Moderate,Low,Control,67.4,47.6,19.8,Responder
919,22,53,Male,Moderate,Low,Treatment,75.6,47.5,28.1,Responder
920,30,52,Male,Mild,High,Treatment,45.6,42.5,3.1,Non-Responder
921,36,50,Female,Mild,Low,Control,50.3,52.7,-2.4,Non-Responder
922,17,59,Male,Moderate,Medium,Control,50.9,51.1,-0.2,Non-Responder
923,33,64,Male,Mild,Medium,Control,50.9,50.8,0.1,Non-Responder
924,33,43,Female,Severe,Low,Control,76.9,58.2,18.7,Responder
925,7,56,Male,Moderate,Low,Control,63.4,38.7,24.7,Responder
926,19,49,Male,Mild,Low,Control,57.7,48.4,9.3,Non-Responder
927,32,64,Male,Moderate,Low,Control,71.8,70.2,1.6,Non-Responder
928,17,42,Male,Moderate,Low,Control,60.5,49.3,11.2,Responder
929,34,48,Male,Moderate,High,Control,72.8,59.6,13.2,Responder
930,34,42,Female,Moderate,Low,Treatment,65.2,37.9,27.3,Responder
931,26,43,Male,Severe,High,Control,70.2,63.2,7.0,Non-Responder
932,39,60,Female,Mild,High,Control,56.3,45.2,11.1,Responder
933,37,68,Female,Severe,Medium,Treatment,62.2,55.0,7.2,Non-Responder
934,36,38,Female,Moderate,Low,Control,71.3,65.2,6.1,Non-Responder
935,6,47,Male,Severe,Low,Control,73.5,67.3,6.2,Non-Responder
936,28,51,Female,Mild,Medium,Treatment,60.7,58.5,2.2,Non-Responder
937,9,66,Female,Mild,Low,Control,53.8,39.9,13.9,Responder
938,35,74,Female,Severe,Medium,Control,62.3,61.8,0.5,Non-Responder
939,22,48,Female,Moderate,Low,Control,65.3,48.9,16.4,Responder
940,31,39,Female,Mild,Medium,Treatment,41.0,18.2,22.8,Responder
941,21,46,Female,Moderate,Low,Control,74.6,68.6,6.0,Non-Responder
942,14,56,Female,Moderate,High,Treatment,68.1,68.9,-0.8,Non-Responder
943,13,63,Female,Moderate,Medium,Control,58.8,58.1,0.7,Non-Responder
944,20,72,Male,Moderate,Medium,Control,57.3,55.2,2.1,Non-Responder
945,16,35,Male,Severe,Medium,Treatment,74.8,56.8,18.0,Responder
946,40,67,Male,Severe,High,Treatment,69.1,51.7,17.4,Responder
947,10,30,Female,Moderate,Medium,Control,70.7,76.2,-5.5,Non-Responder
948,39,24,Male,Severe,Low,Control,76.7,69.1,7.6,Non-Responder
949,7,47,Female,Moderate,Medium,Control,91.7,92.2,-0.5,Non-Responder
950,39,51,Female,Moderate,Medium,Control,56.6,43.8,12.8,Responder
951,19,35,Female,Mild,High,Control,66.8,64.2,2.6,Non-Responder
952,20,52,Female,Moderate,Medium,Control,73.0,53.9,19.1,Responder
953,8,82,Female,Moderate,Low,Treatment,71.7,60.3,11.4,Responder
954,21,59,Female,Mild,Low,Treatment,45.8,38.7,7.1,Non-Responder
955,36,22,Male,Moderate,Low,Control,64.7,69.5,-4.8,Non-Responder
956,23,59,Male,Moderate,Low,Treatment,76.2,65.6,10.6,Responder
957,37,65,Female,Severe,Medium,Control,57.8,48.1,9.7,Non-Responder
958,10,66,Female,Moderate,Low,Control,64.8,54.7,10.1,Responder
959,15,51,Female,Severe,Medium,Treatment,73.9,60.9,13.0,Responder
960,8,49,Female,Mild,Low,Treatment,40.9,19.0,21.9,Responder
961,25,59,Male,Severe,Medium,Control,72.4,60.2,12.2,Responder
962,31,50,Male,Mild,Low,Control,72.6,70.3,2.3,Non-Responder
963,33,61,Female,Moderate,Medium,Treatment,67.4,49.7,17.7,Responder
964,3,34,Female,Mild,Medium,Control,74.8,64.7,10.1,Responder
965,21,66,Female,Moderate,Low,Control,46.1,27.4,18.7,Responder
966,29,56,Female,Mild,High,Control,61.3,69.1,-7.8,Non-Responder
967,20,57,Male,Moderate,Medium,Control,57.7,45.7,12.0,Responder
968,30,65,Female,Moderate,Medium,Control,56.5,39.1,17.4,Responder
969,26,73,Male,Moderate,Low,Treatment,52.8,27.9,24.9,Responder
970,29,56,Female,Moderate,Low,Control,61.2,62.3,-1.1,Non-Responder
971,9,82,Female,Mild,High,Treatment,45.5,27.2,18.3,Responder
972,25,70,Female,Severe,Medium,Treatment,49.8,22.1,27.7,Responder
973,8,36,Male,Mild,High,Treatment,53.2,33.4,19.8,Responder
974,34,52,Male,Moderate,Medium,Control,52.9,40.9,12.0,Responder
975,17,66,Male,Severe,Low,Control,66.7,42.3,24.4,Responder
976,38,49,Female,Mild,Low,Treatment,58.2,40.8,17.4,Responder
977,31,38,Male,Severe,Medium,Control,59.4,47.5,11.9,Responder
978,9,40,Male,Severe,Medium,Treatment,78.7,61.7,17.0,Responder
979,21,57,Male,Moderate,Medium,Control,58.2,45.6,12.6,Responder
980,14,37,Female,Severe,High,Treatment,74.1,58.3,15.8,Responder
981,9,30,Male,Severe,Unknown,Treatment,81.5,67.7,13.8,Responder
982,34,43,Male,Mild,Medium,Control,65.5,46.1,19.4,Responder
983,6,52,Male,Severe,Medium,Control,88.4,81.6,6.8,Non-Responder
984,34,43,Male,Mild,High,Control,49.0,47.3,1.7,Non-Responder
985,5,49,Male,Mild,Medium,Control,40.7,47.4,-6.7,Non-Responder
986,33,44,Female,Mild,Low,Treatment,60.2,33.6,26.6,Responder
987,38,70,Female,Moderate,Medium,Treatment,66.1,65.9,0.2,Non-Responder
988,23,69,Female,Mild,Medium,Control,65.0,59.1,5.9,Non-Responder
989,39,65,Female,Moderate,Medium,Control,70.4,76.6,-6.2,Non-Responder
990,30,52,Female,Mild,Low,Control,61.1,48.0,13.1,Responder
991,4,82,Male,Moderate,Medium,Control,79.7,67.0,12.7,Responder
992,16,40,Male,Moderate,High,Control,68.7,55.3,13.4,Responder
993,28,44,Male,Moderate,High,Treatment,68.4,36.9,31.5,Responder
994,25,49,Female,Moderate,Medium,Treatment,57.1,44.0,13.1,Responder
995,30,33,Male,Mild,Low,Treatment,57.0,33.2,23.8,Responder
996,14,68,Male,Moderate,Medium,Control,58.0,44.3,13.7,Responder
997,40,65,Male,Moderate,Medium,Treatment,48.7,30.4,18.3,Responder
998,32,31,Male,Moderate,Medium,Control,64.2,62.0,2.2,Non-Responder
999,6,55,Female,Moderate,Medium,Treatment,79.5,68.7,10.8,Responder
1000,22,46,Female,Severe,High,Control,67.2,55.9,11.3,Responder
1001,3,50,Male,Moderate,High,Treatment,57.9,42.2,15.7,Responder
1002,15,53,Female,Severe,High,Control,86.2,79.5,6.7,Non-Responder
1003,31,28,Female,Moderate,Medium,Treatment,52.1,36.5,15.6,Responder
1004,14,50,Male,Moderate,High,Treatment,73.9,70.5,3.4,Non-Responder
1005,3,72,Male,Mild,High,Treatment,41.6,27.2,14.4,Responder
1006,10,47,Male,Moderate,Low,Treatment,61.9,52.8,9.1,Non-Responder
1007,30,61,Male,Mild,Low,Treatment,50.8,26.4,24.4,Responder
1008,14,54,Male,Moderate,Medium,Control,55.1,50.3,4.8,Non-Responder
1009,20,42,Male,Mild,Medium,Treatment,48.6,38.9,9.7,Non-Responder
1010,16,46,Female,Mild,Medium,Treatment,63.7,50.3,13.4,Responder
1011,10,58,Male,Moderate,Low,Treatment,57.9,49.8,8.1,Non-Responder
1012,19,53,Male,Moderate,Medium,Treatment,59.4,39.0,20.4,Responder
1013,12,51,Female,Severe,Low,Treatment,68.8,69.6,-0.8,Non-Responder
1014,39,61,Male,Severe,Low,Control,69.2,77.1,-7.9,Non-Responder
1015,39,50,Female,Moderate,Medium,Control,62.2,54.7,7.5,Non-Responder
1016,4,38,Female,Moderate,Medium,Control,46.3,52.0,-5.7,Non-Responder
1017,40,57,Female,Severe,Medium,Control,76.0,67.1,8.9,Non-Responder
1018,37,55,Male,Moderate,Low,Treatment,72.5,54.8,17.7,Responder
1019,40,56,Female,Mild,Medium,Treatment,41.8,22.8,19.0,Responder
1020,13,51,Female,Moderate,Medium,Control,64.7,53.1,11.6,Responder
1021,1,62,Female,Moderate,Medium,Control,67.1,58.6,8.5,Non-Responder
1022,30,48,Male,Moderate,Medium,Control,62.1,45.2,16.9,Responder
1023,33,35,Male,Moderate,Low,Control,56.2,41.7,14.5,Responder
1024,28,47,Female,Severe,Medium,Control,41.5,31.0,10.5,Responder
1025,14,68,Male,Moderate,High,Treatment,55.1,32.1,23.0,Responder
1026,22,55,Male,Mild,Low,Control,58.0,56.5,1.5,Non-Responder
1027,13,44,Female,Moderate,High,Treatment,69.6,52.8,16.8,Responder
1028,39,61,Female,Mild,Medium,Treatment,86.4,90.9,-4.5,Non-Responder
1029,38,48,Male,Mild,Medium,Treatment,58.7,44.8,13.9,Responder
1030,37,45,Female,Moderate,Medium,Control,53.1,40.2,12.9,Responder
1031,35,30,Male,Moderate,Medium,Treatment,70.2,43.3,26.9,Responder
1032,7,22,Male,Moderate,Low,Treatment,60.0,55.4,4.6,Non-Responder
1033,7,45,Female,Moderate,Medium,Control,51.1,38.5,12.6,Responder
1034,7,48,Female,Severe,Low,Treatment,72.2,44.0,28.2,Responder
1035,15,29,Female,Severe,Medium,Treatment,79.1,65.1,14.0,Responder
1036,9,62,Male,Moderate,Medium,Treatment,57.9,31.1,26.8,Responder
1037,1,59,Male,Moderate,High,Treatment,53.5,37.7,15.8,Responder
1038,28,66,Female,Moderate,Medium,Control,62.5,43.7,18.8,Responder
1039,24,36,Female,Moderate,Medium,Control,71.3,46.3,25.0,Responder
1040,7,53,Female,Mild,Medium,Control,42.0,44.2,-2.2,Non-Responder
1041,32,66,Female,Moderate,Medium,Control,46.2,34.2,12.0,Responder
1042,35,37,Male,Moderate,Low,Control,72.3,69.4,2.9,Non-Responder
1043,25,51,Male,Moderate,Low,Treatment,51.4,38.3,13.1,Responder
1044,22,62,Female,Moderate,Medium,Treatment,66.9,38.6,28.3,Responder
1045,11,50,Female,Severe,Medium,Control,67.0,59.7,7.3,Non-Responder
1046,27,69,Male,Mild,Low,Treatment,60.9,46.6,14.3,Responder
1047,6,59,Female,Mild,Low,Control,44.7,50.0,-5.3,Non-Responder
1048,26,49,Female,Moderate,Low,Control,56.9,56.6,0.3,Non-Responder
1049,11,41,Male,Moderate,Medium,Control,59.1,44.7,14.4,Responder
1050,16,55,Male,Severe,High,Control,87.0,76.7,10.3,Responder
1051,23,36,Female,Moderate,Low,Control,51.2,44.3,6.9,Non-Responder
1052,10,50,Male,Moderate,Low,Treatment,52.1,36.6,15.5,Responder
1053,3,49,Female,Mild,Low,Control,47.9,24.1,23.8,Responder
1054,12,39,Male,Mild,Low,Control,62.4,54.9,7.5,Non-Responder
1055,22,70,Female,Moderate,High,Treatment,48.2,36.0,12.2,Responder
1056,5,66,Female,Severe,Low,Control,88.7,83.1,5.6,Non-Responder
1057,29,57,Male,Severe,Medium,Control,65.5,48.2,17.3,Responder
1058,40,26,Male,Moderate,Low,Treatment,50.8,42.7,8.1,Non-Responder
1059,7,39,Female,Severe,Medium,Control,65.4,44.0,21.4,Responder
1060,4,52,Male,Severe,Medium,Treatment,72.0,56.0,16.0,Responder
1061,20,55,Female,Moderate,Medium,Control,75.3,62.7,12.6,Responder
1062,38,59,Male,Moderate,Low,Treatment,51.2,39.6,11.6,Responder
1063,19,25,Male,Severe,Medium,Treatment,72.5,58.4,14.1,Responder
1064,28,60,Male,Moderate,Medium,Control,62.4,48.7,13.7,Responder
1065,26,60,Female,Mild,High,Control,45.2,40.2,5.0,Non-Responder
1066,29,61,Female,Moderate,Low,Treatment,51.6,34.5,17.1,Responder
1067,23,58,Female,Moderate,Medium,Control,72.7,68.8,3.9,Non-Responder
1068,9,42,Male,Moderate,Medium,Treatment,69.2,64.2,5.0,Non-Responder
1069,15,57,Female,Moderate,Low,Treatment,61.4,40.7,20.7,Responder
1070,33,33,Female,Severe,Low,Treatment,78.4,73.9,4.5,Non-Responder
1071,30,52,Female,Mild,Medium,Control,58.4,58.8,-0.4,Non-Responder
1072,29,50,Female,Mild,Low,Control,59.8,57.9,1.9,Non-Responder
1073,17,27,Female,Moderate,Medium,Treatment,80.2,67.8,12.4,Responder
1074,22,58,Female,Moderate,Low,Control,48.5,28.4,20.1,Responder
1075,20,45,Male,Moderate,Medium,Control,63.3,49.7,13.6,Responder
1076,3,49,Male,Mild,Low,Control,57.9,59.8,-1.9,Non-Responder
1077,16,44,Female,Severe,Low,Control,87.2,75.5,11.7,Responder
1078,6,55,Male,Severe,Medium,Treatment,78.2,75.6,2.6,Non-Responder
1079,25,57,Female,Moderate,Medium,Control,65.8,56.0,9.8,Non-Responder
1080,19,69,Female,Moderate,High,Control,70.7,58.3,12.4,Responder
1081,27,26,Female,Moderate,Medium,Control,72.2,43.0,29.2,Responder
1082,40,46,Female,Mild,Low,Treatment,55.4,38.1,17.3,Responder
1083,34,50,Male,Moderate,Medium,Control,71.4,60.9,10.5,Responder
1084,24,53,Male,Moderate,Low,Control,47.7,22.5,25.2,Responder
1085,21,81,Male,Severe,High,Treatment,75.7,66.2,9.5,Non-Responder
1086,40,42,Male,Mild,Low,Treatment,50.6,33.5,17.1,Responder
1087,10,53,Female,Moderate,Medium,Treatment,57.2,44.8,12.4,Responder
1088,26,53,Male,Mild,High,Treatment,72.2,55.8,16.4,Responder
1089,16,65,Male,Moderate,Medium,Control,65.4,58.2,7.2,Non-Responder
1090,34,62,Male,Moderate,Medium,Control,55.5,48.5,7.0,Non-Responder
1091,5,30,Female,Mild,Medium,Treatment,53.0,45.4,7.6,Non-Responder
1092,1,73,Female,Mild,Low,Control,60.2,66.2,-6.0,Non-Responder
1093,19,32,Male,Moderate,Low,Treatment,41.8,30.2,11.6,Responder
1094,12,51,Male,Moderate,Low,Treatment,60.9,63.5,-2.6,Non-Responder
1095,28,51,Male,Severe,Low,Control,70.7,60.5,10.2,Responder
1096,11,60,Male,Mild,Medium,Treatment,55.4,39.5,15.9,Responder
1097,18,54,Male,Moderate,Medium,Treatment,54.2,46.1,8.1,Non-Responder
1098,33,38,Male,Severe,High,Control,75.0,54.7,20.3,Responder
1099,19,55,Female,Moderate,Medium,Control,67.0,60.7,6.3,Non-Responder
1100,8,37,Female,Moderate,Low,Treatment,65.4,56.7,8.7,Non-Responder
1101,10,77,Female,Mild,Low,Control,65.8,51.0,14.8,Responder
1102,2,61,Female,Moderate,High,Control,51.9,33.4,18.5,Responder
1103,37,28,Female,Mild,Low,Treatment,51.1,32.9,18.2,Responder
1104,30,56,Female,Moderate,Medium,Treatment,45.4,27.0,18.4,Responder
1105,18,23,Male,Severe,Low,Control,56.0,45.1,10.9,Responder
1106,8,47,Male,Mild,High,Treatment,57.9,36.9,21.0,Responder
1107,10,65,Female,Moderate,High,Treatment,67.0,46.1,20.9,Responder
1108,24,42,Male,Moderate,Unknown,Control,69.1,57.0,12.1,Responder
1109,31,23,Female,Mild,Low,Treatment,52.1,49.5,2.6,Non-Responder
1110,21,50,Female,Severe,Low,Control,70.5,54.8,15.7,Responder
1111,21,32,Female,Severe,Low,Control,63.4,62.1,1.3,Non-Responder
1112,19,54,Female,Mild,Low,Treatment,46.9,41.2,5.7,Non-Responder
1113,32,56,Female,Moderate,Medium,Treatment,59.6,30.6,29.0,Responder
1114,11,46,Female,Moderate,Medium,Control,56.6,54.9,1.7,Non-Responder
1115,3,38,Female,Severe,Medium,Treatment,56.3,41.2,15.1,Responder
1116,5,52,Female,Moderate,Low,Control,64.5,60.5,4.0,Non-Responder
1117,32,37,Female,Mild,Low,Treatment,69.2,60.5,8.7,Non-Responder
1118,17,42,Female,Mild,Medium,Treatment,45.9,30.4,15.5,Responder
1119,31,46,Female,Severe,Low,Control,78.6,74.9,3.7,Non-Responder
1120,8,45,Female,Severe,Low,Control,85.1,80.6,4.5,Non-Responder
1121,33,38,Female,Moderate,High,Treatment,62.3,44.0,18.3,Responder
1122,26,44,Male,Moderate,Low,Control,55.7,47.5,8.2,Non-Responder
1123,29,61,Male,Moderate,Medium,Control,62.6,55.6,7.0,Non-Responder
1124,24,39,Female,Mild,Medium,Control,58.1,68.1,-10.0,Non-Responder
1125,37,60,Female,Moderate,Medium,Control,46.7,40.9,5.8,Non-Responder
1126,29,63,Female,Moderate,Medium,Control,36.6,24.6,12.0,Responder
1127,15,49,Male,Mild,Low,Control,68.1,81.9,-13.8,Non-Responder
1128,11,60,Male,Moderate,Medium,Treatment,57.1,38.9,18.2,Responder
1129,22,52,Female,Mild,Low,Control,67.2,63.2,4.0,Non-Responder
1130,24,35,Female,Mild,Low,Control,57.9,44.9,13.0,Responder
1131,21,42,Male,Mild,Low,Treatment,47.0,41.2,5.8,Non-Responder
1132,12,67,Female,Moderate,Low,Treatment,57.6,17.8,39.8,Responder
1133,38,43,Female,Moderate,Medium,Control,81.0,69.0,12.0,Responder
1134,36,44,Male,Mild,Medium,Treatment,60.1,41.1,19.0,Responder
1135,40,61,Male,Severe,Medium,Treatment,56.6,32.3,24.3,Responder
1136,35,46,Male,Moderate,Medium,Control,61.8,44.2,17.6,Responder
1137,17,59,Female,Mild,Low,Treatment,52.5,37.7,14.8,Responder
1138,40,31,Female,Mild,Medium,Treatment,52.8,50.0,2.8,Non-Responder
1139,11,73,Male,Severe,Low,Control,82.0,68.8,13.2,Responder
1140,27,67,Female,Mild,Medium,Treatment,58.0,38.6,19.4,Responder
1141,26,37,Female,Mild,Low,Control,42.1,31.6,10.5,Responder
1142,25,75,Male,Moderate,Low,Control,53.3,43.7,9.6,Non-Responder
1143,34,53,Female,Mild,Medium,Treatment,44.7,32.0,12.7,Responder
1144,11,61,Male,Moderate,Medium,Treatment,56.1,34.0,22.1,Responder
1145,8,38,Female,Moderate,Low,Treatment,69.0,44.7,24.3,Responder
1146,35,34,Female,Moderate,Low,Control,59.3,63.7,-4.4,Non-Responder
1147,38,69,Male,Moderate,Low,Treatment,59.8,50.1,9.7,Non-Responder
1148,39,59,Male,Moderate,Medium,Control,65.3,58.1,7.2,Non-Responder
1149,27,35,Female,Severe,Low,Treatment,70.7,48.3,22.4,Responder
1150,22,56,Male,Severe,Low,Control,83.5,81.1,2.4,Non-Responder
1151,25,27,Female,Moderate,High,Control,46.9,29.9,17.0,Responder
1152,30,31,Female,Moderate,Low,Control,52.1,40.5,11.6,Responder
1153,15,41,Female,Mild,Low,Control,52.2,38.9,13.3,Responder
1154,28,31,Male,Moderate,Medium,Treatment,49.1,15.7,33.4,Responder
1155,8,54,Male,Severe,Medium,Treatment,82.3,69.2,13.1,Responder
1156,37,75,Male,Moderate,Medium,Control,26.1,14.0,12.1,Responder
1157,29,34,Female,Mild,Medium,Control,57.7,57.4,0.3,Non-Responder
1158,34,72,Male,Mild,Medium,Control,54.7,62.8,-8.1,Non-Responder
1159,28,74,Female,Moderate,Medium,Treatment,65.9,42.9,23.0,Responder
1160,12,75,Male,Mild,High,Treatment,51.6,39.5,12.1,Responder
1161,39,46,Male,Mild,Low,Treatment,60.2,34.2,26.0,Responder
1162,13,82,Female,Mild,Low,Control,56.8,50.3,6.5,Non-Responder
1163,8,52,Female,Severe,High,Control,69.8,52.9,16.9,Responder
1164,19,40,Female,Moderate,Low,Treatment,35.4,5.0,30.8,Responder
1165,20,63,Male,Moderate,Medium,Control,59.3,33.0,26.3,Responder
1166,14,61,Female,Moderate,Low,Treatment,71.6,69.0,2.6,Non-Responder
1167,8,54,Female,Moderate,Medium,Control,56.6,44.2,12.4,Responder
1168,4,52,Male,Moderate,Medium,Control,72.9,54.0,18.9,Responder
1169,26,72,Male,Moderate,High,Control,60.5,45.0,15.5,Responder
1170,14,43,Male,Mild,Medium,Control,60.4,50.7,9.7,Non-Responder
1171,13,56,Male,Moderate,Medium,Control,40.5,49.0,-8.5,Non-Responder
1172,10,46,Male,Moderate,High,Control,64.5,52.7,11.8,Responder
1173,15,43,Male,Moderate,Low,Treatment,68.8,49.3,19.5,Responder
1174,13,50,Female,Severe,Low,Treatment,72.2,64.4,7.8,Non-Responder
1175,32,38,Male,Severe,Medium,Control,64.0,60.3,3.7,Non-Responder
1176,12,68,Female,Moderate,High,Treatment,48.8,42.4,6.4,Non-Responder
1177,12,48,Female,Moderate,Low,Control,54.6,34.2,20.4,Responder
1178,15,50,Female,Moderate,High,Treatment,57.0,45.1,11.9,Responder
1179,11,34,Female,Moderate,Low,Control,79.5,66.6,12.9,Responder
1180,33,55,Female,Moderate,Low,Control,70.0,50.6,19.4,Responder
1181,26,46,Female,Mild,Medium,Control,71.3,70.9,0.4,Non-Responder
1182,10,48,Male,Mild,Low,Treatment,52.2,34.7,17.5,Responder
1183,33,27,Male,Moderate,Medium,Control,59.0,63.9,-4.9,Non-Responder
1184,39,66,Female,Moderate,Low,Treatment,51.0,42.0,9.0,Non-Responder
1185,4,46,Female,Moderate,Medium,Treatment,62.6,41.3,21.3,Responder
1186,29,57,Female,Moderate,Medium,Treatment,86.0,75.0,11.0,Responder
1187,36,43,Male,Mild,High,Control,56.9,47.9,9.0,Non-Responder
1188,1,34,Female,Severe,High,Control,89.8,70.2,19.6,Responder
1189,9,63,Female,Mild,Low,Control,46.2,41.0,5.2,Non-Responder
1190,12,36,Female,Moderate,Medium,Treatment,61.0,36.0,25.0,Responder
1191,20,38,Female,Mild,Medium,Treatment,52.0,45.6,6.4,Non-Responder
1192,10,29,Male,Severe,Low,Treatment,71.0,51.0,20.0,Responder
1193,7,64,Female,Severe,High,Treatment,74.2,40.8,33.4,Responder
1194,37,47,Male,Moderate,Medium,Treatment,79.2,84.3,-5.1,Non-Responder
1195,18,55,Male,Mild,High,Control,59.3,51.4,7.9,Non-Responder
1196,37,59,Female,Severe,Low,Control,79.2,62.2,17.0,Responder
1197,32,47,Female,Severe,Low,Control,65.0,62.8,2.2,Non-Responder
1198,16,46,Male,Moderate,Medium,Treatment,59.9,52.3,7.6,Non-Responder
1199,9,60,Male,Moderate,Low,Control,65.2,61.5,3.7,Non-Responder
1200,31,65,Female,Mild,High,Treatment,57.4,45.9,11.5,Responder
1201,5,44,Male,Moderate,Low,Control,42.4,36.3,6.1,Non-Responder
1202,18,25,Female,Moderate,Low,Treatment,47.0,40.7,6.3,Non-Responder
1203,7,52,Male,Mild,Low,Control,56.5,48.6,7.9,Non-Responder
1204,2,43,Female,Moderate,Medium,Control,54.6,31.8,22.8,Responder
1205,20,60,Male,Moderate,Medium,Control,43.8,39.2,4.6,Non-Responder
1206,35,70,Male,Moderate,Low,Treatment,53.1,45.1,8.0,Non-Responder
1207,11,43,Female,Moderate,Low,Control,51.2,45.3,5.9,Non-Responder
1208,5,54,Female,Moderate,Unknown,Treatment,46.4,21.7,24.7,Responder
1209,1,48,Male,Moderate,High,Treatment,57.8,46.3,11.5,Responder
1210,2,58,Female,Moderate,Medium,Control,49.4,44.6,4.8,Non-Responder
1211,31,75,Female,Mild,Medium,Treatment,52.2,45.7,6.5,Non-Responder
1212,22,48,Male,Moderate,Low,Treatment,60.3,45.6,14.7,Responder
1213,23,47,Male,Moderate,High,Control,67.1,65.3,1.8,Non-Responder
1214,30,55,Female,Moderate,Medium,Treatment,62.3,53.6,8.7,Non-Responder
1215,32,55,Male,Severe,Low,Treatment,66.4,52.6,13.8,Responder
1216,20,61,Male,Moderate,Medium,Treatment,55.9,38.1,17.8,Responder
1217,11,40,Male,Moderate,Low,Control,88.5,84.3,4.2,Non-Responder
1218,6,33,Male,Mild,Medium,Treatment,58.8,58.2,0.6,Non-Responder
1219,15,56,Male,Moderate,Low,Control,52.7,35.3,17.4,Responder
1220,15,18,Male,Moderate,Medium,Treatment,41.3,17.9,23.4,Responder
1221,11,36,Male,Severe,Medium,Control,75.0,54.2,20.8,Responder
1222,7,50,Male,Moderate,Low,Control,44.5,32.9,11.6,Responder
1223,33,70,Male,Moderate,Medium,Treatment,61.9,58.2,3.7,Non-Responder
1224,35,52,Male,Mild,Medium,Treatment,53.9,25.4,28.5,Responder
1225,1,44,Female,Mild,High,Treatment,49.5,39.3,10.2,Responder
1226,12,62,Female,Mild,Medium,Treatment,51.2,27.5,23.7,Responder
1227,38,74,Female,Mild,Medium,Treatment,47.4,38.4,9.0,Non-Responder
1228,32,56,Male,Mild,Medium,Treatment,54.8,41.2,13.6,Responder
1229,39,38,Male,Moderate,High,Control,44.2,43.9,0.3,Non-Responder
1230,1,63,Female,Mild,Medium,Treatment,54.5,47.3,7.2,Non-Responder
1231,35,52,Male,Mild,Medium,Control,51.7,39.9,11.8,Responder
1232,40,38,Male,Mild,Medium,Control,57.7,49.8,7.9,Non-Responder
1233,35,37,Female,Moderate,Medium,Treatment,57.2,48.5,8.7,Non-Responder
1234,19,33,Female,Moderate,Medium,Treatment,71.5,58.1,13.4,Responder
1235,23,60,Female,Severe,Medium,Control,68.0,63.7,4.3,Non-Responder
1236,12,51,Male,Mild,Medium,Treatment,63.8,53.2,10.6,Responder
1237,7,82,Male,Mild,Low,Treatment,72.9,59.1,13.8,Responder
1238,12,82,Male,Moderate,Medium,Treatment,81.4,66.5,14.9,Responder
1239,11,48,Male,Severe,Medium,Treatment,68.6,55.3,13.3,Responder
1240,34,54,Male,Mild,Low,Control,49.0,46.1,2.9,Non-Responder
1241,16,62,Female,Moderate,Medium,Treatment,70.3,56.1,14.2,Responder
1242,35,46,Male,Moderate,Low,Treatment,56.1,57.6,-1.5,Non-Responder
1243,24,49,Male,Mild,Low,Treatment,63.2,65.7,-2.5,Non-Responder
1244,36,58,Female,Moderate,Medium,Control,49.3,38.0,11.3,Responder
1245,18,34,Male,Severe,High,Treatment,76.6,56.0,20.6,Responder
1246,6,39,Female,Moderate,Medium,Control,61.4,57.5,3.9,Non-Responder
1247,39,56,Female,Moderate,Medium,Control,65.2,49.1,16.1,Responder
1248,32,64,Male,Mild,High,Control,45.4,36.0,9.4,Non-Responder
1249,11,51,Female,Moderate,High,Treatment,58.6,45.7,12.9,Responder
1250,22,51,Female,Moderate,Medium,Treatment,70.1,64.1,6.0,Non-Responder
1251,8,41,Female,Mild,Medium,Control,33.2,19.6,13.6,Responder
1252,37,61,Female,Moderate,Low,Control,47.0,28.0,19.0,Responder
1253,15,46,Female,Moderate,Medium,Control,72.9,61.5,11.4,Responder
1254,38,39,Male,Mild,Low,Control,61.1,56.1,5.0,Non-Responder
1255,8,62,Male,Severe,Medium,Control,78.0,78.1,-0.1,Non-Responder
1256,11,43,Male,Moderate,Low,Treatment,61.3,48.4,12.9,Responder
1257,34,49,Female,Moderate,Medium,Control,61.2,61.6,-0.4,Non-Responder
1258,20,21,Female,Moderate,Medium,Treatment,59.5,35.3,24.2,Responder
1259,15,68,Female,Severe,Low,Control,74.5,70.6,3.9,Non-Responder
1260,23,57,Female,Moderate,Low,Treatment,60.7,41.5,19.2,Responder
1261,32,68,Female,Mild,Low,Control,46.1,43.0,3.1,Non-Responder
1262,27,70,Male,Mild,Medium,Treatment,55.1,39.5,15.6,Responder
1263,27,47,Female,Moderate,Medium,Treatment,81.4,73.5,7.9,Non-Responder
1264,20,33,Female,Moderate,Low,Control,48.5,48.0,0.5,Non-Responder
1265,4,44,Female,Moderate,Medium,Treatment,60.0,41.3,18.7,Responder
1266,28,56,Male,Moderate,High,Control,55.5,36.5,19.0,Responder
1267,25,42,Female,Moderate,Low,Control,57.1,50.0,7.1,Non-Responder
1268,19,45,Male,Moderate,Low,Control,83.8,74.7,9.1,Non-Responder
1269,29,57,Female,Mild,High,Treatment,47.8,52.7,-4.9,Non-Responder
1270,2,65,Female,Mild,Low,Control,49.0,28.8,20.2,Responder
1271,11,54,Male,Severe,Medium,Control,76.5,75.4,1.1,Non-Responder
1272,34,30,Female,Moderate,Medium,Control,83.7,100.0,-17.2,Non-Responder
1273,15,47,Male,Mild,Medium,Treatment,57.1,54.2,2.9,Non-Responder
1274,22,47,Female,Moderate,Medium,Treatment,66.2,50.0,16.2,Responder
1275,31,53,Male,Mild,Medium,Treatment,43.5,37.1,6.4,Non-Responder
1276,8,51,Female,Mild,Low,Treatment,54.0,51.5,2.5,Non-Responder
1277,12,37,Female,Moderate,Medium,Treatment,58.6,50.7,7.9,Non-Responder
1278,27,62,Female,Mild,Low,Treatment,59.1,52.5,6.6,Non-Responder
1279,36,19,Male,Severe,Medium,Treatment,65.2,45.4,19.8,Responder
1280,2,71,Male,Mild,Medium,Control,39.9,28.3,11.6,Responder
1281,24,60,Male,Moderate,Low,Treatment,54.9,41.1,13.8,Responder
1282,39,75,Female,Mild,Low,Treatment,51.2,40.2,11.0,Responder
1283,10,54,Male,Mild,Medium,Control,61.0,56.9,4.1,Non-Responder
1284,6,71,Male,Mild,Low,Control,51.2,44.9,6.3,Non-Responder
1285,7,54,Male,Mild,High,Treatment,44.3,23.3,21.0,Responder
1286,27,60,Female,Severe,Low,Control,76.6,56.5,20.1,Responder
1287,7,30,Male,Mild,Medium,Treatment,55.4,50.5,4.9,Non-Responder
1288,36,30,Male,Severe,High,Treatment,76.1,64.6,11.5,Responder
1289,39,45,Male,Moderate,Medium,Treatment,67.4,52.4,15.0,Responder
1290,39,50,Female,Moderate,Low,Treatment,49.9,33.5,16.4,Responder
1291,10,43,Male,Mild,Medium,Control,50.3,54.5,-4.2,Non-Responder
1292,27,63,Female,Severe,Low,Control,75.0,58.9,16.1,Responder
1293,26,40,Female,Severe,Low,Control,64.8,67.3,-2.5,Non-Responder
1294,35,68,Male,Mild,Low,Control,71.9,71.2,0.7,Non-Responder
1295,10,48,Female,Severe,Medium,Control,63.0,55.2,7.8,Non-Responder
1296,4,33,Male,Moderate,High,Control,46.1,49.3,-3.2,Non-Responder
1297,23,39,Male,Mild,High,Treatment,63.5,49.4,14.1,Responder
1298,12,58,Male,Moderate,Low,Treatment,66.8,44.9,21.9,Responder
1299,9,57,Female,Mild,Medium,Treatment,37.7,25.1,12.6,Responder
1300,22,66,Female,Mild,Low,Control,48.1,41.1,7.0,Non-Responder
1301,8,48,Female,Mild,Low,Treatment,71.5,49.8,21.7,Responder
1302,4,57,Male,Mild,Low,Treatment,72.8,47.8,25.0,Responder
1303,1,33,Female,Mild,Medium,Treatment,74.8,74.4,0.4,Non-Responder
1304,36,72,Female,Moderate,Medium,Control,67.4,57.9,9.5,Non-Responder
1305,28,36,Female,Mild,Medium,Treatment,56.1,43.1,13.0,Responder
1306,7,31,Male,Moderate,Medium,Control,68.9,54.6,14.3,Responder
1307,34,52,Male,Mild,Medium,Treatment,48.0,25.3,22.7,Responder
1308,18,35,Male,Moderate,Medium,Treatment,59.5,40.3,19.2,Responder
1309,25,63,Male,Moderate,High,Treatment,60.2,51.5,8.7,Non-Responder
1310,14,59,Female,Severe,Medium,Treatment,62.8,33.2,29.6,Responder
1311,21,61,Female,Mild,High,Control,64.7,52.7,12.0,Responder
1312,37,49,Female,Severe,High,Control,63.8,58.2,5.6,Non-Responder
1313,11,45,Male,Severe,Medium,Treatment,69.0,46.8,22.2,Responder
1314,37,47,Female,Moderate,Low,Treatment,66.2,38.1,28.1,Responder
1315,11,45,Male,Moderate,Low,Treatment,59.8,33.5,26.3,Responder
1316,28,51,Female,Mild,Low,Treatment,82.3,79.6,2.7,Non-Responder
1317,24,42,Female,Mild,High,Control,42.0,40.8,1.2,Non-Responder
1318,11,67,Male,Mild,Low,Treatment,48.0,24.3,23.7,Responder
1319,3,50,Female,Mild,Medium,Control,51.9,37.6,14.3,Responder
1320,21,60,Female,Moderate,Medium,Treatment,68.3,65.3,3.0,Non-Responder
1321,18,44,Female,Severe,Medium,Control,75.8,67.2,8.6,Non-Responder
1322,31,51,Female,Mild,Low,Treatment,54.7,46.1,8.6,Non-Responder
1323,12,48,Male,Moderate,Low,Treatment,68.7,67.7,1.0,Non-Responder
1324,15,18,Male,Mild,Medium,Treatment,65.8,59.7,6.1,Non-Responder
1325,22,37,Male,Moderate,Medium,Control,42.9,26.7,16.2,Responder
1326,18,25,Female,Moderate,Low,Control,67.3,71.8,-4.5,Non-Responder
1327,26,33,Male,Moderate,Medium,Control,76.5,62.3,14.2,Responder
1328,8,46,Female,Moderate,Medium,Treatment,50.2,29.6,20.6,Responder
1329,11,75,Male,Moderate,High,Treatment,57.3,42.0,15.3,Responder
1330,34,54,Female,Mild,High,Control,68.5,58.7,9.8,Non-Responder
1331,11,30,Female,Moderate,Low,Treatment,77.4,61.6,15.8,Responder
1332,34,53,Female,Moderate,Low,Control,50.5,39.1,11.4,Responder
1333,36,50,Female,Moderate,Medium,Treatment,69.0,49.3,19.7,Responder
1334,4,45,Female,Moderate,Medium,Treatment,56.2,48.8,7.4,Non-Responder
1335,36,45,Female,Severe,Low,Control,73.2,52.2,21.0,Responder
1336,27,40,Female,Moderate,Low,Control,62.7,56.7,6.0,Non-Responder
1337,37,69,Female,Moderate,Low,Control,67.7,65.6,2.1,Non-Responder
1338,37,56,Male,Moderate,Medium,Treatment,76.2,54.3,21.9,Responder
1339,16,32,Male,Mild,Medium,Control,61.2,58.3,2.9,Non-Responder
1340,5,69,Female,Mild,Medium,Treatment,70.6,50.8,19.8,Responder
1341,1,42,Male,Mild,Low,Control,44.0,43.2,0.8,Non-Responder
1342,34,42,Female,Moderate,Low,Treatment,58.8,32.5,26.3,Responder
1343,8,39,Female,Mild,Low,Control,48.6,26.6,22.0,Responder
1344,10,61,Female,Moderate,Medium,Control,67.6,49.7,17.9,Responder
1345,36,44,Female,Severe,High,Control,85.5,76.2,9.3,Non-Responder
1346,11,38,Male,Moderate,Medium,Treatment,57.4,38.7,18.7,Responder
1347,7,81,Female,Severe,Low,Control,79.1,85.4,-6.3,Non-Responder
1348,33,42,Female,Moderate,High,Treatment,78.9,68.7,10.2,Responder
1349,11,28,Female,Moderate,Low,Treatment,77.1,60.7,16.4,Responder
1350,3,70,Male,Mild,Medium,Control,45.1,28.4,16.7,Responder
1351,32,58,Male,Severe,Low,Treatment,67.2,54.6,12.6,Responder
1352,14,47,Female,Moderate,Medium,Treatment,53.7,34.9,18.8,Responder
1353,19,63,Male,Moderate,Medium,Treatment,55.9,35.0,20.9,Responder
1354,18,66,Male,Mild,Medium,Control,42.8,49.9,-7.1,Non-Responder
1355,38,49,Male,Mild,Medium,Treatment,47.3,23.2,24.1,Responder
1356,31,54,Male,Severe,Medium,Control,68.6,60.0,8.6,Non-Responder
1357,35,28,Male,Severe,Medium,Control,64.6,54.1,10.5,Responder
1358,32,63,Male,Moderate,Medium,Treatment,61.9,40.8,21.1,Responder
1359,21,61,Female,Severe,High,Control,87.8,85.4,2.4,Non-Responder
1360,28,49,Male,Moderate,Medium,Treatment,63.0,54.0,9.0,Non-Responder
1361,29,55,Male,Severe,Low,Treatment,68.2,49.1,19.1,Responder
1362,1,33,Male,Severe,Low,Control,96.9,76.2,20.7,Responder
1363,28,62,Female,Severe,Medium,Treatment,74.9,69.7,5.2,Non-Responder
1364,37,40,Male,Moderate,High,Treatment,67.8,46.5,21.3,Responder
1365,39,66,Female,Severe,Medium,Control,80.6,70.2,10.4,Responder
1366,9,44,Female,Moderate,Low,Control,45.3,47.8,-2.5,Non-Responder
1367,11,47,Female,Severe,Medium,Treatment,61.5,54.2,7.3,Non-Responder
1368,5,63,Male,Moderate,Low,Treatment,65.7,70.8,-5.1,Non-Responder
1369,25,47,Female,Severe,Low,Control,62.8,57.6,5.2,Non-Responder
1370,31,61,Male,Moderate,Low,Treatment,55.3,36.7,18.6,Responder
1371,6,51,Male,Mild,High,Treatment,61.6,32.9,28.7,Responder
1372,9,59,Female,Moderate,Medium,Control,57.2,47.4,9.8,Non-Responder
1373,24,45,Female,Moderate,Low,Treatment,73.3,66.7,6.6,Non-Responder
1374,17,39,Male,Mild,Medium,Treatment,33.2,23.3,9.9,Non-Responder
1375,34,40,Male,Severe,High,Treatment,81.6,73.2,8.4,Non-Responder
1376,24,58,Female,Severe,Low,Treatment,57.2,47.3,9.9,Non-Responder
1377,2,37,Male,Mild,High,Treatment,57.1,49.8,7.3,Non-Responder
1378,5,62,Female,Mild,Medium,Treatment,48.0,47.8,0.2,Non-Responder
1379,23,29,Male,Mild,Medium,Treatment,64.5,53.4,11.1,Responder
1380,24,66,Male,Moderate,Medium,Treatment,58.2,51.5,6.7,Non-Responder
1381,21,55,Female,Moderate,Low,Treatment,70.2,67.1,3.1,Non-Responder
1382,40,52,Female,Moderate,Low,Control,75.3,64.7,10.6,Responder
1383,24,31,Female,Mild,Low,Control,65.6,72.6,-7.0,Non-Responder
1384,27,44,Female,Moderate,Low,Control,69.8,67.9,1.9,Non-Responder
1385,8,47,Male,Severe,Medium,Treatment,66.0,47.6,18.4,Responder
1386,17,58,Female,Moderate,Low,Control,58.7,46.9,11.8,Responder
1387,22,41,Male,Moderate,Low,Control,50.0,42.4,7.6,Non-Responder
1388,25,37,Female,Moderate,Low,Control,55.3,42.2,13.1,Responder
1389,36,61,Female,Severe,High,Control,57.6,41.6,16.0,Responder
1390,11,55,Female,Mild,Medium,Treatment,75.4,64.6,10.8,Responder
1391,1,41,Female,Mild,Low,Treatment,77.4,81.4,-4.0,Non-Responder
1392,32,31,Female,Moderate,Low,Treatment,64.7,55.5,9.2,Non-Responder
1393,14,62,Male,Mild,Low,Treatment,56.1,28.4,27.7,Responder
1394,8,31,Male,Mild,Medium,Control,63.3,52.7,10.6,Responder
1395,35,60,Female,Moderate,Medium,Control,76.7,67.2,9.5,Non-Responder
1396,18,59,Male,Moderate,Medium,Control,61.0,48.7,12.3,Responder
1397,9,64,Male,Mild,Medium,Treatment,49.5,31.0,18.5,Responder
1398,34,62,Male,Moderate,Medium,Treatment,57.2,45.2,12.0,Responder
1399,39,53,Male,Moderate,Low,Treatment,78.1,62.7,15.4,Responder
1400,1,48,Female,Mild,Unknown,Control,69.8,62.7,7.1,Non-Responder
1401,10,48,Male,Severe,Medium,Treatment,80.2,67.5,12.7,Responder
1402,30,53,Female,Severe,Medium,Treatment,58.1,40.0,18.1,Responder
1403,30,46,Male,Moderate,Medium,Treatment,47.7,34.1,13.6,Responder
1404,34,47,Female,Moderate,Low,Control,81.2,69.8,11.4,Responder
1405,20,63,Male,Mild,Low,Treatment,48.8,30.0,18.8,Responder
1406,18,82,Female,Severe,Medium,Treatment,78.5,55.5,23.0,Responder
1407,4,51,Male,Severe,Low,Treatment,73.8,51.6,22.2,Responder
1408,27,54,Male,Moderate,Medium,Control,66.9,51.3,15.6,Responder
1409,13,47,Female,Moderate,High,Treatment,61.3,60.9,0.4,Non-Responder
1410,34,52,Male,Moderate,Low,Treatment,45.9,5.0,41.0,Responder
1411,10,39,Female,Moderate,Low,Treatment,70.6,55.6,15.0,Responder
1412,10,46,Female,Moderate,Medium,Treatment,72.5,67.8,4.7,Non-Responder
1413,21,70,Female,Mild,Medium,Treatment,29.8,29.7,0.1,Non-Responder
1414,7,48,Male,Mild,Medium,Control,58.9,43.6,15.3,Responder
1415,37,52,Male,Severe,Low,Treatment,77.9,61.7,16.2,Responder
1416,39,63,Male,Mild,Medium,Control,59.1,57.9,1.2,Non-Responder
1417,4,48,Male,Mild,Low,Control,42.2,18.9,23.3,Responder
1418,26,34,Male,Moderate,Low,Treatment,80.3,66.9,13.4,Responder
1419,23,55,Male,Moderate,Low,Treatment,66.0,54.4,11.6,Responder
1420,11,44,Female,Moderate,Low,Control,57.5,56.0,1.5,Non-Responder
1421,28,59,Female,Mild,Low,Treatment,57.0,36.1,20.9,Responder
1422,13,56,Female,Severe,Low,Control,71.9,57.0,14.9,Responder
1423,13,43,Female,Severe,Low,Control,72.0,70.9,1.1,Non-Responder
1424,13,51,Female,Mild,Low,Treatment,56.1,35.1,21.0,Responder
1425,36,39,Female,Moderate,Low,Control,86.0,73.3,12.7,Responder
1426,4,32,Female,Severe,Low,Treatment,61.0,31.2,29.8,Responder
1427,16,34,Male,Moderate,Low,Treatment,51.0,41.2,9.8,Non-Responder
1428,30,41,Male,Moderate,Medium,Treatment,61.2,53.1,8.1,Non-Responder
1429,21,58,Female,Moderate,High,Control,66.0,54.2,11.8,Responder
1430,32,68,Female,Severe,Medium,Control,61.0,59.2,1.8,Non-Responder
1431,20,47,Female,Mild,Medium,Control,54.4,43.6,10.8,Responder
1432,22,59,Female,Moderate,Low,Treatment,52.1,38.5,13.6,Responder
1433,37,41,Male,Moderate,Medium,Control,58.7,37.5,21.2,Responder
1434,14,53,Female,Moderate,Low,Control,50.0,42.6,7.4,Non-Responder
1435,39,57,Female,Mild,Medium,Control,55.5,43.7,11.8,Responder
1436,15,71,Male,Mild,Medium,Treatment,55.2,36.6,18.6,Responder
1437,13,78,Female,Moderate,Low,Treatment,67.1,55.0,12.1,Responder
1438,4,41,Female,Moderate,Low,Treatment,64.5,39.7,24.8,Responder
1439,39,76,Female,Mild,Low,Treatment,46.2,27.7,18.5,Responder
1440,39,45,Female,Moderate,Low,Treatment,62.8,47.3,15.5,Responder
1441,38,43,Male,Moderate,High,Treatment,41.3,14.7,26.6,Responder
1442,34,55,Male,Mild,Low,Control,50.7,40.9,9.8,Non-Responder
1443,18,48,Male,Mild,Low,Control,74.4,65.0,9.4,Non-Responder
1444,13,32,Female,Moderate,Medium,Control,73.3,57.5,15.8,Responder
1445,3,58,Female,Mild,Low,Treatment,51.0,50.0,1.0,Non-Responder
1446,17,45,Female,Moderate,Low,Control,69.6,53.3,16.3,Responder
1447,22,40,Male,Mild,High,Control,32.4,41.1,-8.7,Non-Responder
1448,39,38,Male,Mild,Medium,Treatment,41.9,37.8,4.1,Non-Responder
1449,22,51,Male,Severe,Low,Treatment,70.9,60.3,10.6,Responder
1450,25,50,Male,Moderate,Medium,Control,81.5,63.2,18.3,Responder
1451,7,52,Male,Moderate,High,Control,53.8,40.5,13.3,Responder
1452,11,66,Male,Moderate,High,Control,81.3,55.5,25.8,Responder
1453,7,59,Female,Moderate,Low,Treatment,54.0,34.4,19.6,Responder
1454,19,63,Female,Moderate,Medium,Treatment,58.7,38.5,20.2,Responder
1455,21,48,Male,Moderate,Low,Treatment,55.5,42.0,13.5,Responder
1456,34,54,Female,Moderate,Medium,Control,78.2,76.4,1.8,Non-Responder
1457,39,30,Male,Moderate,Medium,Control,57.8,66.3,-8.5,Non-Responder
1458,3,64,Female,Moderate,Low,Treatment,59.3,43.0,16.3,Responder
1459,16,59,Male,Moderate,Low,Treatment,70.5,64.0,6.5,Non-Responder
1460,5,46,Male,Moderate,High,Treatment,62.4,29.0,33.4,Responder
1461,20,72,Male,Moderate,Low,Control,59.4,36.9,22.5,Responder
1462,4,65,Male,Mild,Medium,Treatment,55.2,25.6,29.6,Responder
1463,27,70,Male,Mild,High,Treatment,51.8,40.8,11.0,Responder
1464,24,30,Female,Severe,Low,Treatment,70.6,40.8,29.8,Responder
1465,34,44,Female,Moderate,Medium,Treatment,43.6,20.7,22.9,Responder
1466,23,76,Female,Moderate,Low,Treatment,74.0,78.4,-4.4,Non-Responder
1467,24,52,Female,Severe,Medium,Control,73.7,66.6,7.1,Non-Responder
1468,14,36,Female,Moderate,Medium,Control,77.2,74.0,3.2,Non-Responder
1469,4,44,Male,Moderate,Low,Control,51.3,45.2,6.1,Non-Responder
1470,2,29,Female,Moderate,High,Treatment,62.3,40.6,21.7,Responder
1471,6,51,Male,Moderate,Medium,Control,95.0,100.0,-8.1,Non-Responder
1472,35,44,Female,Moderate,Medium,Control,74.5,58.5,16.0,Responder
1473,13,32,Male,Moderate,Low,Control,57.8,42.3,15.5,Responder
1474,5,40,Female,Moderate,Low,Control,64.1,46.5,17.6,Responder
1475,36,55,Male,Moderate,High,Control,43.9,40.6,3.3,Non-Responder
1476,13,64,Female,Mild,Medium,Control,46.4,35.1,11.3,Responder
1477,30,57,Male,Moderate,Medium,Control,72.5,64.2,8.3,Non-Responder
1478,29,58,Female,Moderate,Medium,Control,64.3,55.4,8.9,Non-Responder
1479,34,48,Male,Moderate,Medium,Treatment,62.2,39.6,22.6,Responder
1480,18,46,Female,Moderate,Medium,Control,69.7,59.7,10.0,Responder
1481,16,52,Male,Moderate,Medium,Control,74.7,63.1,11.6,Responder
1482,13,57,Female,Moderate,Medium,Treatment,63.9,36.1,27.8,Responder
1483,27,66,Male,Moderate,Medium,Control,62.9,74.9,-12.0,Non-Responder
1484,5,55,Male,Severe,Medium,Control,79.2,74.9,4.3,Non-Responder
1485,5,51,Male,Mild,Medium,Treatment,61.8,42.0,19.8,Responder
1486,19,42,Male,Moderate,Medium,Control,59.3,46.6,12.7,Responder
1487,23,49,Female,Moderate,Low,Treatment,69.8,53.1,16.7,Responder
1488,13,46,Female,Severe,High,Control,61.7,42.5,19.2,Responder
1489,40,49,Male,Severe,Low,Control,81.3,76.3,5.0,Non-Responder
1490,29,41,Female,Mild,Medium,Treatment,59.6,37.9,21.7,Responder
1491,39,44,Female,Moderate,Low,Treatment,63.8,47.7,16.1,Responder
1492,11,50,Male,Mild,Low,Control,52.2,56.3,-4.1,Non-Responder
1493,4,49,Male,Moderate,High,Control,60.9,48.6,12.3,Responder
1494,30,50,Female,Moderate,High,Treatment,54.8,48.0,6.8,Non-Responder
1495,23,74,Female,Moderate,High,Control,40.4,33.7,6.7,Non-Responder
1496,29,45,Female,Mild,Medium,Treatment,47.4,28.4,19.0,Responder
1497,31,60,Female,Moderate,Medium,Treatment,61.0,52.9,8.1,Non-Responder
1498,39,59,Female,Moderate,Low,Treatment,56.1,40.8,15.3,Responder
1499,25,65,Male,Mild,Medium,Treatment,46.6,33.2,13.4,Responder
1500,13,51,Male,Moderate,Medium,Treatment,51.2,29.4,21.8,Responder
1501,4,34,Female,Mild,Medium,Control,58.0,53.3,4.7,Non-Responder
1502,34,64,Female,Severe,Medium,Treatment,80.7,79.7,1.0,Non-Responder
1503,39,61,Female,Severe,Low,Control,72.1,53.2,18.9,Responder
1504,31,82,Female,Moderate,Low,Control,58.4,40.6,17.8,Responder
1505,23,61,Female,Mild,Low,Treatment,68.2,59.9,8.3,Non-Responder
1506,28,71,Male,Moderate,Medium,Control,60.4,45.2,15.2,Responder
1507,35,37,Female,Moderate,Low,Control,59.2,56.4,2.8,Non-Responder
1508,30,36,Male,Mild,Medium,Treatment,54.7,41.3,13.4,Responder
1509,3,72,Female,Severe,Low,Control,79.8,61.8,18.0,Responder
1510,16,60,Female,Severe,Medium,Treatment,59.0,57.0,2.0,Non-Responder
1511,37,57,Male,Mild,High,Control,56.9,40.6,16.3,Responder
1512,13,42,Male,Moderate,Low,Treatment,76.8,65.0,11.8,Responder
1513,23,40,Female,Severe,High,Treatment,54.2,46.8,7.4,Non-Responder
1514,18,42,Male,Mild,Low,Treatment,59.6,38.2,21.4,Responder
1515,23,48,Male,Moderate,Medium,Control,60.4,54.1,6.3,Non-Responder
1516,11,49,Female,Moderate,Low,Control,74.4,62.0,12.4,Responder
1517,26,35,Female,Moderate,Low,Treatment,60.4,53.2,7.2,Non-Responder
1518,22,47,Female,Moderate,Medium,Control,49.2,36.3,12.9,Responder
1519,24,51,Male,Moderate,Low,Control,53.9,39.2,14.7,Responder
1520,3,60,Male,Mild,Low,Treatment,48.8,41.7,7.1,Non-Responder
1521,7,56,Female,Severe,Medium,Treatment,86.0,66.9,19.1,Responder
1522,33,42,Female,Mild,Medium,Treatment,65.1,63.6,1.5,Non-Responder
1523,22,57,Male,Moderate,Medium,Control,83.9,64.7,19.2,Responder
1524,11,28,Male,Moderate,Medium,Treatment,58.0,41.3,16.7,Responder
1525,32,49,Female,Moderate,Medium,Treatment,74.7,55.4,19.3,Responder
1526,3,78,Female,Severe,Medium,Control,74.6,62.2,12.4,Responder
1527,20,32,Male,Moderate,Medium,Treatment,65.5,51.6,13.9,Responder
1528,10,62,Male,Severe,Medium,Treatment,50.4,25.5,24.9,Responder
1529,15,52,Female,Moderate,Low,Control,63.1,52.8,10.3,Responder
1530,32,55,Female,Mild,Medium,Control,70.0,45.3,24.7,Responder
1531,18,57,Female,Mild,Medium,Control,58.4,42.0,16.4,Responder
1532,10,44,Female,Severe,Low,Treatment,62.8,57.8,5.0,Non-Responder
1533,21,63,Male,Moderate,High,Control,68.1,56.1,12.0,Responder
1534,27,52,Male,Mild,Medium,Treatment,63.5,53.5,10.0,Responder
1535,30,51,Male,Moderate,Low,Treatment,65.1,38.6,26.5,Responder
1536,25,70,Female,Moderate,High,Treatment,84.6,72.4,12.2,Responder
1537,35,74,Male,Moderate,Medium,Control,67.9,54.1,13.8,Responder
1538,10,71,Male,Mild,Low,Control,54.0,40.1,13.9,Responder
1539,4,50,Female,Moderate,High,Control,71.7,89.3,-17.6,Non-Responder
1540,37,82,Female,Mild,Medium,Control,57.5,52.3,5.2,Non-Responder
1541,17,54,Male,Moderate,High,Treatment,75.6,48.1,27.5,Responder
1542,28,36,Male,Mild,High,Control,55.8,48.0,7.8,Non-Responder
1543,6,50,Female,Moderate,Medium,Control,49.1,39.0,10.1,Responder
1544,24,46,Female,Moderate,Medium,Control,65.5,54.1,11.4,Responder
1545,22,58,Male,Moderate,Low,Treatment,61.3,48.0,13.3,Responder
1546,32,48,Female,Severe,Medium,Treatment,79.2,57.3,21.9,Responder
1547,6,59,Male,Mild,High,Treatment,55.2,52.8,2.4,Non-Responder
1548,6,63,Male,Moderate,High,Treatment,52.3,31.2,21.1,Responder
1549,40,27,Female,Mild,Low,Treatment,59.8,42.4,17.4,Responder
1550,23,56,Male,Mild,Low,Control,76.1,55.9,20.2,Responder
1551,15,61,Female,Moderate,High,Control,63.3,56.9,6.4,Non-Responder
1552,16,63,Female,Mild,High,Control,61.3,48.2,13.1,Responder
1553,38,62,Male,Mild,Low,Treatment,58.9,48.4,10.5,Responder
1554,34,41,Male,Moderate,Low,Control,68.2,52.3,15.9,Responder
1555,34,51,Female,Moderate,Low,Control,52.1,44.7,7.4,Non-Responder
1556,18,67,Female,Moderate,Medium,Treatment,61.7,44.1,17.6,Responder
1557,9,38,Male,Moderate,Low,Control,74.3,56.6,17.7,Responder
1558,4,53,Male,Moderate,Medium,Control,51.6,44.7,6.9,Non-Responder
1559,3,80,Female,Moderate,Medium,Treatment,43.3,34.9,8.4,Non-Responder
1560,36,65,Male,Severe,Medium,Control,69.2,71.9,-2.7,Non-Responder
1561,18,47,Male,Moderate,Medium,Treatment,66.4,46.1,20.3,Responder
1562,17,49,Female,Severe,Medium,Treatment,64.3,43.8,20.5,Responder
1563,16,46,Male,Moderate,Low,Control,53.9,36.7,17.2,Responder
1564,8,74,Male,Moderate,Low,Treatment,70.9,55.7,15.2,Responder
1565,2,45,Male,Moderate,Medium,Treatment,55.9,63.1,-7.2,Non-Responder
1566,36,58,Female,Moderate,Low,Control,66.1,60.0,6.1,Non-Responder
1567,12,35,Male,Moderate,Low,Treatment,57.0,45.2,11.8,Responder
1568,19,54,Male,Mild,High,Control,55.9,40.4,15.5,Responder
1569,23,63,Male,Moderate,High,Treatment,49.2,28.6,20.6,Responder
1570,33,48,Male,Mild,Medium,Treatment,60.7,47.6,13.1,Responder
1571,17,40,Female,Moderate,Medium,Treatment,51.1,19.7,31.4,Responder
1572,2,42,Male,Mild,Low,Control,48.3,35.6,12.7,Responder
1573,12,68,Female,Mild,Medium,Treatment,74.0,76.8,-2.8,Non-Responder
1574,7,56,Female,Mild,Low,Control,46.5,20.6,25.9,Responder
1575,19,34,Female,Severe,Medium,Treatment,73.4,55.3,18.1,Responder
1576,32,56,Male,Mild,Low,Treatment,68.3,58.0,10.3,Responder
1577,13,73,Female,Severe,High,Control,51.9,41.1,10.8,Responder
1578,15,82,Male,Severe,Medium,Treatment,84.9,53.7,31.2,Responder
1579,32,64,Female,Moderate,Medium,Treatment,75.5,58.3,17.2,Responder
1580,13,64,Male,Moderate,Medium,Treatment,68.7,41.9,26.8,Responder
1581,18,57,Female,Moderate,Medium,Control,57.2,45.7,11.5,Responder
1582,14,68,Male,Mild,Medium,Treatment,45.9,26.6,19.3,Responder
1583,2,65,Male,Moderate,Low,Treatment,58.3,40.1,18.2,Responder
1584,30,54,Male,Severe,Low,Control,79.1,55.6,23.5,Responder
1585,6,39,Male,Moderate,Medium,Treatment,73.6,60.9,12.7,Responder
1586,18,59,Female,Severe,Low,Control,68.2,74.0,-5.8,Non-Responder
1587,14,54,Female,Moderate,Medium,Control,54.2,43.7,10.5,Responder
1588,28,47,Female,Severe,Medium,Treatment,80.5,49.8,30.7,Responder
1589,2,53,Female,Moderate,Low,Control,65.0,38.0,27.0,Responder
1590,37,58,Male,Severe,Medium,Control,76.8,52.6,24.2,Responder
1591,11,62,Female,Mild,High,Treatment,40.6,29.3,11.3,Responder
1592,18,54,Male,Moderate,Low,Control,61.6,54.2,7.4,Non-Responder
1593,9,50,Female,Moderate,Medium,Control,74.5,66.1,8.4,Non-Responder
1594,6,32,Male,Severe,Low,Treatment,68.2,36.8,31.4,Responder
1595,18,56,Male,Severe,Medium,Treatment,79.6,62.9,16.7,Responder
1596,19,45,Female,Moderate,Low,Control,38.9,30.3,8.6,Non-Responder
1597,39,65,Female,Severe,Medium,Control,88.4,81.0,7.4,Non-Responder
1598,13,76,Female,Moderate,Low,Control,65.2,54.4,10.8,Responder
1599,11,55,Male,Mild,High,Control,68.8,45.5,23.3,Responder
1600,13,39,Female,Severe,Low,Control,65.5,52.9,12.6,Responder
1601,37,47,Female,Mild,Medium,Treatment,47.1,34.6,12.5,Responder
1602,7,55,Male,Moderate,Medium,Control,66.8,54.9,11.9,Responder
1603,20,76,Male,Moderate,Low,Control,62.7,43.2,19.5,Responder
1604,9,32,Female,Moderate,Low,Treatment,59.8,48.9,10.9,Responder
1605,8,40,Male,Severe,High,Treatment,74.5,56.0,18.5,Responder
1606,7,40,Male,Moderate,Medium,Treatment,75.6,57.9,17.7,Responder
1607,39,51,Female,Severe,Medium,Control,80.6,73.3,7.3,Non-Responder
1608,7,60,Female,Moderate,High,Control,50.1,49.0,1.1,Non-Responder
1609,39,48,Female,Moderate,Medium,Control,55.4,38.6,16.8,Responder
1610,39,51,Male,Severe,Medium,Treatment,63.3,52.1,11.2,Responder
1611,33,64,Male,Moderate,Low,Control,66.6,61.5,5.1,Non-Responder
1612,22,37,Male,Mild,High,Control,49.9,39.6,10.3,Responder
1613,6,48,Male,Mild,Medium,Treatment,50.1,47.8,2.3,Non-Responder
1614,36,63,Female,Moderate,Low,Control,56.7,49.5,7.2,Non-Responder
1615,29,74,Male,Mild,Low,Control,47.2,39.2,8.0,Non-Responder
1616,18,60,Male,Moderate,Low,Control,62.2,60.4,1.8,Non-Responder
1617,24,24,Female,Moderate,Medium,Control,61.9,45.5,16.4,Responder
1618,22,34,Female,Severe,Medium,Treatment,65.4,46.1,19.3,Responder
1619,29,54,Female,Moderate,Medium,Treatment,65.3,51.6,13.7,Responder
1620,20,62,Female,Mild,Low,Control,57.3,51.7,5.6,Non-Responder
1621,38,56,Male,Mild,High,Treatment,54.5,36.3,18.2,Responder
1622,33,43,Female,Moderate,Medium,Treatment,61.8,49.1,12.7,Responder
1623,4,43,Male,Mild,Medium,Treatment,54.6,36.4,18.2,Responder
1624,38,41,Male,Moderate,High,Control,50.6,42.0,8.6,Non-Responder
1625,21,63,Female,Mild,Low,Control,51.4,30.9,20.5,Responder
1626,17,34,Male,Severe,Low,Treatment,64.6,51.4,13.2,Responder
1627,13,62,Male,Moderate,Medium,Treatment,64.0,41.7,22.3,Responder
1628,40,43,Female,Moderate,Medium,Treatment,61.6,51.9,9.7,Non-Responder
1629,3,39,Female,Severe,Low,Control,65.6,59.2,6.4,Non-Responder
1630,25,49,Female,Moderate,Low,Control,60.2,44.7,15.5,Responder
1631,20,63,Female,Severe,Low,Treatment,77.9,64.9,13.0,Responder
1632,38,63,Female,Mild,Medium,Control,69.1,64.7,4.4,Non-Responder
1633,19,39,Male,Moderate,Low,Control,68.9,59.2,9.7,Non-Responder
1634,18,43,Female,Severe,Medium,Treatment,65.8,48.3,17.5,Responder
1635,33,54,Female,Moderate,High,Control,57.3,48.2,9.1,Non-Responder
1636,15,63,Female,Mild,Medium,Treatment,42.5,51.9,-9.4,Non-Responder
1637,5,59,Female,Moderate,Low,Control,56.2,36.7,19.5,Responder
1638,7,53,Female,Severe,Medium,Treatment,62.4,52.5,9.9,Non-Responder
1639,37,46,Female,Mild,High,Treatment,45.7,18.1,27.6,Responder
1640,11,41,Male,Moderate,Low,Treatment,67.8,71.5,-3.7,Non-Responder
1641,36,62,Female,Severe,Low,Treatment,78.1,73.0,5.1,Non-Responder
1642,33,59,Female,Severe,Low,Control,66.5,56.0,10.5,Responder
1643,31,48,Female,Moderate,High,Control,47.9,38.0,9.9,Non-Responder
1644,27,38,Female,Severe,High,Control,85.1,75.1,10.0,Responder
1645,14,63,Female,Severe,Medium,Control,75.3,71.7,3.6,Non-Responder
1646,9,54,Male,Mild,Low,Treatment,77.6,62.0,15.6,Responder
1647,30,47,Male,Moderate,High,Control,76.9,60.6,16.3,Responder
1648,31,65,Male,Moderate,High,Treatment,45.7,31.1,14.6,Responder
1649,29,64,Female,Moderate,Medium,Control,72.4,69.6,2.8,Non-Responder
1650,40,53,Male,Mild,Medium,Treatment,44.6,27.2,17.4,Responder
1651,25,69,Male,Mild,High,Control,62.1,58.8,3.3,Non-Responder
1652,5,61,Male,Moderate,High,Control,73.6,43.9,29.7,Responder
1653,31,71,Female,Moderate,Medium,Control,56.8,38.9,17.9,Responder
1654,12,61,Female,Moderate,Medium,Treatment,49.4,36.2,13.2,Responder
1655,4,81,Male,Moderate,Low,Treatment,67.4,57.0,10.4,Responder
1656,7,55,Female,Mild,High,Control,51.7,26.6,25.1,Responder
1657,34,52,Female,Mild,Low,Control,52.7,50.1,2.6,Non-Responder
1658,35,56,Female,Moderate,Medium,Control,51.0,56.7,-5.7,Non-Responder
1659,25,49,Male,Moderate,Low,Treatment,62.1,59.3,2.8,Non-Responder
1660,31,51,Male,Mild,Medium,Control,66.3,52.3,14.0,Responder
1661,33,47,Male,Mild,Low,Treatment,55.1,38.0,17.1,Responder
1662,8,41,Female,Mild,Medium,Control,50.7,48.8,1.9,Non-Responder
1663,39,57,Male,Severe,Medium,Control,52.4,48.8,3.6,Non-Responder
1664,36,48,Male,Mild,Medium,Control,47.6,39.7,7.9,Non-Responder
1665,15,61,Female,Moderate,Medium,Control,46.0,31.6,14.4,Responder
1666,17,43,Female,Severe,Medium,Treatment,71.1,55.9,15.2,Responder
1667,37,51,Female,Moderate,Medium,Control,43.8,34.5,9.3,Non-Responder
1668,25,77,Female,Moderate,High,Treatment,77.8,70.1,7.7,Non-Responder
1669,13,43,Male,Severe,Medium,Treatment,70.7,60.3,10.4,Responder
1670,4,60,Female,Moderate,Low,Treatment,65.8,50.1,15.7,Responder
1671,31,71,Male,Mild,Low,Treatment,58.5,51.4,7.1,Non-Responder
1672,35,65,Female,Severe,Medium,Treatment,66.8,48.1,18.7,Responder
1673,29,29,Female,Severe,Medium,Control,73.2,74.0,-0.8,Non-Responder
1674,2,60,Male,Severe,Medium,Treatment,60.4,47.7,12.7,Responder
1675,32,64,Male,Moderate,Low,Treatment,52.5,46.5,6.0,Non-Responder
1676,4,63,Female,Mild,Low,Control,46.9,37.3,9.6,Non-Responder
1677,39,45,Female,Moderate,Medium,Control,61.9,51.5,10.4,Responder
1678,17,53,Male,Mild,Medium,Control,68.2,62.4,5.8,Non-Responder
1679,27,61,Male,Mild,Medium,Treatment,53.5,48.2,5.3,Non-Responder
1680,12,38,Female,Moderate,Medium,Treatment,60.1,49.2,10.9,Responder
1681,25,54,Male,Moderate,Low,Control,65.5,45.7,19.8,Responder
1682,21,50,Female,Moderate,High,Control,62.9,57.9,5.0,Non-Responder
1683,31,37,Male,Mild,Medium,Control,59.1,57.2,1.9,Non-Responder
1684,10,62,Female,Severe,Low,Control,75.2,72.6,2.6,Non-Responder
1685,5,36,Male,Mild,Medium,Control,75.3,57.9,17.4,Responder
1686,21,31,Female,Mild,High,Treatment,57.6,34.3,23.3,Responder
1687,8,56,Male,Mild,Low,Control,43.6,34.1,9.5,Non-Responder
1688,36,60,Male,Mild,Low,Treatment,54.5,48.6,5.9,Non-Responder
1689,36,36,Female,Moderate,Medium,Control,57.9,55.0,2.9,Non-Responder
1690,27,73,Female,Severe,Medium,Treatment,65.8,55.5,10.3,Responder
1691,31,28,Male,Moderate,Low,Control,72.0,65.8,6.2,Non-Responder
1692,2,49,Female,Severe,Low,Control,75.1,69.5,5.6,Non-Responder
1693,11,31,Female,Moderate,Medium,Treatment,58.4,46.0,12.4,Responder
1694,3,51,Male,Mild,Low,Control,48.2,36.7,11.5,Responder
1695,4,62,Male,Moderate,Low,Treatment,56.9,41.7,15.2,Responder
1696,39,60,Female,Severe,Medium,Treatment,81.0,56.0,25.0,Responder
1697,18,48,Male,Moderate,Medium,Treatment,57.1,33.3,23.8,Responder
1698,2,45,Male,Mild,Low,Treatment,49.3,33.7,15.6,Responder
1699,36,61,Female,Mild,High,Treatment,67.7,64.2,3.5,Non-Responder
1700,37,53,Male,Moderate,Low,Treatment,69.2,55.5,13.7,Responder
1701,2,60,Male,Severe,High,Treatment,60.7,38.8,21.9,Responder
1702,31,45,Male,Moderate,Medium,Treatment,49.1,28.2,20.9,Responder
1703,36,60,Male,Severe,Medium,Control,83.8,84.8,-1.0,Non-Responder
1704,31,64,Male,Moderate,Medium,Control,54.1,44.0,10.1,Responder
1705,22,59,Male,Mild,Low,Treatment,68.4,63.5,4.9,Non-Responder
1706,1,45,Female,Moderate,Low,Control,55.1,52.3,2.8,Non-Responder
1707,19,76,Male,Moderate,Low,Control,60.3,50.4,9.9,Non-Responder
1708,38,60,Female,Moderate,High,Treatment,61.5,52.4,9.1,Non-Responder
1709,39,31,Female,Severe,Low,Treatment,65.9,50.7,15.2,Responder
1710,3,76,Female,Moderate,Medium,Control,54.6,43.4,11.2,Responder
1711,21,49,Male,Mild,Medium,Treatment,62.1,44.4,17.7,Responder
1712,18,57,Male,Mild,High,Treatment,50.9,28.6,22.3,Responder
1713,17,66,Female,Severe,Medium,Control,65.4,53.3,12.1,Responder
1714,30,49,Female,Moderate,Low,Control,88.1,87.9,0.2,Non-Responder
1715,20,40,Female,Moderate,Low,Control,62.7,67.9,-5.2,Non-Responder
1716,16,41,Male,Moderate,Low,Treatment,63.0,45.4,17.6,Responder
1717,20,41,Female,Moderate,Medium,Control,52.1,41.5,10.6,Responder
1718,21,78,Female,Mild,Medium,Treatment,65.5,53.0,12.5,Responder
1719,8,36,Male,Mild,Medium,Control,49.8,47.1,2.7,Non-Responder
1720,6,66,Male,Severe,Low,Control,60.7,37.1,23.6,Responder
1721,28,64,Female,Moderate,Medium,Treatment,63.4,53.1,10.3,Responder
1722,15,49,Female,Moderate,High,Treatment,50.7,39.1,11.6,Responder
1723,8,27,Female,Moderate,Low,Treatment,59.9,57.1,2.8,Non-Responder
1724,3,38,Male,Moderate,High,Control,81.5,64.0,17.5,Responder
1725,28,35,Male,Severe,High,Treatment,73.8,62.5,11.3,Responder
1726,7,53,Male,Mild,Medium,Control,47.6,27.0,20.6,Responder
1727,29,31,Female,Moderate,Medium,Control,66.1,64.0,2.1,Non-Responder
1728,25,51,Female,Moderate,High,Treatment,63.0,52.9,10.1,Responder
1729,37,28,Male,Moderate,High,Treatment,59.1,53.1,6.0,Non-Responder
1730,36,48,Female,Moderate,Medium,Control,64.2,50.5,13.7,Responder
1731,24,51,Male,Mild,Low,Control,61.2,58.0,3.2,Non-Responder
1732,16,53,Female,Moderate,Medium,Control,70.5,60.9,9.6,Non-Responder
1733,7,45,Female,Moderate,Medium,Treatment,74.6,58.8,15.8,Responder
1734,26,36,Male,Severe,Medium,Control,72.1,56.0,16.1,Responder
1735,12,56,Female,Severe,Medium,Treatment,65.9,44.3,21.6,Responder
1736,37,54,Male,Moderate,Medium,Control,49.9,55.7,-5.8,Non-Responder
1737,21,50,Female,Moderate,High,Control,50.3,41.3,9.0,Non-Responder
1738,3,43,Female,Moderate,Low,Treatment,71.1,50.7,20.4,Responder
1739,39,38,Male,Moderate,Low,Control,61.8,37.5,24.3,Responder
1740,39,62,Female,Moderate,Medium,Control,70.0,52.4,17.6,Responder
1741,36,69,Male,Moderate,Medium,Control,64.4,46.7,17.7,Responder
1742,9,56,Female,Moderate,Medium,Control,64.6,46.4,18.2,Responder
1743,26,47,Female,Moderate,Low,Treatment,67.9,47.0,20.9,Responder
1744,19,32,Female,Mild,Low,Control,62.7,60.3,2.4,Non-Responder
1745,17,61,Male,Moderate,Low,Treatment,66.3,46.9,19.4,Responder
1746,12,64,Male,Mild,Medium,Control,54.8,50.8,4.0,Non-Responder
1747,27,52,Female,Moderate,Low,Treatment,78.0,54.6,23.4,Responder
1748,9,39,Male,Moderate,Low,Treatment,64.7,51.1,13.6,Responder
1749,36,34,Female,Moderate,Low,Control,73.0,64.5,8.5,Non-Responder
1750,20,69,Female,Severe,Low,Control,82.4,67.9,14.5,Responder
1751,3,28,Male,Mild,Low,Treatment,35.8,16.3,19.5,Responder
1752,29,45,Male,Mild,High,Treatment,57.0,44.0,13.0,Responder
1753,34,78,Female,Mild,Low,Control,55.3,49.7,5.6,Non-Responder
1754,7,22,Male,Severe,High,Treatment,84.2,68.4,15.8,Responder
1755,25,41,Female,Moderate,Medium,Control,65.0,65.2,-0.2,Non-Responder
1756,20,39,Female,Mild,Low,Treatment,55.5,31.8,23.7,Responder
1757,20,55,Female,Severe,Medium,Control,68.5,60.6,7.9,Non-Responder
1758,33,53,Male,Moderate,Medium,Treatment,56.7,23.8,32.9,Responder
1759,25,56,Female,Severe,Medium,Control,69.7,66.5,3.2,Non-Responder
1760,21,55,Female,Mild,Medium,Control,46.7,29.9,16.8,Responder
1761,23,46,Male,Moderate,Medium,Treatment,58.6,38.4,20.2,Responder
1762,22,22,Female,Mild,Medium,Control,66.7,42.8,23.9,Responder
1763,12,46,Female,Moderate,Medium,Treatment,51.2,27.7,23.5,Responder
1764,35,70,Male,Severe,High,Treatment,46.4,15.1,31.3,Responder
1765,3,51,Female,Moderate,Medium,Treatment,47.3,33.1,14.2,Responder
1766,14,59,Male,Moderate,High,Control,61.9,69.1,-7.2,Non-Responder
1767,19,69,Female,Moderate,Medium,Control,52.7,38.4,14.3,Responder
1768,19,60,Female,Mild,Low,Treatment,67.6,64.1,3.5,Non-Responder
1769,39,41,Female,Moderate,Low,Control,66.7,67.2,-0.5,Non-Responder
1770,34,33,Male,Moderate,Medium,Control,55.8,50.4,5.4,Non-Responder
1771,26,49,Female,Severe,Low,Control,89.3,78.7,10.6,Responder
1772,11,64,Male,Moderate,Medium,Treatment,42.7,13.0,29.7,Responder
1773,21,57,Female,Moderate,Medium,Treatment,58.9,39.1,19.8,Responder
1774,21,45,Female,Moderate,Medium,Treatment,66.6,58.8,7.8,Non-Responder
1775,35,28,Male,Moderate,Medium,Control,70.4,55.0,15.4,Responder
1776,24,66,Male,Moderate,Medium,Treatment,56.1,42.3,13.8,Responder
1777,14,56,Male,Mild,Low,Treatment,74.3,55.0,19.3,Responder
1778,23,40,Male,Mild,Low,Treatment,44.8,40.1,4.7,Non-Responder
1779,26,52,Male,Mild,Low,Treatment,49.9,50.2,-0.3,Non-Responder
1780,13,68,Male,Moderate,Low,Treatment,65.6,34.8,30.8,Responder
1781,8,60,Female,Moderate,Low,Control,73.2,59.1,14.1,Responder
1782,34,32,Male,Severe,Medium,Control,78.6,72.3,6.3,Non-Responder
1783,12,35,Male,Moderate,High,Control,56.3,43.7,12.6,Responder
1784,37,32,Female,Severe,Low,Control,69.0,51.9,17.1,Responder
1785,21,45,Male,Moderate,High,Control,68.6,62.3,6.3,Non-Responder
1786,12,63,Male,Moderate,Low,Treatment,58.8,49.6,9.2,Non-Responder
1787,16,57,Female,Mild,Low,Treatment,51.7,34.5,17.2,Responder
1788,39,82,Female,Mild,Medium,Control,57.9,72.8,-14.9,Non-Responder
1789,34,50,Female,Moderate,Low,Treatment,75.0,62.9,12.1,Responder
1790,34,57,Male,Mild,Medium,Control,66.3,69.2,-2.9,Non-Responder
1791,11,73,Male,Moderate,Low,Treatment,60.4,53.2,7.2,Non-Responder
1792,13,43,Female,Moderate,Medium,Control,65.2,55.1,10.1,Responder
1793,27,74,Male,Mild,Low,Control,62.6,66.3,-3.7,Non-Responder
1794,27,39,Male,Moderate,Low,Treatment,55.6,43.8,11.8,Responder
1795,40,65,Female,Severe,Low,Treatment,85.8,60.3,25.5,Responder
1796,7,64,Male,Mild,Medium,Treatment,73.3,60.1,13.2,Responder
1797,34,36,Male,Mild,Medium,Control,74.2,68.5,5.7,Non-Responder
1798,29,43,Male,Moderate,Medium,Treatment,73.3,81.7,-8.4,Non-Responder
1799,10,42,Male,Severe,High,Control,55.1,39.2,15.9,Responder
1800,10,44,Male,Mild,Medium,Control,53.8,59.7,-5.9,Non-Responder
1801,16,79,Male,Severe,Medium,Control,87.7,76.0,11.7,Responder
1802,39,51,Male,Severe,Low,Treatment,60.1,40.3,19.8,Responder
1803,39,58,Female,Mild,Medium,Control,62.7,60.9,1.8,Non-Responder
1804,23,32,Female,Moderate,Medium,Control,55.9,41.9,14.0,Responder
1805,22,22,Male,Moderate,High,Control,59.6,65.2,-5.6,Non-Responder
1806,8,60,Female,Mild,Low,Control,72.2,69.9,2.3,Non-Responder
1807,20,82,Female,Moderate,High,Treatment,55.7,52.7,3.0,Non-Responder
1808,35,57,Female,Severe,High,Treatment,73.4,54.6,18.8,Responder
1809,20,56,Female,Moderate,Medium,Treatment,67.7,44.5,23.2,Responder
1810,9,51,Female,Moderate,Low,Treatment,53.6,28.3,25.3,Responder
1811,17,59,Female,Mild,Medium,Control,75.4,62.8,12.6,Responder
1812,2,46,Female,Moderate,Low,Control,87.2,76.6,10.6,Responder
1813,14,54,Male,Mild,Medium,Treatment,41.9,30.1,11.8,Responder
1814,25,27,Male,Mild,Medium,Treatment,50.8,37.8,13.0,Responder
1815,34,56,Male,Mild,Low,Control,22.2,14.6,7.6,Non-Responder
1816,12,39,Female,Moderate,Medium,Control,68.9,64.2,4.7,Non-Responder
1817,7,51,Female,Moderate,High,Control,67.7,52.1,15.6,Responder
1818,6,50,Female,Mild,Medium,Treatment,56.9,42.6,14.3,Responder
1819,32,46,Male,Moderate,Low,Control,69.4,49.9,19.5,Responder
1820,33,62,Female,Moderate,Medium,Treatment,77.2,50.6,26.6,Responder
1821,32,59,Male,Moderate,Low,Treatment,72.3,57.1,15.2,Responder
1822,30,39,Male,Moderate,Low,Control,65.0,56.5,8.5,Non-Responder
1823,13,65,Male,Moderate,Low,Treatment,54.6,33.3,21.3,Responder
1824,27,33,Female,Mild,Low,Control,45.1,30.5,14.6,Responder
1825,40,58,Male,Severe,Low,Treatment,86.6,68.5,18.1,Responder
1826,18,59,Female,Severe,Medium,Treatment,66.4,56.3,10.1,Responder
1827,38,61,Female,Mild,High,Control,59.4,71.0,-11.6,Non-Responder
1828,17,39,Male,Moderate,Medium,Treatment,40.8,38.3,2.5,Non-Responder
1829,33,67,Female,Moderate,Medium,Treatment,55.1,32.5,22.6,Responder
1830,17,59,Male,Moderate,High,Control,78.8,69.0,9.8,Non-Responder
1831,11,63,Female,Moderate,Low,Treatment,70.7,51.9,18.8,Responder
1832,25,48,Female,Mild,Medium,Control,45.0,39.9,5.1,Non-Responder
1833,30,36,Male,Severe,Medium,Control,81.7,70.3,11.4,Responder
1834,27,34,Male,Moderate,High,Control,46.9,42.4,4.5,Non-Responder
1835,34,63,Female,Mild,Medium,Treatment,62.1,58.3,3.8,Non-Responder
1836,34,50,Female,Moderate,Medium,Control,80.5,74.5,6.0,Non-Responder
1837,28,65,Male,Moderate,Low,Treatment,52.6,38.6,14.0,Responder
1838,28,78,Male,Moderate,Medium,Treatment,65.9,51.6,14.3,Responder
1839,27,58,Male,Moderate,Low,Control,63.2,59.2,4.0,Non-Responder
1840,2,51,Female,Moderate,Medium,Treatment,56.7,45.4,11.3,Responder
1841,34,76,Female,Mild,Low,Control,62.2,49.0,13.2,Responder
1842,16,50,Male,Mild,Medium,Control,43.1,46.6,-3.5,Non-Responder
1843,3,37,Male,Moderate,Medium,Treatment,41.9,30.4,11.5,Responder
1844,4,67,Male,Mild,Medium,Treatment,62.8,62.3,0.5,Non-Responder
1845,3,70,Female,Severe,Low,Control,80.6,69.6,11.0,Responder
1846,38,49,Male,Severe,Medium,Control,84.3,71.5,12.8,Responder
1847,7,66,Male,Severe,Medium,Control,62.7,64.5,-1.8,Non-Responder
1848,24,25,Male,Moderate,Low,Treatment,54.8,37.0,17.8,Responder
1849,5,60,Female,Moderate,Low,Treatment,44.8,26.7,18.1,Responder
1850,38,57,Female,Moderate,Medium,Control,69.0,52.2,16.8,Responder
1851,13,64,Female,Mild,Low,Treatment,58.0,34.6,23.4,Responder
1852,5,55,Male,Mild,Medium,Treatment,72.4,49.2,23.2,Responder
1853,1,74,Male,Moderate,Low,Treatment,71.0,58.8,12.2,Responder
1854,23,39,Female,Moderate,Low,Treatment,65.1,36.5,28.6,Responder
1855,14,33,Male,Severe,Medium,Control,76.3,60.0,16.3,Responder
1856,39,74,Male,Severe,Low,Control,78.1,62.8,15.3,Responder
1857,10,52,Female,Moderate,Medium,Control,52.2,49.9,2.3,Non-Responder
1858,30,45,Female,Moderate,Low,Control,63.1,47.1,16.0,Responder
1859,26,37,Male,Severe,High,Treatment,61.5,45.6,15.9,Responder
1860,14,26,Female,Moderate,High,Treatment,51.4,28.9,22.5,Responder
1861,4,50,Male,Moderate,Medium,Treatment,54.0,37.9,16.1,Responder
1862,32,51,Female,Severe,Low,Treatment,75.3,60.0,15.3,Responder
1863,21,53,Female,Severe,Medium,Control,56.4,49.1,7.3,Non-Responder
1864,18,51,Female,Moderate,Low,Control,64.8,60.9,3.9,Non-Responder
1865,20,50,Female,Severe,High,Treatment,78.4,68.6,9.8,Non-Responder
1866,27,67,Female,Moderate,Medium,Control,65.8,54.4,11.4,Responder
1867,14,25,Female,Moderate,Low,Control,52.7,43.8,8.9,Non-Responder
1868,34,48,Female,Severe,High,Treatment,66.9,63.1,3.8,Non-Responder
1869,7,43,Female,Severe,Medium,Treatment,82.5,60.7,21.8,Responder
1870,24,61,Male,Severe,Low,Control,77.8,76.3,1.5,Non-Responder
1871,40,80,Male,Moderate,Low,Treatment,61.5,45.4,16.1,Responder
1872,37,52,Male,Mild,Medium,Treatment,36.2,34.7,1.5,Non-Responder
1873,25,30,Female,Moderate,Medium,Control,76.3,72.9,3.4,Non-Responder
1874,31,57,Female,Severe,Low,Treatment,64.6,58.5,6.1,Non-Responder
1875,33,57,Female,Mild,Low,Treatment,61.4,45.7,15.7,Responder
1876,6,67,Male,Mild,Low,Control,58.0,56.7,1.3,Non-Responder
1877,1,53,Male,Moderate,Medium,Control,59.0,50.2,8.8,Non-Responder
1878,12,56,Male,Mild,Medium,Control,53.5,43.1,10.4,Responder
1879,38,40,Female,Mild,Low,Control,49.0,30.8,18.2,Responder
1880,2,28,Male,Mild,Medium,Treatment,65.3,56.7,8.6,Non-Responder
1881,18,38,Female,Severe,Medium,Treatment,84.9,62.6,22.3,Responder
1882,38,45,Female,Moderate,Medium,Treatment,77.9,67.3,10.6,Responder
1883,3,53,Female,Moderate,Low,Treatment,67.9,56.1,11.8,Responder
1884,38,36,Male,Moderate,Low,Control,60.0,46.8,13.2,Responder
1885,27,58,Female,Moderate,Medium,Treatment,39.9,24.7,15.2,Responder
1886,3,59,Female,Severe,Medium,Control,86.9,75.6,11.3,Responder
1887,7,48,Male,Moderate,Medium,Control,73.7,65.1,8.6,Non-Responder
1888,1,79,Female,Moderate,High,Treatment,46.0,41.3,4.7,Non-Responder
1889,3,36,Male,Moderate,Low,Treatment,62.2,53.3,8.9,Non-Responder
1890,36,68,Female,Severe,Medium,Treatment,84.7,75.3,9.4,Non-Responder
1891,19,40,Female,Moderate,Low,Treatment,50.7,21.2,29.5,Responder
1892,16,46,Male,Mild,High,Treatment,76.2,63.1,13.1,Responder
1893,20,56,Male,Severe,Medium,Control,76.1,64.9,11.2,Responder
1894,18,27,Female,Moderate,Low,Treatment,68.9,60.2,8.7,Non-Responder
1895,22,53,Female,Moderate,Low,Treatment,61.3,31.6,29.7,Responder
1896,22,48,Male,Moderate,Medium,Control,53.7,44.9,8.8,Non-Responder
1897,13,48,Female,Severe,Medium,Control,59.8,48.9,10.9,Responder
1898,10,39,Male,Severe,High,Control,73.4,59.3,14.1,Responder
1899,31,41,Female,Moderate,Low,Treatment,32.5,20.4,12.1,Responder
1900,2,56,Male,Severe,Low,Treatment,75.0,36.1,38.9,Responder
1901,24,76,Female,Severe,Medium,Control,76.4,64.9,11.5,Responder
1902,10,58,Male,Mild,Medium,Treatment,40.7,28.0,12.7,Responder
1903,18,47,Male,Moderate,Medium,Control,47.3,37.7,9.6,Non-Responder
1904,33,76,Male,Severe,Medium,Control,70.7,67.4,3.3,Non-Responder
1905,28,64,Male,Mild,Low,Treatment,53.7,49.5,4.2,Non-Responder
1906,38,44,Female,Mild,Low,Control,44.4,30.9,13.5,Responder
1907,40,36,Female,Mild,Low,Control,42.0,41.8,0.2,Non-Responder
1908,32,61,Male,Moderate,Low,Control,69.1,67.6,1.5,Non-Responder
1909,30,46,Female,Mild,Medium,Control,57.1,49.5,7.6,Non-Responder
1910,30,51,Female,Mild,Low,Control,63.2,43.5,19.7,Responder
1911,32,59,Male,Mild,Medium,Control,64.5,56.2,8.3,Non-Responder
1912,24,49,Male,Moderate,Low,Treatment,71.2,55.6,15.6,Responder
1913,15,48,Female,Mild,Low,Treatment,51.9,33.1,18.8,Responder
1914,26,49,Male,Severe,Medium,Treatment,72.9,48.0,24.9,Responder
1915,14,57,Female,Mild,High,Control,56.2,52.5,3.7,Non-Responder
1916,6,53,Male,Moderate,Medium,Treatment,35.1,13.7,21.4,Responder
1917,27,47,Male,Moderate,Low,Treatment,42.8,37.8,5.0,Non-Responder
1918,12,53,Male,Mild,Low,Control,67.0,67.6,-0.6,Non-Responder
1919,17,78,Female,Moderate,Medium,Control,62.0,63.6,-1.6,Non-Responder
1920,2,38,Female,Moderate,Medium,Control,45.6,44.7,0.9,Non-Responder
1921,3,43,Female,Moderate,Medium,Control,33.5,38.4,-4.9,Non-Responder
1922,22,50,Male,Mild,Medium,Control,49.3,36.1,13.2,Responder
1923,5,59,Female,Moderate,Medium,Treatment,84.3,60.2,24.1,Responder
1924,31,58,Female,Mild,Low,Control,63.2,68.7,-5.5,Non-Responder
1925,9,27,Female,Mild,High,Treatment,64.5,57.3,7.2,Non-Responder
1926,4,72,Female,Moderate,Medium,Control,54.7,37.2,17.5,Responder
1927,1,63,Male,Mild,Low,Control,70.5,64.5,6.0,Non-Responder
1928,11,48,Male,Moderate,Medium,Control,71.5,74.4,-2.9,Non-Responder
1929,3,82,Female,Moderate,Medium,Control,48.2,32.2,16.0,Responder
1930,15,54,Male,Mild,Medium,Treatment,62.7,50.2,12.5,Responder
1931,4,51,Female,Moderate,Medium,Control,63.1,58.6,4.5,Non-Responder
1932,29,41,Female,Mild,Unknown,Control,61.3,62.9,-1.6,Non-Responder
1933,7,36,Female,Severe,Medium,Control,74.2,71.1,3.1,Non-Responder
1934,10,52,Male,Mild,Low,Treatment,50.2,37.0,13.2,Responder
1935,9,56,Male,Moderate,Medium,Treatment,62.7,52.2,10.5,Responder
1936,36,58,Female,Moderate,Low,Treatment,53.4,32.6,20.8,Responder
1937,36,60,Female,Mild,Medium,Treatment,63.8,49.2,14.6,Responder
1938,23,43,Female,Moderate,Low,Treatment,80.0,59.8,20.2,Responder
1939,28,35,Female,Moderate,Low,Treatment,72.6,48.6,24.0,Responder
1940,22,59,Female,Severe,Low,Treatment,70.2,61.7,8.5,Non-Responder
1941,4,43,Female,Moderate,Low,Treatment,49.9,48.7,1.2,Non-Responder
1942,28,77,Male,Mild,Low,Treatment,42.7,33.0,9.7,Non-Responder
1943,12,45,Female,Moderate,Medium,Control,56.2,61.8,-5.6,Non-Responder
1944,37,59,Female,Mild,Medium,Treatment,57.6,50.6,7.0,Non-Responder
1945,22,35,Female,Moderate,Low,Control,57.5,44.9,12.6,Responder
1946,29,63,Female,Mild,Low,Treatment,62.2,51.2,11.0,Responder
1947,27,66,Female,Moderate,Medium,Treatment,46.2,45.3,0.9,Non-Responder
1948,19,68,Male,Moderate,Unknown,Control,43.2,29.4,13.8,Responder
1949,19,51,Female,Moderate,Low,Control,67.8,64.2,3.6,Non-Responder
1950,34,33,Male,Moderate,Medium,Control,58.1,58.1,-0.0,Non-Responder
1951,24,52,Male,Moderate,Medium,Treatment,70.4,55.5,14.9,Responder
1952,30,38,Male,Severe,Low,Control,72.6,57.2,15.4,Responder
1953,21,34,Male,Moderate,Low,Control,69.3,58.6,10.7,Responder
1954,39,45,Male,Moderate,Medium,Control,65.3,45.8,19.5,Responder
1955,40,45,Female,Mild,Medium,Control,52.7,41.1,11.6,Responder
1956,7,43,Male,Mild,Medium,Control,55.2,53.8,1.4,Non-Responder
1957,18,53,Female,Mild,Low,Treatment,63.1,59.2,3.9,Non-Responder
1958,16,50,Male,Severe,Medium,Control,51.8,57.6,-5.8,Non-Responder
1959,38,50,Male,Mild,Low,Control,39.1,28.2,10.9,Responder
1960,11,37,Female,Moderate,Medium,Control,54.4,49.0,5.4,Non-Responder
1961,22,71,Male,Moderate,Medium,Control,61.7,46.4,15.3,Responder
1962,23,46,Female,Moderate,Medium,Control,53.1,41.7,11.4,Responder
1963,24,52,Female,Moderate,Medium,Control,53.4,39.3,14.1,Responder
1964,32,44,Female,Severe,Low,Control,99.7,89.6,10.1,Responder
1965,38,67,Male,Moderate,Medium,Control,72.3,69.8,2.5,Non-Responder
1966,14,45,Male,Moderate,Low,Control,56.8,49.2,7.6,Non-Responder
1967,27,64,Female,Severe,Medium,Control,73.2,57.3,15.9,Responder
1968,2,51,Male,Moderate,High,Control,52.7,54.5,-1.8,Non-Responder
1969,22,50,Female,Moderate,Medium,Treatment,56.9,46.7,10.2,Responder
1970,27,51,Female,Mild,Medium,Treatment,60.1,52.3,7.8,Non-Responder
1971,19,57,Male,Mild,High,Control,52.3,60.8,-8.5,Non-Responder
1972,26,60,Male,Moderate,Low,Treatment,67.1,48.5,18.6,Responder
1973,40,49,Female,Severe,Medium,Control,62.8,58.3,4.5,Non-Responder
1974,2,50,Female,Mild,Low,Treatment,56.3,36.6,19.7,Responder
1975,22,48,Male,Mild,Medium,Control,69.5,54.1,15.4,Responder
1976,16,70,Male,Moderate,High,Control,74.3,73.3,1.0,Non-Responder
1977,18,76,Male,Moderate,Medium,Treatment,75.8,62.1,13.7,Responder
1978,2,48,Male,Moderate,Medium,Treatment,59.8,33.4,26.4,Responder
1979,18,47,Female,Moderate,Low,Treatment,62.6,55.7,6.9,Non-Responder
1980,1,41,Female,Moderate,Low,Treatment,69.2,52.8,16.4,Responder
1981,17,49,Male,Mild,High,Control,62.1,69.3,-7.2,Non-Responder
1982,1,40,Male,Moderate,Low,Control,60.9,67.1,-6.2,Non-Responder
1983,6,41,Male,Moderate,Medium,Treatment,74.7,45.6,29.1,Responder
1984,25,70,Male,Mild,Low,Control,63.6,60.3,3.3,Non-Responder
1985,40,44,Female,Severe,Low,Treatment,74.3,60.8,13.5,Responder
1986,1,67,Male,Moderate,Medium,Treatment,56.5,48.1,8.4,Non-Responder
1987,37,46,Male,Moderate,Medium,Treatment,46.4,33.7,12.7,Responder
1988,35,50,Male,Moderate,Medium,Control,36.6,39.4,-2.8,Non-Responder
1989,40,62,Female,Mild,Medium,Treatment,37.0,34.6,2.4,Non-Responder
1990,12,49,Male,Moderate,Low,Control,58.9,43.4,15.5,Responder
1991,37,56,Female,Mild,High,Control,67.1,43.7,23.4,Responder
1992,4,35,Female,Mild,Medium,Treatment,46.3,39.8,6.5,Non-Responder
1993,32,41,Female,Severe,Low,Control,82.1,72.8,9.3,Non-Responder
1994,25,48,Female,Mild,Medium,Treatment,48.2,24.4,23.8,Responder
1995,6,57,Female,Moderate,Low,Treatment,79.4,48.9,30.5,Responder
1996,6,53,Male,Severe,Medium,Control,91.9,87.8,4.1,Non-Responder
1997,26,46,Female,Moderate,Medium,Treatment,64.5,44.2,20.3,Responder
1998,14,68,Male,Mild,High,Treatment,39.7,29.7,10.0,Responder
1999,24,62,Male,Severe,Low,Treatment,76.3,61.8,14.5,Responder
2000,8,64,Female,Moderate,Medium,Control,44.2,36.8,7.4,Non-Responder
2001,40,44,Female,Moderate,Medium,Control,62.2,52.0,10.2,Responder
2002,30,43,Male,Mild,Medium,Control,51.8,40.6,11.2,Responder
2003,36,50,Male,Moderate,Low,Control,64.1,58.3,5.8,Non-Responder
2004,34,75,Male,Moderate,Medium,Control,69.5,61.1,8.4,Non-Responder
2005,2,53,Male,Mild,Low,Treatment,42.8,18.1,24.7,Responder
2006,39,50,Female,Mild,Medium,Control,40.5,36.6,3.9,Non-Responder
2007,25,38,Male,Moderate,High,Treatment,70.9,50.4,20.5,Responder
2008,18,56,Female,Severe,Medium,Control,75.5,61.5,14.0,Responder
2009,7,48,Female,Moderate,Low,Control,64.3,60.8,3.5,Non-Responder
2010,17,48,Female,Mild,Medium,Treatment,64.4,47.3,17.1,Responder
2011,13,67,Male,Moderate,Medium,Control,55.0,49.4,5.6,Non-Responder
2012,27,34,Female,Moderate,Low,Treatment,81.2,56.4,24.8,Responder
2013,31,43,Male,Moderate,Medium,Control,63.0,48.8,14.2,Responder
2014,6,57,Female,Moderate,Medium,Control,47.7,49.8,-2.1,Non-Responder
2015,1,35,Male,Mild,Medium,Control,53.5,43.9,9.6,Non-Responder
2016,7,68,Male,Moderate,Low,Treatment,75.9,49.1,26.8,Responder
2017,34,65,Female,Moderate,Low,Treatment,53.4,38.1,15.3,Responder
2018,30,71,Male,Moderate,Low,Control,56.2,55.4,0.8,Non-Responder
2019,15,78,Female,Severe,Low,Control,84.0,67.9,16.1,Responder
2020,34,56,Female,Moderate,High,Control,72.9,65.5,7.4,Non-Responder
2021,27,51,Male,Moderate,Low,Treatment,63.5,58.3,5.2,Non-Responder
2022,20,55,Male,Mild,Low,Control,58.9,58.7,0.2,Non-Responder
2023,14,49,Male,Mild,Low,Treatment,68.3,58.4,9.9,Non-Responder
2024,24,68,Male,Mild,High,Treatment,57.8,42.9,14.9,Responder
2025,38,47,Male,Moderate,Medium,Control,90.1,76.8,13.3,Responder
2026,5,50,Female,Severe,Low,Treatment,53.6,36.1,17.5,Responder
2027,7,38,Female,Moderate,Low,Control,60.5,43.3,17.2,Responder
2028,28,82,Male,Moderate,Low,Treatment,70.9,54.9,16.0,Responder
2029,1,78,Male,Moderate,Low,Control,48.2,38.7,9.5,Non-Responder
2030,31,67,Female,Moderate,Low,Treatment,50.8,33.6,17.2,Responder
2031,27,54,Male,Moderate,Low,Control,61.9,55.5,6.4,Non-Responder
2032,24,42,Female,Mild,Low,Treatment,64.8,39.2,25.6,Responder
2033,24,37,Male,Severe,Medium,Control,72.7,60.7,12.0,Responder
2034,31,65,Female,Moderate,Medium,Control,47.1,33.2,13.9,Responder
2035,25,42,Female,Severe,High,Treatment,60.0,50.8,9.2,Non-Responder
2036,24,48,Male,Moderate,Low,Control,64.0,60.3,3.7,Non-Responder
2037,14,50,Female,Mild,Low,Treatment,60.1,54.3,5.8,Non-Responder
2038,33,63,Male,Moderate,Medium,Treatment,70.2,50.6,19.6,Responder
2039,33,72,Male,Mild,Low,Treatment,60.2,45.9,14.3,Responder
2040,14,57,Male,Moderate,Low,Control,79.8,73.9,5.9,Non-Responder
2041,35,46,Male,Moderate,Low,Treatment,57.2,41.9,15.3,Responder
2042,24,60,Female,Mild,Low,Control,48.6,51.3,-2.7,Non-Responder
2043,20,58,Male,Severe,Medium,Control,67.9,50.8,17.1,Responder
2044,19,54,Male,Mild,Low,Treatment,54.7,32.1,22.6,Responder
2045,1,32,Male,Moderate,Low,Control,80.3,80.3,0.0,Non-Responder
2046,2,48,Female,Moderate,Low,Treatment,53.8,29.7,24.1,Responder
2047,11,57,Male,Moderate,Low,Treatment,70.6,53.4,17.2,Responder
2048,15,63,Female,Moderate,Low,Control,55.2,40.3,14.9,Responder
2049,25,48,Female,Mild,Low,Control,52.7,54.5,-1.8,Non-Responder
2050,34,47,Female,Moderate,Low,Control,64.5,51.7,12.8,Responder
2051,25,45,Female,Moderate,Medium,Control,60.0,46.8,13.2,Responder
2052,17,44,Male,Moderate,Medium,Treatment,52.5,39.6,12.9,Responder
2053,6,50,Male,Mild,Medium,Control,63.0,53.1,9.9,Non-Responder
2054,23,46,Male,Mild,Medium,Control,56.6,49.4,7.2,Non-Responder
2055,35,49,Male,Mild,Low,Treatment,52.4,35.6,16.8,Responder
2056,20,51,Female,Moderate,Medium,Treatment,74.4,60.3,14.1,Responder
2057,14,49,Male,Severe,High,Control,69.0,51.0,18.0,Responder
2058,35,68,Male,Moderate,Low,Treatment,63.5,43.2,20.3,Responder
2059,10,80,Male,Mild,Low,Control,43.6,42.3,1.3,Non-Responder
2060,11,52,Female,Moderate,Low,Treatment,51.9,28.1,23.8,Responder
2061,14,39,Male,Severe,Low,Treatment,83.5,76.4,7.1,Non-Responder
2062,17,41,Female,Moderate,Low,Control,73.9,67.1,6.8,Non-Responder
2063,29,55,Male,Mild,Low,Treatment,62.6,48.5,14.1,Responder
2064,26,59,Male,Mild,High,Control,46.3,27.9,18.4,Responder
2065,9,58,Female,Moderate,Medium,Treatment,68.7,46.2,22.5,Responder
2066,6,43,Female,Mild,Medium,Control,48.4,37.9,10.5,Responder
2067,13,67,Male,Mild,Low,Treatment,75.2,58.9,16.3,Responder
2068,22,50,Female,Moderate,Medium,Control,59.7,42.1,17.6,Responder
2069,30,82,Female,Mild,High,Treatment,52.1,56.0,-3.9,Non-Responder
2070,4,38,Female,Severe,High,Treatment,87.8,66.3,21.5,Responder
2071,1,39,Female,Moderate,Low,Treatment,70.1,73.8,-3.7,Non-Responder
2072,4,35,Male,Moderate,High,Control,56.9,48.2,8.7,Non-Responder
2073,13,25,Male,Severe,Low,Treatment,44.0,10.7,33.3,Responder
2074,8,42,Male,Severe,Medium,Control,81.9,56.7,25.2,Responder
2075,11,62,Female,Severe,High,Control,76.4,59.6,16.8,Responder
2076,19,55,Female,Moderate,Low,Control,50.2,40.3,9.9,Non-Responder
2077,1,48,Female,Mild,Low,Control,55.7,47.3,8.4,Non-Responder
2078,29,35,Male,Moderate,Low,Treatment,56.8,54.1,2.7,Non-Responder
2079,23,46,Male,Moderate,Medium,Treatment,59.0,45.9,13.1,Responder
2080,4,72,Female,Moderate,Medium,Control,54.4,44.0,10.4,Responder
2081,31,50,Male,Mild,High,Control,68.6,73.2,-4.6,Non-Responder
2082,2,57,Female,Moderate,Low,Treatment,50.1,32.0,18.1,Responder
2083,13,19,Male,Severe,Medium,Control,46.8,47.0,-0.2,Non-Responder
2084,40,38,Female,Severe,High,Treatment,78.8,47.3,31.5,Responder
2085,9,50,Male,Moderate,Low,Control,74.9,59.8,15.1,Responder
2086,8,76,Male,Mild,Medium,Control,51.3,49.1,2.2,Non-Responder
2087,28,35,Male,Severe,Low,Control,94.2,84.0,10.2,Responder
2088,20,41,Male,Moderate,Low,Control,58.0,46.2,11.8,Responder
2089,31,68,Male,Moderate,Low,Control,68.0,62.7,5.3,Non-Responder
2090,26,53,Male,Moderate,Medium,Treatment,68.5,55.1,13.4,Responder
2091,4,52,Female,Moderate,High,Treatment,71.0,65.5,5.5,Non-Responder
2092,14,52,Female,Mild,Low,Control,61.7,56.2,5.5,Non-Responder
2093,23,55,Female,Severe,Medium,Control,77.7,79.1,-1.4,Non-Responder
2094,21,41,Female,Moderate,Medium,Control,68.7,75.0,-6.3,Non-Responder
2095,6,71,Male,Mild,Low,Control,74.2,54.4,19.8,Responder
2096,20,57,Female,Moderate,Medium,Treatment,63.1,36.4,26.7,Responder
2097,25,53,Female,Severe,Low,Control,66.2,46.9,19.3,Responder
2098,19,49,Male,Moderate,Medium,Control,70.0,64.5,5.5,Non-Responder
2099,3,37,Female,Severe,Low,Treatment,63.6,50.7,12.9,Responder
2100,22,47,Female,Moderate,Medium,Control,56.2,54.3,1.9,Non-Responder
2101,20,40,Female,Moderate,Low,Treatment,55.4,45.1,10.3,Responder
2102,10,49,Male,Moderate,Medium,Treatment,64.1,44.7,19.4,Responder
2103,20,49,Female,Mild,Medium,Treatment,57.4,46.2,11.2,Responder
2104,38,56,Female,Severe,Medium,Control,80.6,63.2,17.4,Responder
2105,30,67,Female,Moderate,Low,Treatment,51.0,34.4,16.6,Responder
2106,32,52,Male,Moderate,High,Treatment,73.2,70.1,3.1,Non-Responder
2107,12,48,Female,Moderate,Low,Control,69.2,52.0,17.2,Responder
2108,25,74,Male,Moderate,Low,Treatment,58.8,32.2,26.6,Responder
2109,6,66,Male,Moderate,Medium,Control,56.6,38.4,18.2,Responder
2110,1,59,Male,Severe,Low,Treatment,79.2,58.1,21.1,Responder
2111,31,61,Male,Mild,Low,Control,38.0,30.9,7.1,Non-Responder
2112,20,44,Female,Moderate,Low,Control,50.3,50.7,-0.4,Non-Responder
2113,5,52,Female,Mild,Low,Treatment,55.5,52.0,3.5,Non-Responder
2114,11,44,Female,Moderate,Low,Control,59.1,62.9,-3.8,Non-Responder
2115,4,49,Female,Severe,Medium,Control,60.5,61.7,-1.2,Non-Responder
2116,2,41,Female,Moderate,Medium,Treatment,69.5,59.5,10.0,Responder
2117,7,69,Female,Mild,Medium,Treatment,64.6,50.1,14.5,Responder
2118,13,46,Male,Mild,Low,Treatment,55.4,34.1,21.3,Responder
2119,6,69,Male,Moderate,Medium,Control,60.5,41.9,18.6,Responder
2120,38,51,Male,Moderate,High,Treatment,70.3,51.6,18.7,Responder
2121,40,45,Male,Moderate,Low,Control,61.9,50.8,11.1,Responder
2122,5,33,Male,Moderate,Medium,Treatment,57.8,38.9,18.9,Responder
2123,28,40,Male,Mild,Medium,Treatment,49.3,29.0,20.3,Responder
2124,13,72,Female,Mild,Medium,Treatment,60.2,59.1,1.1,Non-Responder
2125,31,62,Female,Moderate,Medium,Control,69.5,69.9,-0.4,Non-Responder
2126,25,46,Male,Mild,Low,Treatment,54.6,35.1,19.5,Responder
2127,6,54,Female,Moderate,High,Control,56.5,45.6,10.9,Responder
2128,15,74,Male,Moderate,Medium,Control,70.8,46.9,23.9,Responder
2129,21,52,Male,Moderate,Medium,Control,66.5,63.7,2.8,Non-Responder
2130,19,42,Female,Mild,Medium,Control,54.9,42.3,12.6,Responder
2131,9,52,Female,Severe,Low,Treatment,67.7,55.2,12.5,Responder
2132,9,55,Female,Severe,Low,Control,78.9,63.8,15.1,Responder
2133,12,61,Male,Moderate,Medium,Treatment,69.0,48.0,21.0,Responder
2134,24,48,Male,Moderate,High,Control,64.5,58.9,5.6,Non-Responder
2135,22,59,Female,Moderate,Low,Control,58.4,42.2,16.2,Responder
2136,12,57,Male,Moderate,Low,Treatment,69.7,49.2,20.5,Responder
2137,20,29,Male,Moderate,Medium,Control,76.8,83.0,-6.2,Non-Responder
2138,31,49,Female,Moderate,High,Treatment,43.5,21.3,22.2,Responder
2139,29,50,Male,Moderate,High,Control,53.9,47.1,6.8,Non-Responder
2140,20,44,Male,Severe,High,Control,63.0,49.4,13.6,Responder
2141,36,55,Female,Mild,Medium,Treatment,40.9,10.3,30.6,Responder
2142,13,47,Male,Moderate,Low,Control,52.9,36.7,16.2,Responder
2143,30,57,Female,Moderate,Medium,Control,59.4,63.7,-4.3,Non-Responder
2144,26,50,Female,Severe,Low,Treatment,66.4,44.4,22.0,Responder
2145,14,48,Male,Severe,High,Treatment,68.1,58.2,9.9,Non-Responder
2146,27,50,Female,Moderate,Low,Control,43.2,42.7,0.5,Non-Responder
2147,9,47,Female,Moderate,Low,Treatment,72.8,47.8,25.0,Responder
2148,25,69,Female,Mild,High,Control,60.9,51.7,9.2,Non-Responder
2149,23,34,Female,Moderate,Medium,Control,59.6,59.2,0.4,Non-Responder
2150,21,39,Female,Moderate,Medium,Control,72.3,67.1,5.2,Non-Responder
2151,23,43,Male,Moderate,Low,Control,73.4,56.5,16.9,Responder
2152,23,58,Male,Severe,Medium,Control,53.4,44.1,9.3,Non-Responder
2153,3,58,Female,Moderate,Medium,Treatment,65.6,51.4,14.2,Responder
2154,24,44,Female,Moderate,High,Treatment,48.4,42.2,6.2,Non-Responder
2155,16,78,Male,Moderate,Low,Treatment,61.4,46.9,14.5,Responder
2156,28,62,Female,Moderate,Medium,Control,63.1,60.7,2.4,Non-Responder
2157,22,68,Female,Severe,Medium,Control,63.9,62.8,1.1,Non-Responder
2158,25,41,Female,Severe,Low,Treatment,77.7,59.9,17.8,Responder
2159,1,40,Male,Moderate,Low,Control,64.5,53.3,11.2,Responder
2160,13,44,Male,Moderate,Medium,Treatment,72.1,49.1,23.0,Responder
2161,17,68,Male,Mild,Low,Control,44.0,28.4,15.6,Responder
2162,9,77,Male,Moderate,Medium,Control,66.5,41.8,24.7,Responder
2163,2,64,Female,Severe,Low,Treatment,76.6,69.6,7.0,Non-Responder
2164,24,30,Male,Moderate,High,Control,55.2,43.5,11.7,Responder
2165,26,69,Female,Moderate,Low,Control,54.1,48.7,5.4,Non-Responder
2166,32,60,Male,Severe,Low,Control,68.2,51.3,16.9,Responder
2167,12,41,Male,Moderate,Medium,Treatment,59.2,45.3,13.9,Responder
2168,1,34,Female,Severe,High,Treatment,77.2,76.9,0.3,Non-Responder
2169,35,51,Female,Severe,Low,Control,58.2,46.5,11.7,Responder
2170,15,53,Female,Mild,Medium,Treatment,56.3,41.6,14.7,Responder
2171,34,52,Male,Moderate,High,Control,53.4,32.2,21.2,Responder
2172,4,60,Female,Moderate,Medium,Treatment,68.1,52.0,16.1,Responder
2173,3,39,Female,Severe,Medium,Treatment,63.0,46.6,16.4,Responder
2174,30,49,Female,Severe,Low,Control,84.4,65.9,18.5,Responder
2175,30,44,Female,Severe,Medium,Treatment,63.1,61.4,1.7,Non-Responder
2176,40,37,Male,Mild,Unknown,Treatment,43.0,32.7,10.3,Responder
2177,21,50,Female,Mild,Low,Treatment,48.4,33.9,14.5,Responder
2178,3,70,Female,Moderate,Low,Treatment,69.9,62.7,7.2,Non-Responder
2179,16,39,Female,Mild,Low,Treatment,49.3,28.9,20.4,Responder
2180,40,60,Female,Severe,Low,Treatment,79.0,63.2,15.8,Responder
2181,38,60,Male,Mild,Low,Control,55.9,36.3,19.6,Responder
2182,31,43,Female,Moderate,Medium,Treatment,80.0,64.8,15.2,Responder
2183,31,42,Male,Severe,Medium,Control,60.6,52.7,7.9,Non-Responder
2184,17,53,Female,Severe,Medium,Treatment,60.2,54.5,5.7,Non-Responder
2185,24,49,Female,Moderate,Low,Control,44.6,44.0,0.6,Non-Responder
2186,9,39,Male,Severe,Low,Treatment,80.8,52.7,28.1,Responder
2187,19,40,Female,Moderate,High,Control,64.2,52.7,11.5,Responder
2188,13,53,Male,Severe,High,Control,59.8,52.1,7.7,Non-Responder
2189,36,49,Female,Moderate,High,Treatment,73.0,64.5,8.5,Non-Responder
2190,24,54,Female,Moderate,Low,Treatment,78.2,52.3,25.9,Responder
2191,7,38,Male,Mild,Low,Control,40.2,29.6,10.6,Responder
2192,19,44,Male,Moderate,Low,Treatment,41.6,16.4,25.2,Responder
2193,5,43,Female,Mild,Low,Control,66.6,60.5,6.1,Non-Responder
2194,14,42,Male,Moderate,Low,Control,45.9,32.2,13.7,Responder
2195,10,56,Male,Severe,Medium,Control,75.3,72.2,3.1,Non-Responder
2196,39,67,Male,Mild,Medium,Control,70.6,55.4,15.2,Responder
2197,21,46,Female,Moderate,Medium,Control,75.2,64.6,10.6,Responder
2198,33,44,Female,Moderate,Medium,Control,59.8,44.6,15.2,Responder
2199,25,60,Male,Mild,Low,Control,45.5,31.5,14.0,Responder
2200,21,52,Male,Mild,Medium,Treatment,61.4,40.3,21.1,Responder
2201,18,36,Female,Severe,Low,Control,68.9,50.3,18.6,Responder
2202,14,68,Female,Moderate,High,Treatment,63.2,50.1,13.1,Responder
2203,33,22,Female,Mild,Low,Control,60.5,58.6,1.9,Non-Responder
2204,27,46,Male,Mild,Medium,Treatment,65.5,45.7,19.8,Responder
2205,14,69,Female,Moderate,Low,Control,49.6,31.5,18.1,Responder
2206,10,50,Female,Moderate,Medium,Treatment,63.2,51.1,12.1,Responder
2207,9,67,Male,Mild,Low,Treatment,57.3,43.4,13.9,Responder
2208,30,74,Female,Moderate,High,Treatment,47.9,31.7,16.2,Responder
2209,2,54,Male,Moderate,Low,Control,48.9,40.2,8.7,Non-Responder
2210,29,63,Female,Severe,Medium,Treatment,73.7,48.3,25.4,Responder
2211,9,46,Female,Moderate,High,Control,63.8,46.5,17.3,Responder
2212,8,45,Male,Moderate,Medium,Control,65.7,61.2,4.5,Non-Responder
2213,22,47,Male,Mild,High,Control,55.0,37.3,17.7,Responder
2214,15,51,Male,Moderate,High,Control,76.1,59.2,16.9,Responder
2215,40,42,Male,Severe,High,Treatment,88.2,71.7,16.5,Responder
2216,26,36,Female,Mild,Medium,Treatment,54.5,28.1,26.4,Responder
2217,39,64,Male,Severe,Low,Control,69.9,45.1,24.8,Responder
2218,31,53,Male,Moderate,Low,Control,57.1,51.2,5.9,Non-Responder
2219,12,68,Male,Mild,Medium,Control,58.2,48.6,9.6,Non-Responder
2220,4,63,Female,Moderate,Medium,Treatment,53.5,21.5,32.0,Responder
2221,8,55,Female,Mild,Low,Control,52.8,49.1,3.7,Non-Responder
2222,3,61,Male,Moderate,High,Control,50.1,55.3,-5.2,Non-Responder
2223,3,39,Female,Mild,Medium,Control,66.7,72.0,-5.3,Non-Responder
2224,20,61,Male,Severe,Medium,Control,63.5,54.9,8.6,Non-Responder
2225,36,38,Female,Moderate,Low,Treatment,55.0,36.9,18.1,Responder
2226,28,30,Male,Severe,Medium,Treatment,67.2,55.3,11.9,Responder
2227,8,41,Female,Moderate,Medium,Treatment,87.7,72.9,14.8,Responder
2228,19,35,Female,Severe,High,Treatment,68.4,53.7,14.7,Responder
2229,11,51,Male,Mild,Low,Control,52.4,47.3,5.1,Non-Responder
2230,21,49,Male,Mild,High,Treatment,51.7,37.6,14.1,Responder
2231,22,56,Female,Mild,High,Control,54.0,32.6,21.4,Responder
2232,20,60,Male,Moderate,Medium,Treatment,55.4,44.8,10.6,Responder
2233,10,50,Male,Mild,Medium,Treatment,54.5,38.4,16.1,Responder
2234,14,75,Male,Moderate,Medium,Control,61.0,46.9,14.1,Responder
2235,10,46,Female,Moderate,Medium,Control,68.2,50.5,17.7,Responder
2236,8,42,Male,Mild,Medium,Treatment,41.4,32.8,8.6,Non-Responder
2237,9,32,Male,Moderate,Medium,Control,73.1,71.1,2.0,Non-Responder
2238,32,49,Female,Moderate,Low,Treatment,57.7,49.3,8.4,Non-Responder
2239,29,52,Male,Moderate,High,Treatment,64.6,37.0,27.6,Responder
2240,23,68,Male,Mild,Low,Control,48.2,30.3,17.9,Responder
2241,7,59,Female,Moderate,Low,Control,55.1,41.3,13.8,Responder
2242,38,53,Female,Moderate,High,Treatment,54.0,36.3,17.7,Responder
2243,31,49,Male,Moderate,Medium,Control,59.3,69.0,-9.7,Non-Responder
2244,32,40,Female,Moderate,High,Treatment,64.3,62.5,1.8,Non-Responder
2245,26,50,Male,Moderate,Low,Control,65.7,43.3,22.4,Responder
2246,30,49,Female,Mild,Medium,Control,42.4,38.1,4.3,Non-Responder
2247,31,59,Female,Moderate,Low,Treatment,74.4,57.6,16.8,Responder
2248,14,75,Male,Mild,Low,Control,45.6,42.0,3.6,Non-Responder
2249,14,43,Female,Moderate,High,Control,60.6,57.7,2.9,Non-Responder
2250,24,55,Male,Mild,Low,Treatment,58.1,38.6,19.5,Responder
2251,18,64,Male,Moderate,Medium,Control,55.1,59.1,-4.0,Non-Responder
2252,34,29,Female,Severe,Medium,Control,74.5,61.4,13.1,Responder
2253,8,49,Male,Mild,Low,Treatment,50.7,28.9,21.8,Responder
2254,32,38,Male,Mild,High,Treatment,48.5,38.3,10.2,Responder
2255,37,68,Female,Moderate,Low,Treatment,56.9,48.4,8.5,Non-Responder
2256,32,66,Male,Mild,Medium,Treatment,47.3,33.2,14.1,Responder
2257,32,52,Female,Moderate,Medium,Treatment,67.6,63.5,4.1,Non-Responder
2258,21,41,Female,Moderate,Low,Treatment,43.4,18.0,25.4,Responder
2259,33,64,Female,Mild,Medium,Treatment,37.7,40.9,-3.2,Non-Responder
2260,33,77,Male,Severe,Medium,Control,54.6,39.3,15.3,Responder
2261,17,46,Male,Severe,Medium,Treatment,66.7,46.6,20.1,Responder
2262,9,52,Male,Moderate,Low,Control,70.5,78.3,-7.8,Non-Responder
2263,9,33,Male,Mild,Medium,Control,45.6,34.7,10.9,Responder
2264,40,65,Female,Severe,Low,Treatment,70.4,51.5,18.9,Responder
2265,13,47,Male,Moderate,High,Control,51.6,30.6,21.0,Responder
2266,20,43,Male,Moderate,High,Treatment,68.0,63.2,4.8,Non-Responder
2267,3,60,Female,Severe,Low,Treatment,77.6,58.2,19.4,Responder
2268,5,39,Female,Mild,Medium,Control,57.4,44.0,13.4,Responder
2269,2,38,Female,Moderate,Medium,Control,29.3,30.9,-1.6,Non-Responder
2270,16,45,Female,Severe,Medium,Control,68.5,50.7,17.8,Responder
2271,23,25,Male,Mild,High,Control,52.6,67.7,-15.1,Non-Responder
2272,12,37,Male,Mild,Low,Control,67.1,74.1,-7.0,Non-Responder
2273,29,74,Male,Severe,Low,Control,66.0,45.4,20.6,Responder
2274,13,45,Female,Mild,Medium,Treatment,67.6,56.4,11.2,Responder
2275,10,57,Female,Mild,Medium,Treatment,44.9,42.8,2.1,Non-Responder
2276,5,48,Male,Mild,High,Control,48.4,56.7,-8.3,Non-Responder
2277,5,66,Male,Mild,High,Treatment,66.8,51.2,15.6,Responder
2278,12,49,Male,Moderate,High,Treatment,43.1,28.5,14.6,Responder
2279,14,60,Female,Severe,Low,Control,74.1,74.5,-0.4,Non-Responder
2280,39,75,Female,Mild,Low,Treatment,61.7,64.6,-2.9,Non-Responder
2281,10,50,Male,Moderate,Medium,Control,68.4,60.1,8.3,Non-Responder
2282,10,32,Male,Severe,Low,Treatment,70.3,42.9,27.4,Responder
2283,30,46,Male,Severe,High,Control,57.8,60.3,-2.5,Non-Responder
2284,3,64,Male,Mild,Medium,Control,59.3,40.0,19.3,Responder
2285,40,57,Male,Moderate,Low,Treatment,57.8,50.5,7.3,Non-Responder
2286,16,69,Male,Severe,Medium,Treatment,57.2,48.7,8.5,Non-Responder
2287,4,38,Female,Moderate,Medium,Control,59.8,56.5,3.3,Non-Responder
2288,34,39,Male,Severe,Medium,Control,77.1,61.3,15.8,Responder
2289,7,46,Male,Severe,Medium,Control,69.3,71.2,-1.9,Non-Responder
2290,4,48,Male,Severe,High,Control,83.9,84.6,-0.7,Non-Responder
2291,20,65,Female,Severe,Low,Treatment,63.6,54.8,8.8,Non-Responder
2292,28,72,Female,Moderate,Medium,Control,59.2,60.2,-1.0,Non-Responder
2293,17,54,Male,Moderate,Medium,Control,52.4,37.6,14.8,Responder
2294,21,57,Male,Mild,Low,Treatment,54.8,44.5,10.3,Responder
2295,26,46,Male,Moderate,High,Control,69.7,64.4,5.3,Non-Responder
2296,25,47,Male,Moderate,Medium,Treatment,89.8,77.2,12.6,Responder
2297,19,33,Female,Mild,Low,Control,46.6,48.5,-1.9,Non-Responder
2298,22,52,Female,Moderate,Low,Treatment,70.4,60.3,10.1,Responder
2299,24,65,Male,Severe,Medium,Treatment,89.3,68.4,20.9,Responder
2300,31,41,Male,Moderate,High,Control,40.3,25.8,14.5,Responder
2301,22,48,Male,Severe,High,Treatment,90.5,71.0,19.5,Responder
2302,20,65,Male,Moderate,Medium,Treatment,64.8,57.4,7.4,Non-Responder
2303,31,78,Female,Severe,Low,Treatment,71.5,53.9,17.6,Responder
2304,34,42,Male,Moderate,Medium,Treatment,48.6,32.6,16.0,Responder
2305,37,38,Female,Severe,Low,Treatment,74.3,56.0,18.3,Responder
2306,33,60,Female,Moderate,Medium,Control,72.6,71.1,1.5,Non-Responder
2307,25,34,Female,Mild,Low,Treatment,40.2,31.0,9.2,Non-Responder
2308,3,57,Male,Moderate,Unknown,Treatment,51.4,34.3,17.1,Responder
2309,13,37,Female,Moderate,Low,Treatment,60.2,57.2,3.0,Non-Responder
2310,34,56,Female,Moderate,Low,Control,51.4,37.8,13.6,Responder
2311,19,45,Female,Moderate,Medium,Control,59.5,37.1,22.4,Responder
2312,25,44,Male,Moderate,Medium,Control,65.9,42.1,23.8,Responder
2313,17,59,Male,Severe,High,Control,60.7,56.2,4.5,Non-Responder
2314,9,54,Female,Mild,Medium,Treatment,44.3,25.1,19.2,Responder
2315,22,45,Female,Mild,Medium,Control,56.0,47.0,9.0,Non-Responder
2316,26,44,Female,Mild,Medium,Control,65.6,51.5,14.1,Responder
2317,22,31,Male,Moderate,Low,Treatment,62.1,56.4,5.7,Non-Responder
2318,38,55,Female,Moderate,High,Control,60.7,55.7,5.0,Non-Responder
2319,21,60,Female,Moderate,Medium,Control,55.7,43.9,11.8,Responder
2320,6,72,Male,Moderate,Low,Treatment,53.6,37.8,15.8,Responder
2321,40,44,Male,Mild,Medium,Control,54.3,52.9,1.4,Non-Responder
2322,31,65,Male,Mild,Low,Treatment,41.7,5.0,37.9,Responder
2323,38,47,Female,Moderate,Medium,Treatment,62.6,48.4,14.2,Responder
2324,20,46,Male,Moderate,Low,Control,53.1,41.7,11.4,Responder
2325,12,61,Female,Mild,Low,Control,32.6,24.5,8.1,Non-Responder
2326,18,71,Female,Moderate,Unknown,Treatment,48.9,23.1,25.8,Responder
2327,24,53,Male,Moderate,Medium,Treatment,63.5,50.2,13.3,Responder
2328,35,29,Male,Moderate,Low,Control,72.9,60.3,12.6,Responder
2329,28,30,Male,Moderate,Low,Control,60.4,56.3,4.1,Non-Responder
2330,26,82,Female,Moderate,Medium,Treatment,67.2,48.0,19.2,Responder
2331,3,55,Male,Mild,Low,Treatment,57.8,33.7,24.1,Responder
2332,2,82,Male,Moderate,Medium,Control,62.1,46.9,15.2,Responder
2333,23,68,Female,Moderate,Medium,Treatment,57.7,44.0,13.7,Responder
2334,9,43,Female,Moderate,Low,Control,64.7,45.2,19.5,Responder
2335,19,45,Female,Moderate,Low,Control,64.9,64.0,0.9,Non-Responder
2336,27,49,Female,Moderate,Low,Treatment,51.6,34.2,17.4,Responder
2337,31,41,Male,Mild,Medium,Treatment,53.8,34.0,19.8,Responder
2338,34,56,Female,Moderate,Medium,Control,61.4,55.4,6.0,Non-Responder
2339,22,41,Male,Moderate,Medium,Treatment,72.1,36.4,35.7,Responder
2340,6,59,Male,Severe,Medium,Treatment,54.4,42.8,11.6,Responder
2341,8,65,Male,Mild,Medium,Treatment,54.9,38.2,16.7,Responder
2342,21,50,Male,Mild,Low,Control,47.1,48.9,-1.8,Non-Responder
2343,11,60,Male,Moderate,Low,Control,59.2,49.1,10.1,Responder
2344,21,50,Female,Moderate,High,Control,58.6,39.9,18.7,Responder
2345,35,62,Female,Moderate,Low,Control,52.2,51.9,0.3,Non-Responder
2346,15,70,Female,Moderate,Medium,Control,75.7,62.2,13.5,Responder
2347,20,55,Female,Mild,Medium,Control,39.7,39.3,0.4,Non-Responder
2348,30,67,Female,Moderate,Unknown,Control,66.2,64.1,2.1,Non-Responder
2349,14,67,Female,Moderate,High,Control,62.5,48.8,13.7,Responder
2350,21,47,Female,Moderate,Medium,Treatment,62.3,45.0,17.3,Responder
2351,8,61,Female,Severe,Low,Treatment,85.1,73.3,11.8,Responder
2352,36,69,Female,Mild,Low,Control,53.2,48.3,4.9,Non-Responder
2353,12,55,Female,Mild,Medium,Treatment,53.8,45.2,8.6,Non-Responder
2354,20,45,Male,Mild,Medium,Treatment,56.4,53.4,3.0,Non-Responder
2355,13,30,Male,Moderate,High,Control,50.0,47.8,2.2,Non-Responder
2356,7,57,Female,Severe,Medium,Control,70.3,48.2,22.1,Responder
2357,26,63,Male,Mild,Low,Control,50.2,36.3,13.9,Responder
2358,22,45,Male,Severe,Medium,Control,65.6,54.4,11.2,Responder
2359,13,58,Female,Moderate,Low,Control,50.2,24.8,25.4,Responder
2360,26,50,Male,Mild,Medium,Treatment,67.4,73.5,-6.1,Non-Responder
2361,7,54,Female,Moderate,Medium,Control,78.1,76.7,1.4,Non-Responder
2362,18,71,Male,Mild,Medium,Treatment,38.7,32.8,5.9,Non-Responder
2363,11,32,Female,Moderate,Medium,Treatment,70.1,56.2,13.9,Responder
2364,25,65,Male,Moderate,High,Control,71.6,65.5,6.1,Non-Responder
2365,34,79,Male,Severe,Low,Treatment,78.8,69.4,9.4,Non-Responder
2366,9,44,Male,Moderate,Medium,Control,61.1,61.5,-0.4,Non-Responder
2367,21,68,Male,Moderate,Low,Treatment,69.1,66.8,2.3,Non-Responder
2368,33,56,Male,Mild,Medium,Treatment,44.4,27.6,16.8,Responder
2369,32,43,Female,Mild,Medium,Control,48.7,47.9,0.8,Non-Responder
2370,15,53,Female,Moderate,Medium,Treatment,69.0,57.7,11.3,Responder
2371,36,46,Female,Moderate,Medium,Control,50.9,50.3,0.6,Non-Responder
2372,19,36,Male,Moderate,Low,Control,65.3,49.8,15.5,Responder
2373,25,70,Female,Severe,Medium,Control,71.4,49.7,21.7,Responder
2374,34,58,Female,Mild,High,Control,70.2,62.2,8.0,Non-Responder
2375,40,34,Female,Severe,Medium,Treatment,73.7,66.7,7.0,Non-Responder
2376,22,71,Female,Mild,Low,Control,36.7,44.5,-7.8,Non-Responder
2377,8,40,Male,Mild,Low,Control,38.0,27.3,10.7,Responder
2378,33,39,Male,Moderate,Low,Treatment,78.1,59.8,18.3,Responder
2379,34,49,Male,Mild,Low,Control,58.7,40.2,18.5,Responder
2380,37,54,Male,Moderate,Low,Treatment,63.3,58.8,4.5,Non-Responder
2381,24,61,Female,Severe,Medium,Treatment,50.5,33.9,16.6,Responder
2382,3,56,Female,Severe,Medium,Treatment,82.5,67.6,14.9,Responder
2383,36,46,Female,Moderate,Medium,Treatment,63.1,46.4,16.7,Responder
2384,35,50,Female,Mild,Low,Control,61.6,63.4,-1.8,Non-Responder
2385,36,53,Male,Severe,Low,Control,77.3,52.3,25.0,Responder
2386,5,54,Female,Moderate,Low,Control,65.4,43.1,22.3,Responder
2387,17,69,Female,Moderate,Medium,Treatment,61.0,56.9,4.1,Non-Responder
2388,13,48,Male,Mild,Low,Control,39.4,25.8,13.6,Responder
2389,25,39,Male,Moderate,Low,Control,49.4,39.6,9.8,Non-Responder
2390,35,68,Male,Moderate,High,Treatment,58.3,47.9,10.4,Responder
2391,36,52,Female,Severe,Medium,Treatment,55.4,49.6,5.8,Non-Responder
2392,11,56,Female,Moderate,High,Control,68.8,57.5,11.3,Responder
2393,2,43,Male,Mild,Medium,Control,51.8,40.5,11.3,Responder
2394,5,44,Male,Moderate,Low,Treatment,58.9,48.3,10.6,Responder
2395,1,35,Female,Mild,Medium,Control,33.0,33.8,-0.8,Non-Responder
2396,21,50,Female,Severe,Medium,Control,76.4,67.7,8.7,Non-Responder
2397,2,69,Male,Severe,Low,Control,67.0,60.6,6.4,Non-Responder
2398,35,48,Female,Moderate,Medium,Treatment,64.1,55.9,8.2,Non-Responder
2399,3,46,Male,Moderate,Medium,Control,59.4,61.1,-1.7,Non-Responder
2400,35,47,Female,Mild,Low,Control,66.3,51.4,14.9,Responder
2401,4,56,Male,Moderate,Medium,Treatment,65.9,53.2,12.7,Responder
2402,18,66,Male,Moderate,Low,Treatment,59.3,37.9,21.4,Responder
2403,29,49,Female,Mild,Medium,Control,44.5,51.9,-7.4,Non-Responder
2404,19,68,Male,Severe,Low,Treatment,87.6,66.5,21.1,Responder
2405,22,44,Female,Mild,Low,Treatment,59.4,30.4,29.0,Responder
2406,35,47,Female,Moderate,Low,Control,53.2,45.0,8.2,Non-Responder
2407,12,18,Female,Mild,Low,Control,47.7,23.2,24.5,Responder
2408,23,31,Female,Mild,Medium,Treatment,55.5,46.8,8.7,Non-Responder
2409,2,57,Female,Moderate,Medium,Treatment,76.3,64.5,11.8,Responder
2410,12,32,Female,Mild,Medium,Treatment,50.2,43.1,7.1,Non-Responder
2411,21,47,Female,Severe,Medium,Control,61.4,52.7,8.7,Non-Responder
2412,11,64,Female,Moderate,Low,Control,67.8,57.3,10.5,Responder
2413,27,22,Male,Mild,High,Treatment,42.2,24.3,17.9,Responder
2414,35,41,Male,Moderate,Medium,Control,69.0,66.1,2.9,Non-Responder
2415,10,40,Female,Severe,Medium,Control,56.0,33.8,22.2,Responder
2416,22,35,Female,Mild,Medium,Control,53.4,53.8,-0.4,Non-Responder
2417,19,42,Male,Moderate,Medium,Treatment,40.2,12.4,27.8,Responder
2418,15,66,Female,Moderate,Low,Treatment,66.2,44.0,22.2,Responder
2419,37,46,Male,Moderate,Medium,Control,66.5,63.6,2.9,Non-Responder
2420,27,32,Female,Moderate,Medium,Control,61.9,49.3,12.6,Responder
2421,3,41,Male,Moderate,Medium,Treatment,51.7,39.0,12.7,Responder
2422,21,52,Female,Moderate,Low,Control,52.8,43.5,9.3,Non-Responder
2423,24,33,Male,Moderate,Medium,Control,67.6,52.6,15.0,Responder
2424,40,70,Female,Moderate,Low,Treatment,43.5,21.7,21.8,Responder
2425,17,58,Female,Moderate,Low,Control,62.5,47.3,15.2,Responder
2426,39,67,Female,Moderate,Medium,Treatment,64.3,47.5,16.8,Responder
2427,16,63,Female,Moderate,Low,Treatment,59.9,43.7,16.2,Responder
2428,18,56,Female,Severe,Low,Control,63.9,47.8,16.1,Responder
2429,16,66,Male,Mild,High,Treatment,51.6,41.2,10.4,Responder
2430,17,61,Female,Mild,High,Control,60.7,47.7,13.0,Responder
2431,8,59,Male,Mild,Medium,Control,60.3,62.7,-2.4,Non-Responder
2432,38,62,Female,Moderate,Medium,Treatment,43.9,41.0,2.9,Non-Responder
2433,6,32,Male,Mild,Medium,Treatment,51.8,33.0,18.8,Responder
2434,38,59,Female,Mild,Low,Treatment,56.7,54.9,1.8,Non-Responder
2435,24,55,Male,Severe,Low,Treatment,54.5,31.6,22.9,Responder
2436,40,59,Female,Mild,Medium,Control,53.3,39.5,13.8,Responder
2437,28,33,Female,Moderate,Medium,Treatment,61.5,39.9,21.6,Responder
2438,34,62,Female,Moderate,Medium,Treatment,55.0,44.0,11.0,Responder
2439,27,64,Female,Severe,High,Control,60.4,45.9,14.5,Responder
2440,19,47,Female,Moderate,Low,Control,52.9,29.6,23.3,Responder
2441,14,53,Female,Mild,Medium,Treatment,53.0,36.6,16.4,Responder
2442,31,82,Male,Severe,Medium,Treatment,66.9,60.2,6.7,Non-Responder
2443,1,71,Male,Moderate,Low,Treatment,51.1,38.0,13.1,Responder
2444,23,35,Female,Mild,Low,Treatment,55.5,61.1,-5.6,Non-Responder
2445,24,39,Female,Moderate,Medium,Treatment,57.2,43.1,14.1,Responder
2446,29,44,Female,Severe,High,Treatment,90.7,74.1,16.6,Responder
2447,24,42,Male,Severe,Medium,Control,80.0,67.7,12.3,Responder
2448,18,45,Female,Mild,Medium,Control,62.5,50.8,11.7,Responder
2449,8,44,Female,Severe,Medium,Treatment,81.4,69.7,11.7,Responder
2450,12,58,Male,Mild,Low,Control,60.4,64.2,-3.8,Non-Responder
2451,13,51,Male,Moderate,Medium,Treatment,83.0,57.3,25.7,Responder
2452,23,50,Female,Moderate,Medium,Treatment,68.5,57.0,11.5,Responder
2453,24,47,Male,Moderate,Low,Control,72.9,55.4,17.5,Responder
2454,30,49,Male,Mild,Low,Control,63.9,55.9,8.0,Non-Responder
2455,13,44,Male,Moderate,Low,Control,75.2,67.6,7.6,Non-Responder
2456,6,64,Male,Mild,Low,Control,43.7,39.1,4.6,Non-Responder
2457,39,54,Male,Severe,High,Treatment,59.0,48.9,10.1,Responder
2458,30,48,Male,Mild,Medium,Treatment,56.3,30.2,26.1,Responder
2459,39,50,Female,Moderate,Medium,Treatment,78.0,61.9,16.1,Responder
2460,13,55,Male,Mild,Medium,Control,53.8,33.2,20.6,Responder
2461,27,46,Male,Moderate,Medium,Treatment,60.6,40.2,20.4,Responder
2462,27,46,Female,Severe,Medium,Control,82.7,63.9,18.8,Responder
2463,21,49,Female,Moderate,Low,Treatment,58.7,50.9,7.8,Non-Responder
2464,12,56,Male,Mild,Low,Control,65.3,51.6,13.7,Responder
2465,32,53,Female,Mild,Low,Treatment,69.5,56.7,12.8,Responder
2466,21,41,Female,Severe,Medium,Control,57.7,44.4,13.3,Responder
2467,2,36,Male,Severe,Medium,Control,89.7,87.1,2.6,Non-Responder
2468,31,26,Female,Moderate,Medium,Treatment,49.4,33.0,16.4,Responder
2469,33,82,Male,Mild,Low,Control,61.6,55.3,6.3,Non-Responder
2470,40,58,Male,Moderate,Medium,Treatment,59.4,39.7,19.7,Responder
2471,14,42,Male,Mild,Low,Treatment,57.3,53.8,3.5,Non-Responder
2472,19,71,Male,Mild,Low,Treatment,31.2,9.9,21.3,Responder
2473,15,55,Male,Moderate,Low,Control,72.3,70.9,1.4,Non-Responder
2474,22,62,Female,Moderate,Medium,Treatment,70.7,57.8,12.9,Responder
2475,22,56,Male,Mild,Low,Treatment,44.7,23.4,21.3,Responder
2476,38,61,Male,Moderate,Medium,Control,66.9,44.8,22.1,Responder
2477,9,44,Female,Moderate,Medium,Treatment,52.8,27.3,25.5,Responder
2478,18,62,Female,Severe,Medium,Treatment,82.9,58.5,24.4,Responder
2479,19,50,Male,Moderate,Low,Treatment,66.6,58.3,8.3,Non-Responder
2480,34,73,Female,Mild,Medium,Control,69.9,62.7,7.2,Non-Responder
2481,8,61,Female,Moderate,Low,Control,71.0,68.1,2.9,Non-Responder
2482,18,68,Female,Severe,Medium,Treatment,65.3,35.8,29.5,Responder
2483,14,47,Female,Severe,Low,Treatment,100.0,78.3,21.7,Responder
2484,18,32,Female,Moderate,Low,Control,75.3,52.2,23.1,Responder
2485,28,58,Male,Severe,Low,Treatment,61.6,41.5,20.1,Responder
2486,20,65,Female,Moderate,Low,Control,61.2,53.4,7.8,Non-Responder
2487,24,57,Female,Moderate,Low,Control,64.6,43.3,21.3,Responder
2488,9,35,Female,Severe,Low,Control,65.9,55.9,10.0,Responder
2489,5,33,Male,Mild,Low,Control,51.1,28.9,22.2,Responder
2490,23,48,Male,Moderate,High,Control,66.3,63.4,2.9,Non-Responder
2491,20,58,Female,Moderate,Medium,Control,44.1,40.6,3.5,Non-Responder
2492,37,39,Male,Moderate,High,Treatment,70.7,61.7,9.0,Non-Responder
2493,26,39,Male,Severe,High,Treatment,72.3,49.8,22.5,Responder
2494,39,48,Female,Severe,Medium,Control,72.0,71.0,1.0,Non-Responder
2495,38,48,Male,Moderate,Medium,Control,59.9,58.7,1.2,Non-Responder
2496,33,63,Male,Severe,Low,Control,78.2,65.8,12.4,Responder
2497,22,58,Male,Moderate,Medium,Treatment,62.4,44.5,17.9,Responder
2498,30,38,Male,Moderate,Low,Treatment,71.8,51.7,20.1,Responder
2499,22,46,Male,Severe,Medium,Treatment,80.1,71.3,8.8,Non-Responder
2500,26,58,Female,Severe,Medium,Treatment,75.6,62.5,13.1,Responder
2501,18,23,Male,Severe,Low,Control,74.3,68.8,5.5,Non-Responder
2502,17,56,Male,Moderate,Medium,Treatment,79.2,71.9,7.3,Non-Responder
2503,24,58,Male,Severe,Low,Treatment,62.2,54.9,7.3,Non-Responder
2504,10,60,Female,Severe,Low,Treatment,84.6,80.2,4.4,Non-Responder
2505,21,66,Female,Moderate,Medium,Treatment,72.8,61.0,11.8,Responder
2506,36,39,Male,Moderate,Medium,Treatment,66.6,59.6,7.0,Non-Responder
2507,11,67,Female,Moderate,Medium,Treatment,59.0,29.4,29.6,Responder
2508,25,33,Female,Moderate,Medium,Treatment,63.8,49.2,14.6,Responder
2509,12,70,Female,Mild,Low,Treatment,72.7,64.8,7.9,Non-Responder
2510,12,71,Male,Moderate,Low,Treatment,54.6,32.4,22.2,Responder
2511,32,73,Female,Moderate,Low,Control,63.4,46.6,16.8,Responder
2512,12,50,Male,Severe,Medium,Treatment,84.4,48.6,35.8,Responder
2513,12,56,Male,Severe,High,Control,87.9,67.6,20.3,Responder
2514,30,48,Female,Mild,Low,Treatment,50.4,35.6,14.8,Responder
2515,5,64,Female,Moderate,Low,Treatment,60.2,42.9,17.3,Responder
2516,6,40,Female,Moderate,Medium,Control,58.1,54.8,3.3,Non-Responder
2517,36,61,Male,Moderate,High,Control,63.2,56.1,7.1,Non-Responder
2518,24,45,Male,Moderate,Low,Treatment,51.5,36.2,15.3,Responder
2519,7,34,Female,Severe,Low,Control,52.6,50.1,2.5,Non-Responder
2520,38,52,Male,Moderate,Low,Treatment,55.2,35.1,20.1,Responder
2521,2,35,Male,Mild,Medium,Treatment,45.4,35.0,10.4,Responder
2522,5,43,Male,Mild,Low,Control,55.9,47.0,8.9,Non-Responder
2523,10,61,Female,Moderate,High,Treatment,61.1,41.7,19.4,Responder
2524,5,78,Female,Mild,Low,Treatment,65.3,60.3,5.0,Non-Responder
2525,10,69,Male,Severe,Medium,Treatment,91.2,69.2,22.0,Responder
2526,26,69,Female,Moderate,Medium,Treatment,48.5,24.6,23.9,Responder
2527,7,60,Male,Mild,High,Treatment,49.2,38.1,11.1,Responder
2528,14,75,Male,Moderate,Low,Treatment,58.2,50.6,7.6,Non-Responder
2529,1,44,Female,Mild,Low,Control,44.3,40.0,4.3,Non-Responder
2530,35,50,Female,Moderate,Low,Control,67.7,56.1,11.6,Responder
2531,21,43,Male,Moderate,Medium,Control,60.9,59.8,1.1,Non-Responder
2532,39,51,Male,Severe,Medium,Control,86.5,80.7,5.8,Non-Responder
2533,39,55,Male,Moderate,Medium,Control,67.1,61.6,5.5,Non-Responder
2534,4,55,Male,Mild,Low,Treatment,61.9,37.9,24.0,Responder
2535,10,33,Female,Mild,Medium,Treatment,60.7,39.4,21.3,Responder
2536,18,43,Female,Moderate,Low,Treatment,50.0,23.5,26.5,Responder
2537,9,41,Male,Moderate,Low,Control,57.7,68.8,-11.1,Non-Responder
2538,33,46,Female,Severe,Medium,Treatment,78.1,62.3,15.8,Responder
2539,3,63,Male,Moderate,Medium,Control,74.3,62.3,12.0,Responder
2540,29,46,Male,Severe,Medium,Treatment,71.5,57.8,13.7,Responder
2541,35,82,Female,Mild,Medium,Control,53.5,40.9,12.6,Responder
2542,28,46,Male,Mild,Medium,Treatment,58.1,34.5,23.6,Responder
2543,23,44,Male,Moderate,Medium,Treatment,52.8,20.6,32.2,Responder
2544,7,37,Male,Mild,Low,Control,71.0,62.6,8.4,Non-Responder
2545,27,51,Male,Moderate,Medium,Treatment,41.3,19.2,22.1,Responder
2546,7,74,Female,Severe,High,Control,52.6,33.6,19.0,Responder
2547,11,27,Male,Severe,Low,Treatment,66.5,58.6,7.9,Non-Responder
2548,10,39,Male,Moderate,Low,Control,67.4,52.4,15.0,Responder
2549,22,68,Female,Moderate,Low,Control,65.3,38.4,26.9,Responder
2550,32,48,Female,Moderate,Medium,Treatment,51.7,38.4,13.3,Responder
2551,3,35,Female,Mild,High,Treatment,57.7,53.0,4.7,Non-Responder
2552,40,56,Female,Severe,Medium,Treatment,56.8,45.6,11.2,Responder
2553,13,75,Male,Moderate,Low,Control,67.4,56.6,10.8,Responder
2554,15,78,Male,Moderate,Medium,Treatment,70.1,50.0,20.1,Responder
2555,11,51,Male,Moderate,Medium,Control,45.6,32.9,12.7,Responder
2556,15,40,Female,Moderate,Medium,Treatment,56.0,39.2,16.8,Responder
2557,13,44,Female,Moderate,High,Treatment,72.1,71.5,0.6,Non-Responder
2558,8,52,Female,Moderate,Low,Treatment,72.6,72.2,0.4,Non-Responder
2559,36,44,Female,Moderate,Low,Control,52.4,46.1,6.3,Non-Responder
2560,11,55,Male,Moderate,Medium,Control,64.2,43.8,20.4,Responder
2561,2,47,Male,Moderate,Low,Control,71.7,68.6,3.1,Non-Responder
2562,37,76,Male,Moderate,Medium,Treatment,79.9,62.6,17.3,Responder
2563,16,50,Female,Severe,Medium,Treatment,77.9,59.0,18.9,Responder
2564,36,36,Female,Mild,High,Treatment,52.3,37.4,14.9,Responder
2565,18,29,Female,Moderate,High,Treatment,68.1,57.6,10.5,Responder
2566,15,57,Female,Mild,Low,Treatment,65.0,55.5,9.5,Non-Responder
2567,39,35,Female,Mild,Low,Treatment,72.5,60.7,11.8,Responder
2568,17,56,Female,Mild,Medium,Treatment,48.6,35.3,13.3,Responder
2569,39,52,Male,Moderate,Medium,Control,58.4,56.3,2.1,Non-Responder
2570,25,52,Female,Mild,Medium,Treatment,64.5,42.9,21.6,Responder
2571,24,52,Female,Mild,High,Control,36.4,24.8,11.6,Responder
2572,15,62,Male,Mild,High,Treatment,40.2,24.3,15.9,Responder
2573,21,63,Female,Mild,Low,Treatment,50.4,14.9,35.5,Responder
2574,17,28,Female,Moderate,Medium,Control,42.8,22.7,20.1,Responder
2575,38,56,Male,Moderate,Medium,Treatment,57.4,32.1,25.3,Responder
2576,37,60,Male,Severe,High,Treatment,56.3,40.0,16.3,Responder
2577,10,58,Male,Severe,Medium,Treatment,51.8,47.7,4.1,Non-Responder
2578,40,53,Male,Severe,Low,Control,80.3,67.7,12.6,Responder
2579,23,43,Male,Severe,Medium,Treatment,64.0,57.8,6.2,Non-Responder
2580,29,66,Female,Mild,Low,Control,65.7,48.1,17.6,Responder
2581,35,58,Male,Severe,Medium,Treatment,67.1,52.8,14.3,Responder
2582,39,45,Male,Moderate,Low,Treatment,67.6,48.4,19.2,Responder
2583,5,54,Male,Severe,Medium,Treatment,77.9,41.6,36.3,Responder
2584,5,31,Male,Severe,High,Treatment,65.3,53.3,12.0,Responder
2585,38,40,Female,Mild,Unknown,Control,64.2,52.0,12.2,Responder
2586,24,40,Female,Moderate,High,Control,59.2,60.1,-0.9,Non-Responder
2587,38,44,Female,Severe,Medium,Treatment,80.4,59.1,21.3,Responder
2588,22,47,Male,Moderate,Low,Control,49.5,27.5,22.0,Responder
2589,29,74,Female,Moderate,Low,Treatment,54.0,35.8,18.2,Responder
2590,35,59,Female,Mild,Low,Treatment,49.2,40.3,8.9,Non-Responder
2591,1,58,Female,Moderate,Low,Control,57.4,46.3,11.1,Responder
2592,40,48,Male,Mild,Medium,Control,64.3,50.0,14.3,Responder
2593,19,52,Male,Severe,Medium,Control,63.4,57.7,5.7,Non-Responder
2594,29,59,Female,Moderate,Low,Control,77.4,72.9,4.5,Non-Responder
2595,16,48,Male,Mild,Low,Treatment,59.8,43.7,16.1,Responder
2596,37,54,Female,Severe,High,Treatment,64.8,52.1,12.7,Responder
2597,4,44,Male,Moderate,Medium,Treatment,72.0,66.7,5.3,Non-Responder
2598,27,61,Male,Mild,Medium,Control,62.0,66.2,-4.2,Non-Responder
2599,40,50,Male,Mild,High,Control,47.9,42.3,5.6,Non-Responder
2600,22,41,Male,Mild,Medium,Treatment,61.5,32.1,29.4,Responder
2601,4,64,Male,Mild,Low,Control,48.5,51.5,-3.0,Non-Responder
2602,30,57,Male,Moderate,Low,Treatment,67.3,50.8,16.5,Responder
2603,13,32,Female,Mild,High,Control,67.9,64.0,3.9,Non-Responder
2604,38,32,Male,Moderate,Medium,Treatment,65.7,54.4,11.3,Responder
2605,36,25,Male,Mild,Medium,Control,38.0,28.5,9.5,Non-Responder
2606,35,69,Female,Severe,High,Treatment,64.3,46.7,17.6,Responder
2607,16,57,Male,Moderate,Low,Control,62.9,51.6,11.3,Responder
2608,4,69,Female,Moderate,Medium,Control,71.3,60.0,11.3,Responder
2609,21,49,Male,Severe,Low,Control,62.5,52.5,10.0,Responder
2610,17,63,Female,Severe,High,Control,85.2,80.7,4.5,Non-Responder
2611,35,48,Male,Moderate,Medium,Treatment,61.1,47.1,14.0,Responder
2612,12,62,Male,Moderate,Medium,Treatment,53.0,33.7,19.3,Responder
2613,20,18,Male,Severe,High,Treatment,67.1,36.1,31.0,Responder
2614,22,52,Male,Moderate,Low,Control,70.3,66.3,4.0,Non-Responder
2615,34,67,Female,Moderate,Low,Treatment,55.1,50.0,5.1,Non-Responder
2616,20,47,Male,Mild,Medium,Control,57.2,40.9,16.3,Responder
2617,6,68,Female,Severe,Low,Control,81.5,71.9,9.6,Non-Responder
2618,4,33,Male,Moderate,Low,Treatment,64.8,50.0,14.8,Responder
2619,40,35,Female,Severe,Medium,Control,57.5,50.4,7.1,Non-Responder
2620,30,43,Female,Mild,Low,Treatment,57.3,56.0,1.3,Non-Responder
2621,18,41,Female,Mild,Medium,Treatment,58.6,39.3,19.3,Responder
2622,31,59,Female,Mild,Medium,Control,58.6,42.7,15.9,Responder
2623,23,58,Male,Severe,Low,Control,84.5,79.3,5.2,Non-Responder
2624,24,70,Female,Moderate,Low,Control,61.2,64.8,-3.6,Non-Responder
2625,24,59,Male,Moderate,Low,Control,56.3,46.7,9.6,Non-Responder
2626,38,43,Female,Mild,Medium,Control,45.3,39.4,5.9,Non-Responder
2627,9,50,Male,Severe,Medium,Treatment,64.1,48.2,15.9,Responder
2628,25,51,Male,Severe,Low,Control,79.6,61.7,17.9,Responder
2629,8,43,Male,Moderate,Low,Control,66.1,54.2,11.9,Responder
2630,21,32,Female,Moderate,High,Treatment,78.8,58.2,20.6,Responder
2631,16,55,Female,Mild,Low,Control,42.3,48.6,-6.3,Non-Responder
2632,19,58,Female,Severe,High,Treatment,75.0,42.1,32.9,Responder
2633,11,55,Male,Moderate,Low,Control,61.6,65.2,-3.6,Non-Responder
2634,10,58,Female,Mild,Low,Treatment,50.3,49.4,0.9,Non-Responder
2635,40,74,Female,Moderate,Medium,Control,49.2,44.4,4.8,Non-Responder
2636,17,49,Female,Severe,Medium,Control,79.2,69.7,9.5,Non-Responder
2637,15,68,Male,Moderate,Low,Treatment,50.2,27.5,22.7,Responder
2638,34,70,Male,Severe,Medium,Control,68.3,54.6,13.7,Responder
2639,27,52,Female,Moderate,Low,Control,43.8,25.1,18.7,Responder
2640,12,73,Female,Moderate,Low,Treatment,48.2,28.4,19.8,Responder
2641,9,46,Male,Severe,Medium,Control,72.9,57.9,15.0,Responder
2642,8,60,Male,Severe,Medium,Control,78.0,68.4,9.6,Non-Responder
2643,40,45,Male,Moderate,Low,Treatment,72.1,57.0,15.1,Responder
2644,23,67,Female,Moderate,Low,Treatment,70.8,47.4,23.4,Responder
2645,16,41,Male,Severe,High,Treatment,59.6,35.2,24.4,Responder
2646,2,60,Female,Mild,High,Treatment,62.7,54.9,7.8,Non-Responder
2647,17,51,Male,Mild,Low,Treatment,47.4,40.2,7.2,Non-Responder
2648,22,57,Female,Mild,Medium,Treatment,65.9,48.3,17.6,Responder
2649,28,54,Female,Severe,Medium,Control,84.2,75.9,8.3,Non-Responder
2650,10,49,Male,Mild,Low,Treatment,46.7,28.9,17.8,Responder
2651,26,50,Female,Severe,Low,Treatment,77.9,60.0,17.9,Responder
2652,12,41,Female,Mild,Low,Treatment,65.0,36.2,28.8,Responder
2653,27,44,Female,Moderate,Medium,Control,58.1,58.6,-0.5,Non-Responder
2654,11,62,Male,Mild,Low,Control,51.0,50.3,0.7,Non-Responder
2655,15,36,Male,Mild,Medium,Control,60.6,52.7,7.9,Non-Responder
2656,10,64,Female,Mild,Low,Treatment,63.1,46.0,17.1,Responder
2657,1,70,Female,Moderate,High,Treatment,71.2,51.3,19.9,Responder
2658,40,57,Male,Mild,Medium,Treatment,37.5,31.7,5.8,Non-Responder
2659,7,35,Female,Moderate,Low,Control,49.4,34.3,15.1,Responder
2660,13,54,Female,Moderate,Medium,Treatment,67.4,54.3,13.1,Responder
2661,22,63,Male,Moderate,Low,Control,82.4,77.5,4.9,Non-Responder
2662,13,51,Male,Moderate,Medium,Control,51.8,57.8,-6.0,Non-Responder
2663,2,49,Male,Mild,Low,Treatment,68.6,57.3,11.3,Responder
2664,24,71,Male,Moderate,Medium,Treatment,45.7,28.2,17.5,Responder
2665,31,56,Female,Severe,Low,Treatment,55.2,46.0,9.2,Non-Responder
2666,25,46,Female,Moderate,High,Treatment,63.5,49.5,14.0,Responder
2667,22,35,Male,Moderate,Medium,Control,73.9,81.0,-7.1,Non-Responder
2668,15,42,Male,Moderate,Medium,Treatment,60.1,48.2,11.9,Responder
2669,32,46,Male,Moderate,Medium,Treatment,71.1,53.1,18.0,Responder
2670,10,33,Female,Mild,High,Control,36.6,28.4,8.2,Non-Responder
2671,16,60,Female,Moderate,Low,Treatment,61.7,48.1,13.6,Responder
2672,37,57,Male,Mild,Low,Treatment,57.9,39.9,18.0,Responder
2673,3,38,Female,Severe,Medium,Treatment,75.3,61.9,13.4,Responder
2674,16,42,Female,Severe,Low,Control,88.5,88.6,-0.1,Non-Responder
2675,5,43,Male,Mild,High,Treatment,63.4,55.8,7.6,Non-Responder
2676,18,40,Female,Mild,Medium,Treatment,61.4,53.2,8.2,Non-Responder
2677,32,40,Female,Moderate,Low,Treatment,74.6,62.1,12.5,Responder
2678,14,46,Male,Severe,High,Control,68.2,42.2,26.0,Responder
2679,36,69,Male,Severe,Low,Treatment,54.4,28.0,26.4,Responder
2680,29,52,Female,Moderate,Low,Control,52.0,46.6,5.4,Non-Responder
2681,25,42,Male,Moderate,Medium,Treatment,59.5,44.2,15.3,Responder
2682,37,52,Female,Moderate,High,Treatment,38.2,22.4,15.8,Responder
2683,13,42,Male,Mild,Low,Control,70.4,77.5,-7.1,Non-Responder
2684,9,34,Male,Mild,Medium,Treatment,57.1,53.1,4.0,Non-Responder
2685,4,40,Female,Severe,Low,Treatment,69.1,41.7,27.4,Responder
2686,6,77,Female,Severe,Medium,Treatment,57.7,28.6,29.1,Responder
2687,22,54,Female,Moderate,Low,Treatment,55.5,33.9,21.6,Responder
2688,2,57,Male,Moderate,Medium,Control,53.9,45.8,8.1,Non-Responder
2689,24,59,Female,Mild,High,Control,58.4,46.3,12.1,Responder
2690,9,63,Female,Moderate,Medium,Treatment,34.0,20.6,13.4,Responder
2691,30,55,Female,Mild,Low,Control,40.5,27.4,13.1,Responder
2692,22,52,Male,Mild,Medium,Treatment,61.0,50.7,10.3,Responder
2693,38,59,Male,Mild,Low,Treatment,66.9,57.6,9.3,Non-Responder
2694,13,54,Male,Moderate,Low,Control,56.8,50.3,6.5,Non-Responder
2695,9,77,Female,Mild,Medium,Control,68.8,61.9,6.9,Non-Responder
2696,18,44,Female,Mild,Low,Treatment,52.6,35.3,17.3,Responder
2697,11,48,Male,Severe,Medium,Control,67.2,44.9,22.3,Responder
2698,8,52,Female,Severe,Medium,Control,68.2,61.4,6.8,Non-Responder
2699,17,50,Male,Mild,Low,Control,58.5,59.9,-1.4,Non-Responder
2700,8,67,Female,Severe,High,Treatment,73.3,41.4,31.9,Responder
2701,30,82,Male,Mild,High,Control,69.3,69.9,-0.6,Non-Responder
2702,7,51,Male,Severe,Low,Control,68.4,45.9,22.5,Responder
2703,26,62,Male,Moderate,High,Treatment,57.9,46.6,11.3,Responder
2704,32,44,Male,Mild,Low,Control,50.0,35.9,14.1,Responder
2705,29,41,Male,Mild,Low,Control,56.5,56.5,-0.0,Non-Responder
2706,19,47,Male,Moderate,Low,Control,62.6,56.0,6.6,Non-Responder
2707,28,76,Male,Moderate,Medium,Control,43.5,41.4,2.1,Non-Responder
2708,27,65,Female,Severe,Low,Treatment,58.7,43.7,15.0,Responder
2709,1,68,Female,Moderate,Medium,Control,60.8,42.4,18.4,Responder
2710,29,65,Male,Moderate,Medium,Control,59.3,47.4,11.9,Responder
2711,9,51,Male,Moderate,High,Treatment,47.6,30.8,16.8,Responder
2712,19,44,Male,Moderate,Medium,Control,61.8,49.1,12.7,Responder
2713,20,41,Female,Moderate,Medium,Control,55.9,59.5,-3.6,Non-Responder
2714,13,64,Male,Moderate,Low,Control,74.7,60.9,13.8,Responder
2715,28,43,Female,Moderate,Low,Treatment,81.6,59.4,22.2,Responder
2716,9,59,Male,Moderate,Medium,Treatment,49.8,37.8,12.0,Responder
2717,31,58,Female,Moderate,Low,Control,71.0,57.0,14.0,Responder
2718,21,76,Female,Moderate,High,Control,44.1,38.7,5.4,Non-Responder
2719,14,62,Male,Moderate,Medium,Treatment,74.2,61.2,13.0,Responder
2720,18,44,Female,Moderate,Medium,Control,59.5,44.9,14.6,Responder
2721,5,52,Female,Mild,Medium,Treatment,41.8,29.8,12.0,Responder
2722,26,54,Female,Mild,Medium,Control,61.0,66.6,-5.6,Non-Responder
2723,13,39,Male,Moderate,Low,Control,64.0,63.0,1.0,Non-Responder
2724,35,29,Male,Moderate,Low,Treatment,72.0,68.8,3.2,Non-Responder
2725,36,54,Male,Mild,Low,Control,57.6,50.0,7.6,Non-Responder
2726,3,41,Female,Mild,Low,Control,47.9,42.7,5.2,Non-Responder
2727,19,45,Female,Moderate,Low,Control,65.6,65.2,0.4,Non-Responder
2728,6,42,Male,Mild,Medium,Control,59.3,44.1,15.2,Responder
2729,1,44,Female,Moderate,Medium,Control,72.0,55.3,16.7,Responder
2730,34,55,Female,Moderate,Low,Treatment,56.6,43.2,13.4,Responder
2731,31,54,Male,Moderate,Medium,Treatment,72.6,54.4,18.2,Responder
2732,18,40,Female,Severe,Medium,Control,69.9,69.9,-0.0,Non-Responder
2733,33,65,Female,Severe,Medium,Treatment,86.4,74.8,11.6,Responder
2734,23,52,Male,Moderate,Low,Control,69.4,51.2,18.2,Responder
2735,9,45,Male,Moderate,Medium,Treatment,52.2,38.1,14.1,Responder
2736,25,50,Female,Moderate,High,Treatment,61.0,46.5,14.5,Responder
2737,7,63,Female,Severe,Low,Treatment,74.0,59.5,14.5,Responder
2738,10,38,Female,Moderate,Low,Control,79.4,67.8,11.6,Responder
2739,13,37,Male,Moderate,Medium,Control,46.9,42.5,4.4,Non-Responder
2740,9,30,Male,Moderate,Medium,Treatment,54.0,26.2,27.8,Responder
2741,6,66,Male,Moderate,High,Control,66.4,71.4,-5.0,Non-Responder
2742,34,58,Male,Moderate,High,Treatment,64.5,33.5,31.0,Responder
2743,40,41,Male,Moderate,Low,Treatment,54.8,40.7,14.1,Responder
2744,14,47,Female,Moderate,Low,Treatment,65.8,62.4,3.4,Non-Responder
2745,19,62,Male,Moderate,High,Control,56.1,44.2,11.9,Responder
2746,14,43,Male,Mild,Medium,Treatment,54.5,41.2,13.3,Responder
2747,26,47,Male,Severe,Low,Treatment,63.1,48.7,14.4,Responder
2748,3,54,Female,Mild,Low,Control,60.0,42.4,17.6,Responder
2749,34,40,Female,Moderate,High,Treatment,59.7,48.2,11.5,Responder
2750,2,66,Female,Moderate,Medium,Treatment,74.4,70.4,4.0,Non-Responder
2751,31,47,Female,Mild,Low,Control,56.3,43.2,13.1,Responder
2752,40,57,Male,Moderate,Medium,Control,63.0,57.1,5.9,Non-Responder
2753,29,45,Male,Moderate,Medium,Control,70.1,75.7,-5.6,Non-Responder
2754,27,44,Female,Moderate,Medium,Treatment,67.4,47.5,19.9,Responder
2755,36,69,Female,Moderate,Medium,Control,60.3,47.6,12.7,Responder
2756,8,60,Male,Mild,Low,Treatment,59.0,41.8,17.2,Responder
2757,12,59,Male,Mild,Medium,Control,59.7,40.2,19.5,Responder
2758,22,57,Female,Moderate,Medium,Treatment,64.6,56.4,8.2,Non-Responder
2759,1,41,Female,Severe,High,Control,67.8,50.5,17.3,Responder
2760,25,58,Female,Moderate,Low,Control,65.2,66.0,-0.8,Non-Responder
2761,4,52,Female,Mild,Low,Treatment,33.1,24.6,8.5,Non-Responder
2762,36,51,Male,Mild,Medium,Treatment,59.7,39.6,20.1,Responder
2763,13,51,Male,Mild,Medium,Control,54.1,55.6,-1.5,Non-Responder
2764,24,53,Female,Severe,High,Control,73.9,73.7,0.2,Non-Responder
2765,15,41,Female,Moderate,High,Control,57.9,43.8,14.1,Responder
2766,35,58,Male,Moderate,Medium,Control,53.4,55.5,-2.1,Non-Responder
2767,26,48,Male,Mild,Medium,Control,49.4,45.8,3.6,Non-Responder
2768,34,47,Male,Mild,Low,Treatment,79.6,58.0,21.6,Responder
2769,17,58,Male,Mild,Low,Treatment,58.5,57.1,1.4,Non-Responder
2770,38,54,Male,Severe,Low,Treatment,69.8,60.2,9.6,Non-Responder
2771,6,51,Male,Mild,Low,Control,60.6,57.3,3.3,Non-Responder
2772,14,62,Male,Moderate,Low,Treatment,57.0,55.4,1.6,Non-Responder
2773,32,53,Male,Mild,Medium,Control,68.7,70.7,-2.0,Non-Responder
2774,2,51,Male,Mild,Low,Control,70.2,58.7,11.5,Responder
2775,3,53,Male,Moderate,Low,Control,44.1,40.1,4.0,Non-Responder
2776,14,54,Female,Moderate,Low,Control,82.3,88.3,-6.0,Non-Responder
2777,3,61,Female,Mild,High,Control,60.2,39.1,21.1,Responder
2778,12,72,Female,Moderate,Medium,Treatment,48.7,30.9,17.8,Responder
2779,22,64,Female,Moderate,High,Control,70.2,55.5,14.7,Responder
2780,20,65,Male,Mild,Medium,Treatment,48.0,36.1,11.9,Responder
2781,31,46,Male,Mild,Low,Control,61.7,47.8,13.9,Responder
2782,40,25,Female,Moderate,Low,Treatment,73.4,62.3,11.1,Responder
2783,19,49,Male,Moderate,Medium,Control,54.4,35.1,19.3,Responder
2784,13,53,Male,Mild,Medium,Treatment,42.2,27.7,14.5,Responder
2785,12,58,Male,Moderate,Low,Control,74.2,56.2,18.0,Responder
2786,20,54,Male,Mild,Low,Treatment,52.8,47.1,5.7,Non-Responder
2787,35,45,Female,Mild,Low,Treatment,59.9,24.2,35.7,Responder
2788,32,73,Female,Moderate,Medium,Control,51.4,38.5,12.9,Responder
2789,11,45,Male,Moderate,Low,Control,64.6,61.2,3.4,Non-Responder
2790,24,34,Female,Moderate,Low,Treatment,32.0,16.5,15.5,Responder
2791,6,39,Female,Mild,Medium,Control,50.5,61.5,-11.0,Non-Responder
2792,12,59,Female,Mild,Medium,Control,59.5,47.1,12.4,Responder
2793,20,71,Male,Moderate,Low,Control,61.4,58.3,3.1,Non-Responder
2794,15,41,Female,Mild,High,Treatment,50.2,42.9,7.3,Non-Responder
2795,8,67,Male,Severe,High,Treatment,79.2,69.9,9.3,Non-Responder
2796,2,49,Female,Moderate,High,Control,70.5,67.8,2.7,Non-Responder
2797,28,60,Male,Moderate,Low,Control,48.4,40.2,8.2,Non-Responder
2798,15,63,Female,Mild,Medium,Control,47.6,44.7,2.9,Non-Responder
2799,36,72,Male,Moderate,High,Treatment,61.1,38.0,23.1,Responder
2800,12,49,Male,Mild,Medium,Treatment,42.3,38.4,3.9,Non-Responder
2801,24,45,Male,Moderate,Low,Treatment,54.2,31.2,23.0,Responder
2802,7,36,Male,Severe,Low,Control,68.8,62.7,6.1,Non-Responder
2803,11,32,Female,Mild,Low,Control,50.8,45.1,5.7,Non-Responder
2804,40,70,Female,Mild,Medium,Treatment,60.0,63.2,-3.2,Non-Responder
2805,7,53,Male,Mild,Low,Treatment,52.5,35.0,17.5,Responder
2806,22,40,Male,Moderate,Low,Treatment,46.4,24.3,22.1,Responder
2807,23,33,Male,Mild,Medium,Control,46.3,43.9,2.4,Non-Responder
2808,30,29,Female,Mild,Medium,Treatment,35.7,35.4,0.3,Non-Responder
2809,40,47,Male,Mild,Medium,Treatment,53.4,41.6,11.8,Responder
2810,35,56,Male,Moderate,High,Control,52.6,44.9,7.7,Non-Responder
2811,2,38,Female,Mild,Low,Control,54.9,63.1,-8.2,Non-Responder
2812,36,55,Male,Mild,Low,Control,56.6,40.0,16.6,Responder
2813,25,40,Male,Moderate,Low,Treatment,71.6,71.5,0.1,Non-Responder
2814,29,30,Female,Severe,Low,Control,55.6,31.9,23.7,Responder
2815,3,50,Female,Moderate,High,Control,51.7,34.4,17.3,Responder
2816,30,62,Male,Moderate,Low,Control,53.6,33.5,20.1,Responder
2817,29,36,Male,Moderate,Medium,Control,67.0,50.5,16.5,Responder
2818,32,53,Male,Severe,Medium,Control,87.7,73.8,13.9,Responder
2819,36,36,Female,Moderate,High,Treatment,62.4,39.5,22.9,Responder
2820,21,37,Female,Mild,Low,Control,56.8,41.2,15.6,Responder
2821,18,49,Male,Moderate,Medium,Treatment,73.3,56.7,16.6,Responder
2822,12,47,Female,Moderate,Low,Treatment,53.3,39.4,13.9,Responder
2823,20,29,Male,Moderate,Medium,Control,36.3,27.9,8.4,Non-Responder
2824,23,58,Female,Mild,Medium,Treatment,55.0,39.5,15.5,Responder
2825,1,56,Male,Mild,Medium,Treatment,52.2,35.8,16.4,Responder
2826,35,41,Female,Severe,Medium,Treatment,58.2,53.1,5.1,Non-Responder
2827,20,48,Female,Moderate,Low,Control,51.9,52.1,-0.2,Non-Responder
2828,25,76,Male,Mild,Medium,Control,43.8,32.9,10.9,Responder
2829,24,52,Female,Moderate,Medium,Control,54.0,37.7,16.3,Responder
2830,39,36,Female,Moderate,Medium,Control,62.6,44.3,18.3,Responder
2831,8,40,Male,Mild,Low,Control,54.9,51.3,3.6,Non-Responder
2832,13,46,Male,Mild,Low,Treatment,75.6,56.9,18.7,Responder
2833,22,68,Female,Severe,Medium,Treatment,74.0,61.5,12.5,Responder
2834,10,79,Female,Moderate,Low,Treatment,52.8,34.7,18.1,Responder
2835,3,68,Female,Moderate,Medium,Treatment,54.2,32.4,21.8,Responder
2836,14,70,Male,Moderate,Low,Control,67.5,53.2,14.3,Responder
2837,5,75,Female,Moderate,Low,Treatment,52.8,19.9,32.9,Responder
2838,33,53,Female,Mild,Medium,Control,55.1,51.0,4.1,Non-Responder
2839,37,63,Male,Mild,Medium,Treatment,42.3,43.1,-0.8,Non-Responder
2840,36,36,Female,Mild,Medium,Treatment,56.5,41.6,14.9,Responder
2841,4,37,Male,Moderate,Medium,Treatment,61.7,43.8,17.9,Responder
2842,10,46,Female,Moderate,Medium,Treatment,40.1,20.5,19.6,Responder
2843,12,61,Female,Mild,Medium,Treatment,64.2,36.8,27.4,Responder
2844,13,25,Female,Moderate,Low,Treatment,63.9,46.5,17.4,Responder
2845,31,44,Male,Mild,Medium,Treatment,46.9,34.6,12.3,Responder
2846,22,51,Female,Mild,Medium,Treatment,77.0,63.6,13.4,Responder
2847,33,30,Male,Mild,Medium,Treatment,54.9,39.5,15.4,Responder
2848,40,62,Female,Moderate,Low,Control,49.3,46.6,2.7,Non-Responder
2849,20,60,Female,Mild,Low,Treatment,55.3,37.2,18.1,Responder
2850,32,44,Male,Moderate,Medium,Treatment,60.9,42.6,18.3,Responder
2851,10,40,Male,Moderate,Medium,Treatment,78.9,58.3,20.6,Responder
2852,18,52,Female,Moderate,Low,Treatment,64.2,40.9,23.3,Responder
2853,15,50,Female,Moderate,Medium,Control,86.7,71.9,14.8,Responder
2854,38,47,Female,Moderate,Low,Control,60.5,62.6,-2.1,Non-Responder
2855,8,52,Male,Moderate,High,Treatment,63.7,41.1,22.6,Responder
2856,19,43,Female,Moderate,Low,Treatment,55.8,37.5,18.3,Responder
2857,26,39,Male,Moderate,Medium,Control,46.6,42.8,3.8,Non-Responder
2858,22,25,Female,Moderate,Low,Treatment,69.7,39.1,30.6,Responder
2859,28,56,Male,Moderate,Medium,Control,66.6,53.4,13.2,Responder
2860,12,40,Male,Severe,Low,Control,80.9,64.3,16.6,Responder
2861,25,45,Female,Severe,Low,Control,77.5,69.7,7.8,Non-Responder
2862,6,58,Female,Severe,Medium,Control,64.2,62.0,2.2,Non-Responder
2863,17,56,Female,Moderate,Medium,Control,56.9,42.5,14.4,Responder
2864,21,58,Female,Moderate,Low,Treatment,61.3,34.4,26.9,Responder
2865,29,51,Male,Moderate,Low,Control,55.6,36.8,18.8,Responder
2866,23,52,Male,Mild,Low,Control,61.4,60.3,1.1,Non-Responder
2867,25,51,Female,Mild,Medium,Control,61.2,56.6,4.6,Non-Responder
2868,32,66,Female,Moderate,Medium,Control,56.7,80.3,-23.6,Non-Responder
2869,29,71,Female,Mild,Low,Control,62.5,46.2,16.3,Responder
2870,8,60,Male,Mild,Medium,Treatment,47.5,53.2,-5.7,Non-Responder
2871,1,44,Female,Mild,Medium,Treatment,72.2,69.2,3.0,Non-Responder
2872,39,59,Male,Mild,Medium,Control,53.8,52.6,1.2,Non-Responder
2873,18,63,Female,Severe,Medium,Treatment,88.5,69.7,18.8,Responder
2874,10,31,Male,Moderate,Low,Control,68.4,50.2,18.2,Responder
2875,6,58,Male,Moderate,Low,Control,81.4,79.3,2.1,Non-Responder
2876,10,32,Female,Mild,Medium,Control,41.7,29.6,12.1,Responder
2877,3,73,Female,Severe,Low,Control,84.1,79.4,4.7,Non-Responder
2878,30,42,Female,Mild,Medium,Treatment,45.1,35.0,10.1,Responder
2879,7,48,Male,Severe,Medium,Treatment,58.5,31.6,26.9,Responder
2880,7,64,Male,Moderate,Medium,Control,68.8,56.6,12.2,Responder
2881,37,41,Female,Moderate,Low,Treatment,53.8,39.2,14.6,Responder
2882,10,53,Male,Moderate,High,Control,63.0,65.0,-2.0,Non-Responder
2883,13,50,Female,Moderate,High,Treatment,67.7,45.7,22.0,Responder
2884,1,54,Male,Moderate,Low,Treatment,68.4,33.5,34.9,Responder
2885,23,72,Male,Severe,Medium,Control,60.4,39.6,20.8,Responder
2886,39,37,Female,Moderate,Low,Control,59.5,51.3,8.2,Non-Responder
2887,3,60,Male,Moderate,Medium,Treatment,56.7,41.4,15.3,Responder
2888,33,64,Female,Moderate,Medium,Treatment,78.1,62.2,15.9,Responder
2889,29,48,Male,Mild,Low,Control,51.8,46.1,5.7,Non-Responder
2890,5,65,Male,Mild,Medium,Treatment,56.6,57.8,-1.2,Non-Responder
2891,23,66,Male,Mild,Medium,Treatment,47.6,32.7,14.9,Responder
2892,9,63,Male,Severe,Medium,Control,62.2,43.8,18.4,Responder
2893,10,62,Male,Mild,Medium,Control,80.0,73.3,6.7,Non-Responder
2894,35,51,Female,Severe,High,Control,79.2,66.0,13.2,Responder
2895,38,70,Female,Mild,Low,Control,31.9,23.8,8.1,Non-Responder
2896,37,61,Male,Mild,Medium,Treatment,50.8,37.0,13.8,Responder
2897,36,68,Male,Moderate,Low,Control,78.3,66.2,12.1,Responder
2898,13,63,Female,Moderate,Low,Control,59.3,55.3,4.0,Non-Responder
2899,2,49,Male,Severe,Medium,Control,80.0,71.7,8.3,Non-Responder
2900,13,47,Male,Moderate,Low,Control,59.8,44.4,15.4,Responder
2901,38,54,Female,Severe,Low,Control,71.3,53.8,17.5,Responder
2902,13,42,Male,Moderate,Low,Control,64.1,62.0,2.1,Non-Responder
2903,12,47,Female,Severe,Low,Control,72.8,58.6,14.2,Responder
2904,32,38,Female,Severe,Low,Treatment,63.8,38.1,25.7,Responder
2905,15,59,Male,Severe,Low,Treatment,69.3,50.2,19.1,Responder
2906,31,61,Male,Moderate,Low,Treatment,59.1,48.7,10.4,Responder
2907,27,58,Female,Mild,High,Treatment,57.8,41.8,16.0,Responder
2908,40,37,Male,Moderate,Low,Control,71.1,65.0,6.1,Non-Responder
2909,17,46,Male,Severe,Medium,Treatment,69.7,59.0,10.7,Responder
2910,4,38,Male,Mild,Low,Control,32.8,25.3,7.5,Non-Responder
2911,16,18,Male,Moderate,Low,Control,58.0,52.3,5.7,Non-Responder
2912,2,81,Female,Moderate,Medium,Control,35.0,27.4,7.6,Non-Responder
2913,20,64,Male,Mild,Medium,Treatment,53.0,33.5,19.5,Responder
2914,37,44,Female,Mild,Medium,Treatment,49.0,31.6,17.4,Responder
2915,31,44,Female,Moderate,Low,Control,58.1,35.9,22.2,Responder
2916,35,50,Male,Moderate,Medium,Treatment,51.9,33.1,18.8,Responder
2917,37,53,Male,Mild,Medium,Treatment,51.1,43.3,7.8,Non-Responder
2918,25,71,Female,Moderate,Low,Control,48.9,42.8,6.1,Non-Responder
2919,16,65,Male,Severe,Low,Treatment,65.9,40.9,25.0,Responder
2920,34,41,Male,Mild,High,Control,46.8,46.5,0.3,Non-Responder
2921,17,53,Female,Moderate,Medium,Treatment,78.9,61.7,17.2,Responder
2922,25,58,Female,Severe,Medium,Treatment,61.1,57.3,3.8,Non-Responder
2923,4,52,Male,Moderate,Low,Treatment,48.4,41.9,6.5,Non-Responder
2924,30,57,Female,Mild,Low,Treatment,43.2,38.4,4.8,Non-Responder
2925,35,51,Male,Moderate,Medium,Treatment,48.8,32.4,16.4,Responder
2926,38,43,Male,Moderate,Medium,Control,43.2,45.4,-2.2,Non-Responder
2927,28,70,Female,Severe,Low,Treatment,78.4,73.4,5.0,Non-Responder
2928,33,52,Female,Mild,Medium,Control,34.7,32.6,2.1,Non-Responder
2929,10,29,Female,Mild,Medium,Control,57.1,57.1,0.0,Non-Responder
2930,40,48,Female,Mild,Medium,Treatment,38.8,30.7,8.1,Non-Responder
2931,8,34,Male,Mild,Medium,Control,41.3,41.3,0.0,Non-Responder
2932,6,60,Female,Severe,Medium,Treatment,70.6,55.0,15.6,Responder
2933,3,64,Male,Moderate,Low,Treatment,73.9,55.6,18.3,Responder
2934,32,40,Male,Moderate,High,Control,81.2,75.4,5.8,Non-Responder
2935,13,51,Female,Moderate,Medium,Treatment,67.4,36.8,30.6,Responder
2936,39,48,Female,Severe,Medium,Control,71.4,59.9,11.5,Responder
2937,15,70,Male,Moderate,Medium,Control,64.8,63.2,1.6,Non-Responder
2938,19,54,Female,Moderate,High,Treatment,46.7,35.6,11.1,Responder
2939,25,62,Male,Severe,Low,Control,72.6,72.2,0.4,Non-Responder
2940,29,58,Female,Mild,Low,Treatment,66.2,53.0,13.2,Responder
2941,36,60,Male,Severe,Low,Treatment,57.2,34.7,22.5,Responder
2942,11,44,Female,Moderate,Medium,Treatment,71.2,55.0,16.2,Responder
2943,31,56,Female,Mild,Medium,Treatment,55.2,31.8,23.4,Responder
2944,25,66,Male,Mild,Medium,Control,59.0,58.5,0.5,Non-Responder
2945,5,36,Female,Mild,Medium,Treatment,45.3,28.8,16.5,Responder
2946,27,38,Female,Moderate,Low,Control,62.6,60.6,2.0,Non-Responder
2947,38,53,Female,Moderate,Low,Treatment,63.1,45.0,18.1,Responder
2948,7,71,Male,Mild,Unknown,Treatment,38.0,40.0,-2.0,Non-Responder
2949,28,39,Female,Mild,Medium,Treatment,59.2,26.1,33.1,Responder
2950,37,51,Female,Moderate,Low,Treatment,64.6,50.2,14.4,Responder
2951,24,26,Female,Moderate,Medium,Treatment,69.0,51.1,17.9,Responder
2952,11,64,Male,Moderate,Low,Treatment,68.3,53.1,15.2,Responder
2953,27,70,Male,Mild,Low,Control,61.7,49.0,12.7,Responder
2954,23,58,Female,Moderate,Low,Control,55.6,38.3,17.3,Responder
2955,27,46,Male,Moderate,Low,Treatment,66.3,42.3,24.0,Responder
2956,12,63,Male,Severe,Medium,Control,69.4,65.7,3.7,Non-Responder
2957,22,55,Female,Severe,High,Treatment,68.6,51.9,16.7,Responder
2958,25,39,Female,Severe,Medium,Control,69.3,60.4,8.9,Non-Responder
2959,36,35,Female,Moderate,Medium,Treatment,79.5,56.1,23.4,Responder
2960,37,37,Male,Severe,Low,Control,72.1,70.8,1.3,Non-Responder
2961,36,34,Male,Moderate,High,Control,69.6,59.9,9.7,Non-Responder
2962,7,57,Female,Severe,Low,Treatment,81.8,62.2,19.6,Responder
2963,35,64,Male,Severe,Low,Treatment,77.9,61.9,16.0,Responder
2964,33,33,Female,Moderate,Medium,Control,69.4,55.5,13.9,Responder
2965,1,63,Male,Moderate,Medium,Control,78.8,74.3,4.5,Non-Responder
2966,9,48,Female,Mild,Low,Treatment,40.5,30.6,9.9,Non-Responder
2967,14,42,Male,Mild,Low,Control,74.7,69.9,4.8,Non-Responder
2968,39,44,Female,Severe,Medium,Control,65.6,58.7,6.9,Non-Responder
2969,18,62,Male,Severe,Medium,Control,73.1,62.7,10.4,Responder
2970,7,50,Female,Mild,Medium,Treatment,39.7,31.8,7.9,Non-Responder
2971,25,56,Female,Moderate,Medium,Treatment,47.7,32.6,15.1,Responder
2972,27,44,Male,Moderate,Medium,Control,77.7,63.9,13.8,Responder
2973,7,41,Female,Moderate,Medium,Control,62.3,42.8,19.5,Responder
2974,33,37,Male,Mild,Medium,Treatment,55.6,28.8,26.8,Responder
2975,3,45,Male,Mild,Medium,Control,68.8,62.4,6.4,Non-Responder
2976,19,33,Female,Severe,Low,Control,77.6,50.0,27.6,Responder
2977,4,60,Female,Moderate,High,Treatment,53.5,37.0,16.5,Responder
2978,33,56,Female,Mild,Medium,Treatment,56.9,53.3,3.6,Non-Responder
2979,12,48,Male,Moderate,High,Treatment,69.1,55.4,13.7,Responder
2980,2,41,Male,Moderate,Medium,Control,70.2,60.0,10.2,Responder
2981,28,26,Female,Moderate,Medium,Control,78.6,60.6,18.0,Responder
2982,38,44,Female,Moderate,Medium,Control,62.9,54.8,8.1,Non-Responder
2983,6,31,Female,Moderate,High,Control,79.8,77.6,2.2,Non-Responder
2984,21,57,Female,Severe,High,Control,59.2,49.8,9.4,Non-Responder
2985,30,55,Male,Severe,Medium,Treatment,76.8,64.6,12.2,Responder
2986,28,54,Female,Mild,Low,Control,60.0,56.1,3.9,Non-Responder
2987,12,26,Male,Severe,Medium,Control,75.9,72.8,3.1,Non-Responder
2988,23,59,Female,Severe,Low,Treatment,80.7,69.6,11.1,Responder
2989,39,44,Male,Mild,Medium,Treatment,65.6,51.6,14.0,Responder
2990,31,61,Male,Moderate,Low,Treatment,66.8,53.3,13.5,Responder
2991,12,33,Female,Moderate,High,Treatment,64.8,60.2,4.6,Non-Responder
2992,18,55,Male,Moderate,Medium,Treatment,68.2,39.7,28.5,Responder
2993,31,54,Female,Moderate,High,Control,66.2,73.1,-6.9,Non-Responder
2994,31,61,Male,Moderate,Medium,Treatment,63.7,55.0,8.7,Non-Responder
2995,39,45,Female,Mild,Medium,Treatment,51.9,47.9,4.0,Non-Responder
2996,10,46,Female,Moderate,Medium,Control,58.7,51.6,7.1,Non-Responder
2997,3,29,Female,Moderate,Medium,Treatment,56.2,32.0,24.2,Responder
2998,25,21,Male,Moderate,Medium,Treatment,48.5,36.0,12.5,Responder
2999,14,30,Female,Mild,Medium,Treatment,52.3,43.9,8.4,Non-Responder
3000,19,67,Female,Severe,High,Control,80.3,65.9,14.4,Responder
3001,31,49,Male,Mild,Medium,Control,70.6,63.8,6.8,Non-Responder
3002,27,44,Male,Severe,Low,Control,63.3,53.0,10.3,Responder
3003,14,43,Female,Mild,Low,Control,25.4,15.6,9.8,Non-Responder
3004,30,20,Female,Severe,Low,Control,66.7,73.2,-6.5,Non-Responder
3005,36,48,Female,Severe,Medium,Control,84.6,71.5,13.1,Responder
3006,34,61,Female,Moderate,Low,Control,58.5,47.2,11.3,Responder
3007,6,32,Male,Severe,Low,Treatment,81.1,63.4,17.7,Responder
3008,40,61,Female,Mild,High,Treatment,68.5,57.6,10.9,Responder
3009,7,69,Female,Moderate,Medium,Treatment,64.2,41.0,23.2,Responder
3010,38,48,Female,Moderate,High,Control,37.6,22.7,14.9,Responder
3011,26,56,Male,Moderate,High,Control,62.4,49.2,13.2,Responder
3012,4,50,Male,Moderate,Low,Treatment,72.5,65.8,6.7,Non-Responder
3013,12,71,Male,Mild,High,Control,58.8,42.4,16.4,Responder
3014,39,56,Male,Moderate,Medium,Treatment,75.9,58.0,17.9,Responder
3015,1,45,Male,Moderate,Low,Control,44.7,37.5,7.2,Non-Responder
3016,11,65,Female,Mild,Low,Control,46.3,46.3,0.0,Non-Responder
3017,11,42,Female,Moderate,Low,Treatment,58.7,39.3,19.4,Responder
3018,15,45,Female,Severe,Medium,Control,62.6,50.0,12.6,Responder
3019,6,28,Female,Moderate,Low,Control,57.8,65.3,-7.5,Non-Responder
3020,9,36,Female,Mild,Low,Treatment,49.3,31.7,17.6,Responder
3021,26,49,Female,Moderate,High,Treatment,68.9,56.9,12.0,Responder
3022,9,26,Female,Moderate,Medium,Treatment,60.7,38.9,21.8,Responder
3023,13,46,Female,Mild,High,Control,59.2,45.6,13.6,Responder
3024,25,51,Male,Moderate,Low,Control,71.6,52.8,18.8,Responder
3025,39,46,Male,Severe,Medium,Control,64.9,58.7,6.2,Non-Responder
3026,38,34,Male,Moderate,Low,Control,64.8,42.5,22.3,Responder
3027,5,62,Male,Moderate,Medium,Control,59.2,36.7,22.5,Responder
3028,13,48,Male,Severe,Medium,Treatment,73.9,59.6,14.3,Responder
3029,21,53,Male,Moderate,High,Treatment,57.3,31.0,26.3,Responder
3030,24,52,Male,Moderate,Medium,Treatment,80.1,60.6,19.5,Responder
3031,38,29,Male,Mild,Low,Treatment,49.1,38.3,10.8,Responder
3032,36,28,Male,Mild,High,Control,54.1,46.0,8.1,Non-Responder
3033,29,52,Male,Moderate,Medium,Treatment,51.1,35.4,15.7,Responder
3034,18,74,Male,Mild,Medium,Treatment,57.1,50.2,6.9,Non-Responder
3035,18,55,Female,Severe,Medium,Treatment,72.4,67.2,5.2,Non-Responder
3036,27,71,Male,Severe,Low,Treatment,64.9,53.3,11.6,Responder
3037,14,34,Female,Mild,Low,Control,61.2,42.5,18.7,Responder
3038,39,59,Female,Moderate,Medium,Treatment,58.9,43.8,15.1,Responder
3039,35,61,Male,Moderate,Low,Control,62.2,45.2,17.0,Responder
3040,40,34,Male,Moderate,Low,Treatment,61.2,31.1,30.1,Responder
3041,25,62,Male,Mild,Low,Treatment,35.2,30.7,4.5,Non-Responder
3042,20,60,Male,Severe,Low,Control,89.4,78.0,11.4,Responder
3043,40,34,Male,Mild,Low,Control,45.3,54.5,-9.2,Non-Responder
3044,35,56,Female,Moderate,Low,Treatment,59.0,43.3,15.7,Responder
3045,30,72,Male,Mild,Medium,Treatment,52.6,42.2,10.4,Responder
3046,40,49,Female,Severe,Medium,Control,67.0,73.5,-6.5,Non-Responder
3047,4,34,Male,Mild,High,Control,57.2,49.9,7.3,Non-Responder
3048,2,37,Female,Moderate,Low,Treatment,52.0,46.1,5.9,Non-Responder
3049,13,55,Male,Mild,Low,Control,63.1,50.3,12.8,Responder
3050,30,44,Male,Moderate,Low,Treatment,56.4,50.7,5.7,Non-Responder
3051,33,45,Female,Moderate,Medium,Control,59.4,52.8,6.6,Non-Responder
3052,3,31,Male,Severe,Medium,Control,68.6,64.4,4.2,Non-Responder
3053,24,67,Male,Severe,Low,Control,74.0,74.6,-0.6,Non-Responder
3054,13,50,Male,Severe,Medium,Control,78.3,65.6,12.7,Responder
3055,14,74,Female,Mild,Medium,Control,56.2,48.7,7.5,Non-Responder
3056,5,42,Male,Moderate,Low,Treatment,50.9,29.8,21.1,Responder
3057,1,44,Male,Moderate,Medium,Control,68.9,57.3,11.6,Responder
3058,26,44,Male,Moderate,High,Treatment,65.6,44.5,21.1,Responder
3059,28,53,Female,Moderate,Medium,Control,53.6,38.7,14.9,Responder
3060,33,39,Female,Moderate,High,Control,60.1,50.9,9.2,Non-Responder
3061,8,53,Male,Mild,Low,Control,66.7,64.0,2.7,Non-Responder
3062,24,56,Male,Moderate,Medium,Treatment,55.9,47.7,8.2,Non-Responder
3063,21,44,Female,Moderate,Medium,Control,47.8,33.0,14.8,Responder
3064,11,66,Female,Mild,Medium,Control,68.0,56.6,11.4,Responder
3065,24,48,Male,Severe,Medium,Control,75.3,63.4,11.9,Responder
3066,1,64,Female,Severe,Low,Control,57.7,51.6,6.1,Non-Responder
3067,25,53,Male,Severe,Low,Treatment,74.6,62.5,12.1,Responder
3068,14,26,Male,Mild,Low,Treatment,50.0,42.2,7.8,Non-Responder
3069,19,66,Female,Severe,Medium,Control,66.8,48.3,18.5,Responder
3070,4,65,Female,Moderate,Medium,Treatment,74.4,44.1,30.3,Responder
3071,13,51,Male,Severe,Medium,Control,75.2,67.2,8.0,Non-Responder
3072,27,81,Male,Moderate,Medium,Treatment,68.9,63.4,5.5,Non-Responder
3073,19,45,Female,Mild,Low,Treatment,49.5,37.2,12.3,Responder
3074,3,57,Female,Mild,Low,Treatment,46.1,31.3,14.8,Responder
3075,12,71,Female,Moderate,Medium,Control,55.1,41.0,14.1,Responder
3076,29,70,Female,Mild,Low,Treatment,47.8,37.1,10.7,Responder
3077,37,46,Male,Severe,Low,Control,79.1,63.0,16.1,Responder
3078,31,42,Male,Moderate,Medium,Treatment,52.8,40.2,12.6,Responder
3079,38,42,Male,Severe,Low,Treatment,73.8,50.0,23.8,Responder
3080,18,50,Male,Moderate,Medium,Control,74.1,64.6,9.5,Non-Responder
3081,30,39,Female,Severe,Low,Control,64.8,56.1,8.7,Non-Responder
3082,5,41,Female,Moderate,Low,Treatment,84.4,73.6,10.8,Responder
3083,38,34,Female,Severe,Low,Control,40.4,33.8,6.6,Non-Responder
3084,15,38,Female,Mild,Low,Treatment,68.2,65.5,2.7,Non-Responder
3085,37,42,Female,Moderate,Low,Treatment,58.4,33.6,24.8,Responder
3086,13,54,Female,Mild,Low,Treatment,67.2,67.7,-0.5,Non-Responder
3087,9,37,Male,Mild,Medium,Control,66.6,66.2,0.4,Non-Responder
3088,36,37,Male,Mild,Medium,Treatment,65.4,43.2,22.2,Responder
3089,7,36,Female,Moderate,Low,Treatment,56.0,45.7,10.3,Responder
3090,7,31,Male,Moderate,Medium,Treatment,76.7,59.7,17.0,Responder
3091,5,55,Male,Moderate,Unknown,Treatment,59.4,59.8,-0.4,Non-Responder
3092,1,43,Male,Moderate,Low,Treatment,57.3,40.6,16.7,Responder
3093,33,36,Male,Severe,Medium,Control,78.8,67.0,11.8,Responder
3094,7,64,Female,Moderate,Medium,Control,58.5,41.2,17.3,Responder
3095,36,49,Male,Mild,Low,Control,57.1,52.1,5.0,Non-Responder
3096,13,45,Female,Moderate,Medium,Control,53.6,43.6,10.0,Responder
3097,9,52,Male,Moderate,Low,Treatment,58.5,29.8,28.7,Responder
3098,24,60,Female,Moderate,Low,Control,80.9,66.0,14.9,Responder
3099,36,39,Female,Moderate,Low,Control,49.1,31.3,17.8,Responder
3100,38,64,Female,Moderate,Low,Treatment,64.3,42.4,21.9,Responder
3101,11,73,Female,Moderate,Low,Treatment,71.0,55.5,15.5,Responder
3102,17,50,Female,Severe,Medium,Treatment,73.1,32.7,40.4,Responder
3103,37,67,Male,Mild,Medium,Treatment,38.6,15.8,22.8,Responder
3104,13,73,Male,Mild,Low,Control,42.1,28.5,13.6,Responder
3105,25,53,Male,Mild,Medium,Treatment,52.2,32.5,19.7,Responder
3106,15,57,Male,Moderate,Low,Treatment,34.6,27.7,6.9,Non-Responder
3107,2,39,Male,Mild,High,Control,43.2,49.7,-6.5,Non-Responder
3108,32,43,Female,Moderate,Medium,Treatment,64.2,58.1,6.1,Non-Responder
3109,4,61,Female,Severe,Low,Treatment,81.3,78.4,2.9,Non-Responder
3110,21,57,Female,Mild,Medium,Treatment,68.0,63.4,4.6,Non-Responder
3111,22,49,Male,Severe,Low,Control,83.5,78.4,5.1,Non-Responder
3112,11,65,Female,Moderate,Low,Treatment,76.3,73.0,3.3,Non-Responder
3113,10,50,Male,Moderate,High,Treatment,57.4,40.0,17.4,Responder
3114,37,55,Male,Mild,Medium,Control,56.3,52.4,3.9,Non-Responder
3115,39,68,Male,Moderate,Medium,Control,68.5,60.4,8.1,Non-Responder
3116,17,74,Female,Mild,Medium,Treatment,68.4,55.7,12.7,Responder
3117,3,57,Female,Severe,Medium,Treatment,77.8,70.5,7.3,Non-Responder
3118,18,65,Female,Moderate,Low,Control,59.5,57.3,2.2,Non-Responder
3119,10,54,Female,Mild,Low,Control,35.1,49.8,-14.7,Non-Responder
3120,16,81,Male,Moderate,Medium,Treatment,60.3,58.8,1.5,Non-Responder
3121,39,64,Female,Severe,Low,Treatment,75.4,70.8,4.6,Non-Responder
3122,39,48,Male,Moderate,Low,Treatment,74.6,60.6,14.0,Responder
3123,9,48,Male,Mild,Medium,Treatment,46.2,33.4,12.8,Responder
3124,38,31,Female,Moderate,Medium,Control,66.6,58.0,8.6,Non-Responder
3125,27,60,Male,Severe,High,Treatment,61.7,40.6,21.1,Responder
3126,22,31,Female,Severe,Low,Treatment,60.7,55.1,5.6,Non-Responder
3127,11,42,Female,Moderate,Low,Control,25.7,13.2,12.5,Responder
3128,17,43,Male,Mild,Low,Control,53.3,43.8,9.5,Non-Responder
3129,6,56,Male,Moderate,Medium,Control,73.6,53.2,20.4,Responder
3130,10,32,Female,Mild,Low,Treatment,44.7,39.9,4.8,Non-Responder
3131,29,47,Female,Severe,Medium,Control,73.1,58.6,14.5,Responder
3132,6,52,Male,Moderate,Medium,Control,66.7,64.0,2.7,Non-Responder
3133,8,45,Female,Severe,Low,Control,68.7,62.3,6.4,Non-Responder
3134,11,50,Female,Mild,Medium,Treatment,46.2,21.4,24.8,Responder
3135,8,49,Male,Mild,Medium,Treatment,62.1,49.1,13.0,Responder
3136,36,73,Female,Severe,Low,Control,77.1,76.7,0.4,Non-Responder
3137,6,50,Male,Mild,Low,Control,46.4,42.3,4.1,Non-Responder
3138,31,57,Female,Mild,Medium,Control,49.2,43.6,5.6,Non-Responder
3139,30,56,Male,Moderate,Low,Control,62.6,40.3,22.3,Responder
3140,39,47,Male,Mild,Medium,Control,56.8,49.6,7.2,Non-Responder
3141,19,56,Female,Moderate,Low,Treatment,67.5,49.3,18.2,Responder
3142,36,82,Male,Moderate,Medium,Control,55.9,54.4,1.5,Non-Responder
3143,40,52,Female,Severe,Medium,Treatment,77.0,55.7,21.3,Responder
3144,18,66,Male,Mild,Medium,Treatment,68.6,57.6,11.0,Responder
3145,38,23,Male,Moderate,Medium,Control,58.7,53.4,5.3,Non-Responder
3146,28,56,Female,Severe,High,Treatment,76.9,65.5,11.4,Responder
3147,12,53,Female,Moderate,Medium,Control,49.2,32.9,16.3,Responder
3148,39,61,Male,Moderate,Medium,Treatment,75.7,64.9,10.8,Responder
3149,13,54,Female,Moderate,Low,Control,60.8,54.9,5.9,Non-Responder
3150,21,80,Male,Moderate,Medium,Control,61.6,40.2,21.4,Responder
3151,6,39,Male,Mild,Medium,Control,61.1,58.1,3.0,Non-Responder
3152,40,46,Female,Severe,Low,Control,75.7,67.3,8.4,Non-Responder
3153,6,37,Male,Severe,Medium,Control,93.1,68.8,24.3,Responder
3154,4,39,Male,Severe,Low,Treatment,90.3,74.8,15.5,Responder
3155,11,64,Male,Severe,Low,Control,88.7,82.1,6.6,Non-Responder
3156,19,38,Male,Mild,Low,Treatment,62.4,38.1,24.3,Responder
3157,40,54,Male,Moderate,Medium,Treatment,66.3,68.8,-2.5,Non-Responder
3158,8,59,Female,Mild,Medium,Control,78.0,72.9,5.1,Non-Responder
3159,9,38,Female,Moderate,Low,Treatment,59.8,32.3,27.5,Responder
3160,17,55,Female,Moderate,Low,Control,63.1,69.8,-6.7,Non-Responder
3161,7,26,Female,Moderate,Low,Treatment,63.8,59.5,4.3,Non-Responder
3162,39,53,Female,Moderate,Medium,Control,58.5,61.1,-2.6,Non-Responder
3163,12,41,Male,Moderate,Medium,Control,67.0,60.4,6.6,Non-Responder
3164,20,54,Female,Mild,Medium,Control,46.9,38.6,8.3,Non-Responder
3165,1,58,Male,Moderate,Low,Control,69.5,75.1,-5.6,Non-Responder
3166,34,45,Male,Moderate,Low,Treatment,68.6,64.5,4.1,Non-Responder
3167,2,44,Female,Mild,Low,Treatment,59.7,50.1,9.6,Non-Responder
3168,19,49,Male,Moderate,High,Control,59.2,39.9,19.3,Responder
3169,2,66,Male,Mild,Low,Treatment,51.8,49.3,2.5,Non-Responder
3170,16,62,Male,Severe,Low,Control,85.7,78.8,6.9,Non-Responder
3171,21,24,Female,Moderate,Low,Control,54.7,62.6,-7.9,Non-Responder
3172,38,39,Female,Moderate,Medium,Control,75.8,57.3,18.5,Responder
3173,18,46,Male,Severe,High,Treatment,75.2,60.3,14.9,Responder
3174,37,48,Female,Moderate,Low,Control,65.0,72.3,-7.3,Non-Responder
3175,3,48,Female,Mild,Medium,Control,46.9,41.8,5.1,Non-Responder
3176,16,49,Female,Mild,Medium,Treatment,49.5,37.3,12.2,Responder
3177,5,51,Female,Moderate,Low,Control,57.7,56.8,0.9,Non-Responder
3178,19,46,Male,Moderate,Medium,Treatment,54.0,20.4,33.6,Responder
3179,29,38,Female,Severe,Medium,Treatment,100.0,77.5,22.5,Responder
3180,19,57,Male,Mild,Low,Treatment,65.3,51.0,14.3,Responder
3181,35,54,Female,Mild,Low,Control,47.3,51.7,-4.4,Non-Responder
3182,18,64,Male,Severe,Low,Control,72.0,64.8,7.2,Non-Responder
3183,11,47,Female,Moderate,Low,Treatment,65.6,55.8,9.8,Non-Responder
3184,24,38,Female,Moderate,Low,Treatment,56.6,55.7,0.9,Non-Responder
3185,10,51,Female,Moderate,High,Treatment,76.9,57.3,19.6,Responder
3186,26,78,Male,Mild,Medium,Treatment,58.8,41.1,17.7,Responder
3187,28,67,Male,Moderate,Low,Treatment,65.6,55.8,9.8,Non-Responder
3188,6,51,Female,Mild,Medium,Control,56.0,45.9,10.1,Responder
3189,31,48,Male,Severe,Low,Control,59.8,50.9,8.9,Non-Responder
3190,6,52,Female,Mild,Low,Control,57.4,52.8,4.6,Non-Responder
3191,19,34,Male,Severe,Unknown,Treatment,63.5,39.6,23.9,Responder
3192,36,56,Female,Mild,Medium,Control,52.4,41.3,11.1,Responder
3193,38,46,Female,Mild,Medium,Control,45.5,36.2,9.3,Non-Responder
3194,33,47,Male,Moderate,Medium,Treatment,75.0,58.5,16.5,Responder
3195,25,39,Male,Moderate,Medium,Treatment,63.1,54.2,8.9,Non-Responder
3196,12,37,Male,Severe,High,Control,90.3,66.5,23.8,Responder
3197,15,60,Female,Moderate,Low,Control,54.5,53.5,1.0,Non-Responder
3198,29,42,Female,Mild,Low,Treatment,57.8,51.7,6.1,Non-Responder
3199,28,63,Male,Severe,Low,Control,53.7,44.8,8.9,Non-Responder
3200,4,50,Female,Moderate,Low,Control,63.2,57.2,6.0,Non-Responder
3201,24,46,Female,Moderate,Medium,Treatment,79.7,61.6,18.1,Responder
3202,7,78,Female,Mild,Medium,Treatment,38.0,18.4,19.6,Responder
3203,37,45,Male,Mild,Medium,Control,46.1,33.4,12.7,Responder
3204,9,62,Male,Severe,Medium,Treatment,66.5,51.0,15.5,Responder
3205,4,36,Female,Mild,Low,Control,56.4,58.6,-2.2,Non-Responder
3206,10,58,Female,Mild,High,Control,63.4,58.3,5.1,Non-Responder
3207,32,50,Female,Moderate,High,Treatment,55.6,48.9,6.7,Non-Responder
3208,32,49,Male,Severe,Low,Treatment,77.4,63.4,14.0,Responder
3209,24,48,Female,Mild,High,Treatment,61.0,55.9,5.1,Non-Responder
3210,12,66,Female,Moderate,Low,Control,75.3,64.0,11.3,Responder
3211,28,56,Female,Moderate,Low,Control,58.3,41.5,16.8,Responder
3212,37,49,Female,Mild,Medium,Treatment,60.6,50.4,10.2,Responder
3213,10,69,Male,Mild,Medium,Treatment,52.9,31.5,21.4,Responder
3214,23,53,Female,Severe,High,Control,81.9,77.6,4.3,Non-Responder
3215,31,43,Female,Moderate,Low,Treatment,67.4,49.4,18.0,Responder
3216,39,82,Female,Mild,Low,Treatment,70.7,62.8,7.9,Non-Responder
3217,17,65,Female,Moderate,Medium,Treatment,66.8,37.8,29.0,Responder
3218,16,42,Male,Mild,Medium,Control,70.7,74.1,-3.4,Non-Responder
3219,35,42,Male,Mild,Medium,Treatment,67.2,56.0,11.2,Responder
3220,1,39,Female,Moderate,Medium,Control,48.2,36.6,11.6,Responder
3221,27,73,Female,Moderate,Medium,Control,53.5,46.5,7.0,Non-Responder
3222,13,54,Female,Severe,High,Control,79.2,63.0,16.2,Responder
3223,29,40,Female,Moderate,Low,Treatment,54.9,27.6,27.3,Responder
3224,27,76,Female,Mild,Low,Control,53.5,55.6,-2.1,Non-Responder
3225,20,64,Male,Moderate,Medium,Control,65.3,52.1,13.2,Responder
3226,26,59,Male,Moderate,High,Treatment,38.5,20.2,18.3,Responder
3227,6,56,Male,Moderate,Low,Control,59.0,54.0,5.0,Non-Responder
3228,9,41,Female,Severe,Low,Treatment,71.3,59.0,12.3,Responder
3229,35,57,Female,Severe,Low,Treatment,65.7,58.3,7.4,Non-Responder
3230,10,49,Male,Moderate,Medium,Control,58.6,35.5,23.1,Responder
3231,37,38,Male,Moderate,Low,Control,69.6,52.7,16.9,Responder
3232,31,57,Female,Moderate,Low,Control,68.9,61.2,7.7,Non-Responder
3233,10,47,Female,Moderate,Medium,Control,70.4,58.1,12.3,Responder
3234,38,48,Male,Severe,Low,Treatment,78.2,47.7,30.5,Responder
3235,24,59,Male,Mild,High,Treatment,72.6,63.5,9.1,Non-Responder
3236,36,56,Male,Moderate,High,Treatment,44.4,41.0,3.4,Non-Responder
3237,30,69,Female,Moderate,Low,Control,67.6,64.0,3.6,Non-Responder
3238,21,53,Male,Moderate,Medium,Treatment,73.5,60.4,13.1,Responder
3239,28,38,Male,Mild,Low,Control,52.4,48.6,3.8,Non-Responder
3240,8,48,Female,Severe,Low,Control,66.9,56.1,10.8,Responder
3241,26,67,Female,Severe,Medium,Treatment,75.8,43.1,32.7,Responder
3242,22,36,Male,Moderate,High,Control,39.0,26.2,12.8,Responder
3243,29,78,Male,Mild,Low,Treatment,69.1,57.4,11.7,Responder
3244,36,55,Female,Mild,High,Control,49.6,30.8,18.8,Responder
3245,19,63,Male,Severe,Low,Treatment,86.4,76.8,9.6,Non-Responder
3246,3,26,Male,Mild,Medium,Control,67.2,52.9,14.3,Responder
3247,2,46,Male,Mild,Low,Treatment,47.6,43.1,4.5,Non-Responder
3248,15,40,Female,Moderate,Medium,Control,63.0,60.7,2.3,Non-Responder
3249,21,58,Male,Moderate,Low,Control,65.3,61.3,4.0,Non-Responder
3250,35,48,Female,Severe,Low,Treatment,64.8,43.8,21.0,Responder
3251,9,26,Female,Moderate,Medium,Control,49.6,37.5,12.1,Responder
3252,3,56,Female,Moderate,Medium,Treatment,65.0,57.3,7.7,Non-Responder
3253,40,43,Female,Moderate,Medium,Treatment,63.4,42.0,21.4,Responder
3254,38,43,Male,Moderate,Medium,Treatment,76.1,41.6,34.5,Responder
3255,24,65,Female,Moderate,Low,Control,68.8,50.2,18.6,Responder
3256,33,43,Female,Mild,Low,Control,53.8,48.0,5.8,Non-Responder
3257,25,72,Male,Severe,Medium,Treatment,65.4,55.7,9.7,Non-Responder
3258,26,43,Female,Moderate,Low,Treatment,64.5,36.4,28.1,Responder
3259,30,66,Female,Mild,High,Control,55.8,53.3,2.5,Non-Responder
3260,4,37,Female,Severe,High,Treatment,86.3,79.6,6.7,Non-Responder
3261,7,43,Female,Moderate,High,Treatment,65.0,54.2,10.8,Responder
3262,38,49,Female,Moderate,Medium,Control,57.6,47.3,10.3,Responder
3263,27,47,Male,Mild,Medium,Control,58.8,55.9,2.9,Non-Responder
3264,12,72,Male,Moderate,Medium,Treatment,52.5,41.5,11.0,Responder
3265,15,53,Female,Moderate,Low,Control,38.3,31.4,6.9,Non-Responder
3266,17,36,Female,Mild,Low,Control,77.4,70.8,6.6,Non-Responder
3267,6,62,Male,Mild,High,Treatment,52.6,28.5,24.1,Responder
3268,40,39,Male,Severe,Medium,Control,74.2,65.3,8.9,Non-Responder
3269,17,27,Female,Moderate,Medium,Control,78.3,69.5,8.8,Non-Responder
3270,22,55,Male,Moderate,Low,Control,55.6,50.6,5.0,Non-Responder
3271,30,45,Male,Moderate,Low,Treatment,60.3,56.3,4.0,Non-Responder
3272,6,42,Female,Moderate,Low,Control,68.2,56.5,11.7,Responder
3273,12,63,Female,Moderate,Medium,Control,56.9,39.1,17.8,Responder
3274,18,64,Male,Severe,Low,Treatment,82.7,67.5,15.2,Responder
3275,37,41,Female,Mild,High,Treatment,59.9,53.2,6.7,Non-Responder
3276,8,52,Male,Moderate,Low,Treatment,66.3,62.9,3.4,Non-Responder
3277,33,57,Male,Severe,Medium,Control,75.0,72.7,2.3,Non-Responder
3278,32,53,Female,Moderate,Medium,Treatment,63.7,53.8,9.9,Non-Responder
3279,30,58,Female,Moderate,High,Control,61.8,47.9,13.9,Responder
3280,33,67,Female,Mild,Medium,Control,51.3,58.3,-7.0,Non-Responder
3281,11,76,Male,Severe,Low,Control,76.2,67.8,8.4,Non-Responder
3282,28,19,Female,Mild,Medium,Control,51.6,50.2,1.4,Non-Responder
3283,35,81,Female,Moderate,Medium,Treatment,49.5,43.3,6.2,Non-Responder
3284,2,68,Male,Mild,Low,Control,51.5,34.0,17.5,Responder
3285,34,45,Female,Moderate,High,Treatment,67.8,43.3,24.5,Responder
3286,20,53,Male,Mild,Medium,Control,60.8,59.8,1.0,Non-Responder
3287,3,72,Male,Mild,Medium,Control,45.2,30.3,14.9,Responder
3288,36,44,Male,Moderate,Medium,Treatment,55.5,37.3,18.2,Responder
3289,12,40,Female,Mild,Medium,Treatment,46.7,11.9,34.8,Responder
3290,18,22,Male,Moderate,Medium,Control,62.6,67.0,-4.4,Non-Responder
3291,8,36,Female,Severe,Low,Treatment,78.5,62.9,15.6,Responder
3292,32,66,Male,Moderate,High,Treatment,72.2,60.4,11.8,Responder
3293,39,48,Female,Moderate,High,Treatment,69.8,49.0,20.8,Responder
3294,39,31,Male,Moderate,Medium,Treatment,52.0,46.7,5.3,Non-Responder
3295,37,66,Male,Mild,Low,Treatment,59.6,44.7,14.9,Responder
3296,13,58,Male,Moderate,Medium,Control,62.5,51.5,11.0,Responder
3297,25,32,Male,Moderate,High,Treatment,60.3,38.4,21.9,Responder
3298,25,55,Female,Mild,Medium,Control,48.8,41.3,7.5,Non-Responder
3299,11,39,Male,Mild,High,Treatment,55.5,50.9,4.6,Non-Responder
3300,27,47,Male,Mild,Low,Control,63.9,59.3,4.6,Non-Responder
3301,10,59,Male,Moderate,Medium,Treatment,62.9,41.7,21.2,Responder
3302,14,31,Male,Moderate,Low,Treatment,60.6,58.1,2.5,Non-Responder
3303,33,45,Female,Moderate,Low,Treatment,59.3,43.4,15.9,Responder
3304,6,53,Female,Moderate,Low,Treatment,67.6,57.8,9.8,Non-Responder
3305,36,48,Female,Moderate,Low,Control,71.3,58.5,12.8,Responder
3306,31,56,Female,Mild,Medium,Control,77.0,46.8,30.2,Responder
3307,8,45,Male,Severe,Medium,Treatment,43.9,22.2,21.7,Responder
3308,12,57,Male,Mild,Low,Treatment,54.8,41.3,13.5,Responder
3309,18,46,Male,Moderate,Medium,Treatment,64.2,45.4,18.8,Responder
3310,35,76,Female,Severe,Medium,Control,79.3,62.1,17.2,Responder
3311,16,53,Female,Moderate,High,Control,56.0,41.8,14.2,Responder
3312,31,51,Female,Severe,Low,Control,61.5,53.3,8.2,Non-Responder
3313,30,49,Female,Moderate,Medium,Treatment,76.2,59.7,16.5,Responder
3314,17,47,Female,Moderate,Low,Treatment,49.8,29.6,20.2,Responder
3315,21,82,Female,Mild,Low,Treatment,64.4,33.5,30.9,Responder
3316,32,38,Female,Moderate,Low,Control,52.2,40.1,12.1,Responder
3317,8,18,Male,Mild,Low,Control,56.6,55.4,1.2,Non-Responder
3318,19,53,Female,Severe,Low,Control,81.4,76.1,5.3,Non-Responder
3319,6,69,Female,Severe,Medium,Treatment,71.9,62.2,9.7,Non-Responder
3320,14,55,Female,Moderate,Medium,Control,61.1,46.5,14.6,Responder
3321,7,29,Female,Moderate,High,Control,58.0,54.8,3.2,Non-Responder
3322,16,51,Male,Mild,Low,Treatment,59.2,43.3,15.9,Responder
3323,6,43,Female,Moderate,Low,Treatment,59.0,21.8,37.2,Responder
3324,25,58,Male,Severe,Low,Treatment,72.4,65.9,6.5,Non-Responder
3325,34,52,Female,Severe,Medium,Treatment,63.9,40.7,23.2,Responder
3326,27,52,Male,Mild,Low,Treatment,72.6,56.1,16.5,Responder
3327,32,60,Male,Mild,Low,Control,51.5,51.8,-0.3,Non-Responder
3328,6,57,Female,Moderate,Medium,Treatment,61.1,40.6,20.5,Responder
3329,11,35,Male,Moderate,Medium,Control,60.5,62.2,-1.7,Non-Responder
3330,40,33,Female,Moderate,Medium,Control,58.5,52.1,6.4,Non-Responder
3331,39,68,Female,Moderate,Medium,Treatment,56.2,37.4,18.8,Responder
3332,14,66,Male,Moderate,High,Control,44.8,37.6,7.2,Non-Responder
3333,21,56,Female,Severe,Low,Control,89.5,92.4,-2.9,Non-Responder
3334,37,39,Male,Moderate,Medium,Treatment,61.1,37.0,24.1,Responder
3335,40,27,Female,Mild,High,Control,72.6,66.0,6.6,Non-Responder
3336,33,61,Female,Severe,Low,Control,71.6,59.3,12.3,Responder
3337,16,65,Male,Severe,Medium,Control,73.3,83.8,-10.5,Non-Responder
3338,40,48,Female,Severe,Low,Control,77.7,71.0,6.7,Non-Responder
3339,19,29,Male,Mild,Low,Treatment,61.4,40.3,21.1,Responder
3340,39,56,Female,Moderate,Medium,Treatment,84.6,56.8,27.8,Responder
3341,3,51,Female,Mild,Low,Control,43.0,28.2,14.8,Responder
3342,11,37,Female,Severe,Low,Control,77.7,71.2,6.5,Non-Responder
3343,4,53,Female,Moderate,Medium,Treatment,41.5,27.9,13.6,Responder
3344,38,50,Male,Severe,Low,Treatment,79.3,77.6,1.7,Non-Responder
3345,35,28,Male,Moderate,Low,Control,64.7,58.8,5.9,Non-Responder
3346,32,50,Female,Moderate,Medium,Treatment,53.9,38.0,15.9,Responder
3347,37,58,Female,Severe,Medium,Treatment,73.6,59.6,14.0,Responder
3348,25,50,Female,Mild,Medium,Control,76.0,74.7,1.3,Non-Responder
3349,17,38,Male,Mild,Low,Treatment,50.3,38.5,11.8,Responder
3350,3,49,Male,Moderate,Medium,Treatment,69.6,54.9,14.7,Responder
3351,33,61,Female,Moderate,Low,Control,58.4,49.9,8.5,Non-Responder
3352,11,56,Female,Moderate,Low,Treatment,69.3,57.3,12.0,Responder
3353,19,55,Female,Mild,Low,Control,58.2,43.6,14.6,Responder
3354,9,34,Female,Severe,Low,Control,58.4,48.3,10.1,Responder
3355,19,69,Male,Moderate,Low,Control,56.7,43.0,13.7,Responder
3356,38,62,Male,Moderate,Medium,Treatment,46.4,24.4,22.0,Responder
3357,33,35,Female,Severe,Medium,Control,72.9,73.3,-0.4,Non-Responder
3358,37,30,Female,Moderate,Medium,Treatment,51.8,30.9,20.9,Responder
3359,31,55,Male,Moderate,Medium,Treatment,64.7,36.3,28.4,Responder
3360,22,52,Female,Moderate,Low,Control,58.2,43.0,15.2,Responder
3361,21,47,Male,Mild,Low,Treatment,41.7,24.3,17.4,Responder
3362,26,78,Male,Severe,Medium,Treatment,66.6,59.5,7.1,Non-Responder
3363,11,65,Female,Moderate,High,Control,81.2,65.8,15.4,Responder
3364,7,42,Female,Moderate,High,Treatment,55.6,37.1,18.5,Responder
3365,7,77,Female,Severe,Low,Control,66.6,43.7,22.9,Responder
3366,3,42,Female,Moderate,Medium,Treatment,67.8,48.8,19.0,Responder
3367,21,52,Female,Moderate,Low,Control,69.9,56.1,13.8,Responder
3368,10,29,Female,Mild,High,Control,37.6,23.0,14.6,Responder
3369,32,38,Female,Moderate,Low,Treatment,74.4,61.3,13.1,Responder
3370,40,64,Female,Severe,Low,Treatment,77.9,54.6,23.3,Responder
3371,7,49,Male,Moderate,Low,Treatment,76.6,55.7,20.9,Responder
3372,34,45,Female,Mild,Medium,Treatment,66.3,57.2,9.1,Non-Responder
3373,36,49,Male,Mild,Medium,Control,55.8,38.5,17.3,Responder
3374,8,74,Male,Moderate,Medium,Control,42.4,32.3,10.1,Responder
3375,25,31,Male,Mild,Low,Control,56.4,51.4,5.0,Non-Responder
3376,40,77,Male,Severe,Medium,Control,81.9,82.9,-1.0,Non-Responder
3377,2,24,Male,Moderate,Medium,Treatment,64.1,44.3,19.8,Responder
3378,23,66,Male,Severe,Medium,Treatment,53.3,37.0,16.3,Responder
3379,33,63,Female,Severe,Low,Control,76.3,95.7,-19.4,Non-Responder
3380,16,58,Female,Moderate,Medium,Treatment,55.6,42.2,13.4,Responder
3381,3,64,Female,Moderate,High,Treatment,44.0,28.8,15.2,Responder
3382,3,55,Female,Moderate,Medium,Control,71.5,65.9,5.6,Non-Responder
3383,34,45,Male,Mild,Low,Control,65.2,43.1,22.1,Responder
3384,29,55,Male,Severe,Low,Control,81.2,77.9,3.3,Non-Responder
3385,22,42,Female,Mild,Medium,Control,33.9,39.5,-5.6,Non-Responder
3386,9,78,Female,Moderate,High,Treatment,62.7,40.1,22.6,Responder
3387,21,35,Male,Mild,Medium,Control,72.0,57.0,15.0,Responder
3388,17,58,Male,Moderate,Low,Control,70.0,53.5,16.5,Responder
3389,10,49,Male,Mild,Medium,Treatment,66.1,50.1,16.0,Responder
3390,34,42,Female,Moderate,Medium,Control,51.2,40.6,10.6,Responder
3391,20,49,Female,Moderate,Medium,Treatment,66.7,56.7,10.0,Responder
3392,9,54,Male,Moderate,Medium,Treatment,64.2,48.9,15.3,Responder
3393,11,32,Male,Mild,High,Treatment,55.5,41.5,14.0,Responder
3394,28,57,Male,Moderate,Medium,Treatment,49.4,32.7,16.7,Responder
3395,36,44,Female,Moderate,Medium,Treatment,75.3,46.3,29.0,Responder
3396,10,23,Female,Severe,Medium,Treatment,60.7,29.9,30.8,Responder
3397,39,60,Male,Severe,Low,Control,75.7,57.7,18.0,Responder
3398,25,38,Male,Mild,Medium,Treatment,59.5,42.7,16.8,Responder
3399,15,44,Female,Moderate,Medium,Control,75.9,75.6,0.3,Non-Responder
3400,13,56,Male,Mild,Low,Control,53.1,48.3,4.8,Non-Responder
3401,21,69,Female,Mild,High,Treatment,48.5,45.0,3.5,Non-Responder
3402,21,69,Male,Moderate,Low,Treatment,71.5,50.7,20.8,Responder
3403,19,48,Female,Moderate,Low,Control,72.2,63.7,8.5,Non-Responder
3404,17,53,Female,Moderate,High,Control,85.2,79.9,5.3,Non-Responder
3405,35,77,Male,Mild,Medium,Treatment,60.2,49.1,11.1,Responder
3406,5,33,Male,Mild,High,Treatment,54.1,46.9,7.2,Non-Responder
3407,33,58,Female,Severe,Medium,Control,75.9,71.9,4.0,Non-Responder
3408,8,49,Female,Moderate,Medium,Control,52.2,43.5,8.7,Non-Responder
3409,23,36,Female,Moderate,Low,Treatment,68.9,55.9,13.0,Responder
3410,8,50,Male,Mild,Low,Treatment,59.6,52.7,6.9,Non-Responder
3411,5,47,Female,Mild,Medium,Control,57.4,37.9,19.5,Responder
3412,26,35,Female,Moderate,Low,Control,65.3,60.0,5.3,Non-Responder
3413,28,51,Male,Moderate,Low,Control,51.6,25.9,25.7,Responder
3414,30,43,Female,Moderate,Low,Control,61.2,56.6,4.6,Non-Responder
3415,16,72,Female,Moderate,Medium,Treatment,72.0,41.0,31.0,Responder
3416,17,62,Male,Moderate,Low,Treatment,66.6,45.7,20.9,Responder
3417,36,60,Male,Moderate,Low,Control,59.4,35.1,24.3,Responder
3418,33,48,Female,Mild,Medium,Treatment,50.1,47.5,2.6,Non-Responder
3419,39,41,Female,Mild,Low,Treatment,54.7,39.8,14.9,Responder
3420,28,60,Female,Moderate,Medium,Treatment,62.4,52.4,10.0,Responder
3421,15,45,Male,Mild,Medium,Control,58.0,46.1,11.9,Responder
3422,21,44,Male,Mild,Low,Control,46.9,41.3,5.6,Non-Responder
3423,35,26,Female,Moderate,Medium,Control,57.8,46.8,11.0,Responder
3424,39,54,Female,Mild,Medium,Control,59.8,61.6,-1.8,Non-Responder
3425,13,77,Male,Mild,Medium,Control,47.1,36.8,10.3,Responder
3426,40,65,Female,Moderate,Low,Treatment,67.6,53.8,13.8,Responder
3427,1,43,Female,Moderate,Medium,Control,62.9,64.6,-1.7,Non-Responder
3428,31,62,Female,Moderate,Low,Treatment,73.8,58.1,15.7,Responder
3429,6,40,Female,Severe,Low,Treatment,77.9,65.0,12.9,Responder
3430,34,44,Female,Severe,Low,Control,83.2,71.6,11.6,Responder
3431,30,57,Male,Mild,Medium,Treatment,61.4,45.1,16.3,Responder
3432,3,66,Male,Severe,High,Control,70.4,66.9,3.5,Non-Responder
3433,19,35,Male,Moderate,Low,Control,76.1,68.7,7.4,Non-Responder
3434,11,55,Male,Mild,Medium,Treatment,52.3,42.5,9.8,Non-Responder
3435,22,49,Male,Moderate,Medium,Control,66.6,56.7,9.9,Non-Responder
3436,1,45,Female,Severe,Low,Control,73.4,65.4,8.0,Non-Responder
3437,1,50,Female,Moderate,Medium,Treatment,57.7,32.4,25.3,Responder
3438,19,35,Female,Moderate,Low,Treatment,60.7,46.6,14.1,Responder
3439,29,45,Male,Severe,Low,Treatment,76.4,60.8,15.6,Responder
3440,30,66,Male,Mild,Medium,Control,65.5,63.1,2.4,Non-Responder
3441,24,42,Female,Moderate,Medium,Treatment,69.8,49.9,19.9,Responder
3442,7,36,Male,Moderate,Medium,Treatment,56.1,41.0,15.1,Responder
3443,1,52,Female,Severe,Medium,Control,73.2,65.6,7.6,Non-Responder
3444,6,46,Male,Mild,Low,Treatment,46.9,42.7,4.2,Non-Responder
3445,6,55,Female,Severe,Low,Control,67.4,45.1,22.3,Responder
3446,10,51,Male,Moderate,Medium,Treatment,57.8,59.7,-1.9,Non-Responder
3447,34,32,Female,Moderate,Medium,Treatment,72.9,69.8,3.1,Non-Responder
3448,15,47,Female,Severe,Medium,Control,73.7,72.8,0.9,Non-Responder
3449,19,45,Female,Moderate,Low,Control,55.6,44.4,11.2,Responder
3450,14,63,Male,Moderate,Medium,Treatment,51.4,44.3,7.1,Non-Responder
3451,10,51,Female,Moderate,Low,Treatment,74.4,78.5,-4.1,Non-Responder
3452,38,44,Female,Mild,Low,Control,51.7,46.9,4.8,Non-Responder
3453,34,29,Male,Moderate,High,Treatment,49.0,32.4,16.6,Responder
3454,27,76,Male,Mild,Medium,Treatment,60.1,43.7,16.4,Responder
3455,14,63,Female,Severe,Medium,Treatment,66.9,62.5,4.4,Non-Responder
3456,10,52,Female,Moderate,Medium,Treatment,67.3,46.9,20.4,Responder
3457,15,44,Female,Moderate,High,Treatment,68.6,74.6,-6.0,Non-Responder
3458,37,45,Female,Mild,Low,Treatment,58.3,35.2,23.1,Responder
3459,12,37,Female,Moderate,Low,Control,73.2,63.6,9.6,Non-Responder
3460,32,63,Male,Mild,Medium,Control,62.6,50.5,12.1,Responder
3461,34,60,Male,Mild,Medium,Treatment,64.0,60.7,3.3,Non-Responder
3462,19,62,Male,Mild,Medium,Control,55.9,61.1,-5.2,Non-Responder
3463,40,49,Male,Mild,High,Treatment,32.0,11.0,21.0,Responder
3464,4,33,Female,Mild,High,Treatment,65.8,53.8,12.0,Responder
3465,14,45,Female,Moderate,Medium,Control,47.6,40.2,7.4,Non-Responder
3466,9,55,Female,Mild,Low,Control,49.0,34.5,14.5,Responder
3467,32,48,Female,Mild,Low,Treatment,56.7,37.3,19.4,Responder
3468,18,41,Male,Moderate,Low,Treatment,68.9,59.2,9.7,Non-Responder
3469,25,35,Female,Moderate,Low,Control,66.8,39.5,27.3,Responder
3470,38,61,Female,Moderate,High,Control,64.5,44.8,19.7,Responder
3471,8,53,Male,Moderate,High,Control,58.3,54.0,4.3,Non-Responder
3472,31,70,Male,Severe,High,Control,78.7,66.2,12.5,Responder
3473,30,73,Male,Severe,Low,Control,81.1,71.0,10.1,Responder
3474,28,71,Female,Moderate,Low,Control,46.6,39.7,6.9,Non-Responder
3475,17,41,Male,Moderate,High,Control,77.0,65.2,11.8,Responder
3476,14,35,Female,Severe,Medium,Treatment,67.9,51.9,16.0,Responder
3477,23,46,Female,Mild,High,Control,52.4,52.1,0.3,Non-Responder
3478,3,73,Male,Severe,Medium,Control,88.1,95.8,-7.7,Non-Responder
3479,33,66,Male,Severe,Medium,Treatment,100.0,76.5,23.5,Responder
3480,36,59,Male,Moderate,Low,Treatment,63.0,42.7,20.3,Responder
3481,6,46,Female,Moderate,Low,Treatment,69.0,52.1,16.9,Responder
3482,18,63,Male,Moderate,Medium,Control,51.2,33.7,17.5,Responder
3483,22,53,Male,Mild,High,Treatment,61.1,42.4,18.7,Responder
3484,16,73,Female,Severe,Low,Control,91.0,80.4,10.6,Responder
3485,32,40,Female,Mild,Low,Control,61.6,64.7,-3.1,Non-Responder
3486,29,46,Male,Mild,Medium,Treatment,65.5,54.6,10.9,Responder
3487,27,81,Female,Moderate,Medium,Control,68.4,77.1,-8.7,Non-Responder
3488,29,52,Male,Severe,Low,Treatment,75.6,62.3,13.3,Responder
3489,6,61,Female,Mild,High,Control,60.1,55.1,5.0,Non-Responder
3490,24,44,Female,Severe,Low,Treatment,89.4,53.5,35.9,Responder
3491,22,57,Female,Mild,Low,Control,51.5,32.8,18.7,Responder
3492,20,51,Female,Severe,Low,Treatment,63.7,42.3,21.4,Responder
3493,40,39,Male,Moderate,Low,Treatment,71.9,53.0,18.9,Responder
3494,9,77,Male,Moderate,Medium,Treatment,75.6,61.6,14.0,Responder
3495,10,31,Male,Moderate,High,Treatment,65.2,29.1,36.1,Responder
3496,5,58,Female,Moderate,Medium,Treatment,69.0,57.2,11.8,Responder
3497,3,39,Female,Moderate,Low,Treatment,75.3,68.9,6.4,Non-Responder
3498,11,48,Female,Severe,Low,Treatment,90.8,74.3,16.5,Responder
3499,23,56,Female,Severe,Medium,Treatment,73.6,42.0,31.6,Responder
3500,27,44,Male,Severe,Low,Treatment,70.6,40.1,30.5,Responder
3501,26,48,Female,Mild,Medium,Treatment,73.6,69.8,3.8,Non-Responder
3502,20,48,Male,Moderate,Low,Control,79.3,78.0,1.3,Non-Responder
3503,5,63,Female,Severe,Low,Treatment,71.9,58.5,13.4,Responder
3504,29,73,Male,Moderate,Medium,Treatment,58.6,35.9,22.7,Responder
3505,12,51,Female,Moderate,Low,Control,73.8,69.1,4.7,Non-Responder
3506,12,50,Male,Moderate,High,Treatment,77.2,52.0,25.2,Responder
3507,15,52,Female,Mild,Low,Treatment,55.5,33.5,22.0,Responder
3508,27,57,Male,Moderate,High,Treatment,69.5,59.6,9.9,Non-Responder
3509,40,47,Male,Moderate,High,Treatment,62.7,54.1,8.6,Non-Responder
3510,15,57,Male,Moderate,Low,Treatment,58.3,52.0,6.3,Non-Responder
3511,28,19,Female,Severe,Low,Treatment,82.7,45.0,37.7,Responder
3512,2,49,Female,Moderate,High,Treatment,67.1,60.8,6.3,Non-Responder
3513,10,38,Male,Moderate,Low,Treatment,59.4,58.1,1.3,Non-Responder
3514,14,64,Female,Moderate,Medium,Treatment,44.9,24.9,20.0,Responder
3515,23,57,Female,Moderate,Low,Control,67.5,67.9,-0.4,Non-Responder
3516,15,46,Female,Moderate,Medium,Treatment,64.8,55.4,9.4,Non-Responder
3517,2,64,Male,Moderate,Low,Control,56.9,35.5,21.4,Responder
3518,22,28,Female,Mild,High,Control,42.0,20.7,21.3,Responder
3519,32,53,Female,Moderate,Low,Control,65.0,57.6,7.4,Non-Responder
3520,15,41,Female,Moderate,Medium,Control,58.5,53.9,4.6,Non-Responder
3521,31,74,Female,Severe,Low,Control,72.5,70.4,2.1,Non-Responder
3522,36,63,Male,Moderate,Low,Control,67.0,57.1,9.9,Non-Responder
3523,4,44,Female,Mild,Medium,Control,51.0,42.1,8.9,Non-Responder
3524,26,60,Male,Mild,Low,Control,53.3,57.1,-3.8,Non-Responder
3525,9,39,Male,Moderate,Medium,Control,61.8,58.0,3.8,Non-Responder
3526,19,41,Male,Moderate,Medium,Control,52.6,43.8,8.8,Non-Responder
3527,20,73,Male,Mild,High,Treatment,34.7,17.9,16.8,Responder
3528,40,46,Male,Moderate,Medium,Treatment,62.1,36.6,25.5,Responder
3529,26,46,Female,Mild,High,Treatment,55.7,45.7,10.0,Responder
3530,39,52,Female,Moderate,Medium,Treatment,65.4,60.0,5.4,Non-Responder
3531,23,33,Female,Moderate,Medium,Treatment,86.4,63.4,23.0,Responder
3532,16,50,Female,Mild,High,Control,42.3,29.6,12.7,Responder
3533,22,53,Male,Moderate,Medium,Control,58.6,40.5,18.1,Responder
3534,20,64,Female,Moderate,Medium,Control,61.9,43.2,18.7,Responder
3535,29,29,Female,Moderate,High,Control,68.5,64.5,4.0,Non-Responder
3536,36,67,Female,Moderate,Low,Control,59.7,43.3,16.4,Responder
3537,8,56,Female,Moderate,High,Control,61.0,52.6,8.4,Non-Responder
3538,36,63,Female,Moderate,Low,Treatment,59.6,35.6,24.0,Responder
3539,32,81,Male,Moderate,Low,Control,64.1,53.9,10.2,Responder
3540,4,44,Male,Mild,Low,Control,50.4,43.8,6.6,Non-Responder
3541,18,74,Male,Severe,Medium,Control,77.4,65.1,12.3,Responder
3542,4,56,Female,Mild,Medium,Treatment,38.4,25.4,13.0,Responder
3543,15,65,Female,Mild,Low,Control,62.1,73.5,-11.4,Non-Responder
3544,30,49,Male,Moderate,Medium,Control,75.6,83.8,-8.2,Non-Responder
3545,35,35,Female,Mild,Medium,Control,52.7,57.9,-5.2,Non-Responder
3546,8,69,Female,Moderate,Medium,Treatment,52.0,48.0,4.0,Non-Responder
3547,1,57,Male,Mild,Medium,Treatment,53.2,40.5,12.7,Responder
3548,16,72,Female,Mild,Low,Control,55.3,38.8,16.5,Responder
3549,21,60,Female,Moderate,Low,Control,45.6,42.4,3.2,Non-Responder
3550,32,70,Female,Moderate,Medium,Control,34.2,20.7,13.5,Responder
3551,40,80,Male,Moderate,Medium,Treatment,63.4,48.0,15.4,Responder
3552,33,54,Female,Severe,Low,Treatment,77.1,73.8,3.3,Non-Responder
3553,22,75,Female,Severe,High,Treatment,72.8,78.0,-5.2,Non-Responder
3554,9,51,Female,Moderate,Low,Treatment,70.2,46.3,23.9,Responder
3555,24,72,Female,Moderate,High,Control,59.2,55.3,3.9,Non-Responder
3556,1,42,Female,Moderate,High,Control,71.3,54.5,16.8,Responder
3557,15,50,Male,Moderate,Low,Control,63.8,49.2,14.6,Responder
3558,21,46,Male,Mild,Low,Control,60.9,54.3,6.6,Non-Responder
3559,19,71,Female,Mild,Low,Control,58.6,63.4,-4.8,Non-Responder
3560,34,45,Male,Moderate,Medium,Treatment,51.0,51.6,-0.6,Non-Responder
3561,14,49,Female,Moderate,Low,Treatment,56.6,44.6,12.0,Responder
3562,27,61,Male,Mild,Medium,Treatment,48.3,29.5,18.8,Responder
3563,18,46,Male,Mild,Medium,Treatment,76.9,77.0,-0.1,Non-Responder
3564,7,46,Female,Mild,Medium,Control,66.7,63.6,3.1,Non-Responder
3565,1,60,Male,Mild,Medium,Treatment,69.9,61.1,8.8,Non-Responder
3566,2,57,Male,Mild,Medium,Treatment,45.5,36.6,8.9,Non-Responder
3567,35,47,Female,Moderate,Medium,Control,62.4,56.0,6.4,Non-Responder
3568,4,58,Male,Severe,Medium,Treatment,71.3,60.0,11.3,Responder
3569,29,49,Female,Severe,Medium,Treatment,87.0,68.1,18.9,Responder
3570,8,44,Female,Mild,Low,Control,33.7,29.0,4.7,Non-Responder
3571,29,62,Male,Moderate,High,Control,68.1,46.0,22.1,Responder
3572,16,43,Male,Mild,Medium,Treatment,59.1,38.5,20.6,Responder
3573,26,26,Male,Moderate,Medium,Control,54.2,47.3,6.9,Non-Responder
3574,38,46,Female,Severe,Medium,Control,68.8,62.4,6.4,Non-Responder
3575,38,53,Male,Moderate,Low,Treatment,65.8,46.4,19.4,Responder
3576,29,57,Female,Moderate,Low,Control,57.7,50.2,7.5,Non-Responder
3577,23,35,Male,Moderate,Medium,Treatment,64.1,57.2,6.9,Non-Responder
3578,27,18,Male,Moderate,Medium,Treatment,54.7,39.6,15.1,Responder
3579,38,25,Male,Mild,High,Treatment,53.6,49.6,4.0,Non-Responder
3580,20,52,Male,Moderate,Medium,Treatment,58.4,44.9,13.5,Responder
3581,13,63,Male,Mild,High,Control,49.1,36.9,12.2,Responder
3582,21,25,Male,Moderate,High,Treatment,54.5,46.6,7.9,Non-Responder
3583,35,65,Female,Moderate,Medium,Treatment,42.0,29.3,12.7,Responder
3584,40,49,Female,Moderate,Unknown,Treatment,71.3,62.7,8.6,Non-Responder
3585,3,50,Male,Mild,Medium,Treatment,61.6,47.6,14.0,Responder
3586,31,30,Male,Moderate,Medium,Treatment,37.2,18.4,18.8,Responder
3587,32,63,Female,Mild,Low,Control,56.1,42.6,13.5,Responder
3588,14,37,Female,Mild,Medium,Treatment,35.6,17.8,17.8,Responder
3589,36,54,Male,Mild,Low,Control,67.5,55.1,12.4,Responder
3590,1,64,Male,Mild,Medium,Treatment,50.6,42.6,8.0,Non-Responder
3591,35,55,Male,Moderate,Low,Control,68.9,58.7,10.2,Responder
3592,11,60,Female,Moderate,Medium,Control,51.7,37.9,13.8,Responder
3593,31,73,Male,Moderate,Low,Control,62.7,52.6,10.1,Responder
3594,33,33,Male,Mild,Low,Control,48.3,43.1,5.2,Non-Responder
3595,20,43,Female,Moderate,Medium,Control,63.2,57.6,5.6,Non-Responder
3596,29,65,Female,Mild,Low,Control,47.7,41.9,5.8,Non-Responder
3597,28,25,Female,Mild,Low,Control,54.4,40.2,14.2,Responder
3598,20,51,Male,Moderate,High,Treatment,61.3,41.7,19.6,Responder
3599,35,38,Female,Moderate,Medium,Treatment,63.8,44.8,19.0,Responder
3600,14,47,Female,Severe,High,Control,56.0,47.8,8.2,Non-Responder
3601,2,61,Male,Moderate,Medium,Control,67.5,61.3,6.2,Non-Responder
3602,30,50,Male,Moderate,Low,Control,69.0,76.8,-7.8,Non-Responder
3603,23,62,Female,Moderate,Medium,Control,64.0,60.6,3.4,Non-Responder
3604,24,59,Female,Moderate,Medium,Treatment,57.5,36.5,21.0,Responder
3605,5,62,Female,Severe,Medium,Control,61.5,44.2,17.3,Responder
3606,6,51,Male,Moderate,Low,Treatment,62.7,40.7,22.0,Responder
3607,25,51,Female,Severe,Medium,Control,70.3,54.7,15.6,Responder
3608,35,60,Male,Moderate,Low,Treatment,63.3,47.7,15.6,Responder
3609,35,27,Male,Severe,High,Control,78.5,79.2,-0.7,Non-Responder
3610,11,39,Female,Mild,Medium,Control,52.2,36.8,15.4,Responder
3611,8,47,Female,Moderate,High,Treatment,59.5,38.4,21.1,Responder
3612,11,69,Female,Mild,Low,Control,42.7,41.9,0.8,Non-Responder
3613,5,57,Female,Severe,Medium,Treatment,66.4,49.3,17.1,Responder
3614,33,60,Female,Moderate,Low,Control,55.6,56.6,-1.0,Non-Responder
3615,32,35,Female,Mild,Low,Treatment,42.3,41.6,0.7,Non-Responder
3616,38,60,Female,Severe,Medium,Control,71.4,65.7,5.7,Non-Responder
3617,39,57,Female,Moderate,Medium,Control,67.1,68.6,-1.5,Non-Responder
3618,29,73,Male,Mild,Medium,Control,53.1,41.9,11.2,Responder
3619,22,39,Female,Mild,Low,Control,60.6,64.5,-3.9,Non-Responder
3620,30,55,Male,Moderate,High,Treatment,74.0,55.4,18.6,Responder
3621,16,37,Male,Mild,Low,Control,71.9,52.3,19.6,Responder
3622,3,55,Female,Moderate,Medium,Control,78.5,67.8,10.7,Responder
3623,17,49,Female,Mild,Medium,Treatment,47.9,45.7,2.2,Non-Responder
3624,17,69,Male,Moderate,Low,Control,62.5,52.0,10.5,Responder
3625,15,41,Female,Severe,Low,Control,71.3,62.5,8.8,Non-Responder
3626,25,52,Female,Moderate,Medium,Control,53.9,46.5,7.4,Non-Responder
3627,28,58,Male,Mild,Medium,Control,67.6,49.9,17.7,Responder
3628,1,41,Female,Moderate,Low,Treatment,60.3,53.6,6.7,Non-Responder
3629,30,36,Female,Moderate,Medium,Control,53.8,30.7,23.1,Responder
3630,40,56,Male,Moderate,Low,Control,74.3,72.8,1.5,Non-Responder
3631,38,36,Female,Mild,Medium,Control,55.3,41.2,14.1,Responder
3632,17,26,Male,Moderate,Low,Treatment,58.8,48.2,10.6,Responder
3633,30,61,Female,Moderate,Medium,Control,53.6,43.4,10.2,Responder
3634,15,55,Female,Moderate,High,Treatment,62.1,37.6,24.5,Responder
3635,36,44,Female,Moderate,Medium,Treatment,51.8,53.9,-2.1,Non-Responder
3636,10,43,Male,Moderate,Medium,Control,40.0,8.8,31.2,Responder
3637,39,54,Female,Mild,Medium,Control,58.7,45.5,13.2,Responder
3638,7,31,Female,Moderate,High,Treatment,61.6,37.3,24.3,Responder
3639,26,46,Female,Moderate,High,Treatment,49.9,39.7,10.2,Responder
3640,8,59,Female,Severe,Medium,Treatment,55.8,32.9,22.9,Responder
3641,30,52,Male,Mild,Medium,Treatment,53.7,44.1,9.6,Non-Responder
3642,15,64,Female,Mild,Medium,Treatment,59.7,47.7,12.0,Responder
3643,33,48,Female,Mild,Low,Treatment,46.1,35.5,10.6,Responder
3644,29,46,Female,Severe,Low,Treatment,70.0,54.3,15.7,Responder
3645,35,54,Female,Mild,High,Control,51.0,43.6,7.4,Non-Responder
3646,14,45,Male,Mild,High,Treatment,76.1,49.6,26.5,Responder
3647,18,38,Male,Moderate,Medium,Treatment,68.3,40.8,27.5,Responder
3648,30,75,Female,Severe,Medium,Control,85.8,60.5,25.3,Responder
3649,37,74,Female,Severe,Low,Control,47.7,19.3,28.4,Responder
3650,27,69,Female,Moderate,Medium,Control,58.6,33.4,25.2,Responder
3651,34,72,Female,Moderate,High,Control,51.1,41.5,9.6,Non-Responder
3652,30,36,Female,Moderate,Low,Control,61.0,57.0,4.0,Non-Responder
3653,10,45,Male,Mild,Medium,Treatment,50.3,39.3,11.0,Responder
3654,24,48,Female,Moderate,Low,Treatment,74.9,69.6,5.3,Non-Responder
3655,5,44,Female,Mild,Medium,Control,34.3,33.1,1.2,Non-Responder
3656,6,43,Female,Severe,Low,Control,72.8,70.1,2.7,Non-Responder
3657,20,67,Female,Mild,Low,Treatment,61.8,47.6,14.2,Responder
3658,16,60,Female,Moderate,Low,Control,76.0,67.1,8.9,Non-Responder
3659,37,59,Female,Moderate,Low,Treatment,71.8,61.7,10.1,Responder
3660,34,46,Male,Moderate,Low,Control,68.5,63.0,5.5,Non-Responder
3661,5,28,Female,Mild,Medium,Treatment,43.8,24.2,19.6,Responder
3662,31,30,Male,Severe,Low,Control,84.3,76.1,8.2,Non-Responder
3663,22,56,Male,Mild,Medium,Control,35.7,26.3,9.4,Non-Responder
3664,29,48,Female,Mild,Low,Treatment,48.1,41.7,6.4,Non-Responder
3665,18,34,Male,Moderate,Medium,Control,56.2,43.7,12.5,Responder
3666,31,66,Male,Moderate,Medium,Control,38.2,36.1,2.1,Non-Responder
3667,9,61,Male,Mild,Medium,Treatment,48.4,29.6,18.8,Responder
3668,31,44,Male,Mild,Medium,Control,56.4,49.7,6.7,Non-Responder
3669,40,65,Male,Moderate,Low,Treatment,74.2,79.2,-5.0,Non-Responder
3670,17,53,Male,Moderate,Low,Treatment,70.7,70.4,0.3,Non-Responder
3671,11,36,Male,Mild,Low,Control,56.5,57.2,-0.7,Non-Responder
3672,34,58,Female,Moderate,High,Treatment,80.0,59.9,20.1,Responder
3673,2,50,Female,Mild,Low,Treatment,58.4,47.8,10.6,Responder
3674,26,62,Female,Moderate,Low,Treatment,67.8,53.9,13.9,Responder
3675,12,62,Female,Severe,Low,Control,78.3,68.4,9.9,Non-Responder
3676,21,59,Male,Moderate,Low,Treatment,78.5,65.4,13.1,Responder
3677,30,44,Female,Mild,Low,Treatment,61.1,47.4,13.7,Responder
3678,12,39,Male,Mild,Low,Treatment,54.6,33.8,20.8,Responder
3679,32,32,Female,Mild,Medium,Treatment,44.6,35.9,8.7,Non-Responder
3680,35,65,Female,Moderate,High,Control,71.9,46.0,25.9,Responder
3681,8,31,Male,Moderate,Low,Control,82.0,66.5,15.5,Responder
3682,11,71,Female,Moderate,Low,Treatment,46.5,31.4,15.1,Responder
3683,8,45,Female,Moderate,Low,Treatment,64.1,49.8,14.3,Responder
3684,30,56,Male,Mild,Low,Treatment,53.5,25.1,28.4,Responder
3685,2,50,Female,Severe,Medium,Control,64.0,40.0,24.0,Responder
3686,2,61,Female,Moderate,Medium,Treatment,61.5,41.7,19.8,Responder
3687,38,30,Female,Mild,High,Treatment,35.7,17.3,18.4,Responder
3688,12,63,Male,Mild,Medium,Treatment,69.8,57.3,12.5,Responder
3689,5,50,Male,Mild,Low,Control,67.1,67.7,-0.6,Non-Responder
3690,32,52,Female,Moderate,Low,Treatment,63.8,50.0,13.8,Responder
3691,15,45,Female,Moderate,High,Control,65.1,59.8,5.3,Non-Responder
3692,19,42,Male,Moderate,Low,Control,59.9,52.3,7.6,Non-Responder
3693,1,82,Female,Severe,Medium,Control,76.8,72.5,4.3,Non-Responder
3694,33,59,Female,Mild,Medium,Control,51.4,43.0,8.4,Non-Responder
3695,4,44,Male,Moderate,High,Treatment,62.0,34.4,27.6,Responder
3696,13,53,Female,Moderate,Medium,Treatment,58.0,39.6,18.4,Responder
3697,15,73,Female,Moderate,Medium,Treatment,77.4,62.3,15.1,Responder
3698,8,43,Male,Moderate,Low,Treatment,48.9,36.9,12.0,Responder
3699,31,69,Female,Moderate,Medium,Control,57.5,30.1,27.4,Responder
3700,30,61,Male,Moderate,Medium,Treatment,61.1,50.4,10.7,Responder
3701,3,74,Male,Moderate,Low,Treatment,55.2,46.0,9.2,Non-Responder
3702,33,65,Male,Moderate,Medium,Treatment,69.1,32.7,36.4,Responder
3703,33,41,Male,Moderate,Low,Control,61.0,51.4,9.6,Non-Responder
3704,36,43,Male,Moderate,Medium,Treatment,61.3,41.2,20.1,Responder
3705,27,39,Male,Moderate,Low,Treatment,49.0,41.8,7.2,Non-Responder
3706,9,35,Male,Severe,Low,Control,57.7,52.1,5.6,Non-Responder
3707,11,62,Male,Moderate,Medium,Treatment,59.2,45.9,13.3,Responder
3708,1,46,Male,Moderate,High,Control,61.2,41.5,19.7,Responder
3709,17,71,Male,Mild,Low,Treatment,55.6,51.4,4.2,Non-Responder
3710,11,46,Male,Mild,Medium,Treatment,61.0,40.3,20.7,Responder
3711,5,41,Female,Moderate,Medium,Control,57.3,53.5,3.8,Non-Responder
3712,14,60,Male,Mild,Medium,Treatment,45.5,54.1,-8.6,Non-Responder
3713,30,34,Female,Severe,Low,Treatment,62.7,44.4,18.3,Responder
3714,20,69,Male,Moderate,High,Treatment,61.4,37.9,23.5,Responder
3715,5,52,Female,Moderate,Low,Treatment,56.7,32.7,24.0,Responder
3716,11,41,Female,Mild,Medium,Control,60.8,61.4,-0.6,Non-Responder
3717,23,36,Male,Moderate,Medium,Control,68.2,44.8,23.4,Responder
3718,7,39,Male,Moderate,Low,Control,49.3,31.9,17.4,Responder
3719,30,47,Male,Mild,Low,Treatment,55.9,41.9,14.0,Responder
3720,24,44,Male,Mild,Low,Treatment,49.2,34.1,15.1,Responder
3721,12,24,Female,Mild,Unknown,Control,56.5,50.3,6.2,Non-Responder
3722,18,74,Male,Moderate,Low,Treatment,67.8,61.9,5.9,Non-Responder
3723,34,49,Female,Severe,Medium,Treatment,62.2,48.2,14.0,Responder
3724,12,62,Male,Severe,Low,Treatment,76.5,64.8,11.7,Responder
3725,10,44,Male,Moderate,Medium,Control,50.0,42.0,8.0,Non-Responder
3726,40,80,Female,Moderate,Low,Treatment,66.3,50.6,15.7,Responder
3727,32,60,Female,Mild,Medium,Control,59.6,57.4,2.2,Non-Responder
3728,22,39,Female,Moderate,Medium,Treatment,75.1,64.3,10.8,Responder
3729,5,62,Male,Severe,Low,Treatment,87.6,75.1,12.5,Responder
3730,8,57,Female,Moderate,Low,Treatment,70.9,62.9,8.0,Non-Responder
3731,10,47,Female,Moderate,Low,Control,65.2,66.4,-1.2,Non-Responder
3732,20,42,Male,Moderate,Unknown,Treatment,46.6,36.4,10.2,Responder
3733,13,37,Female,Mild,Medium,Control,48.7,24.4,24.3,Responder
3734,33,60,Female,Mild,Low,Treatment,67.5,66.4,1.1,Non-Responder
3735,3,29,Female,Moderate,Medium,Treatment,44.8,15.7,29.1,Responder
3736,5,57,Female,Mild,Medium,Treatment,40.4,32.3,8.1,Non-Responder
3737,18,31,Female,Moderate,Medium,Control,59.9,49.8,10.1,Responder
3738,27,28,Female,Mild,Low,Treatment,66.0,46.9,19.1,Responder
3739,18,46,Female,Moderate,Medium,Treatment,58.9,46.8,12.1,Responder
3740,36,46,Female,Mild,Medium,Control,44.6,45.5,-0.9,Non-Responder
3741,21,45,Female,Mild,Low,Control,35.4,34.2,1.2,Non-Responder
3742,19,53,Female,Moderate,Medium,Control,53.9,45.3,8.6,Non-Responder
3743,25,34,Male,Severe,Low,Treatment,61.7,49.6,12.1,Responder
3744,26,45,Male,Mild,Low,Control,50.9,55.1,-4.2,Non-Responder
3745,38,71,Female,Moderate,Low,Treatment,72.9,50.7,22.2,Responder
3746,14,66,Female,Moderate,Medium,Treatment,62.0,49.7,12.3,Responder
3747,7,58,Male,Moderate,Medium,Control,46.7,35.4,11.3,Responder
3748,15,67,Male,Mild,Medium,Control,64.8,63.6,1.2,Non-Responder
3749,6,55,Female,Mild,Medium,Treatment,38.4,43.3,-4.9,Non-Responder
3750,3,30,Female,Moderate,Medium,Treatment,58.6,48.8,9.8,Non-Responder
3751,29,34,Male,Severe,Low,Control,84.4,79.1,5.3,Non-Responder
3752,30,52,Male,Mild,Low,Control,57.6,52.1,5.5,Non-Responder
3753,35,60,Male,Moderate,Medium,Treatment,53.1,32.6,20.5,Responder
3754,36,42,Male,Mild,Medium,Control,57.5,38.7,18.8,Responder
3755,23,52,Male,Severe,Low,Control,72.4,82.5,-10.1,Non-Responder
3756,5,52,Female,Moderate,Low,Treatment,57.7,37.4,20.3,Responder
3757,21,53,Male,Moderate,Medium,Control,74.4,55.8,18.6,Responder
3758,39,55,Male,Moderate,Low,Treatment,59.6,44.1,15.5,Responder
3759,32,70,Female,Moderate,High,Control,73.7,62.0,11.7,Responder
3760,25,69,Female,Moderate,Low,Treatment,54.5,33.0,21.5,Responder
3761,32,44,Female,Mild,Low,Control,47.1,41.7,5.4,Non-Responder
3762,29,40,Male,Mild,Low,Treatment,60.5,43.4,17.1,Responder
3763,26,47,Female,Moderate,Low,Control,70.6,82.0,-11.4,Non-Responder
3764,22,38,Female,Mild,Low,Control,74.9,71.4,3.5,Non-Responder
3765,29,28,Male,Moderate,Low,Control,56.4,41.3,15.1,Responder
3766,5,70,Female,Moderate,Low,Control,63.8,50.4,13.4,Responder
3767,19,69,Male,Severe,Low,Control,82.3,62.4,19.9,Responder
3768,32,58,Male,Moderate,Medium,Treatment,66.3,45.7,20.6,Responder
3769,25,49,Female,Severe,Medium,Treatment,75.9,62.0,13.9,Responder
3770,10,77,Male,Moderate,Low,Control,71.4,70.2,1.2,Non-Responder
3771,33,56,Male,Moderate,Medium,Control,74.9,63.6,11.3,Responder
3772,36,32,Male,Severe,Medium,Control,92.0,80.4,11.6,Responder
3773,38,46,Female,Moderate,Low,Control,60.5,48.8,11.7,Responder
3774,37,61,Male,Mild,High,Treatment,58.1,40.7,17.4,Responder
3775,26,19,Male,Moderate,Low,Control,53.8,42.4,11.4,Responder
3776,11,64,Male,Severe,Low,Treatment,82.2,59.1,23.1,Responder
3777,7,34,Female,Moderate,Low,Control,70.5,57.5,13.0,Responder
3778,1,58,Female,Moderate,Low,Treatment,56.3,37.0,19.3,Responder
3779,3,49,Male,Moderate,Low,Treatment,49.7,30.9,18.8,Responder
3780,7,49,Female,Moderate,Low,Control,82.7,79.9,2.8,Non-Responder
3781,19,58,Female,Severe,Medium,Treatment,63.4,39.7,23.7,Responder
3782,34,58,Female,Moderate,Low,Control,59.6,48.6,11.0,Responder
3783,7,56,Female,Mild,Medium,Treatment,59.8,39.9,19.9,Responder
3784,21,47,Female,Mild,Medium,Treatment,45.7,40.1,5.6,Non-Responder
3785,30,38,Male,Mild,Low,Control,68.8,64.0,4.8,Non-Responder
3786,33,57,Female,Moderate,Medium,Control,53.1,51.9,1.2,Non-Responder
3787,20,47,Female,Moderate,High,Control,56.3,38.2,18.1,Responder
3788,19,39,Female,Moderate,Low,Control,60.9,48.8,12.1,Responder
3789,39,69,Female,Severe,Low,Treatment,66.6,46.7,19.9,Responder
3790,23,54,Male,Moderate,Low,Control,60.6,42.9,17.7,Responder
3791,27,56,Female,Moderate,Medium,Treatment,55.1,40.1,15.0,Responder
3792,22,50,Male,Mild,Medium,Control,52.0,34.0,18.0,Responder
3793,2,46,Female,Severe,Medium,Control,66.6,58.0,8.6,Non-Responder
3794,25,38,Male,Mild,Medium,Control,74.0,85.8,-11.8,Non-Responder
3795,34,54,Female,Severe,Medium,Control,76.6,62.1,14.5,Responder
3796,4,64,Male,Severe,Medium,Treatment,68.3,61.1,7.2,Non-Responder
3797,39,53,Male,Severe,High,Control,65.5,46.5,19.0,Responder
3798,22,55,Male,Moderate,Medium,Control,68.6,65.0,3.6,Non-Responder
3799,26,46,Male,Severe,Medium,Treatment,65.4,56.1,9.3,Non-Responder
3800,24,52,Female,Moderate,Medium,Control,66.3,48.1,18.2,Responder
3801,31,52,Male,Severe,Low,Treatment,74.7,65.1,9.6,Non-Responder
3802,35,44,Female,Moderate,Low,Treatment,51.6,45.2,6.4,Non-Responder
3803,5,82,Male,Moderate,Low,Control,71.1,73.7,-2.6,Non-Responder
3804,37,60,Male,Moderate,Medium,Control,46.7,21.3,25.4,Responder
3805,9,49,Female,Severe,Low,Treatment,69.5,55.8,13.7,Responder
3806,11,44,Male,Moderate,Medium,Treatment,28.9,8.0,20.9,Responder
3807,5,49,Male,Moderate,Medium,Treatment,71.1,53.9,17.2,Responder
3808,19,40,Female,Moderate,High,Treatment,51.7,37.2,14.5,Responder
3809,40,44,Male,Mild,Low,Treatment,51.6,39.6,12.0,Responder
3810,16,60,Female,Mild,Low,Control,61.6,53.5,8.1,Non-Responder
3811,22,40,Male,Mild,Low,Treatment,37.4,17.1,20.3,Responder
3812,2,62,Female,Severe,Medium,Control,72.2,47.6,24.6,Responder
3813,40,35,Male,Moderate,Medium,Treatment,62.1,41.3,20.8,Responder
3814,22,35,Female,Moderate,High,Treatment,57.7,51.4,6.3,Non-Responder
3815,2,68,Male,Moderate,Low,Control,75.1,75.4,-0.3,Non-Responder
3816,2,69,Female,Moderate,Low,Treatment,66.8,73.5,-6.7,Non-Responder
3817,4,69,Male,Moderate,Low,Treatment,71.8,56.8,15.0,Responder
3818,30,60,Male,Mild,Low,Treatment,45.2,33.5,11.7,Responder
3819,5,51,Male,Moderate,Low,Treatment,67.9,54.2,13.7,Responder
3820,18,53,Female,Mild,Low,Control,29.0,7.6,21.4,Responder
3821,3,78,Male,Moderate,Low,Treatment,64.0,39.4,24.6,Responder
3822,30,57,Female,Mild,Low,Treatment,54.1,41.0,13.1,Responder
3823,11,66,Female,Moderate,Medium,Control,59.8,50.1,9.7,Non-Responder
3824,30,47,Female,Moderate,Low,Control,39.2,28.0,11.2,Responder
3825,22,42,Female,Moderate,Low,Control,70.8,63.1,7.7,Non-Responder
3826,22,39,Male,Mild,Medium,Control,51.5,49.6,1.9,Non-Responder
3827,10,51,Female,Mild,High,Control,42.1,43.4,-1.3,Non-Responder
3828,37,78,Female,Moderate,Low,Treatment,59.7,58.0,1.7,Non-Responder
3829,18,64,Female,Mild,High,Treatment,50.8,45.1,5.7,Non-Responder
3830,26,62,Female,Moderate,Medium,Treatment,51.5,35.4,16.1,Responder
3831,7,69,Female,Moderate,Medium,Treatment,61.7,47.2,14.5,Responder
3832,11,47,Male,Mild,Medium,Treatment,61.1,46.3,14.8,Responder
3833,35,40,Male,Severe,Medium,Treatment,62.0,48.5,13.5,Responder
3834,19,41,Female,Severe,Medium,Control,57.8,61.9,-4.1,Non-Responder
3835,5,48,Male,Mild,Low,Treatment,68.7,57.4,11.3,Responder
3836,7,36,Male,Moderate,Low,Treatment,68.3,67.3,1.0,Non-Responder
3837,23,43,Male,Mild,Low,Treatment,51.9,40.5,11.4,Responder
3838,39,45,Male,Moderate,High,Treatment,82.9,86.6,-3.7,Non-Responder
3839,6,73,Female,Moderate,High,Control,64.8,43.8,21.0,Responder
3840,7,68,Male,Severe,High,Control,80.1,67.5,12.6,Responder
3841,14,31,Female,Moderate,Medium,Treatment,55.7,55.5,0.2,Non-Responder
3842,36,52,Female,Severe,Medium,Control,67.7,44.9,22.8,Responder
3843,26,59,Male,Moderate,Medium,Treatment,79.0,80.9,-1.9,Non-Responder
3844,13,45,Female,Mild,Medium,Control,62.2,40.0,22.2,Responder
3845,35,56,Male,Severe,Medium,Control,62.0,65.1,-3.1,Non-Responder
3846,34,56,Male,Severe,Medium,Control,61.0,40.7,20.3,Responder
3847,2,57,Male,Moderate,Low,Control,70.0,68.9,1.1,Non-Responder
3848,24,63,Male,Moderate,Low,Control,72.8,64.8,8.0,Non-Responder
3849,25,47,Female,Moderate,Low,Treatment,49.6,29.0,20.6,Responder
3850,33,65,Female,Mild,High,Control,38.5,39.0,-0.5,Non-Responder
3851,2,40,Male,Moderate,Low,Control,48.9,46.8,2.1,Non-Responder
3852,10,61,Female,Mild,Medium,Control,71.3,75.8,-4.5,Non-Responder
3853,37,58,Female,Moderate,Medium,Control,65.3,55.9,9.4,Non-Responder
3854,8,33,Female,Mild,Low,Control,48.3,34.8,13.5,Responder
3855,23,68,Male,Moderate,Medium,Treatment,76.1,68.5,7.6,Non-Responder
3856,30,23,Male,Mild,Low,Control,43.3,34.1,9.2,Non-Responder
3857,14,59,Male,Mild,Medium,Control,64.3,49.3,15.0,Responder
3858,36,65,Male,Mild,Medium,Control,58.9,32.9,26.0,Responder
3859,33,38,Female,Severe,Medium,Control,68.3,64.7,3.6,Non-Responder
3860,16,25,Male,Moderate,High,Control,63.2,72.0,-8.8,Non-Responder
3861,39,35,Female,Moderate,Low,Control,56.8,49.6,7.2,Non-Responder
3862,24,80,Female,Mild,Low,Control,53.2,47.9,5.3,Non-Responder
3863,6,50,Female,Severe,Medium,Treatment,98.9,93.7,5.2,Non-Responder
3864,14,60,Male,Severe,Medium,Treatment,71.0,55.6,15.4,Responder
3865,25,57,Female,Severe,High,Treatment,50.3,32.1,18.2,Responder
3866,22,53,Male,Mild,Medium,Control,63.7,56.7,7.0,Non-Responder
3867,38,57,Female,Mild,Medium,Treatment,48.9,37.0,11.9,Responder
3868,1,57,Male,Severe,Medium,Treatment,67.8,51.7,16.1,Responder
3869,30,58,Male,Moderate,Medium,Control,80.4,59.0,21.4,Responder
3870,11,47,Male,Severe,Low,Treatment,73.7,54.4,19.3,Responder
3871,2,53,Male,Mild,Medium,Treatment,47.2,34.0,13.2,Responder
3872,4,62,Female,Severe,Low,Treatment,63.8,43.3,20.5,Responder
3873,15,44,Male,Severe,High,Treatment,69.3,54.8,14.5,Responder
3874,39,29,Female,Mild,High,Control,61.2,48.6,12.6,Responder
3875,28,55,Female,Moderate,Medium,Treatment,70.6,48.4,22.2,Responder
3876,1,28,Female,Severe,Low,Treatment,86.7,64.4,22.3,Responder
3877,7,62,Male,Mild,Medium,Control,61.8,48.4,13.4,Responder
3878,38,47,Male,Mild,Medium,Control,68.8,61.8,7.0,Non-Responder
3879,1,50,Male,Moderate,Low,Treatment,55.1,34.6,20.5,Responder
3880,16,60,Male,Mild,High,Treatment,49.5,36.9,12.6,Responder
3881,11,46,Male,Severe,Low,Control,77.8,72.7,5.1,Non-Responder
3882,14,29,Female,Moderate,High,Treatment,55.8,43.4,12.4,Responder
3883,34,59,Male,Mild,Medium,Control,55.2,59.1,-3.9,Non-Responder
3884,36,71,Female,Moderate,Low,Control,61.0,54.0,7.0,Non-Responder
3885,36,73,Male,Severe,Medium,Treatment,80.0,54.6,25.4,Responder
3886,17,53,Female,Severe,Low,Control,64.4,34.6,29.8,Responder
3887,4,42,Female,Mild,Medium,Treatment,58.0,46.7,11.3,Responder
3888,30,59,Female,Moderate,High,Treatment,70.1,49.7,20.4,Responder
3889,27,29,Female,Moderate,Medium,Treatment,37.5,26.0,11.5,Responder
3890,33,70,Female,Moderate,High,Control,82.5,68.6,13.9,Responder
3891,11,35,Male,Mild,Low,Control,64.0,60.5,3.5,Non-Responder
3892,32,43,Male,Moderate,Medium,Treatment,70.4,60.8,9.6,Non-Responder
3893,24,66,Male,Mild,Low,Treatment,60.6,46.3,14.3,Responder
3894,19,43,Male,Mild,High,Control,56.6,67.5,-10.9,Non-Responder
3895,17,62,Female,Moderate,Low,Control,56.7,43.1,13.6,Responder
3896,33,53,Male,Mild,Medium,Treatment,46.1,38.4,7.7,Non-Responder
3897,2,31,Male,Severe,High,Treatment,75.1,67.9,7.2,Non-Responder
3898,12,43,Female,Moderate,Low,Control,83.0,69.7,13.3,Responder
3899,28,35,Male,Mild,Low,Treatment,46.6,31.7,14.9,Responder
3900,9,58,Female,Severe,Medium,Treatment,73.6,60.2,13.4,Responder
3901,9,80,Male,Severe,Medium,Control,78.9,62.5,16.4,Responder
3902,13,69,Female,Mild,Medium,Treatment,45.9,42.6,3.3,Non-Responder
3903,25,56,Female,Severe,Low,Control,69.0,60.8,8.2,Non-Responder
3904,24,58,Male,Mild,Medium,Treatment,44.2,38.3,5.9,Non-Responder
3905,28,49,Female,Moderate,Medium,Treatment,53.0,47.8,5.2,Non-Responder
3906,37,55,Female,Mild,Medium,Control,36.2,24.4,11.8,Responder
3907,33,44,Male,Mild,Medium,Treatment,49.7,45.1,4.6,Non-Responder
3908,28,50,Male,Moderate,Medium,Control,51.9,38.7,13.2,Responder
3909,22,50,Female,Moderate,Medium,Control,63.0,52.9,10.1,Responder
3910,12,51,Male,Moderate,Low,Control,64.7,64.4,0.3,Non-Responder
3911,4,70,Female,Mild,High,Control,41.8,39.6,2.2,Non-Responder
3912,38,49,Female,Moderate,Medium,Control,60.1,55.9,4.2,Non-Responder
3913,8,66,Male,Severe,Low,Control,78.3,62.9,15.4,Responder
3914,5,53,Female,Moderate,Medium,Control,75.0,79.5,-4.5,Non-Responder
3915,24,51,Female,Moderate,Low,Treatment,69.8,68.1,1.7,Non-Responder
3916,31,53,Male,Severe,Medium,Treatment,82.4,60.2,22.2,Responder
3917,32,71,Male,Mild,Low,Control,58.1,57.4,0.7,Non-Responder
3918,21,60,Female,Mild,Medium,Treatment,69.3,51.9,17.4,Responder
3919,9,52,Male,Moderate,Low,Treatment,66.5,67.4,-0.9,Non-Responder
3920,20,59,Male,Mild,Low,Treatment,46.4,39.2,7.2,Non-Responder
3921,17,61,Female,Moderate,Medium,Control,46.3,50.2,-3.9,Non-Responder
3922,21,40,Male,Moderate,Low,Control,80.2,63.2,17.0,Responder
3923,26,41,Female,Mild,Medium,Treatment,68.0,48.3,19.7,Responder
3924,31,50,Male,Mild,High,Treatment,51.6,35.7,15.9,Responder
3925,8,45,Female,Severe,Medium,Control,57.1,26.0,31.1,Responder
3926,34,36,Male,Severe,Medium,Treatment,71.2,65.8,5.4,Non-Responder
3927,5,51,Female,Mild,Medium,Control,66.9,65.9,1.0,Non-Responder
3928,26,34,Male,Mild,High,Control,51.2,36.1,15.1,Responder
3929,15,58,Female,Mild,Medium,Control,62.1,59.6,2.5,Non-Responder
3930,5,63,Male,Moderate,Medium,Treatment,57.1,59.0,-1.9,Non-Responder
3931,6,43,Female,Severe,Medium,Control,96.7,76.4,20.3,Responder
3932,38,71,Female,Mild,Unknown,Control,66.1,60.1,6.0,Non-Responder
3933,18,66,Female,Mild,Medium,Control,59.1,45.8,13.3,Responder
3934,11,55,Male,Mild,Low,Control,38.8,21.1,17.7,Responder
3935,23,51,Female,Severe,Medium,Control,61.7,48.5,13.2,Responder
3936,36,70,Male,Moderate,Low,Control,52.0,43.2,8.8,Non-Responder
3937,36,76,Female,Moderate,High,Control,59.3,53.7,5.6,Non-Responder
3938,25,78,Male,Moderate,Low,Treatment,66.8,40.8,26.0,Responder
3939,18,63,Female,Mild,Medium,Control,44.5,40.3,4.2,Non-Responder
3940,15,28,Female,Moderate,Medium,Control,63.4,63.7,-0.3,Non-Responder
3941,16,32,Female,Mild,Medium,Treatment,48.2,51.2,-3.0,Non-Responder
3942,39,61,Female,Moderate,Low,Control,56.4,37.3,19.1,Responder
3943,17,53,Male,Moderate,Unknown,Control,68.7,55.6,13.1,Responder
3944,7,41,Female,Mild,Low,Treatment,47.3,45.4,1.9,Non-Responder
3945,1,70,Male,Moderate,Medium,Treatment,63.3,50.8,12.5,Responder
3946,31,39,Female,Moderate,Medium,Treatment,57.1,46.4,10.7,Responder
3947,14,70,Female,Moderate,Low,Control,61.0,50.1,10.9,Responder
3948,17,40,Male,Moderate,Low,Control,43.7,38.1,5.6,Non-Responder
3949,36,43,Male,Mild,High,Treatment,72.0,72.9,-0.9,Non-Responder
3950,10,42,Female,Severe,Medium,Treatment,71.5,65.9,5.6,Non-Responder
3951,22,56,Female,Mild,Medium,Control,69.6,53.0,16.6,Responder
3952,31,70,Female,Moderate,High,Control,53.8,47.1,6.7,Non-Responder
3953,19,54,Male,Moderate,Low,Control,72.3,58.5,13.8,Responder
3954,22,50,Male,Severe,Low,Treatment,87.4,70.9,16.5,Responder
3955,30,56,Female,Severe,Low,Control,70.0,54.7,15.3,Responder
3956,18,54,Male,Severe,Low,Control,90.1,64.8,25.3,Responder
3957,36,68,Male,Moderate,Medium,Control,72.6,66.6,6.0,Non-Responder
3958,11,55,Female,Mild,Low,Treatment,52.8,46.9,5.9,Non-Responder
3959,15,45,Female,Severe,Medium,Control,90.0,83.1,6.9,Non-Responder
3960,36,36,Female,Moderate,Medium,Treatment,81.3,81.7,-0.4,Non-Responder
3961,23,49,Female,Moderate,Medium,Control,56.1,48.0,8.1,Non-Responder
3962,8,64,Male,Moderate,High,Control,83.9,80.5,3.4,Non-Responder
3963,25,71,Female,Moderate,High,Control,50.1,30.1,20.0,Responder
3964,24,45,Female,Moderate,Medium,Control,62.7,49.5,13.2,Responder
3965,37,58,Male,Moderate,High,Treatment,57.6,42.8,14.8,Responder
3966,16,75,Female,Severe,High,Treatment,78.9,77.6,1.3,Non-Responder
3967,6,61,Male,Moderate,Medium,Control,31.7,20.1,11.6,Responder
3968,39,24,Female,Moderate,Medium,Treatment,51.2,39.0,12.2,Responder
3969,10,42,Male,Severe,Low,Treatment,54.5,33.6,20.9,Responder
3970,6,38,Male,Severe,Low,Treatment,82.1,50.0,32.1,Responder
3971,32,49,Male,Moderate,High,Treatment,58.0,42.7,15.3,Responder
3972,16,56,Male,Moderate,Medium,Control,68.2,61.6,6.6,Non-Responder
3973,14,50,Female,Moderate,Low,Treatment,58.9,41.4,17.5,Responder
3974,7,47,Male,Mild,Low,Treatment,49.4,36.6,12.8,Responder
3975,7,67,Male,Severe,Low,Treatment,77.5,69.3,8.2,Non-Responder
3976,21,59,Female,Severe,Medium,Control,57.1,33.2,23.9,Responder
3977,29,36,Male,Moderate,Medium,Treatment,56.1,50.2,5.9,Non-Responder
3978,7,42,Male,Moderate,Low,Control,62.0,54.3,7.7,Non-Responder
3979,21,29,Male,Severe,Low,Control,87.8,70.0,17.8,Responder
3980,27,78,Male,Moderate,Low,Control,74.9,65.8,9.1,Non-Responder
3981,11,80,Female,Severe,Low,Control,86.6,85.8,0.8,Non-Responder
3982,22,60,Female,Moderate,Medium,Control,63.2,60.8,2.4,Non-Responder
3983,15,46,Female,Mild,Medium,Treatment,51.2,50.9,0.3,Non-Responder
3984,20,48,Female,Mild,Low,Control,56.2,54.6,1.6,Non-Responder
3985,31,66,Male,Severe,Low,Treatment,73.6,50.5,23.1,Responder
3986,36,67,Male,Mild,Medium,Control,44.8,33.5,11.3,Responder
3987,3,19,Male,Mild,Medium,Treatment,51.6,35.3,16.3,Responder
3988,31,74,Female,Moderate,Low,Control,77.3,74.1,3.2,Non-Responder
3989,25,52,Female,Moderate,Low,Treatment,65.5,63.6,1.9,Non-Responder
3990,2,68,Male,Mild,Unknown,Control,56.8,44.9,11.9,Responder
3991,11,48,Female,Moderate,Low,Control,65.9,53.1,12.8,Responder
3992,40,36,Male,Mild,Medium,Treatment,49.1,37.7,11.4,Responder
3993,37,41,Male,Moderate,Medium,Treatment,62.1,39.5,22.6,Responder
3994,28,49,Male,Mild,Medium,Treatment,48.8,39.0,9.8,Non-Responder
3995,20,44,Male,Moderate,Low,Control,59.5,38.2,21.3,Responder
3996,1,52,Female,Moderate,Low,Treatment,58.7,59.7,-1.0,Non-Responder
3997,23,35,Female,Moderate,Low,Treatment,73.4,44.1,29.3,Responder
3998,30,58,Male,Severe,Medium,Treatment,72.6,64.2,8.4,Non-Responder
3999,37,56,Male,Moderate,Medium,Treatment,58.7,63.4,-4.7,Non-Responder
4000,13,69,Female,Moderate,Medium,Treatment,52.2,39.6,12.6,Responder
4001,27,38,Male,Moderate,High,Control,69.8,60.6,9.2,Non-Responder
4002,3,43,Male,Moderate,Medium,Control,55.1,51.8,3.3,Non-Responder
4003,19,56,Female,Severe,Medium,Control,69.3,42.7,26.6,Responder
4004,33,52,Male,Moderate,Unknown,Treatment,57.3,52.0,5.3,Non-Responder
4005,35,52,Female,Moderate,Medium,Treatment,61.4,34.6,26.8,Responder
4006,39,52,Female,Moderate,Medium,Treatment,55.3,40.1,15.2,Responder
4007,30,62,Female,Mild,Medium,Control,42.6,26.7,15.9,Responder
4008,28,69,Female,Moderate,Low,Treatment,43.8,40.1,3.7,Non-Responder
4009,35,47,Male,Moderate,Low,Treatment,66.3,55.6,10.7,Responder
4010,30,59,Male,Severe,High,Control,93.2,84.5,8.7,Non-Responder
4011,29,64,Female,Mild,Low,Treatment,41.8,15.7,26.1,Responder
4012,3,30,Male,Severe,Medium,Treatment,80.9,54.5,26.4,Responder
4013,5,49,Female,Severe,Low,Treatment,76.8,62.0,14.8,Responder
4014,23,26,Female,Moderate,Medium,Control,61.1,55.0,6.1,Non-Responder
4015,14,70,Male,Mild,Low,Control,49.2,30.2,19.0,Responder
4016,23,63,Male,Mild,High,Control,59.9,50.6,9.3,Non-Responder
4017,12,60,Male,Severe,Medium,Control,71.7,56.9,14.8,Responder
4018,27,49,Male,Mild,Medium,Control,60.5,48.3,12.2,Responder
4019,38,25,Male,Severe,Medium,Treatment,69.7,40.5,29.2,Responder
4020,27,64,Female,Moderate,Low,Treatment,74.0,54.7,19.3,Responder
4021,9,74,Male,Moderate,Low,Treatment,55.7,29.0,26.7,Responder
4022,29,62,Male,Moderate,Medium,Control,44.3,35.7,8.6,Non-Responder
4023,23,39,Male,Moderate,High,Control,61.2,55.9,5.3,Non-Responder
4024,9,68,Male,Moderate,Low,Control,53.1,43.5,9.6,Non-Responder
4025,30,49,Female,Moderate,Low,Control,62.4,51.0,11.4,Responder
4026,12,56,Female,Mild,Low,Treatment,52.4,34.6,17.8,Responder
4027,15,64,Male,Moderate,Medium,Control,66.5,59.0,7.5,Non-Responder
4028,31,66,Female,Mild,Medium,Control,59.5,54.1,5.4,Non-Responder
4029,25,51,Female,Severe,Medium,Control,71.8,55.5,16.3,Responder
4030,30,48,Female,Moderate,Medium,Control,65.6,74.5,-8.9,Non-Responder
4031,29,68,Female,Moderate,Medium,Control,68.3,62.9,5.4,Non-Responder
4032,6,51,Female,Moderate,Low,Treatment,55.2,44.0,11.2,Responder
4033,24,46,Female,Severe,Low,Control,84.9,81.3,3.6,Non-Responder
4034,37,50,Male,Mild,Low,Control,56.4,49.8,6.6,Non-Responder
4035,16,60,Male,Moderate,High,Control,40.6,22.4,18.2,Responder
4036,40,61,Male,Severe,Medium,Treatment,80.2,68.5,11.7,Responder
4037,38,72,Male,Moderate,Medium,Control,67.8,49.4,18.4,Responder
4038,7,69,Male,Mild,Low,Control,55.8,45.8,10.0,Responder
4039,18,53,Male,Moderate,High,Treatment,57.8,35.8,22.0,Responder
4040,7,54,Female,Moderate,Medium,Control,62.2,46.3,15.9,Responder
4041,25,38,Male,Moderate,Medium,Treatment,68.1,57.8,10.3,Responder
4042,1,47,Female,Severe,Medium,Treatment,56.0,51.8,4.2,Non-Responder
4043,10,82,Male,Mild,Medium,Control,55.9,52.2,3.7,Non-Responder
4044,6,54,Male,Mild,Low,Treatment,51.1,34.0,17.1,Responder
4045,25,30,Male,Severe,High,Control,77.6,58.3,19.3,Responder
4046,22,57,Male,Mild,Low,Control,74.8,71.1,3.7,Non-Responder
4047,7,51,Male,Moderate,Medium,Treatment,57.5,45.9,11.6,Responder
4048,29,52,Female,Mild,High,Control,65.4,57.8,7.6,Non-Responder
4049,33,71,Female,Severe,Low,Treatment,85.4,71.6,13.8,Responder
4050,11,31,Male,Mild,Medium,Control,59.5,47.3,12.2,Responder
4051,37,66,Male,Moderate,Medium,Control,79.6,69.8,9.8,Non-Responder
4052,40,63,Female,Mild,Medium,Treatment,62.8,45.7,17.1,Responder
4053,2,46,Female,Moderate,High,Control,65.8,48.2,17.6,Responder
4054,34,48,Male,Moderate,Medium,Control,66.1,71.7,-5.6,Non-Responder
4055,30,51,Male,Mild,Low,Control,47.0,23.5,23.5,Responder
4056,12,48,Female,Moderate,Medium,Control,49.7,45.7,4.0,Non-Responder
4057,1,61,Male,Mild,Medium,Control,49.3,52.6,-3.3,Non-Responder
4058,14,57,Male,Mild,Medium,Control,56.7,55.5,1.2,Non-Responder
4059,31,35,Female,Severe,Medium,Treatment,67.2,56.3,10.9,Responder
4060,19,48,Male,Severe,Low,Control,55.8,34.4,21.4,Responder
4061,14,44,Female,Moderate,Low,Control,73.4,60.6,12.8,Responder
4062,8,49,Female,Moderate,Medium,Treatment,46.2,44.3,1.9,Non-Responder
4063,17,62,Female,Moderate,High,Control,60.4,56.1,4.3,Non-Responder
4064,28,63,Male,Moderate,High,Control,62.9,48.7,14.2,Responder
4065,28,46,Male,Moderate,High,Treatment,66.3,50.6,15.7,Responder
4066,30,48,Male,Moderate,Medium,Control,78.5,73.8,4.7,Non-Responder
4067,23,40,Male,Mild,High,Treatment,62.0,51.9,10.1,Responder
4068,6,37,Female,Mild,High,Control,65.2,50.8,14.4,Responder
4069,30,49,Male,Moderate,Medium,Treatment,57.9,38.2,19.7,Responder
4070,28,38,Female,Mild,Low,Treatment,57.2,49.2,8.0,Non-Responder
4071,17,53,Female,Moderate,Low,Treatment,60.7,33.8,26.9,Responder
4072,20,63,Female,Severe,Medium,Control,76.9,60.9,16.0,Responder
4073,30,43,Male,Moderate,Medium,Treatment,56.7,48.3,8.4,Non-Responder
4074,11,72,Male,Moderate,Low,Control,60.9,44.2,16.7,Responder
4075,3,48,Female,Mild,Low,Control,52.4,49.0,3.4,Non-Responder
4076,25,56,Female,Severe,Medium,Treatment,76.8,68.6,8.2,Non-Responder
4077,39,72,Female,Mild,High,Treatment,42.1,30.9,11.2,Responder
4078,23,74,Female,Mild,Medium,Treatment,59.4,47.5,11.9,Responder
4079,12,47,Female,Moderate,Medium,Treatment,42.0,23.4,18.6,Responder
4080,34,49,Male,Moderate,Medium,Control,66.6,63.2,3.4,Non-Responder
4081,33,49,Male,Mild,Low,Control,40.7,34.6,6.1,Non-Responder
4082,18,80,Female,Mild,High,Control,83.3,76.5,6.8,Non-Responder
4083,13,47,Male,Severe,Medium,Control,71.4,72.6,-1.2,Non-Responder
4084,7,69,Male,Moderate,Medium,Treatment,82.0,70.8,11.2,Responder
4085,11,46,Male,Moderate,Low,Control,62.2,59.1,3.1,Non-Responder
4086,40,49,Male,Moderate,High,Treatment,62.2,46.7,15.5,Responder
4087,30,44,Female,Mild,High,Control,57.1,36.2,20.9,Responder
4088,28,42,Male,Mild,Low,Control,40.3,44.5,-4.2,Non-Responder
4089,28,34,Female,Mild,Low,Treatment,48.0,28.4,19.6,Responder
4090,15,72,Female,Mild,Low,Treatment,52.8,37.4,15.4,Responder
4091,18,47,Female,Moderate,Low,Control,57.7,64.1,-6.4,Non-Responder
4092,11,72,Male,Moderate,Medium,Control,83.4,71.8,11.6,Responder
4093,31,44,Male,Mild,Medium,Treatment,40.6,20.9,19.7,Responder
4094,26,52,Male,Severe,Low,Treatment,62.7,49.9,12.8,Responder
4095,24,38,Male,Moderate,Medium,Treatment,52.8,31.3,21.5,Responder
4096,10,52,Male,Moderate,High,Treatment,62.6,43.5,19.1,Responder
4097,3,66,Female,Mild,Medium,Control,59.6,51.0,8.6,Non-Responder
4098,10,64,Female,Severe,High,Treatment,77.1,56.7,20.4,Responder
4099,8,55,Female,Moderate,Medium,Control,56.3,44.6,11.7,Responder
4100,40,57,Male,Moderate,Medium,Treatment,47.2,27.6,19.6,Responder
4101,3,35,Female,Severe,Low,Control,77.5,73.4,4.1,Non-Responder
4102,9,50,Female,Moderate,Low,Control,50.1,56.7,-6.6,Non-Responder
4103,32,58,Female,Mild,Medium,Control,60.8,68.8,-8.0,Non-Responder
4104,10,70,Female,Moderate,Low,Control,61.1,57.5,3.6,Non-Responder
4105,2,62,Female,Moderate,Low,Control,66.4,65.3,1.1,Non-Responder
4106,35,33,Male,Moderate,Medium,Treatment,67.5,55.9,11.6,Responder
4107,28,54,Male,Moderate,Medium,Treatment,68.4,43.8,24.6,Responder
4108,34,29,Female,Moderate,Low,Treatment,75.4,58.2,17.2,Responder
4109,1,56,Male,Severe,Medium,Control,67.3,55.2,12.1,Responder
4110,40,53,Female,Mild,Low,Treatment,48.3,25.5,22.8,Responder
4111,37,46,Female,Moderate,Low,Control,63.8,59.9,3.9,Non-Responder
4112,18,34,Male,Mild,High,Control,57.9,61.0,-3.1,Non-Responder
4113,37,60,Male,Mild,High,Control,66.7,56.4,10.3,Responder
4114,26,34,Female,Moderate,Unknown,Treatment,58.2,41.6,16.6,Responder
4115,20,64,Male,Mild,Low,Control,49.7,26.8,22.9,Responder
4116,26,58,Female,Moderate,Medium,Control,46.2,27.8,18.4,Responder
4117,21,43,Female,Severe,Low,Treatment,83.5,68.8,14.7,Responder
4118,24,24,Male,Moderate,Medium,Treatment,71.1,57.9,13.2,Responder
4119,33,63,Male,Mild,Low,Treatment,44.3,46.9,-2.6,Non-Responder
4120,36,50,Male,Severe,Low,Treatment,88.7,93.7,-5.0,Non-Responder
4121,10,46,Male,Moderate,Medium,Treatment,56.3,46.1,10.2,Responder
4122,29,61,Male,Mild,Low,Control,57.3,49.3,8.0,Non-Responder
4123,30,41,Female,Mild,High,Treatment,58.6,39.4,19.2,Responder
4124,12,54,Female,Mild,Medium,Control,44.2,21.2,23.0,Responder
4125,30,78,Male,Moderate,Medium,Control,46.9,30.7,16.2,Responder
4126,17,47,Female,Moderate,Low,Treatment,53.6,39.7,13.9,Responder
4127,16,71,Female,Moderate,Medium,Control,65.2,51.6,13.6,Responder
4128,27,48,Female,Moderate,Medium,Control,62.9,46.0,16.9,Responder
4129,16,61,Male,Mild,Low,Treatment,64.8,44.5,20.3,Responder
4130,34,40,Female,Moderate,Low,Control,52.3,13.9,38.4,Responder
4131,9,69,Male,Moderate,Medium,Treatment,53.8,47.1,6.7,Non-Responder
4132,35,36,Female,Mild,Low,Control,67.3,65.0,2.3,Non-Responder
4133,18,82,Male,Moderate,Medium,Treatment,71.1,58.8,12.3,Responder
4134,22,64,Female,Mild,Low,Control,47.3,31.3,16.0,Responder
4135,18,56,Female,Moderate,Low,Control,45.3,18.8,26.5,Responder
4136,23,51,Male,Mild,Low,Treatment,40.7,25.9,14.8,Responder
4137,24,34,Female,Mild,High,Treatment,60.4,49.3,11.1,Responder
4138,23,64,Female,Mild,Low,Treatment,58.5,52.5,6.0,Non-Responder
4139,27,52,Female,Severe,Medium,Control,85.6,63.2,22.4,Responder
4140,1,48,Female,Mild,Low,Treatment,57.1,51.6,5.5,Non-Responder
4141,3,38,Female,Severe,Low,Treatment,75.4,59.4,16.0,Responder
4142,3,69,Male,Moderate,Medium,Control,48.2,40.2,8.0,Non-Responder
4143,20,31,Female,Moderate,Low,Treatment,63.1,48.6,14.5,Responder
4144,33,37,Male,Severe,Low,Control,78.5,52.0,26.5,Responder
4145,30,73,Male,Moderate,Medium,Control,67.7,59.6,8.1,Non-Responder
4146,32,18,Female,Mild,Low,Control,49.8,37.1,12.7,Responder
4147,2,42,Male,Mild,Low,Treatment,53.4,57.6,-4.2,Non-Responder
4148,25,59,Female,Mild,Medium,Control,47.7,34.8,12.9,Responder
4149,39,60,Female,Moderate,Low,Control,68.6,50.5,18.1,Responder
4150,4,24,Female,Moderate,Low,Treatment,43.9,35.4,8.5,Non-Responder
4151,17,56,Male,Moderate,Low,Treatment,56.1,40.3,15.8,Responder
4152,13,51,Female,Moderate,Unknown,Control,52.9,49.3,3.6,Non-Responder
4153,21,61,Male,Mild,Low,Treatment,52.4,41.1,11.3,Responder
4154,6,71,Female,Moderate,Low,Treatment,55.9,34.7,21.2,Responder
4155,27,43,Female,Severe,Medium,Control,78.1,69.0,9.1,Non-Responder
4156,26,57,Male,Mild,Low,Treatment,38.2,27.7,10.5,Responder
4157,30,77,Female,Moderate,High,Control,46.2,36.3,9.9,Non-Responder
4158,3,43,Female,Mild,Low,Control,40.9,33.3,7.6,Non-Responder
4159,38,67,Male,Severe,Low,Treatment,64.9,43.8,21.1,Responder
4160,23,73,Female,Mild,Medium,Control,56.2,46.4,9.8,Non-Responder
4161,21,43,Male,Mild,Low,Treatment,76.1,65.4,10.7,Responder
4162,29,59,Female,Moderate,High,Treatment,66.9,50.4,16.5,Responder
4163,27,49,Male,Moderate,High,Treatment,54.0,27.6,26.4,Responder
4164,10,53,Female,Moderate,Low,Treatment,72.9,57.6,15.3,Responder
4165,3,82,Male,Mild,Low,Control,63.4,32.5,30.9,Responder
4166,35,58,Male,Mild,High,Control,65.4,63.2,2.2,Non-Responder
4167,11,44,Male,Moderate,Medium,Treatment,66.3,62.5,3.8,Non-Responder
4168,20,65,Female,Mild,Medium,Control,69.3,71.1,-1.8,Non-Responder
4169,22,57,Male,Moderate,Medium,Control,71.9,54.8,17.1,Responder
4170,37,82,Male,Moderate,Low,Control,56.8,45.7,11.1,Responder
4171,12,58,Male,Severe,Low,Control,78.3,62.2,16.1,Responder
4172,19,50,Female,Mild,Medium,Control,61.5,44.4,17.1,Responder
4173,37,42,Female,Moderate,Low,Control,60.7,47.4,13.3,Responder
4174,15,35,Female,Moderate,Medium,Treatment,72.6,50.7,21.9,Responder
4175,31,31,Male,Severe,Medium,Control,90.3,73.6,16.7,Responder
4176,5,54,Male,Moderate,Medium,Treatment,61.3,41.2,20.1,Responder
4177,6,54,Female,Moderate,Low,Treatment,51.8,31.1,20.7,Responder
4178,25,48,Male,Severe,Low,Control,63.3,48.4,14.9,Responder
4179,35,49,Male,Mild,Low,Control,63.1,59.0,4.1,Non-Responder
4180,20,63,Male,Moderate,High,Control,62.2,60.7,1.5,Non-Responder
4181,31,64,Female,Moderate,Medium,Control,64.1,59.2,4.9,Non-Responder
4182,12,55,Female,Severe,Low,Treatment,50.3,37.1,13.2,Responder
4183,40,54,Male,Moderate,Medium,Treatment,54.0,42.4,11.6,Responder
4184,14,53,Male,Moderate,Medium,Treatment,47.8,44.9,2.9,Non-Responder
4185,2,35,Female,Moderate,Medium,Control,53.8,47.9,5.9,Non-Responder
4186,8,54,Female,Mild,Low,Treatment,52.9,50.7,2.2,Non-Responder
4187,24,35,Female,Mild,High,Treatment,56.9,41.3,15.6,Responder
4188,18,55,Male,Moderate,Medium,Treatment,59.8,46.2,13.6,Responder
4189,15,41,Male,Moderate,Medium,Treatment,66.5,57.2,9.3,Non-Responder
4190,23,52,Male,Severe,Low,Treatment,57.8,45.9,11.9,Responder
4191,36,49,Female,Moderate,Medium,Treatment,44.8,28.4,16.4,Responder
4192,29,28,Female,Mild,Low,Control,48.9,30.1,18.8,Responder
4193,22,57,Female,Mild,Medium,Control,54.7,47.9,6.8,Non-Responder
4194,24,61,Female,Moderate,Medium,Control,72.5,51.5,21.0,Responder
4195,10,52,Female,Severe,Low,Control,76.8,73.5,3.3,Non-Responder
4196,17,48,Female,Severe,Low,Treatment,74.7,54.2,20.5,Responder
4197,19,44,Male,Mild,Low,Treatment,65.9,59.0,6.9,Non-Responder
4198,39,47,Male,Severe,High,Control,67.5,51.9,15.6,Responder
4199,7,61,Male,Moderate,Low,Control,56.6,52.7,3.9,Non-Responder
4200,31,45,Male,Moderate,Low,Control,63.4,43.0,20.4,Responder
4201,11,58,Male,Severe,Medium,Treatment,84.4,78.5,5.9,Non-Responder
4202,4,40,Male,Severe,Medium,Treatment,74.4,47.9,26.5,Responder
4203,2,58,Male,Moderate,Medium,Control,50.6,46.8,3.8,Non-Responder
4204,39,58,Female,Severe,Medium,Control,66.5,54.2,12.3,Responder
4205,30,63,Female,Moderate,Medium,Treatment,74.7,65.3,9.4,Non-Responder
4206,1,78,Female,Severe,Medium,Treatment,63.6,46.0,17.6,Responder
4207,9,52,Female,Mild,Medium,Treatment,45.6,35.1,10.5,Responder
4208,18,82,Male,Severe,Medium,Control,78.5,77.0,1.5,Non-Responder
4209,24,32,Female,Moderate,Low,Treatment,51.6,28.2,23.4,Responder
4210,1,23,Male,Moderate,Medium,Treatment,71.8,64.3,7.5,Non-Responder
4211,35,51,Female,Severe,Medium,Control,80.6,69.2,11.4,Responder
4212,37,68,Female,Moderate,Low,Control,81.3,73.8,7.5,Non-Responder
4213,32,53,Male,Mild,High,Control,42.4,42.3,0.1,Non-Responder
4214,29,80,Male,Moderate,High,Treatment,74.8,58.9,15.9,Responder
4215,16,66,Female,Mild,Low,Control,45.5,42.3,3.2,Non-Responder
4216,39,44,Male,Severe,Medium,Treatment,58.1,49.9,8.2,Non-Responder
4217,29,41,Male,Severe,Medium,Control,69.5,72.4,-2.9,Non-Responder
4218,15,72,Male,Moderate,Medium,Treatment,66.2,52.6,13.6,Responder
4219,11,53,Female,Severe,Medium,Control,76.2,73.4,2.8,Non-Responder
4220,4,41,Female,Severe,Low,Control,77.6,74.2,3.4,Non-Responder
4221,31,42,Male,Moderate,Low,Treatment,68.2,48.2,20.0,Responder
4222,22,38,Male,Mild,High,Treatment,71.5,60.7,10.8,Responder
4223,5,32,Male,Severe,High,Control,95.0,83.8,11.2,Responder
4224,5,65,Female,Mild,Medium,Treatment,55.0,37.5,17.5,Responder
4225,34,55,Male,Severe,Medium,Control,86.0,83.0,3.0,Non-Responder
4226,31,64,Male,Moderate,Low,Treatment,72.2,54.2,18.0,Responder
4227,28,52,Female,Moderate,Medium,Control,60.0,58.6,1.4,Non-Responder
4228,25,63,Female,Moderate,Medium,Control,70.0,55.2,14.8,Responder
4229,40,37,Female,Moderate,Low,Control,55.6,29.7,25.9,Responder
4230,28,57,Female,Mild,Medium,Control,48.5,50.1,-1.6,Non-Responder
4231,35,50,Female,Mild,Low,Control,34.0,34.5,-0.5,Non-Responder
4232,21,36,Female,Moderate,Low,Control,63.7,49.5,14.2,Responder
4233,14,48,Male,Moderate,Medium,Control,64.8,56.3,8.5,Non-Responder
4234,26,49,Female,Moderate,Medium,Control,62.0,62.1,-0.1,Non-Responder
4235,2,21,Male,Severe,Medium,Treatment,85.5,73.3,12.2,Responder
4236,33,71,Female,Severe,Low,Control,62.5,33.7,28.8,Responder
4237,34,65,Female,Moderate,Low,Control,58.6,54.0,4.6,Non-Responder
4238,14,50,Female,Moderate,Medium,Control,71.2,52.9,18.3,Responder
4239,17,43,Female,Severe,Medium,Control,86.5,88.6,-2.1,Non-Responder
4240,39,67,Male,Mild,Low,Control,49.1,43.1,6.0,Non-Responder
4241,8,66,Male,Mild,High,Treatment,49.1,26.5,22.6,Responder
4242,28,37,Male,Severe,Medium,Control,77.7,68.7,9.0,Non-Responder
4243,15,34,Male,Moderate,Low,Treatment,75.4,69.5,5.9,Non-Responder
4244,6,69,Female,Mild,Medium,Treatment,35.7,17.9,17.8,Responder
4245,15,60,Female,Moderate,High,Treatment,68.7,55.7,13.0,Responder
4246,40,63,Female,Mild,Medium,Treatment,61.0,42.0,19.0,Responder
4247,21,34,Male,Moderate,Low,Control,59.5,50.3,9.2,Non-Responder
4248,3,50,Male,Mild,High,Treatment,56.8,36.0,20.8,Responder
4249,26,74,Male,Moderate,Medium,Treatment,48.1,26.4,21.7,Responder
4250,8,56,Male,Moderate,High,Control,60.0,59.3,0.7,Non-Responder
4251,28,47,Male,Moderate,Medium,Control,70.9,56.8,14.1,Responder
4252,26,57,Male,Moderate,Medium,Control,62.2,63.0,-0.8,Non-Responder
4253,14,50,Female,Moderate,Low,Treatment,63.5,43.8,19.7,Responder
4254,30,67,Female,Moderate,Low,Control,76.6,65.1,11.5,Responder
4255,1,18,Female,Moderate,Medium,Treatment,46.6,26.1,20.5,Responder
4256,35,68,Female,Moderate,Medium,Treatment,73.4,79.0,-5.6,Non-Responder
4257,17,68,Male,Moderate,High,Treatment,70.7,67.3,3.4,Non-Responder
4258,20,51,Female,Severe,Low,Treatment,65.7,46.1,19.6,Responder
4259,16,44,Female,Moderate,Low,Treatment,55.0,37.6,17.4,Responder
4260,20,71,Male,Moderate,High,Control,57.0,45.0,12.0,Responder
4261,28,55,Female,Moderate,Medium,Control,56.6,55.2,1.4,Non-Responder
4262,16,53,Female,Moderate,Low,Treatment,49.3,36.4,12.9,Responder
4263,6,41,Female,Moderate,Low,Treatment,58.4,41.5,16.9,Responder
4264,39,18,Male,Moderate,High,Treatment,77.1,72.1,5.0,Non-Responder
4265,8,33,Female,Moderate,Low,Treatment,54.7,31.7,23.0,Responder
4266,20,34,Female,Moderate,Medium,Treatment,68.4,60.1,8.3,Non-Responder
4267,11,48,Female,Moderate,Medium,Control,71.4,58.7,12.7,Responder
4268,38,47,Male,Moderate,High,Treatment,67.0,42.3,24.7,Responder
4269,11,30,Female,Mild,Medium,Treatment,46.5,33.6,12.9,Responder
4270,12,47,Male,Mild,Low,Control,51.3,47.7,3.6,Non-Responder
4271,14,60,Male,Moderate,Low,Treatment,63.3,39.8,23.5,Responder
4272,18,46,Female,Mild,Low,Control,58.6,59.3,-0.7,Non-Responder
4273,38,51,Male,Severe,Medium,Treatment,71.9,47.0,24.9,Responder
4274,19,60,Male,Mild,Low,Treatment,65.9,48.8,17.1,Responder
4275,19,60,Male,Severe,Low,Treatment,80.4,74.6,5.8,Non-Responder
4276,19,50,Male,Severe,Medium,Control,55.9,46.1,9.8,Non-Responder
4277,38,27,Female,Moderate,Medium,Control,60.9,55.5,5.4,Non-Responder
4278,31,62,Female,Moderate,Medium,Control,54.2,35.5,18.7,Responder
4279,26,48,Female,Moderate,High,Treatment,57.3,56.6,0.7,Non-Responder
4280,33,38,Female,Mild,Medium,Control,21.7,5.0,17.7,Responder
4281,7,47,Female,Moderate,Medium,Treatment,62.5,40.2,22.3,Responder
4282,33,52,Male,Moderate,High,Control,80.3,70.7,9.6,Non-Responder
4283,7,48,Female,Severe,Medium,Control,69.6,73.3,-3.7,Non-Responder
4284,21,44,Female,Moderate,Low,Treatment,67.6,62.2,5.4,Non-Responder
4285,9,39,Male,Moderate,Medium,Treatment,69.5,53.1,16.4,Responder
4286,34,33,Male,Severe,High,Control,59.1,45.8,13.3,Responder
4287,8,65,Female,Mild,High,Treatment,52.6,34.0,18.6,Responder
4288,15,61,Male,Severe,Low,Treatment,79.7,73.4,6.3,Non-Responder
4289,3,57,Male,Moderate,Medium,Treatment,67.5,48.9,18.6,Responder
4290,11,54,Female,Mild,Medium,Control,51.9,53.1,-1.2,Non-Responder
4291,32,47,Female,Moderate,Low,Control,64.7,72.9,-8.2,Non-Responder
4292,12,54,Male,Moderate,Medium,Treatment,49.3,40.4,8.9,Non-Responder
4293,5,44,Female,Moderate,Medium,Treatment,66.4,49.9,16.5,Responder
4294,22,43,Male,Moderate,Medium,Treatment,64.4,45.4,19.0,Responder
4295,12,47,Female,Moderate,Low,Control,63.3,52.7,10.6,Responder
4296,15,70,Female,Moderate,Low,Treatment,60.2,34.5,25.7,Responder
4297,21,51,Female,Severe,Medium,Treatment,90.9,88.4,2.5,Non-Responder
4298,2,40,Female,Mild,Medium,Treatment,62.4,51.3,11.1,Responder
4299,32,55,Female,Severe,Medium,Treatment,58.2,46.6,11.6,Responder
4300,20,29,Male,Mild,Medium,Control,51.1,54.9,-3.8,Non-Responder
4301,26,57,Female,Moderate,High,Control,76.2,66.2,10.0,Responder
4302,25,43,Male,Severe,High,Control,77.9,66.7,11.2,Responder
4303,22,45,Male,Moderate,High,Treatment,58.7,37.8,20.9,Responder
4304,7,40,Female,Severe,Medium,Control,65.5,56.5,9.0,Non-Responder
4305,39,34,Male,Moderate,Low,Control,70.9,66.0,4.9,Non-Responder
4306,16,59,Female,Moderate,High,Control,58.4,46.2,12.2,Responder
4307,29,49,Female,Moderate,Medium,Treatment,58.6,56.6,2.0,Non-Responder
4308,36,69,Female,Moderate,Low,Control,48.1,43.8,4.3,Non-Responder
4309,26,34,Male,Moderate,Medium,Treatment,71.7,59.4,12.3,Responder
4310,33,53,Male,Severe,Low,Treatment,72.9,62.2,10.7,Responder
4311,6,49,Male,Severe,High,Control,78.1,55.8,22.3,Responder
4312,34,56,Male,Moderate,Medium,Control,54.9,40.1,14.8,Responder
4313,18,46,Female,Moderate,Medium,Control,58.6,56.8,1.8,Non-Responder
4314,27,68,Male,Mild,Low,Treatment,56.8,45.5,11.3,Responder
4315,25,43,Female,Moderate,Low,Treatment,69.6,68.4,1.2,Non-Responder
4316,36,26,Female,Moderate,Low,Treatment,66.2,53.3,12.9,Responder
4317,18,64,Male,Moderate,Medium,Control,61.5,45.6,15.9,Responder
4318,9,65,Male,Severe,High,Treatment,76.3,72.8,3.5,Non-Responder
4319,22,53,Female,Moderate,Medium,Control,55.4,27.7,27.7,Responder
4320,18,33,Female,Moderate,Medium,Treatment,55.6,41.7,13.9,Responder
4321,24,71,Female,Moderate,Low,Treatment,51.8,59.3,-7.5,Non-Responder
4322,3,32,Female,Moderate,Medium,Control,66.3,71.6,-5.3,Non-Responder
4323,17,54,Female,Mild,Low,Treatment,56.9,41.3,15.6,Responder
4324,7,60,Male,Moderate,Low,Treatment,64.4,54.9,9.5,Non-Responder
4325,21,55,Male,Mild,Medium,Control,46.8,47.8,-1.0,Non-Responder
4326,30,62,Male,Moderate,High,Treatment,61.6,49.1,12.5,Responder
4327,19,53,Female,Severe,Medium,Control,69.5,53.1,16.4,Responder
4328,21,60,Male,Moderate,Low,Control,53.5,42.9,10.6,Responder
4329,28,54,Male,Mild,High,Treatment,58.0,41.5,16.5,Responder
4330,26,61,Male,Severe,High,Control,67.4,59.2,8.2,Non-Responder
4331,37,20,Female,Mild,Low,Treatment,73.2,53.2,20.0,Responder
4332,36,38,Female,Severe,Low,Treatment,75.4,52.3,23.1,Responder
4333,16,58,Male,Mild,Medium,Treatment,52.2,57.7,-5.5,Non-Responder
4334,2,67,Female,Severe,Medium,Control,62.4,51.9,10.5,Responder
4335,5,54,Male,Mild,Low,Control,57.1,47.5,9.6,Non-Responder
4336,34,63,Male,Moderate,Medium,Control,72.1,59.8,12.3,Responder
4337,16,62,Female,Severe,Medium,Treatment,65.1,49.5,15.6,Responder
4338,10,47,Male,Severe,Low,Treatment,69.3,45.1,24.2,Responder
4339,35,71,Male,Moderate,Low,Control,59.2,52.1,7.1,Non-Responder
4340,5,62,Female,Moderate,Medium,Treatment,55.6,48.2,7.4,Non-Responder
4341,5,45,Female,Severe,Low,Control,43.6,19.1,24.5,Responder
4342,12,43,Female,Mild,Low,Control,50.7,61.8,-11.1,Non-Responder
4343,24,37,Female,Mild,Medium,Treatment,58.5,39.9,18.6,Responder
4344,29,51,Male,Mild,Medium,Treatment,45.8,24.4,21.4,Responder
4345,20,47,Female,Severe,Low,Control,73.1,66.7,6.4,Non-Responder
4346,15,56,Female,Severe,High,Control,80.4,77.2,3.2,Non-Responder
4347,13,76,Male,Mild,Medium,Control,59.0,47.2,11.8,Responder
4348,16,31,Male,Moderate,Low,Treatment,52.2,41.2,11.0,Responder
4349,37,53,Female,Moderate,Medium,Treatment,50.9,50.3,0.6,Non-Responder
4350,18,38,Male,Moderate,High,Treatment,66.0,55.6,10.4,Responder
4351,36,41,Male,Moderate,High,Control,35.3,28.6,6.7,Non-Responder
4352,30,52,Male,Severe,Low,Control,73.6,69.8,3.8,Non-Responder
4353,23,62,Female,Severe,Low,Treatment,69.8,49.3,20.5,Responder
4354,20,73,Female,Mild,High,Treatment,50.7,51.5,-0.8,Non-Responder
4355,32,55,Female,Moderate,Medium,Control,63.1,61.4,1.7,Non-Responder
4356,13,54,Female,Mild,Low,Control,42.2,24.9,17.3,Responder
4357,18,57,Male,Moderate,High,Control,64.4,60.2,4.2,Non-Responder
4358,25,45,Female,Moderate,High,Treatment,74.4,57.7,16.7,Responder
4359,36,60,Female,Severe,Medium,Treatment,94.4,67.7,26.7,Responder
4360,28,66,Male,Moderate,Medium,Treatment,61.7,37.2,24.5,Responder
4361,1,56,Female,Moderate,Medium,Treatment,71.5,50.6,20.9,Responder
4362,7,49,Male,Moderate,Low,Control,66.3,60.2,6.1,Non-Responder
4363,18,52,Female,Severe,Medium,Control,56.0,41.1,14.9,Responder
4364,15,58,Male,Mild,Low,Treatment,65.4,44.7,20.7,Responder
4365,34,41,Female,Moderate,Medium,Treatment,54.3,30.1,24.2,Responder
4366,39,43,Male,Severe,Medium,Control,72.5,60.0,12.5,Responder
4367,27,44,Male,Mild,Low,Control,50.2,27.8,22.4,Responder
4368,30,44,Female,Moderate,Low,Control,71.9,64.5,7.4,Non-Responder
4369,30,54,Female,Moderate,Low,Treatment,61.9,44.2,17.7,Responder
4370,16,59,Male,Mild,Medium,Treatment,55.2,49.7,5.5,Non-Responder
4371,35,55,Female,Moderate,Low,Treatment,64.6,54.8,9.8,Non-Responder
4372,2,48,Female,Severe,Medium,Treatment,63.7,37.9,25.8,Responder
4373,17,48,Male,Moderate,Medium,Treatment,53.0,25.3,27.7,Responder
4374,20,42,Male,Severe,Low,Control,65.9,72.4,-6.5,Non-Responder
4375,38,68,Male,Severe,Medium,Control,64.3,53.9,10.4,Responder
4376,7,48,Female,Moderate,High,Control,74.7,59.8,14.9,Responder
4377,31,36,Female,Mild,Low,Treatment,68.9,59.7,9.2,Non-Responder
4378,26,82,Male,Moderate,Medium,Control,79.0,64.3,14.7,Responder
4379,34,50,Female,Severe,Medium,Control,68.7,68.0,0.7,Non-Responder
4380,20,61,Male,Severe,Medium,Treatment,89.0,80.2,8.8,Non-Responder
4381,19,47,Male,Moderate,High,Treatment,60.7,55.9,4.8,Non-Responder
4382,20,62,Male,Moderate,Medium,Control,73.9,67.8,6.1,Non-Responder
4383,18,60,Female,Moderate,Medium,Control,65.0,53.2,11.8,Responder
4384,13,55,Female,Mild,Medium,Control,57.9,49.5,8.4,Non-Responder
4385,31,36,Female,Moderate,Low,Control,54.8,45.1,9.7,Non-Responder
4386,21,56,Male,Severe,Low,Control,81.6,77.0,4.6,Non-Responder
4387,11,57,Male,Moderate,Low,Treatment,55.3,29.5,25.8,Responder
4388,1,58,Female,Mild,Medium,Control,67.3,47.4,19.9,Responder
4389,9,45,Female,Severe,Low,Control,61.9,45.5,16.4,Responder
4390,37,60,Female,Moderate,Low,Control,64.7,46.9,17.8,Responder
4391,20,57,Male,Mild,Medium,Control,61.9,49.2,12.7,Responder
4392,16,49,Female,Moderate,Medium,Control,73.6,68.5,5.1,Non-Responder
4393,5,81,Female,Moderate,High,Treatment,58.4,35.2,23.2,Responder
4394,14,60,Male,Moderate,Medium,Control,65.2,55.7,9.5,Non-Responder
4395,25,57,Female,Severe,Medium,Treatment,61.0,54.0,7.0,Non-Responder
4396,24,37,Female,Mild,Low,Treatment,52.5,50.5,2.0,Non-Responder
4397,5,69,Male,Mild,Medium,Control,67.0,58.8,8.2,Non-Responder
4398,1,51,Female,Mild,Medium,Treatment,57.7,37.8,19.9,Responder
4399,35,44,Female,Moderate,Medium,Treatment,61.4,34.2,27.2,Responder
4400,1,61,Male,Moderate,Low,Treatment,55.5,32.2,23.3,Responder
4401,36,39,Female,Moderate,High,Control,59.7,55.0,4.7,Non-Responder
4402,9,41,Female,Mild,High,Control,63.3,57.3,6.0,Non-Responder
4403,22,48,Male,Moderate,Medium,Control,62.4,52.6,9.8,Non-Responder
4404,35,68,Female,Severe,Medium,Treatment,71.7,55.2,16.5,Responder
4405,29,46,Male,Severe,Medium,Control,60.8,50.5,10.3,Responder
4406,34,60,Female,Mild,Low,Control,61.2,56.2,5.0,Non-Responder
4407,35,63,Male,Severe,Medium,Control,65.8,65.7,0.1,Non-Responder
4408,22,23,Female,Moderate,Medium,Control,85.8,85.3,0.5,Non-Responder
4409,35,43,Male,Mild,Medium,Control,66.5,76.1,-9.6,Non-Responder
4410,7,46,Male,Moderate,Medium,Control,65.7,62.7,3.0,Non-Responder
4411,17,57,Male,Mild,Medium,Treatment,45.9,37.2,8.7,Non-Responder
4412,20,44,Female,Moderate,Low,Treatment,66.8,48.3,18.5,Responder
4413,17,55,Male,Moderate,Low,Treatment,51.7,39.2,12.5,Responder
4414,16,53,Female,Moderate,Medium,Control,76.9,70.5,6.4,Non-Responder
4415,27,47,Male,Severe,Low,Treatment,66.5,49.5,17.0,Responder
4416,7,55,Female,Moderate,Medium,Treatment,68.7,65.6,3.1,Non-Responder
4417,22,52,Female,Severe,Low,Control,89.6,69.5,20.1,Responder
4418,14,53,Male,Severe,High,Control,63.9,55.3,8.6,Non-Responder
4419,18,78,Female,Moderate,Low,Control,64.5,55.5,9.0,Non-Responder
4420,16,70,Male,Moderate,Medium,Control,59.6,53.3,6.3,Non-Responder
4421,13,40,Male,Moderate,Low,Control,66.9,65.0,1.9,Non-Responder
4422,37,53,Male,Mild,Medium,Control,43.1,27.5,15.6,Responder
4423,5,56,Female,Severe,Medium,Treatment,75.4,52.0,23.4,Responder
4424,18,49,Male,Moderate,High,Treatment,62.5,49.0,13.5,Responder
4425,21,40,Female,Mild,Low,Treatment,76.1,54.1,22.0,Responder
4426,12,18,Female,Moderate,High,Treatment,70.7,48.7,22.0,Responder
4427,30,53,Female,Mild,Medium,Control,77.7,72.8,4.9,Non-Responder
4428,28,45,Male,Moderate,High,Treatment,74.7,62.7,12.0,Responder
4429,32,50,Male,Moderate,Low,Treatment,69.5,59.9,9.6,Non-Responder
4430,35,52,Female,Mild,Medium,Treatment,51.3,37.0,14.3,Responder
4431,36,50,Female,Moderate,Medium,Treatment,77.3,67.8,9.5,Non-Responder
4432,1,51,Female,Moderate,Low,Control,80.7,67.3,13.4,Responder
4433,35,45,Female,Mild,Medium,Control,69.2,66.6,2.6,Non-Responder
4434,30,40,Male,Severe,High,Control,92.9,85.7,7.2,Non-Responder
4435,20,61,Female,Moderate,Medium,Control,59.5,47.8,11.7,Responder
4436,18,67,Female,Moderate,Low,Control,63.4,52.9,10.5,Responder
4437,22,53,Female,Severe,Low,Treatment,70.1,55.5,14.6,Responder
4438,9,44,Female,Moderate,High,Control,67.2,69.9,-2.7,Non-Responder
4439,18,48,Male,Mild,High,Control,69.1,46.2,22.9,Responder
4440,21,48,Male,Mild,Low,Treatment,67.2,67.4,-0.2,Non-Responder
4441,1,30,Male,Mild,High,Treatment,53.5,46.1,7.4,Non-Responder
4442,13,53,Male,Mild,Low,Treatment,56.5,30.7,25.8,Responder
4443,32,32,Male,Moderate,Medium,Control,81.0,68.2,12.8,Responder
4444,10,61,Female,Severe,Medium,Treatment,82.7,84.4,-1.7,Non-Responder
4445,35,59,Male,Moderate,Medium,Treatment,64.6,56.9,7.7,Non-Responder
4446,10,50,Female,Moderate,Medium,Control,60.4,46.6,13.8,Responder
4447,17,55,Male,Moderate,Low,Treatment,65.7,53.8,11.9,Responder
4448,15,56,Female,Moderate,Low,Control,78.9,62.5,16.4,Responder
4449,26,48,Female,Moderate,Medium,Control,60.9,60.7,0.2,Non-Responder
4450,35,78,Female,Moderate,High,Control,65.3,60.7,4.6,Non-Responder
4451,20,38,Male,Severe,Medium,Treatment,74.9,62.9,12.0,Responder
4452,13,59,Male,Moderate,Low,Control,85.9,78.7,7.2,Non-Responder
4453,38,74,Male,Severe,Medium,Treatment,74.0,73.2,0.8,Non-Responder
4454,29,52,Female,Moderate,Low,Control,67.8,51.3,16.5,Responder
4455,30,73,Female,Moderate,Low,Treatment,62.4,52.5,9.9,Non-Responder
4456,40,52,Female,Moderate,Medium,Control,67.4,67.2,0.2,Non-Responder
4457,38,48,Male,Severe,Medium,Treatment,67.5,53.9,13.6,Responder
4458,33,58,Male,Moderate,Medium,Treatment,57.9,40.2,17.7,Responder
4459,2,54,Female,Mild,Medium,Treatment,49.3,29.5,19.8,Responder
4460,3,56,Female,Severe,Medium,Control,73.3,74.2,-0.9,Non-Responder
4461,32,61,Female,Severe,High,Control,63.6,58.1,5.5,Non-Responder
4462,40,53,Female,Moderate,Medium,Treatment,66.9,42.9,24.0,Responder
4463,22,46,Female,Moderate,Medium,Control,60.6,65.2,-4.6,Non-Responder
4464,7,52,Female,Severe,High,Treatment,79.7,71.2,8.5,Non-Responder
4465,3,59,Female,Moderate,Low,Treatment,55.1,25.0,30.1,Responder
4466,3,25,Male,Severe,Low,Control,79.9,66.0,13.9,Responder
4467,24,37,Male,Mild,Low,Control,44.5,36.3,8.2,Non-Responder
4468,18,47,Male,Moderate,Medium,Control,62.2,47.3,14.9,Responder
4469,23,55,Male,Severe,Low,Treatment,69.9,55.8,14.1,Responder
4470,40,52,Male,Moderate,High,Treatment,59.7,41.6,18.1,Responder
4471,10,27,Female,Severe,Medium,Control,73.6,72.5,1.1,Non-Responder
4472,16,50,Male,Moderate,Medium,Control,50.4,46.5,3.9,Non-Responder
4473,29,71,Female,Moderate,Medium,Treatment,71.2,51.5,19.7,Responder
4474,37,70,Male,Mild,Medium,Treatment,57.4,34.2,23.2,Responder
4475,3,51,Male,Severe,Low,Treatment,68.4,44.8,23.6,Responder
4476,39,52,Female,Severe,Medium,Control,71.3,54.4,16.9,Responder
4477,13,42,Female,Mild,Low,Treatment,43.2,40.5,2.7,Non-Responder
4478,12,56,Female,Severe,Low,Control,59.3,53.9,5.4,Non-Responder
4479,7,40,Male,Moderate,Medium,Treatment,56.2,48.2,8.0,Non-Responder
4480,9,35,Female,Mild,Medium,Control,46.3,40.9,5.4,Non-Responder
4481,37,54,Male,Mild,Medium,Treatment,44.1,36.3,7.8,Non-Responder
4482,26,29,Female,Severe,Low,Treatment,83.2,52.1,31.1,Responder
4483,4,36,Male,Moderate,Medium,Control,70.4,51.4,19.0,Responder
4484,26,49,Male,Mild,Low,Treatment,48.2,22.5,25.7,Responder
4485,35,67,Female,Mild,High,Treatment,44.9,28.4,16.5,Responder
4486,20,65,Female,Moderate,Low,Control,45.3,28.6,16.7,Responder
4487,17,59,Male,Moderate,High,Control,33.1,25.5,7.6,Non-Responder
4488,39,68,Male,Mild,Low,Control,56.4,62.3,-5.9,Non-Responder
4489,33,34,Male,Moderate,Medium,Treatment,77.4,65.1,12.3,Responder
4490,18,67,Female,Severe,Medium,Control,68.9,52.8,16.1,Responder
4491,21,35,Female,Severe,Low,Control,68.3,52.2,16.1,Responder
4492,8,67,Male,Mild,Low,Treatment,62.3,54.6,7.7,Non-Responder
4493,4,55,Female,Severe,Medium,Control,84.3,69.8,14.5,Responder
4494,5,52,Male,Mild,High,Treatment,72.7,64.2,8.5,Non-Responder
4495,11,49,Female,Mild,Low,Control,60.7,50.7,10.0,Responder
4496,22,57,Female,Mild,Medium,Treatment,28.7,10.1,18.6,Responder
4497,39,53,Female,Moderate,Medium,Control,64.2,64.4,-0.2,Non-Responder
4498,36,58,Male,Moderate,Medium,Control,67.9,53.6,14.3,Responder
4499,32,54,Female,Mild,Low,Control,62.7,69.9,-7.2,Non-Responder
4500,14,52,Female,Mild,Low,Treatment,59.8,51.6,8.2,Non-Responder
4501,3,65,Female,Moderate,Medium,Control,80.2,80.8,-0.6,Non-Responder
4502,36,37,Male,Moderate,Medium,Treatment,61.8,46.8,15.0,Responder
4503,32,41,Male,Severe,Low,Control,85.5,79.5,6.0,Non-Responder
4504,39,50,Female,Moderate,High,Control,73.9,67.1,6.8,Non-Responder
4505,37,68,Female,Moderate,Medium,Control,45.5,38.7,6.8,Non-Responder
4506,6,40,Female,Severe,Low,Control,68.9,56.5,12.4,Responder
4507,6,55,Male,Severe,Low,Treatment,79.8,58.9,20.9,Responder
4508,10,56,Female,Severe,Low,Treatment,71.1,62.5,8.6,Non-Responder
4509,31,50,Male,Mild,High,Control,45.7,49.4,-3.7,Non-Responder
4510,2,35,Male,Moderate,Low,Treatment,64.8,42.8,22.0,Responder
4511,32,45,Female,Severe,Low,Control,69.1,53.3,15.8,Responder
4512,6,36,Male,Moderate,High,Control,64.2,49.2,15.0,Responder
4513,10,60,Male,Mild,Medium,Control,44.0,32.4,11.6,Responder
4514,39,68,Male,Mild,Low,Treatment,65.5,44.4,21.1,Responder
4515,27,48,Female,Moderate,Medium,Control,67.9,62.0,5.9,Non-Responder
4516,17,51,Female,Mild,Low,Treatment,54.9,33.7,21.2,Responder
4517,7,47,Male,Severe,Medium,Treatment,88.5,71.4,17.1,Responder
4518,24,42,Female,Mild,High,Treatment,56.9,43.3,13.6,Responder
4519,30,65,Male,Severe,High,Control,85.3,76.5,8.8,Non-Responder
4520,32,66,Female,Moderate,Medium,Treatment,51.4,32.5,18.9,Responder
4521,7,51,Male,Severe,Low,Treatment,69.5,55.8,13.7,Responder
4522,2,46,Female,Moderate,Medium,Treatment,63.7,40.8,22.9,Responder
4523,12,29,Female,Mild,Medium,Treatment,53.0,33.2,19.8,Responder
4524,6,57,Female,Mild,Medium,Control,42.8,19.1,23.7,Responder
4525,22,44,Male,Moderate,Low,Control,59.9,41.0,18.9,Responder
4526,7,78,Female,Mild,High,Control,52.0,46.3,5.7,Non-Responder
4527,7,62,Female,Moderate,Medium,Treatment,49.2,36.8,12.4,Responder
4528,29,32,Female,Mild,Low,Control,49.6,50.5,-0.9,Non-Responder
4529,7,65,Female,Moderate,Medium,Control,58.8,45.8,13.0,Responder
4530,22,37,Female,Moderate,Low,Treatment,55.4,47.3,8.1,Non-Responder
4531,18,49,Female,Mild,Medium,Control,45.8,20.5,25.3,Responder
4532,35,31,Male,Moderate,Low,Control,74.6,64.7,9.9,Non-Responder
4533,9,60,Female,Moderate,Medium,Control,65.2,58.9,6.3,Non-Responder
4534,23,73,Female,Mild,Medium,Control,61.4,51.9,9.5,Non-Responder
4535,31,51,Female,Mild,Medium,Control,65.5,54.2,11.3,Responder
4536,7,76,Female,Moderate,Medium,Control,83.8,73.7,10.1,Responder
4537,26,43,Female,Moderate,Low,Treatment,69.6,62.9,6.7,Non-Responder
4538,13,51,Female,Moderate,Low,Control,57.6,48.4,9.2,Non-Responder
4539,36,36,Female,Severe,Low,Control,79.2,77.9,1.3,Non-Responder
4540,10,42,Male,Mild,Medium,Treatment,64.5,48.3,16.2,Responder
4541,29,62,Female,Moderate,High,Treatment,64.2,40.9,23.3,Responder
4542,12,68,Female,Moderate,High,Treatment,58.4,58.3,0.1,Non-Responder
4543,25,44,Female,Moderate,Low,Control,68.0,46.2,21.8,Responder
4544,19,25,Female,Moderate,Medium,Treatment,70.2,66.3,3.9,Non-Responder
4545,23,75,Female,Moderate,Medium,Treatment,68.4,47.9,20.5,Responder
4546,30,60,Male,Severe,Medium,Treatment,79.0,55.4,23.6,Responder
4547,6,64,Female,Moderate,Low,Control,48.5,40.1,8.4,Non-Responder
4548,22,53,Female,Mild,Medium,Control,36.4,41.9,-5.5,Non-Responder
4549,24,62,Male,Mild,High,Control,51.9,48.1,3.8,Non-Responder
4550,24,54,Female,Moderate,Medium,Control,67.2,60.2,7.0,Non-Responder
4551,23,57,Female,Mild,Low,Control,40.9,21.7,19.2,Responder
4552,33,53,Female,Moderate,Medium,Control,59.3,41.2,18.1,Responder
4553,6,49,Female,Mild,Low,Treatment,62.6,42.5,20.1,Responder
4554,36,47,Female,Moderate,Low,Control,53.3,42.9,10.4,Responder
4555,17,69,Female,Moderate,High,Control,68.6,70.3,-1.7,Non-Responder
4556,40,61,Female,Mild,High,Control,58.6,41.2,17.4,Responder
4557,35,60,Male,Moderate,Medium,Control,52.2,40.3,11.9,Responder
4558,40,39,Female,Severe,Low,Control,71.0,56.7,14.3,Responder
4559,21,40,Male,Severe,Low,Control,77.7,73.3,4.4,Non-Responder
4560,25,59,Female,Mild,Low,Control,51.4,50.8,0.6,Non-Responder
4561,10,42,Female,Mild,Medium,Treatment,52.2,45.2,7.0,Non-Responder
4562,22,43,Female,Moderate,High,Control,57.5,51.7,5.8,Non-Responder
4563,16,41,Female,Moderate,Medium,Treatment,76.2,65.5,10.7,Responder
4564,1,75,Male,Mild,Medium,Treatment,59.5,38.5,21.0,Responder
4565,37,48,Male,Severe,Medium,Control,69.5,56.4,13.1,Responder
4566,3,63,Male,Severe,High,Control,87.8,80.7,7.1,Non-Responder
4567,10,40,Female,Moderate,Low,Control,49.6,30.1,19.5,Responder
4568,9,82,Female,Severe,Low,Treatment,62.0,56.1,5.9,Non-Responder
4569,27,51,Male,Severe,Medium,Treatment,91.5,83.5,8.0,Non-Responder
4570,2,57,Female,Mild,Medium,Treatment,47.0,44.3,2.7,Non-Responder
4571,40,61,Female,Severe,High,Control,72.5,54.8,17.7,Responder
4572,6,57,Female,Mild,Medium,Treatment,33.4,26.9,6.5,Non-Responder
4573,18,50,Female,Moderate,Medium,Treatment,66.7,47.2,19.5,Responder
4574,32,41,Female,Moderate,Low,Treatment,73.0,51.6,21.4,Responder
4575,22,50,Female,Mild,Low,Treatment,59.5,33.7,25.8,Responder
4576,17,62,Male,Severe,Low,Control,78.3,58.8,19.5,Responder
4577,19,59,Female,Severe,Low,Treatment,76.9,64.0,12.9,Responder
4578,3,51,Female,Severe,Medium,Treatment,80.9,62.7,18.2,Responder
4579,33,54,Male,Severe,Medium,Treatment,98.0,79.7,18.3,Responder
4580,24,61,Male,Mild,Low,Control,46.8,36.9,9.9,Non-Responder
4581,14,51,Male,Moderate,Medium,Treatment,58.3,43.7,14.6,Responder
4582,30,39,Female,Moderate,High,Treatment,51.6,33.6,18.0,Responder
4583,37,64,Male,Mild,Low,Control,55.3,44.4,10.9,Responder
4584,40,60,Female,Moderate,High,Treatment,53.9,44.9,9.0,Non-Responder
4585,32,38,Female,Mild,Medium,Control,31.8,13.6,18.2,Responder
4586,1,50,Male,Mild,High,Control,49.7,45.4,4.3,Non-Responder
4587,38,41,Male,Moderate,Medium,Treatment,70.5,48.6,21.9,Responder
4588,2,34,Female,Mild,Low,Treatment,62.8,57.1,5.7,Non-Responder
4589,9,45,Female,Moderate,Low,Control,62.5,59.4,3.1,Non-Responder
4590,40,54,Male,Moderate,Medium,Control,55.5,48.8,6.7,Non-Responder
4591,14,51,Male,Moderate,Low,Control,69.5,57.1,12.4,Responder
4592,35,72,Female,Moderate,High,Treatment,68.1,60.8,7.3,Non-Responder
4593,39,52,Male,Moderate,Medium,Control,61.4,48.2,13.2,Responder
4594,16,49,Female,Moderate,Medium,Control,72.3,59.4,12.9,Responder
4595,10,52,Male,Moderate,High,Treatment,71.4,69.3,2.1,Non-Responder
4596,12,55,Male,Mild,Medium,Treatment,55.7,45.5,10.2,Responder
4597,18,57,Female,Mild,Medium,Treatment,61.2,54.6,6.6,Non-Responder
4598,34,58,Male,Moderate,Low,Control,62.3,63.0,-0.7,Non-Responder
4599,12,37,Female,Severe,Medium,Treatment,79.4,59.4,20.0,Responder
4600,28,46,Female,Severe,Medium,Treatment,67.2,56.0,11.2,Responder
4601,35,40,Male,Severe,Medium,Control,91.5,84.3,7.2,Non-Responder
4602,16,53,Male,Severe,Low,Treatment,56.9,48.8,8.1,Non-Responder
4603,16,34,Female,Mild,Low,Treatment,68.9,57.6,11.3,Responder
4604,38,33,Male,Mild,Medium,Control,46.8,49.2,-2.4,Non-Responder
4605,22,43,Female,Moderate,Low,Control,76.7,74.6,2.1,Non-Responder
4606,14,58,Female,Moderate,Medium,Control,60.3,37.4,22.9,Responder
4607,35,51,Male,Mild,Low,Treatment,56.2,33.9,22.3,Responder
4608,32,76,Female,Moderate,Low,Treatment,61.2,49.3,11.9,Responder
4609,30,76,Male,Moderate,High,Treatment,55.8,54.3,1.5,Non-Responder
4610,28,61,Male,Mild,Medium,Control,58.3,60.0,-1.7,Non-Responder
4611,17,55,Female,Severe,Medium,Treatment,88.6,81.9,6.7,Non-Responder
4612,9,43,Male,Moderate,Medium,Control,56.1,41.6,14.5,Responder
4613,24,54,Female,Severe,High,Treatment,61.4,40.4,21.0,Responder
4614,8,56,Female,Mild,High,Treatment,47.9,29.6,18.3,Responder
4615,12,19,Female,Moderate,Medium,Treatment,72.3,52.0,20.3,Responder
4616,33,36,Female,Severe,Medium,Control,64.7,38.0,26.7,Responder
4617,25,19,Male,Moderate,High,Control,56.7,65.3,-8.6,Non-Responder
4618,35,51,Female,Severe,Medium,Treatment,78.0,76.0,2.0,Non-Responder
4619,8,67,Male,Moderate,Low,Treatment,87.6,56.2,31.4,Responder
4620,11,80,Male,Moderate,Low,Control,65.5,59.6,5.9,Non-Responder
4621,17,23,Male,Moderate,Medium,Treatment,38.3,15.6,22.7,Responder
4622,12,56,Female,Severe,Low,Treatment,81.5,69.1,12.4,Responder
4623,18,58,Female,Moderate,Low,Control,62.1,64.2,-2.1,Non-Responder
4624,30,29,Female,Mild,Low,Treatment,71.8,55.2,16.6,Responder
4625,12,38,Male,Moderate,High,Control,53.4,56.0,-2.6,Non-Responder
4626,38,22,Male,Moderate,Low,Control,63.1,56.0,7.1,Non-Responder
4627,27,50,Male,Moderate,High,Control,54.1,35.5,18.6,Responder
4628,10,45,Female,Severe,Low,Treatment,61.9,43.3,18.6,Responder
4629,20,56,Female,Moderate,Low,Control,55.6,52.2,3.4,Non-Responder
4630,15,55,Male,Moderate,Low,Treatment,67.1,48.9,18.2,Responder
4631,27,52,Male,Mild,Medium,Control,50.1,26.6,23.5,Responder
4632,36,40,Male,Severe,Medium,Treatment,55.0,42.3,12.7,Responder
4633,3,58,Male,Moderate,Medium,Treatment,61.1,45.5,15.6,Responder
4634,30,67,Male,Moderate,Low,Control,71.6,68.1,3.5,Non-Responder
4635,35,74,Female,Mild,Medium,Control,59.8,58.2,1.6,Non-Responder
4636,32,45,Male,Moderate,High,Control,58.2,40.1,18.1,Responder
4637,24,52,Male,Moderate,Low,Control,48.4,37.0,11.4,Responder
4638,31,54,Male,Moderate,Medium,Control,62.0,52.6,9.4,Non-Responder
4639,15,67,Female,Mild,Low,Control,69.9,66.8,3.1,Non-Responder
4640,17,56,Female,Mild,Medium,Control,68.4,60.7,7.7,Non-Responder
4641,32,49,Male,Moderate,Medium,Control,54.2,48.6,5.6,Non-Responder
4642,38,69,Female,Severe,Low,Control,54.5,41.6,12.9,Responder
4643,25,71,Female,Moderate,Medium,Control,53.7,36.1,17.6,Responder
4644,23,34,Female,Severe,High,Treatment,74.7,48.7,26.0,Responder
4645,8,63,Male,Mild,Low,Treatment,51.6,33.3,18.3,Responder
4646,12,43,Male,Moderate,Medium,Treatment,89.8,75.6,14.2,Responder
4647,3,50,Female,Severe,Medium,Control,75.7,66.0,9.7,Non-Responder
4648,2,44,Female,Moderate,Low,Control,77.4,67.3,10.1,Responder
4649,26,48,Female,Severe,Low,Control,70.5,51.3,19.2,Responder
4650,6,61,Male,Moderate,High,Control,67.2,50.6,16.6,Responder
4651,18,40,Male,Severe,Medium,Control,69.8,73.1,-3.3,Non-Responder
4652,13,34,Male,Moderate,Medium,Treatment,54.6,46.3,8.3,Non-Responder
4653,12,37,Male,Moderate,High,Treatment,52.0,39.5,12.5,Responder
4654,23,54,Male,Moderate,Medium,Treatment,47.2,29.0,18.2,Responder
4655,40,55,Male,Severe,Low,Treatment,73.9,73.7,0.2,Non-Responder
4656,14,38,Male,Mild,High,Control,68.1,64.4,3.7,Non-Responder
4657,36,54,Female,Moderate,Medium,Control,65.0,53.2,11.8,Responder
4658,18,33,Female,Mild,Low,Control,57.2,33.1,24.1,Responder
4659,26,49,Male,Moderate,Low,Control,49.2,36.4,12.8,Responder
4660,28,34,Female,Severe,Low,Control,82.9,74.4,8.5,Non-Responder
4661,29,43,Male,Moderate,High,Treatment,59.1,46.0,13.1,Responder
4662,36,61,Female,Mild,Medium,Treatment,62.2,43.7,18.5,Responder
4663,3,65,Female,Severe,Medium,Treatment,76.4,54.9,21.5,Responder
4664,14,50,Male,Moderate,High,Treatment,63.3,60.4,2.9,Non-Responder
4665,17,42,Male,Moderate,Low,Control,64.0,62.8,1.2,Non-Responder
4666,19,68,Female,Moderate,Low,Control,66.9,48.8,18.1,Responder
4667,13,32,Male,Moderate,Low,Treatment,51.2,43.4,7.8,Non-Responder
4668,33,34,Male,Moderate,High,Control,78.6,66.6,12.0,Responder
4669,6,37,Male,Mild,Medium,Control,55.9,54.1,1.8,Non-Responder
4670,40,68,Female,Severe,Medium,Control,73.2,62.3,10.9,Responder
4671,17,49,Male,Mild,Medium,Treatment,53.4,20.5,32.9,Responder
4672,25,42,Male,Moderate,Medium,Treatment,78.3,67.6,10.7,Responder
4673,2,51,Female,Moderate,Low,Treatment,74.1,80.6,-6.5,Non-Responder
4674,3,59,Male,Moderate,Low,Control,57.0,61.8,-4.8,Non-Responder
4675,27,49,Male,Mild,High,Treatment,53.7,37.0,16.7,Responder
4676,5,63,Female,Moderate,Medium,Control,51.7,41.4,10.3,Responder
4677,6,60,Male,Moderate,Low,Control,57.2,35.1,22.1,Responder
4678,25,42,Male,Mild,Low,Treatment,55.2,31.8,23.4,Responder
4679,29,48,Male,Mild,Medium,Treatment,68.8,56.6,12.2,Responder
4680,1,56,Male,Mild,Low,Control,70.9,69.5,1.4,Non-Responder
4681,19,57,Male,Moderate,High,Treatment,75.7,63.3,12.4,Responder
4682,23,29,Female,Severe,Medium,Treatment,73.0,51.4,21.6,Responder
4683,33,32,Female,Moderate,Medium,Treatment,70.5,55.3,15.2,Responder
4684,25,66,Male,Severe,Low,Treatment,62.1,54.9,7.2,Non-Responder
4685,11,39,Female,Moderate,High,Treatment,57.5,48.9,8.6,Non-Responder
4686,23,50,Female,Moderate,Low,Control,75.3,74.8,0.5,Non-Responder
4687,24,75,Female,Moderate,Medium,Control,61.9,56.0,5.9,Non-Responder
4688,18,45,Male,Severe,High,Control,75.5,77.4,-1.9,Non-Responder
4689,36,59,Female,Severe,Medium,Control,82.5,74.2,8.3,Non-Responder
4690,4,77,Female,Moderate,Medium,Treatment,60.5,46.2,14.3,Responder
4691,6,62,Female,Moderate,Low,Control,59.6,54.4,5.2,Non-Responder
4692,14,60,Male,Moderate,Medium,Treatment,61.4,51.5,9.9,Non-Responder
4693,3,44,Male,Mild,Low,Control,55.4,51.9,3.5,Non-Responder
4694,35,75,Female,Mild,Low,Treatment,50.1,36.6,13.5,Responder
4695,4,52,Male,Mild,Low,Treatment,46.6,20.3,26.3,Responder
4696,9,52,Male,Mild,High,Control,53.9,53.2,0.7,Non-Responder
4697,14,38,Male,Moderate,Low,Treatment,68.4,44.1,24.3,Responder
4698,17,45,Male,Moderate,High,Treatment,69.9,60.1,9.8,Non-Responder
4699,22,50,Male,Moderate,Medium,Treatment,46.1,29.7,16.4,Responder
4700,9,60,Female,Moderate,Medium,Treatment,58.3,45.4,12.9,Responder
4701,40,64,Female,Moderate,High,Treatment,47.4,53.7,-6.3,Non-Responder
4702,35,64,Female,Moderate,Medium,Control,58.3,58.9,-0.6,Non-Responder
4703,9,38,Female,Severe,Medium,Treatment,71.7,43.8,27.9,Responder
4704,14,50,Female,Moderate,Low,Control,63.7,60.1,3.6,Non-Responder
4705,9,45,Female,Moderate,Low,Treatment,44.9,32.7,12.2,Responder
4706,27,79,Female,Mild,Low,Treatment,58.5,47.8,10.7,Responder
4707,14,61,Male,Moderate,Medium,Control,72.3,69.0,3.3,Non-Responder
4708,8,46,Female,Moderate,Low,Control,50.1,39.9,10.2,Responder
4709,21,44,Female,Mild,Low,Control,61.2,57.3,3.9,Non-Responder
4710,16,38,Female,Severe,Medium,Treatment,73.6,59.4,14.2,Responder
4711,23,56,Female,Mild,Medium,Control,58.7,53.1,5.6,Non-Responder
4712,12,46,Male,Moderate,Low,Treatment,48.6,33.1,15.5,Responder
4713,17,18,Female,Moderate,Low,Control,50.4,39.7,10.7,Responder
4714,13,46,Male,Severe,Medium,Treatment,77.8,58.5,19.3,Responder
4715,12,64,Male,Severe,Medium,Treatment,71.5,54.6,16.9,Responder
4716,4,48,Female,Severe,Low,Treatment,89.6,71.4,18.2,Responder
4717,29,82,Female,Mild,Low,Treatment,55.1,36.0,19.1,Responder
4718,15,52,Male,Moderate,Medium,Control,48.9,45.8,3.1,Non-Responder
4719,1,64,Female,Severe,Low,Treatment,68.6,36.2,32.4,Responder
4720,12,60,Male,Severe,Medium,Control,60.5,58.8,1.7,Non-Responder
4721,33,55,Female,Moderate,Low,Control,62.6,52.9,9.7,Non-Responder
4722,15,40,Female,Mild,Medium,Control,57.5,42.7,14.8,Responder
4723,31,48,Female,Moderate,Medium,Treatment,75.9,56.2,19.7,Responder
4724,16,56,Female,Mild,Low,Treatment,65.0,41.0,24.0,Responder
4725,33,57,Female,Moderate,High,Control,52.2,42.3,9.9,Non-Responder
4726,12,22,Male,Mild,Low,Treatment,46.6,28.0,18.6,Responder
4727,9,57,Female,Moderate,Medium,Treatment,42.2,37.6,4.6,Non-Responder
4728,12,59,Male,Moderate,High,Control,61.9,59.8,2.1,Non-Responder
4729,22,41,Female,Moderate,Medium,Treatment,83.1,83.8,-0.7,Non-Responder
4730,8,51,Female,Mild,Low,Control,67.6,58.8,8.8,Non-Responder
4731,19,69,Male,Mild,Medium,Treatment,53.6,38.6,15.0,Responder
4732,40,38,Female,Mild,High,Treatment,59.3,53.2,6.1,Non-Responder
4733,5,51,Male,Mild,Low,Treatment,57.7,51.6,6.1,Non-Responder
4734,40,52,Male,Mild,Medium,Treatment,43.8,26.6,17.2,Responder
4735,11,49,Male,Moderate,Medium,Treatment,77.5,57.0,20.5,Responder
4736,17,51,Female,Moderate,Low,Control,66.1,57.7,8.4,Non-Responder
4737,7,55,Female,Mild,Medium,Treatment,45.9,17.7,28.2,Responder
4738,10,73,Male,Moderate,Low,Treatment,66.1,51.6,14.5,Responder
4739,28,56,Male,Moderate,Medium,Control,54.0,45.4,8.6,Non-Responder
4740,22,46,Female,Moderate,High,Treatment,53.5,42.9,10.6,Responder
4741,14,41,Male,Mild,Medium,Control,49.0,42.0,7.0,Non-Responder
4742,7,56,Male,Severe,Medium,Control,82.8,68.6,14.2,Responder
4743,2,37,Male,Mild,Low,Control,73.2,65.3,7.9,Non-Responder
4744,32,57,Female,Moderate,High,Treatment,60.1,46.0,14.1,Responder
4745,4,47,Male,Moderate,Low,Control,65.1,44.7,20.4,Responder
4746,7,56,Male,Moderate,Medium,Treatment,66.1,63.7,2.4,Non-Responder
4747,9,51,Female,Moderate,Medium,Control,53.1,34.3,18.8,Responder
4748,9,54,Female,Moderate,High,Control,62.1,49.0,13.1,Responder
4749,27,47,Male,Mild,Low,Treatment,53.5,27.9,25.6,Responder
4750,24,46,Male,Moderate,Medium,Treatment,44.5,28.6,15.9,Responder
4751,36,68,Female,Moderate,High,Control,54.4,55.0,-0.6,Non-Responder
4752,13,48,Male,Moderate,High,Control,59.4,44.8,14.6,Responder
4753,5,49,Male,Mild,Low,Control,62.4,43.6,18.8,Responder
4754,24,55,Female,Moderate,High,Treatment,59.3,50.1,9.2,Non-Responder
4755,31,39,Female,Moderate,Medium,Treatment,46.5,34.1,12.4,Responder
4756,21,47,Female,Moderate,Low,Treatment,56.8,44.3,12.5,Responder
4757,20,53,Female,Moderate,Medium,Control,58.4,54.5,3.9,Non-Responder
4758,32,27,Female,Mild,Medium,Treatment,57.3,44.5,12.8,Responder
4759,9,57,Male,Moderate,Low,Control,78.6,62.1,16.5,Responder
4760,17,43,Female,Mild,Medium,Control,59.8,61.3,-1.5,Non-Responder
4761,15,39,Male,Moderate,Medium,Control,86.8,75.9,10.9,Responder
4762,22,56,Male,Moderate,Low,Treatment,45.9,23.9,22.0,Responder
4763,2,47,Male,Moderate,Low,Control,64.5,67.8,-3.3,Non-Responder
4764,37,68,Female,Severe,Low,Treatment,76.7,61.6,15.1,Responder
4765,37,45,Male,Severe,Medium,Control,76.1,77.7,-1.6,Non-Responder
4766,5,57,Male,Mild,Medium,Control,32.1,41.3,-9.2,Non-Responder
4767,20,49,Male,Severe,High,Treatment,77.8,60.8,17.0,Responder
4768,32,43,Male,Moderate,Medium,Control,63.0,72.4,-9.4,Non-Responder
4769,26,56,Female,Severe,Medium,Control,73.8,55.6,18.2,Responder
4770,31,49,Male,Moderate,High,Treatment,57.0,42.3,14.7,Responder
4771,28,31,Female,Moderate,Low,Control,66.4,48.7,17.7,Responder
4772,7,51,Female,Moderate,Medium,Treatment,47.8,39.4,8.4,Non-Responder
4773,8,71,Female,Moderate,Low,Control,49.6,34.1,15.5,Responder
4774,25,77,Female,Mild,Medium,Control,55.9,54.9,1.0,Non-Responder
4775,26,55,Male,Mild,Medium,Control,52.2,34.3,17.9,Responder
4776,22,61,Male,Severe,High,Control,64.6,49.9,14.7,Responder
4777,28,54,Female,Moderate,High,Control,46.0,33.0,13.0,Responder
4778,5,35,Male,Moderate,Medium,Control,64.6,64.8,-0.2,Non-Responder
4779,6,18,Male,Moderate,High,Treatment,72.3,58.0,14.3,Responder
4780,35,67,Female,Severe,Low,Control,71.0,55.9,15.1,Responder
4781,7,50,Male,Severe,Medium,Treatment,62.6,53.1,9.5,Non-Responder
4782,24,61,Female,Mild,High,Treatment,61.8,49.9,11.9,Responder
4783,18,46,Male,Moderate,Low,Treatment,57.1,55.7,1.4,Non-Responder
4784,38,41,Male,Severe,Medium,Control,79.5,77.4,2.1,Non-Responder
4785,21,71,Female,Moderate,Low,Control,70.4,67.8,2.6,Non-Responder
4786,21,28,Female,Severe,Low,Control,75.9,67.6,8.3,Non-Responder
4787,21,59,Female,Moderate,High,Control,66.6,61.2,5.4,Non-Responder
4788,13,66,Male,Mild,Low,Treatment,47.0,45.3,1.7,Non-Responder
4789,29,60,Female,Moderate,Low,Control,64.4,43.4,21.0,Responder
4790,27,35,Female,Moderate,Medium,Control,75.0,60.0,15.0,Responder
4791,21,45,Male,Moderate,High,Treatment,68.8,46.8,22.0,Responder
4792,36,56,Male,Moderate,Medium,Control,75.5,74.0,1.5,Non-Responder
4793,29,49,Male,Mild,High,Treatment,70.9,53.6,17.3,Responder
4794,33,63,Male,Mild,Low,Treatment,74.3,53.7,20.6,Responder
4795,25,63,Female,Moderate,Low,Treatment,42.7,34.6,8.1,Non-Responder
4796,28,67,Male,Moderate,Medium,Control,51.0,40.6,10.4,Responder
4797,18,60,Female,Mild,Low,Treatment,70.7,59.1,11.6,Responder
4798,22,40,Male,Severe,Medium,Control,79.4,64.3,15.1,Responder
4799,37,37,Male,Mild,Low,Treatment,60.4,51.9,8.5,Non-Responder
4800,31,53,Male,Moderate,Medium,Treatment,56.0,37.0,19.0,Responder
4801,8,44,Male,Moderate,Medium,Treatment,52.4,59.5,-7.1,Non-Responder
4802,36,68,Male,Severe,Medium,Control,72.8,62.2,10.6,Responder
4803,11,59,Male,Moderate,Low,Control,54.9,43.0,11.9,Responder
4804,35,75,Male,Moderate,Medium,Control,75.1,69.6,5.5,Non-Responder
4805,24,57,Male,Severe,Low,Control,62.7,52.8,9.9,Non-Responder
4806,2,55,Female,Mild,Medium,Treatment,59.5,43.1,16.4,Responder
4807,26,66,Male,Moderate,Medium,Treatment,60.7,40.8,19.9,Responder
4808,16,45,Female,Moderate,High,Treatment,64.8,45.0,19.8,Responder
4809,1,53,Female,Moderate,High,Control,67.1,61.3,5.8,Non-Responder
4810,15,42,Female,Mild,Low,Treatment,55.4,50.7,4.7,Non-Responder
4811,22,68,Female,Mild,Low,Control,58.9,56.7,2.2,Non-Responder
4812,26,47,Female,Mild,Low,Treatment,52.2,31.3,20.9,Responder
4813,39,52,Female,Severe,Medium,Treatment,70.3,56.9,13.4,Responder
4814,35,45,Female,Mild,Low,Control,56.3,68.1,-11.8,Non-Responder
4815,2,27,Female,Moderate,Medium,Control,80.0,69.0,11.0,Responder
4816,29,53,Male,Moderate,Low,Treatment,72.7,63.9,8.8,Non-Responder
4817,5,43,Female,Mild,Low,Control,49.0,40.9,8.1,Non-Responder
4818,22,68,Female,Mild,Medium,Control,39.8,36.5,3.3,Non-Responder
4819,16,71,Female,Moderate,Low,Treatment,77.0,58.2,18.8,Responder
4820,37,59,Male,Moderate,Medium,Control,72.1,58.6,13.5,Responder
4821,15,34,Female,Mild,Low,Treatment,39.9,41.8,-1.9,Non-Responder
4822,32,61,Male,Moderate,Low,Control,68.4,64.8,3.6,Non-Responder
4823,20,36,Male,Mild,Low,Treatment,64.0,45.4,18.6,Responder
4824,28,46,Female,Mild,Medium,Treatment,45.8,43.9,1.9,Non-Responder
4825,38,61,Male,Mild,Medium,Control,81.4,81.1,0.3,Non-Responder
4826,3,21,Male,Severe,Medium,Control,74.8,63.3,11.5,Responder
4827,23,64,Male,Moderate,Medium,Treatment,69.0,66.8,2.2,Non-Responder
4828,13,55,Female,Moderate,High,Control,58.2,46.6,11.6,Responder
4829,17,46,Female,Moderate,Medium,Control,68.1,64.1,4.0,Non-Responder
4830,26,48,Female,Severe,High,Control,89.9,76.7,13.2,Responder
4831,2,18,Female,Mild,High,Treatment,39.4,20.6,18.8,Responder
4832,9,46,Female,Moderate,Medium,Treatment,64.4,37.1,27.3,Responder
4833,39,46,Male,Severe,Medium,Treatment,82.6,74.2,8.4,Non-Responder
4834,20,35,Male,Moderate,High,Control,76.4,65.8,10.6,Responder
4835,39,44,Female,Moderate,Medium,Treatment,56.3,28.2,28.1,Responder
4836,31,45,Male,Moderate,Medium,Treatment,46.5,24.4,22.1,Responder
4837,37,54,Male,Moderate,Medium,Treatment,80.9,52.7,28.2,Responder
4838,31,50,Male,Moderate,Low,Treatment,76.5,67.5,9.0,Non-Responder
4839,2,59,Male,Moderate,Medium,Control,41.9,42.6,-0.7,Non-Responder
4840,35,40,Male,Severe,Low,Control,69.8,69.2,0.6,Non-Responder
4841,1,29,Female,Severe,Low,Control,81.5,72.0,9.5,Non-Responder
4842,27,50,Male,Mild,Medium,Control,64.4,63.2,1.2,Non-Responder
4843,13,30,Female,Severe,Medium,Treatment,67.9,48.1,19.8,Responder
4844,34,44,Male,Mild,Low,Control,59.0,59.3,-0.3,Non-Responder
4845,22,48,Female,Mild,Low,Control,61.7,59.3,2.4,Non-Responder
4846,24,82,Female,Moderate,Low,Treatment,56.1,48.4,7.7,Non-Responder
4847,3,48,Female,Severe,Medium,Treatment,69.6,56.9,12.7,Responder
4848,34,28,Male,Moderate,High,Treatment,69.3,67.7,1.6,Non-Responder
4849,17,33,Male,Moderate,Medium,Control,52.8,46.4,6.4,Non-Responder
4850,22,60,Female,Moderate,Medium,Treatment,57.4,38.1,19.3,Responder
4851,2,61,Male,Moderate,Low,Control,69.7,55.8,13.9,Responder
4852,37,60,Male,Mild,Medium,Control,58.5,50.1,8.4,Non-Responder
4853,18,47,Female,Severe,Medium,Treatment,88.2,75.7,12.5,Responder
4854,5,64,Female,Severe,Low,Control,75.1,79.2,-4.1,Non-Responder
4855,14,45,Male,Severe,High,Control,83.0,84.9,-1.9,Non-Responder
4856,12,60,Male,Mild,High,Control,67.0,64.8,2.2,Non-Responder
4857,32,62,Female,Moderate,Low,Treatment,73.4,57.8,15.6,Responder
4858,16,35,Male,Mild,Medium,Treatment,56.7,50.8,5.9,Non-Responder
4859,37,64,Female,Mild,Low,Treatment,58.3,35.5,22.8,Responder
4860,31,53,Female,Moderate,Medium,Treatment,58.8,43.0,15.8,Responder
4861,9,53,Female,Moderate,Low,Treatment,54.3,33.3,21.0,Responder
4862,27,56,Male,Mild,Low,Control,51.9,43.0,8.9,Non-Responder
4863,2,47,Female,Moderate,Medium,Control,77.5,69.0,8.5,Non-Responder
4864,30,61,Female,Moderate,Low,Control,65.7,57.7,8.0,Non-Responder
4865,6,65,Female,Moderate,Medium,Treatment,43.1,34.9,8.2,Non-Responder
4866,15,66,Female,Moderate,Low,Control,63.0,47.7,15.3,Responder
4867,23,43,Male,Mild,Low,Control,47.9,33.3,14.6,Responder
4868,25,50,Female,Moderate,Medium,Control,73.6,63.6,10.0,Responder
4869,17,57,Male,Moderate,Medium,Control,66.5,64.4,2.1,Non-Responder
4870,34,47,Female,Moderate,Low,Treatment,67.0,36.3,30.7,Responder
4871,30,50,Female,Mild,Medium,Treatment,72.1,47.3,24.8,Responder
4872,27,36,Male,Mild,Low,Control,52.1,41.5,10.6,Responder
4873,25,55,Female,Moderate,Low,Treatment,72.0,49.4,22.6,Responder
4874,35,67,Male,Mild,Low,Treatment,54.9,44.0,10.9,Responder
4875,14,55,Male,Severe,Medium,Treatment,64.7,40.7,24.0,Responder
4876,8,60,Male,Severe,Low,Control,74.4,64.0,10.4,Responder
4877,39,52,Male,Severe,Low,Control,76.4,54.5,21.9,Responder
4878,11,63,Female,Moderate,High,Treatment,61.0,57.7,3.3,Non-Responder
4879,12,53,Female,Severe,Low,Control,69.8,60.8,9.0,Non-Responder
4880,32,64,Male,Mild,Low,Control,60.9,48.2,12.7,Responder
4881,20,47,Male,Moderate,Medium,Control,58.4,45.9,12.5,Responder
4882,23,56,Male,Moderate,High,Control,53.7,53.5,0.2,Non-Responder
4883,29,67,Female,Moderate,Low,Control,67.4,67.7,-0.3,Non-Responder
4884,27,56,Female,Mild,Medium,Control,48.2,29.8,18.4,Responder
4885,40,34,Female,Severe,High,Control,58.8,53.9,4.9,Non-Responder
4886,24,32,Male,Moderate,Low,Treatment,54.2,31.9,22.3,Responder
4887,14,24,Female,Mild,Medium,Treatment,57.3,38.7,18.6,Responder
4888,30,65,Male,Mild,Low,Control,75.5,77.6,-2.1,Non-Responder
4889,16,53,Female,Moderate,High,Treatment,50.9,38.7,12.2,Responder
4890,20,53,Male,Mild,Medium,Control,56.8,45.3,11.5,Responder
4891,38,18,Male,Mild,Medium,Control,51.4,40.0,11.4,Responder
4892,33,54,Female,Moderate,Low,Treatment,66.6,50.3,16.3,Responder
4893,24,74,Female,Mild,Medium,Control,65.4,62.5,2.9,Non-Responder
4894,19,66,Female,Moderate,Low,Control,70.8,58.0,12.8,Responder
4895,6,53,Female,Mild,Medium,Control,71.8,69.5,2.3,Non-Responder
4896,28,47,Female,Moderate,Low,Control,76.0,68.6,7.4,Non-Responder
4897,3,72,Female,Moderate,Low,Control,44.3,27.0,17.3,Responder
4898,26,48,Female,Mild,Low,Treatment,56.5,46.8,9.7,Non-Responder
4899,24,55,Female,Moderate,Low,Treatment,58.3,34.3,24.0,Responder
4900,18,55,Female,Moderate,Medium,Treatment,75.0,65.1,9.9,Non-Responder
4901,17,64,Female,Moderate,Low,Control,68.7,62.2,6.5,Non-Responder
4902,7,60,Male,Moderate,High,Treatment,49.4,40.4,9.0,Non-Responder
4903,20,60,Male,Moderate,Medium,Control,78.3,64.8,13.5,Responder
4904,8,53,Female,Moderate,Medium,Treatment,53.8,37.6,16.2,Responder
4905,33,57,Female,Severe,Low,Treatment,77.9,63.8,14.1,Responder
4906,25,49,Male,Moderate,Medium,Treatment,80.1,65.5,14.6,Responder
4907,27,54,Female,Mild,Low,Control,54.0,50.8,3.2,Non-Responder
4908,15,44,Female,Moderate,High,Control,54.7,46.0,8.7,Non-Responder
4909,20,51,Female,Severe,Low,Treatment,64.7,57.6,7.1,Non-Responder
4910,15,42,Male,Mild,Medium,Control,44.9,40.1,4.8,Non-Responder
4911,27,33,Female,Moderate,Low,Treatment,58.9,41.1,17.8,Responder
4912,15,62,Male,Moderate,Medium,Treatment,35.8,27.6,8.2,Non-Responder
4913,29,31,Male,Moderate,Medium,Treatment,69.1,55.3,13.8,Responder
4914,35,47,Female,Mild,High,Control,49.9,64.1,-14.2,Non-Responder
4915,19,74,Male,Moderate,Medium,Control,58.4,54.5,3.9,Non-Responder
4916,10,59,Female,Mild,Low,Control,56.8,48.1,8.7,Non-Responder
4917,15,64,Male,Mild,Low,Control,80.0,81.1,-1.1,Non-Responder
4918,28,34,Male,Moderate,Medium,Control,67.1,55.0,12.1,Responder
4919,10,48,Female,Mild,Low,Control,30.6,27.9,2.7,Non-Responder
4920,7,41,Female,Moderate,Medium,Control,48.3,42.8,5.5,Non-Responder
4921,3,49,Male,Severe,Medium,Control,72.3,49.9,22.4,Responder
4922,18,42,Male,Mild,High,Treatment,57.6,56.7,0.9,Non-Responder
4923,5,58,Male,Mild,High,Treatment,51.4,43.0,8.4,Non-Responder
4924,12,52,Female,Mild,Low,Control,49.2,30.0,19.2,Responder
4925,11,41,Female,Moderate,Low,Treatment,63.6,49.6,14.0,Responder
4926,6,67,Male,Moderate,Low,Treatment,42.7,14.6,28.1,Responder
4927,4,42,Male,Moderate,Low,Treatment,61.1,45.3,15.8,Responder
4928,22,78,Female,Mild,Medium,Treatment,33.0,11.9,21.1,Responder
4929,34,50,Male,Moderate,Medium,Control,71.8,60.4,11.4,Responder
4930,11,47,Female,Mild,Medium,Control,42.0,27.9,14.1,Responder
4931,35,72,Female,Mild,Low,Control,50.5,34.7,15.8,Responder
4932,27,43,Male,Mild,Medium,Control,61.6,46.4,15.2,Responder
4933,12,66,Female,Moderate,Low,Control,43.0,29.5,13.5,Responder
4934,21,46,Male,Mild,Low,Treatment,50.0,45.7,4.3,Non-Responder
4935,10,51,Female,Moderate,Low,Treatment,78.0,64.9,13.1,Responder
4936,7,27,Male,Moderate,Medium,Control,44.5,36.6,7.9,Non-Responder
4937,13,69,Male,Mild,Low,Treatment,44.9,28.1,16.8,Responder
4938,21,52,Female,Moderate,Medium,Treatment,34.5,19.6,14.9,Responder
4939,39,81,Female,Moderate,Low,Control,78.3,81.5,-3.2,Non-Responder
4940,9,34,Male,Mild,Medium,Treatment,48.7,43.7,5.0,Non-Responder
4941,35,46,Female,Severe,Low,Treatment,64.8,52.6,12.2,Responder
4942,9,32,Male,Moderate,Medium,Treatment,64.8,51.6,13.2,Responder
4943,33,36,Male,Moderate,Low,Treatment,62.6,44.7,17.9,Responder
4944,8,66,Male,Moderate,Medium,Treatment,52.4,44.2,8.2,Non-Responder
4945,37,44,Female,Moderate,Low,Treatment,53.3,38.9,14.4,Responder
4946,32,50,Male,Mild,Medium,Control,51.5,50.3,1.2,Non-Responder
4947,40,44,Female,Severe,High,Control,68.7,65.3,3.4,Non-Responder
4948,38,56,Female,Mild,High,Treatment,67.2,58.9,8.3,Non-Responder
4949,1,42,Female,Severe,High,Control,83.6,74.7,8.9,Non-Responder
4950,9,24,Female,Mild,Medium,Treatment,42.2,17.6,24.6,Responder
4951,21,55,Male,Severe,High,Treatment,71.5,48.0,23.5,Responder
4952,10,53,Male,Moderate,Low,Control,64.6,62.1,2.5,Non-Responder
4953,30,62,Male,Moderate,Medium,Treatment,63.5,51.4,12.1,Responder
4954,34,71,Female,Moderate,High,Treatment,63.9,40.9,23.0,Responder
4955,7,37,Male,Severe,Medium,Control,74.8,62.8,12.0,Responder
4956,23,43,Female,Mild,Low,Control,32.0,22.2,9.8,Non-Responder
4957,35,52,Female,Moderate,Low,Control,69.4,69.6,-0.2,Non-Responder
4958,6,69,Female,Moderate,High,Control,68.0,59.7,8.3,Non-Responder
4959,14,47,Male,Mild,Medium,Control,63.0,61.1,1.9,Non-Responder
4960,20,50,Female,Mild,Medium,Control,58.5,47.4,11.1,Responder
4961,6,53,Male,Moderate,Low,Treatment,58.5,32.4,26.1,Responder
4962,7,63,Male,Moderate,Low,Control,88.4,78.9,9.5,Non-Responder
4963,19,33,Male,Moderate,Medium,Treatment,56.8,47.7,9.1,Non-Responder
4964,30,63,Female,Mild,Low,Control,56.6,35.9,20.7,Responder
4965,37,54,Male,Mild,Low,Treatment,49.4,35.9,13.5,Responder
4966,34,62,Female,Moderate,Low,Control,70.4,48.5,21.9,Responder
4967,25,59,Female,Mild,High,Treatment,55.9,44.3,11.6,Responder
4968,12,20,Female,Moderate,High,Control,68.0,53.1,14.9,Responder
4969,26,66,Female,Moderate,Low,Treatment,66.3,52.3,14.0,Responder
4970,30,65,Female,Mild,Medium,Control,47.8,16.4,31.4,Responder
4971,3,65,Female,Moderate,Medium,Treatment,75.8,59.4,16.4,Responder
4972,20,29,Female,Moderate,High,Control,59.9,59.1,0.8,Non-Responder
4973,34,41,Male,Moderate,Medium,Control,50.3,43.9,6.4,Non-Responder
4974,8,63,Male,Mild,Medium,Control,35.4,34.5,0.9,Non-Responder
4975,9,42,Male,Mild,Low,Control,69.3,64.4,4.9,Non-Responder
4976,28,18,Male,Moderate,Low,Treatment,68.9,55.2,13.7,Responder
4977,28,50,Female,Moderate,Low,Control,69.3,55.7,13.6,Responder
4978,3,42,Female,Severe,Low,Control,67.4,49.2,18.2,Responder
4979,25,37,Female,Severe,Medium,Control,80.1,64.1,16.0,Responder
4980,12,45,Female,Mild,Medium,Treatment,58.3,43.9,14.4,Responder
4981,27,30,Male,Mild,Medium,Treatment,41.4,39.3,2.1,Non-Responder
4982,1,60,Female,Mild,Medium,Treatment,66.3,50.4,15.9,Responder
4983,33,38,Female,Mild,Medium,Treatment,48.8,46.1,2.7,Non-Responder
4984,21,67,Male,Severe,Medium,Treatment,65.1,50.2,14.9,Responder
4985,10,55,Male,Moderate,Medium,Control,72.3,71.9,0.4,Non-Responder
4986,2,48,Male,Moderate,High,Control,54.4,48.6,5.8,Non-Responder
4987,9,82,Male,Mild,Low,Control,35.2,36.0,-0.8,Non-Responder
4988,33,67,Female,Severe,Low,Control,72.9,59.9,13.0,Responder
4989,13,73,Female,Moderate,Medium,Treatment,54.4,59.6,-5.2,Non-Responder
4990,20,63,Male,Moderate,Medium,Treatment,65.3,52.3,13.0,Responder
4991,31,52,Female,Moderate,Low,Control,68.5,75.4,-6.9,Non-Responder
4992,39,63,Male,Mild,Medium,Treatment,61.6,48.6,13.0,Responder
4993,7,65,Female,Moderate,Medium,Treatment,65.0,56.0,9.0,Non-Responder
4994,7,47,Female,Moderate,Medium,Control,72.7,63.8,8.9,Non-Responder
4995,10,45,Female,Severe,Medium,Control,76.9,58.4,18.5,Responder
4996,14,38,Female,Severe,Medium,Treatment,57.7,32.4,25.3,Responder
4997,24,25,Female,Moderate,Medium,Treatment,80.9,61.4,19.5,Responder
4998,11,62,Male,Mild,Low,Control,53.0,43.5,9.5,Non-Responder
4999,23,58,Female,Mild,Medium,Control,61.0,48.1,12.9,Responder
5000,8,47,Female,Moderate,Medium,Treatment,44.0,34.2,9.8,Non-Responder
5001,11,48,Male,Moderate,Low,Control,72.0,60.1,11.9,Responder
5002,38,38,Female,Severe,Medium,Treatment,69.0,58.4,10.6,Responder
5003,21,57,Female,Moderate,High,Treatment,59.3,39.5,19.8,Responder
5004,37,82,Female,Moderate,Low,Treatment,75.7,54.2,21.5,Responder
5005,19,44,Female,Mild,High,Control,60.3,54.1,6.2,Non-Responder
5006,31,55,Male,Mild,Medium,Treatment,72.5,61.5,11.0,Responder
5007,26,48,Female,Moderate,Low,Control,56.5,49.8,6.7,Non-Responder
5008,39,67,Female,Severe,Medium,Control,81.9,74.3,7.6,Non-Responder
5009,1,65,Female,Severe,Medium,Treatment,64.5,39.4,25.1,Responder
5010,12,66,Male,Mild,Medium,Treatment,39.6,20.8,18.8,Responder
5011,32,39,Female,Severe,Low,Control,65.8,44.1,21.7,Responder
5012,33,61,Female,Moderate,Medium,Control,48.3,19.6,28.7,Responder
5013,15,65,Female,Moderate,Medium,Treatment,54.7,40.9,13.8,Responder
5014,22,32,Male,Severe,Medium,Control,54.5,31.5,23.0,Responder
5015,8,75,Male,Mild,High,Treatment,33.9,29.0,4.9,Non-Responder
5016,37,50,Male,Mild,Medium,Treatment,47.1,27.7,19.4,Responder
5017,40,48,Male,Moderate,Medium,Treatment,61.9,48.8,13.1,Responder
5018,21,73,Female,Severe,Medium,Control,80.6,67.1,13.5,Responder
5019,19,39,Male,Severe,Medium,Treatment,65.1,51.0,14.1,Responder
5020,31,57,Female,Moderate,Medium,Treatment,62.0,47.3,14.7,Responder
5021,11,55,Female,Moderate,Low,Treatment,74.6,71.5,3.1,Non-Responder
5022,4,37,Male,Moderate,Low,Control,66.4,63.8,2.6,Non-Responder
5023,21,52,Male,Mild,Low,Control,66.4,72.4,-6.0,Non-Responder
5024,5,26,Male,Mild,High,Control,59.4,56.7,2.7,Non-Responder
5025,28,57,Female,Moderate,High,Treatment,60.0,35.7,24.3,Responder
5026,34,74,Male,Mild,Low,Treatment,44.5,39.8,4.7,Non-Responder
5027,20,58,Female,Severe,Medium,Treatment,55.1,37.8,17.3,Responder
5028,24,58,Female,Moderate,Low,Control,55.4,39.1,16.3,Responder
5029,4,52,Female,Moderate,Medium,Treatment,43.7,20.4,23.3,Responder
5030,18,33,Female,Moderate,Low,Treatment,80.0,66.1,13.9,Responder
5031,17,49,Female,Moderate,Low,Control,69.4,73.9,-4.5,Non-Responder
5032,32,70,Male,Mild,Low,Treatment,61.2,44.7,16.5,Responder
5033,38,50,Female,Severe,Low,Control,78.2,68.4,9.8,Non-Responder
5034,37,40,Male,Mild,Medium,Control,70.9,69.4,1.5,Non-Responder
5035,35,18,Male,Severe,Medium,Treatment,81.3,54.6,26.7,Responder
5036,8,40,Male,Moderate,High,Control,58.8,61.0,-2.2,Non-Responder
5037,30,79,Female,Severe,High,Treatment,63.1,44.9,18.2,Responder
5038,35,54,Female,Moderate,Low,Control,54.6,45.6,9.0,Non-Responder
5039,24,47,Male,Moderate,Low,Control,82.4,77.2,5.2,Non-Responder
5040,24,56,Male,Moderate,Medium,Treatment,60.9,49.6,11.3,Responder
5041,12,61,Female,Severe,Medium,Control,73.2,69.4,3.8,Non-Responder
5042,16,78,Male,Moderate,Low,Control,57.1,39.0,18.1,Responder
5043,24,53,Male,Mild,High,Treatment,42.7,17.0,25.7,Responder
5044,22,68,Male,Moderate,Medium,Control,71.0,62.5,8.5,Non-Responder
5045,2,56,Male,Severe,Low,Control,75.8,52.0,23.8,Responder
5046,7,41,Male,Moderate,Medium,Treatment,64.6,46.8,17.8,Responder
5047,8,64,Female,Mild,Low,Control,64.8,76.9,-12.1,Non-Responder
5048,3,56,Female,Moderate,Low,Control,64.6,55.9,8.7,Non-Responder
5049,17,35,Male,Moderate,High,Treatment,53.3,24.8,28.5,Responder
5050,12,72,Male,Severe,Medium,Treatment,71.0,55.6,15.4,Responder
5051,13,58,Female,Severe,Low,Control,72.1,68.5,3.6,Non-Responder
5052,8,37,Female,Moderate,Low,Control,55.8,42.1,13.7,Responder
5053,16,55,Male,Severe,Medium,Treatment,70.4,46.9,23.5,Responder
5054,35,44,Female,Severe,Low,Control,66.4,59.8,6.6,Non-Responder
5055,6,34,Female,Severe,Low,Treatment,65.1,55.4,9.7,Non-Responder
5056,15,42,Male,Moderate,Medium,Control,45.9,35.1,10.8,Responder
5057,26,20,Male,Moderate,Medium,Control,60.8,48.5,12.3,Responder
5058,21,58,Male,Moderate,Low,Control,59.9,40.1,19.8,Responder
5059,38,60,Female,Mild,Low,Control,42.2,40.1,2.1,Non-Responder
5060,13,66,Female,Moderate,Low,Control,51.5,44.3,7.2,Non-Responder
5061,24,62,Female,Mild,Medium,Control,68.6,62.5,6.1,Non-Responder
5062,17,48,Female,Mild,Low,Control,57.6,43.6,14.0,Responder
5063,40,80,Male,Moderate,Medium,Control,40.6,30.1,10.5,Responder
5064,31,50,Female,Moderate,Medium,Control,67.4,60.8,6.6,Non-Responder
5065,8,73,Male,Moderate,Medium,Treatment,69.0,56.4,12.6,Responder
5066,9,51,Male,Moderate,Low,Control,51.7,29.3,22.4,Responder
5067,7,30,Male,Moderate,Low,Control,69.4,60.1,9.3,Non-Responder
5068,2,66,Male,Moderate,Low,Control,62.4,53.6,8.8,Non-Responder
5069,15,53,Male,Mild,Low,Treatment,54.1,48.7,5.4,Non-Responder
5070,17,44,Male,Moderate,Low,Treatment,57.6,40.2,17.4,Responder
5071,2,49,Female,Mild,Medium,Treatment,60.6,39.2,21.4,Responder
5072,30,30,Male,Moderate,Low,Treatment,61.2,46.8,14.4,Responder
5073,37,56,Male,Moderate,Low,Treatment,58.3,54.6,3.7,Non-Responder
5074,35,54,Female,Moderate,Medium,Control,57.8,42.3,15.5,Responder
5075,25,47,Male,Mild,Low,Treatment,48.3,29.9,18.4,Responder
5076,5,72,Female,Moderate,Medium,Control,68.0,63.8,4.2,Non-Responder
5077,40,32,Male,Moderate,Medium,Treatment,67.5,74.0,-6.5,Non-Responder
5078,7,80,Male,Severe,Medium,Control,59.9,43.0,16.9,Responder
5079,20,64,Male,Moderate,High,Treatment,71.1,56.2,14.9,Responder
5080,24,59,Female,Mild,Low,Treatment,41.6,24.5,17.1,Responder
5081,27,45,Female,Moderate,Medium,Treatment,57.2,24.9,32.3,Responder
5082,39,45,Male,Mild,Medium,Control,57.6,63.3,-5.7,Non-Responder
5083,29,49,Female,Moderate,Medium,Control,40.6,30.8,9.8,Non-Responder
5084,34,59,Male,Severe,Low,Treatment,73.7,55.3,18.4,Responder
5085,20,46,Male,Moderate,Low,Control,34.7,17.2,17.5,Responder
5086,18,44,Male,Mild,Low,Control,58.6,57.4,1.2,Non-Responder
5087,6,81,Male,Moderate,Low,Control,42.2,43.4,-1.2,Non-Responder
5088,13,65,Female,Moderate,Low,Control,61.9,57.3,4.6,Non-Responder
5089,23,69,Male,Mild,Low,Treatment,53.4,44.2,9.2,Non-Responder
5090,2,40,Male,Moderate,Low,Control,43.5,39.8,3.7,Non-Responder
5091,16,27,Female,Severe,Medium,Control,78.8,67.6,11.2,Responder
5092,18,57,Female,Moderate,Low,Treatment,68.9,45.9,23.0,Responder
5093,21,42,Female,Mild,Low,Control,55.9,48.8,7.1,Non-Responder
5094,38,73,Female,Moderate,Medium,Control,60.1,58.0,2.1,Non-Responder
5095,33,46,Male,Mild,Medium,Control,66.5,57.4,9.1,Non-Responder
5096,22,64,Male,Moderate,Medium,Treatment,58.8,45.0,13.8,Responder
5097,17,50,Male,Moderate,Low,Treatment,47.2,20.7,26.5,Responder
5098,33,58,Female,Mild,Medium,Control,52.3,45.4,6.9,Non-Responder
5099,28,41,Male,Moderate,High,Treatment,42.6,18.9,23.7,Responder
5100,13,30,Female,Moderate,High,Control,57.8,52.8,5.0,Non-Responder
5101,20,81,Male,Moderate,Medium,Treatment,89.2,81.6,7.6,Non-Responder
5102,2,44,Female,Mild,Medium,Treatment,72.3,64.6,7.7,Non-Responder
5103,7,44,Female,Moderate,Medium,Treatment,76.1,52.6,23.5,Responder
5104,38,71,Female,Moderate,Low,Treatment,58.2,39.5,18.7,Responder
5105,19,61,Female,Severe,Low,Treatment,86.6,64.9,21.7,Responder
5106,19,52,Female,Mild,Medium,Treatment,59.4,38.5,20.9,Responder
5107,2,47,Female,Severe,Low,Treatment,84.0,58.1,25.9,Responder
5108,20,61,Male,Moderate,Low,Treatment,62.1,55.6,6.5,Non-Responder
5109,12,56,Male,Moderate,Low,Treatment,62.1,55.3,6.8,Non-Responder
5110,1,49,Female,Mild,Medium,Treatment,59.4,51.1,8.3,Non-Responder
5111,34,54,Male,Mild,Low,Control,55.8,54.0,1.8,Non-Responder
5112,16,61,Female,Mild,Medium,Treatment,54.3,55.5,-1.2,Non-Responder
5113,8,58,Male,Mild,Medium,Control,60.2,46.4,13.8,Responder
5114,30,55,Male,Severe,Medium,Treatment,71.9,51.9,20.0,Responder
5115,26,52,Female,Moderate,Medium,Control,51.1,41.4,9.7,Non-Responder
5116,23,69,Female,Moderate,Low,Control,58.3,46.9,11.4,Responder
5117,17,44,Male,Severe,Low,Treatment,74.1,56.9,17.2,Responder
5118,36,65,Female,Moderate,Medium,Treatment,61.6,49.0,12.6,Responder
5119,33,44,Male,Moderate,Medium,Control,67.7,51.8,15.9,Responder
5120,5,69,Male,Moderate,High,Treatment,33.7,10.5,23.2,Responder
5121,38,68,Male,Moderate,Medium,Control,81.0,77.5,3.5,Non-Responder
5122,36,47,Male,Moderate,Medium,Control,41.4,34.7,6.7,Non-Responder
5123,25,60,Male,Mild,Low,Treatment,53.8,55.5,-1.7,Non-Responder
5124,1,45,Male,Severe,Medium,Control,75.9,77.9,-2.0,Non-Responder
5125,23,53,Female,Moderate,High,Control,79.1,62.3,16.8,Responder
5126,29,39,Female,Mild,Medium,Treatment,53.4,33.8,19.6,Responder
5127,31,62,Female,Severe,Medium,Control,61.5,54.0,7.5,Non-Responder
5128,29,74,Female,Mild,Low,Control,46.9,37.0,9.9,Non-Responder
5129,20,43,Male,Moderate,Low,Control,64.5,57.3,7.2,Non-Responder
5130,4,48,Male,Moderate,High,Control,62.0,49.5,12.5,Responder
5131,2,49,Male,Moderate,Low,Treatment,54.7,39.7,15.0,Responder
5132,18,40,Female,Severe,High,Control,59.0,45.3,13.7,Responder
5133,40,44,Female,Moderate,Low,Treatment,53.0,33.5,19.5,Responder
5134,35,60,Male,Mild,Medium,Control,56.1,50.3,5.8,Non-Responder
5135,2,72,Male,Severe,Low,Treatment,63.2,38.8,24.4,Responder
5136,12,24,Male,Moderate,Low,Control,57.7,45.9,11.8,Responder
5137,23,33,Female,Moderate,Medium,Control,77.3,79.0,-1.7,Non-Responder
5138,1,47,Female,Moderate,High,Control,91.5,75.4,16.1,Responder
5139,13,36,Male,Severe,Low,Treatment,89.0,74.2,14.8,Responder
5140,16,52,Male,Moderate,Low,Control,85.5,85.2,0.3,Non-Responder
5141,20,58,Female,Moderate,Low,Control,55.2,44.8,10.4,Responder
5142,12,33,Male,Moderate,Low,Control,59.8,42.6,17.2,Responder
5143,29,61,Male,Moderate,Medium,Control,50.8,26.3,24.5,Responder
5144,16,54,Male,Moderate,High,Treatment,57.8,48.4,9.4,Non-Responder
5145,15,57,Female,Moderate,Medium,Treatment,65.8,59.4,6.4,Non-Responder
5146,5,43,Female,Severe,Low,Treatment,72.9,62.8,10.1,Responder
5147,25,30,Male,Severe,Medium,Treatment,89.0,70.5,18.5,Responder
5148,12,69,Female,Mild,Medium,Treatment,60.0,58.1,1.9,Non-Responder
5149,30,52,Female,Severe,Medium,Treatment,86.4,75.0,11.4,Responder
5150,11,66,Male,Severe,Medium,Treatment,65.5,63.6,1.9,Non-Responder
5151,30,57,Female,Severe,Medium,Treatment,64.4,27.7,36.7,Responder
5152,16,65,Female,Mild,Low,Treatment,42.8,33.4,9.4,Non-Responder
5153,25,50,Male,Severe,Low,Treatment,75.4,59.5,15.9,Responder
5154,7,51,Male,Mild,Medium,Treatment,59.7,51.0,8.7,Non-Responder
5155,31,72,Male,Moderate,Unknown,Control,53.3,44.9,8.4,Non-Responder
5156,32,53,Female,Moderate,Low,Control,59.8,48.1,11.7,Responder
5157,29,57,Female,Mild,Low,Treatment,64.6,71.8,-7.2,Non-Responder
5158,31,58,Female,Moderate,Medium,Control,57.2,51.2,6.0,Non-Responder
5159,24,62,Female,Moderate,High,Treatment,80.3,65.3,15.0,Responder
5160,28,54,Female,Mild,Medium,Control,44.4,40.4,4.0,Non-Responder
5161,13,47,Female,Moderate,Low,Treatment,68.8,51.5,17.3,Responder
5162,20,36,Female,Mild,Low,Treatment,52.1,41.4,10.7,Responder
5163,38,82,Male,Moderate,Medium,Treatment,60.5,43.6,16.9,Responder
5164,32,46,Female,Mild,Unknown,Treatment,73.5,57.6,15.9,Responder
5165,19,56,Male,Severe,Low,Control,83.0,73.0,10.0,Responder
5166,40,53,Female,Moderate,Low,Treatment,70.1,66.9,3.2,Non-Responder
5167,15,57,Male,Moderate,Medium,Treatment,59.1,46.8,12.3,Responder
5168,18,52,Male,Mild,Low,Treatment,57.8,40.0,17.8,Responder
5169,38,34,Female,Moderate,Low,Control,87.5,80.7,6.8,Non-Responder
5170,22,46,Male,Moderate,Medium,Treatment,55.7,36.6,19.1,Responder
5171,5,46,Female,Severe,Medium,Treatment,90.1,56.1,34.0,Responder
5172,32,75,Male,Severe,Low,Treatment,75.4,62.0,13.4,Responder
5173,24,53,Female,Mild,Medium,Control,69.1,66.0,3.1,Non-Responder
5174,23,61,Male,Moderate,High,Control,59.8,44.7,15.1,Responder
5175,32,41,Female,Severe,Low,Treatment,75.9,59.6,16.3,Responder
5176,16,58,Female,Moderate,Medium,Control,52.3,43.5,8.8,Non-Responder
5177,8,56,Male,Severe,Medium,Treatment,61.7,48.8,12.9,Responder
5178,4,40,Male,Mild,Low,Control,48.6,38.0,10.6,Responder
5179,23,68,Female,Mild,Low,Treatment,63.7,46.0,17.7,Responder
5180,17,29,Female,Moderate,Medium,Treatment,66.2,38.0,28.2,Responder
5181,3,22,Male,Mild,Low,Control,60.8,39.8,21.0,Responder
5182,31,49,Male,Mild,Medium,Control,53.1,46.2,6.9,Non-Responder
5183,5,47,Female,Severe,Medium,Control,72.7,66.0,6.7,Non-Responder
5184,27,62,Female,Moderate,High,Treatment,71.9,48.0,23.9,Responder
5185,11,51,Female,Mild,Medium,Treatment,61.9,55.3,6.6,Non-Responder
5186,17,38,Male,Mild,Medium,Control,59.1,54.5,4.6,Non-Responder
5187,27,56,Male,Moderate,Medium,Control,77.8,62.1,15.7,Responder
5188,5,61,Female,Mild,Medium,Control,69.1,62.5,6.6,Non-Responder
5189,8,57,Female,Mild,Medium,Treatment,45.1,20.5,24.6,Responder
5190,10,55,Female,Mild,Medium,Control,36.5,25.0,11.5,Responder
5191,13,44,Female,Moderate,Medium,Treatment,51.1,19.3,31.8,Responder
5192,11,41,Female,Mild,Low,Treatment,61.9,40.6,21.3,Responder
5193,15,60,Female,Moderate,Medium,Control,63.4,61.5,1.9,Non-Responder
5194,18,54,Female,Moderate,Medium,Treatment,60.7,51.2,9.5,Non-Responder
5195,29,61,Female,Mild,High,Treatment,64.4,57.2,7.2,Non-Responder
5196,21,57,Male,Severe,Medium,Treatment,70.8,45.8,25.0,Responder
5197,36,58,Male,Moderate,Low,Control,68.7,69.7,-1.0,Non-Responder
5198,39,64,Female,Severe,Low,Control,62.7,68.8,-6.1,Non-Responder
5199,37,52,Female,Mild,Low,Treatment,76.0,54.9,21.1,Responder
5200,22,66,Female,Moderate,High,Treatment,68.1,61.7,6.4,Non-Responder
5201,14,37,Female,Moderate,Medium,Treatment,56.5,32.2,24.3,Responder
5202,3,62,Male,Severe,Medium,Control,79.1,74.6,4.5,Non-Responder
5203,17,54,Male,Moderate,Medium,Control,66.8,68.4,-1.6,Non-Responder
5204,33,43,Female,Moderate,Medium,Treatment,74.4,64.4,10.0,Responder
5205,36,75,Male,Moderate,Low,Treatment,78.1,71.5,6.6,Non-Responder
5206,18,58,Male,Mild,Low,Control,59.6,46.5,13.1,Responder
5207,22,44,Female,Moderate,Medium,Treatment,85.7,65.7,20.0,Responder
5208,11,55,Male,Mild,Medium,Control,49.7,39.3,10.4,Responder
5209,32,70,Female,Moderate,High,Treatment,57.9,33.6,24.3,Responder
5210,40,68,Male,Moderate,Low,Control,64.3,64.9,-0.6,Non-Responder
5211,26,44,Female,Moderate,Low,Treatment,60.7,56.3,4.4,Non-Responder
5212,17,56,Male,Mild,Medium,Treatment,47.1,38.1,9.0,Non-Responder
5213,6,48,Male,Moderate,Medium,Control,68.6,61.7,6.9,Non-Responder
5214,14,43,Female,Moderate,High,Treatment,68.0,63.1,4.9,Non-Responder
5215,35,42,Female,Moderate,Low,Control,58.2,39.0,19.2,Responder
5216,31,53,Female,Moderate,Low,Treatment,67.1,56.4,10.7,Responder
5217,8,43,Male,Moderate,Low,Treatment,73.3,63.6,9.7,Non-Responder
5218,5,44,Male,Moderate,Low,Control,84.1,76.1,8.0,Non-Responder
5219,25,55,Female,Moderate,Low,Control,65.4,61.1,4.3,Non-Responder
5220,25,58,Female,Severe,Medium,Control,66.1,67.9,-1.8,Non-Responder
5221,40,64,Female,Mild,Medium,Treatment,59.8,57.5,2.3,Non-Responder
5222,23,69,Male,Moderate,Low,Treatment,51.9,38.0,13.9,Responder
5223,29,74,Male,Severe,High,Treatment,89.7,76.6,13.1,Responder
5224,34,36,Female,Mild,Medium,Treatment,64.7,42.2,22.5,Responder
5225,19,19,Female,Mild,Medium,Treatment,53.8,46.0,7.8,Non-Responder
5226,25,47,Female,Mild,Medium,Treatment,57.9,55.5,2.4,Non-Responder
5227,40,39,Female,Mild,Low,Treatment,60.4,42.4,18.0,Responder
5228,8,29,Female,Mild,Low,Treatment,45.5,21.6,23.9,Responder
5229,2,42,Female,Mild,High,Treatment,56.4,43.6,12.8,Responder
5230,15,39,Female,Severe,Low,Treatment,70.8,48.3,22.5,Responder
5231,38,48,Male,Mild,Low,Treatment,76.0,55.4,20.6,Responder
5232,3,48,Female,Moderate,Low,Treatment,73.8,53.1,20.7,Responder
5233,1,48,Male,Mild,Medium,Control,76.0,63.3,12.7,Responder
5234,12,56,Male,Moderate,Medium,Control,72.9,64.8,8.1,Non-Responder
5235,26,60,Male,Moderate,Medium,Control,63.7,55.3,8.4,Non-Responder
5236,25,62,Female,Moderate,Medium,Treatment,69.6,47.5,22.1,Responder
5237,33,66,Male,Moderate,Medium,Treatment,68.2,46.7,21.5,Responder
5238,13,50,Male,Mild,Medium,Control,41.8,23.2,18.6,Responder
5239,40,55,Female,Moderate,Medium,Control,58.1,58.5,-0.4,Non-Responder
5240,40,67,Female,Moderate,Low,Control,51.9,30.7,21.2,Responder
5241,35,60,Male,Mild,Low,Control,37.4,37.9,-0.5,Non-Responder
5242,28,51,Female,Mild,Low,Control,48.1,38.7,9.4,Non-Responder
5243,16,63,Male,Moderate,Low,Control,71.9,60.4,11.5,Responder
5244,8,66,Female,Severe,Low,Control,62.0,62.3,-0.3,Non-Responder
5245,17,68,Female,Mild,Medium,Control,44.5,45.8,-1.3,Non-Responder
5246,2,70,Male,Moderate,Low,Treatment,65.2,41.8,23.4,Responder
5247,33,52,Male,Moderate,Medium,Treatment,44.7,19.6,25.1,Responder
5248,21,47,Female,Moderate,Low,Control,51.2,40.2,11.0,Responder
5249,14,18,Female,Mild,Low,Control,48.3,22.7,25.6,Responder
5250,16,64,Male,Moderate,Low,Treatment,52.3,31.2,21.1,Responder
5251,23,59,Male,Severe,Medium,Treatment,85.6,75.6,10.0,Responder
5252,34,61,Female,Mild,Medium,Treatment,43.2,35.4,7.8,Non-Responder
5253,15,71,Male,Moderate,Medium,Treatment,46.4,39.3,7.1,Non-Responder
5254,29,58,Female,Mild,Low,Control,59.2,42.6,16.6,Responder
5255,22,42,Male,Severe,Low,Control,85.0,74.9,10.1,Responder
5256,12,71,Female,Mild,Low,Control,71.8,65.0,6.8,Non-Responder
5257,26,58,Male,Moderate,Medium,Treatment,69.9,56.9,13.0,Responder
5258,7,66,Male,Mild,Medium,Control,51.8,54.7,-2.9,Non-Responder
5259,7,66,Female,Mild,High,Treatment,54.9,39.2,15.7,Responder
5260,9,66,Female,Moderate,Medium,Control,61.5,48.6,12.9,Responder
5261,35,57,Male,Mild,Medium,Control,48.7,34.3,14.4,Responder
5262,33,67,Male,Moderate,Low,Treatment,56.7,40.6,16.1,Responder
5263,36,54,Male,Mild,Low,Control,51.9,42.8,9.1,Non-Responder
5264,13,62,Female,Severe,Medium,Control,74.3,55.8,18.5,Responder
5265,31,37,Male,Severe,Medium,Control,85.1,73.2,11.9,Responder
5266,18,59,Female,Mild,Low,Control,49.8,38.6,11.2,Responder
5267,38,62,Female,Mild,Low,Treatment,76.2,60.7,15.5,Responder
5268,8,53,Female,Moderate,Medium,Treatment,53.6,41.9,11.7,Responder
5269,5,26,Male,Moderate,Medium,Treatment,67.7,62.6,5.1,Non-Responder
5270,9,46,Female,Moderate,Low,Control,51.5,45.9,5.6,Non-Responder
5271,26,37,Female,Mild,Medium,Treatment,39.3,15.8,23.5,Responder
5272,6,65,Male,Moderate,High,Treatment,75.1,68.0,7.1,Non-Responder
5273,27,54,Female,Severe,High,Control,68.4,63.7,4.7,Non-Responder
5274,9,45,Male,Mild,Low,Treatment,60.6,43.9,16.7,Responder
5275,32,51,Female,Mild,Low,Treatment,66.7,51.0,15.7,Responder
5276,35,41,Male,Mild,Low,Control,63.3,55.3,8.0,Non-Responder
5277,12,33,Male,Moderate,Medium,Treatment,70.7,53.1,17.6,Responder
5278,18,38,Male,Mild,Medium,Control,59.0,43.3,15.7,Responder
5279,40,59,Female,Moderate,High,Treatment,65.5,47.7,17.8,Responder
5280,5,44,Male,Severe,Medium,Treatment,93.0,75.9,17.1,Responder
5281,29,56,Male,Moderate,High,Treatment,76.5,54.0,22.5,Responder
5282,30,48,Male,Mild,Medium,Control,55.2,53.5,1.7,Non-Responder
5283,12,43,Male,Mild,High,Control,51.1,54.0,-2.9,Non-Responder
5284,12,35,Male,Mild,Medium,Control,44.1,42.6,1.5,Non-Responder
5285,29,66,Female,Moderate,Medium,Treatment,57.3,48.5,8.8,Non-Responder
5286,25,36,Male,Mild,Medium,Treatment,54.4,47.5,6.9,Non-Responder
5287,20,48,Female,Moderate,Medium,Treatment,66.1,54.6,11.5,Responder
5288,34,75,Female,Mild,Low,Control,40.4,16.8,23.6,Responder
5289,26,54,Male,Mild,High,Control,27.0,19.2,7.8,Non-Responder
5290,32,58,Female,Moderate,Medium,Treatment,88.7,88.5,0.2,Non-Responder
5291,15,54,Male,Moderate,Low,Control,44.5,50.4,-5.9,Non-Responder
5292,10,58,Female,Mild,Medium,Treatment,55.5,52.5,3.0,Non-Responder
5293,32,63,Female,Mild,Medium,Control,57.7,58.4,-0.7,Non-Responder
5294,7,52,Male,Moderate,High,Control,59.2,44.2,15.0,Responder
5295,36,65,Female,Mild,Medium,Control,42.6,23.4,19.2,Responder
5296,34,29,Male,Moderate,Low,Control,51.7,47.4,4.3,Non-Responder
5297,18,49,Male,Mild,Medium,Treatment,60.1,52.8,7.3,Non-Responder
5298,40,46,Female,Moderate,Medium,Treatment,61.5,55.9,5.6,Non-Responder
5299,8,51,Female,Severe,Low,Treatment,59.7,35.4,24.3,Responder
5300,30,48,Male,Moderate,High,Control,72.9,61.3,11.6,Responder
5301,28,42,Female,Mild,Low,Treatment,55.8,42.0,13.8,Responder
5302,24,48,Male,Moderate,Medium,Treatment,71.9,60.2,11.7,Responder
5303,10,45,Male,Moderate,Low,Control,72.6,64.1,8.5,Non-Responder
5304,17,61,Male,Mild,Medium,Control,57.8,60.4,-2.6,Non-Responder
5305,39,60,Male,Moderate,Low,Control,59.9,41.6,18.3,Responder
5306,9,48,Male,Moderate,Medium,Treatment,64.7,48.9,15.8,Responder
5307,16,45,Female,Moderate,Low,Control,66.0,56.0,10.0,Responder
5308,15,54,Male,Moderate,Low,Treatment,47.4,33.3,14.1,Responder
5309,15,63,Male,Mild,Low,Treatment,55.0,48.6,6.4,Non-Responder
5310,22,55,Female,Severe,Low,Control,90.4,80.3,10.1,Responder
5311,18,48,Female,Severe,High,Control,65.4,60.0,5.4,Non-Responder
5312,12,55,Male,Severe,Medium,Treatment,76.6,58.3,18.3,Responder
5313,11,41,Female,Moderate,Medium,Control,40.1,32.2,7.9,Non-Responder
5314,8,66,Female,Moderate,Medium,Treatment,51.9,30.2,21.7,Responder
5315,31,43,Female,Mild,High,Control,55.9,51.0,4.9,Non-Responder
5316,3,65,Male,Moderate,Medium,Treatment,56.5,51.0,5.5,Non-Responder
5317,23,60,Male,Severe,Medium,Control,53.5,43.6,9.9,Non-Responder
5318,6,58,Male,Moderate,Low,Treatment,59.3,35.6,23.7,Responder
5319,3,62,Female,Moderate,Low,Control,48.9,35.3,13.6,Responder
5320,17,37,Male,Severe,Medium,Control,67.0,64.7,2.3,Non-Responder
5321,4,69,Female,Moderate,Medium,Treatment,59.9,35.9,24.0,Responder
5322,18,65,Male,Moderate,Medium,Treatment,55.6,58.0,-2.4,Non-Responder
5323,27,82,Male,Severe,Low,Treatment,74.3,57.0,17.3,Responder
5324,39,45,Male,Moderate,Low,Control,74.6,58.3,16.3,Responder
5325,20,56,Female,Mild,Low,Control,51.0,44.9,6.1,Non-Responder
5326,27,62,Female,Mild,Low,Control,62.1,54.5,7.6,Non-Responder
5327,26,44,Male,Mild,Medium,Control,64.1,54.8,9.3,Non-Responder
5328,23,47,Female,Mild,Low,Treatment,44.1,23.0,21.1,Responder
5329,32,59,Female,Mild,Low,Control,60.6,54.5,6.1,Non-Responder
5330,7,68,Male,Mild,Medium,Control,44.8,52.7,-7.9,Non-Responder
5331,26,56,Female,Mild,Low,Control,50.9,33.6,17.3,Responder
5332,39,82,Female,Moderate,Low,Control,62.3,46.9,15.4,Responder
5333,38,59,Male,Moderate,Low,Treatment,51.8,27.9,23.9,Responder
5334,36,51,Female,Mild,Low,Treatment,50.7,33.4,17.3,Responder
5335,30,30,Female,Mild,Medium,Treatment,45.1,32.9,12.2,Responder
5336,15,54,Female,Moderate,Medium,Control,69.2,71.7,-2.5,Non-Responder
5337,21,38,Male,Mild,Low,Treatment,41.6,20.1,21.5,Responder
5338,22,65,Female,Mild,High,Control,48.1,48.7,-0.6,Non-Responder
5339,26,73,Female,Mild,High,Control,78.8,72.5,6.3,Non-Responder
5340,40,60,Female,Severe,High,Treatment,59.7,34.5,25.2,Responder
5341,20,52,Male,Moderate,Medium,Treatment,63.6,42.0,21.6,Responder
5342,3,44,Male,Mild,High,Treatment,48.2,28.2,20.0,Responder
5343,19,59,Male,Moderate,Low,Control,70.6,52.1,18.5,Responder
5344,20,58,Female,Severe,Low,Control,64.1,49.0,15.1,Responder
5345,6,63,Male,Severe,High,Control,69.7,62.8,6.9,Non-Responder
5346,18,51,Male,Severe,Low,Treatment,77.5,64.7,12.8,Responder
5347,17,28,Female,Severe,Medium,Treatment,82.4,69.7,12.7,Responder
5348,24,47,Female,Severe,Medium,Control,76.8,67.1,9.7,Non-Responder
5349,8,62,Female,Moderate,Low,Treatment,43.3,38.5,4.8,Non-Responder
5350,3,60,Male,Severe,Low,Treatment,59.6,47.1,12.5,Responder
5351,21,37,Female,Moderate,Low,Control,64.5,58.9,5.6,Non-Responder
5352,6,74,Female,Mild,Low,Treatment,63.2,51.3,11.9,Responder
5353,28,61,Male,Mild,Low,Control,60.8,56.4,4.4,Non-Responder
5354,20,42,Female,Moderate,Low,Treatment,69.0,61.5,7.5,Non-Responder
5355,12,57,Male,Mild,Medium,Treatment,42.7,32.6,10.1,Responder
5356,27,45,Male,Moderate,Medium,Control,43.4,33.8,9.6,Non-Responder
5357,28,60,Male,Moderate,Medium,Control,55.5,52.7,2.8,Non-Responder
5358,16,75,Female,Severe,Low,Control,64.3,50.8,13.5,Responder
5359,19,70,Female,Moderate,Low,Control,53.2,41.1,12.1,Responder
5360,30,63,Male,Mild,Medium,Control,44.0,41.8,2.2,Non-Responder
5361,35,61,Male,Moderate,Low,Treatment,54.9,44.7,10.2,Responder
5362,1,69,Female,Moderate,Low,Treatment,57.7,38.5,19.2,Responder
5363,25,52,Female,Mild,Low,Control,48.9,45.4,3.5,Non-Responder
5364,27,48,Male,Mild,Medium,Control,50.9,50.4,0.5,Non-Responder
5365,11,52,Female,Mild,High,Control,45.5,66.9,-21.4,Non-Responder
5366,36,46,Female,Mild,Low,Control,47.0,29.7,17.3,Responder
5367,37,55,Female,Moderate,Low,Treatment,58.7,38.3,20.4,Responder
5368,4,44,Female,Moderate,Low,Treatment,70.6,52.8,17.8,Responder
5369,35,47,Female,Mild,Low,Control,57.7,52.4,5.3,Non-Responder
5370,19,60,Male,Severe,Medium,Control,60.3,55.8,4.5,Non-Responder
5371,36,62,Female,Severe,Medium,Control,72.4,65.3,7.1,Non-Responder
5372,14,47,Male,Moderate,Low,Treatment,67.7,67.3,0.4,Non-Responder
5373,9,50,Female,Severe,Medium,Control,85.6,79.2,6.4,Non-Responder
5374,36,64,Male,Moderate,Low,Control,66.2,55.9,10.3,Responder
5375,38,58,Female,Mild,High,Treatment,60.5,47.7,12.8,Responder
5376,26,36,Female,Moderate,Medium,Control,57.6,54.6,3.0,Non-Responder
5377,9,40,Male,Moderate,Low,Control,67.3,51.2,16.1,Responder
5378,1,45,Female,Mild,Medium,Control,41.7,42.8,-1.1,Non-Responder
5379,31,40,Male,Mild,Medium,Control,52.2,24.7,27.5,Responder
5380,18,55,Male,Moderate,Medium,Treatment,73.9,46.7,27.2,Responder
5381,24,76,Male,Mild,Low,Control,54.0,38.0,16.0,Responder
5382,20,39,Male,Mild,Low,Treatment,60.0,37.1,22.9,Responder
5383,8,60,Male,Mild,Low,Control,52.9,47.6,5.3,Non-Responder
5384,6,48,Female,Moderate,Medium,Control,57.8,48.6,9.2,Non-Responder
5385,19,67,Male,Moderate,Medium,Control,57.4,54.5,2.9,Non-Responder
5386,38,37,Female,Moderate,Low,Control,54.6,41.1,13.5,Responder
5387,28,44,Female,Moderate,Medium,Treatment,78.8,58.4,20.4,Responder
5388,10,53,Female,Moderate,Medium,Treatment,58.5,38.3,20.2,Responder
5389,38,61,Female,Moderate,High,Control,41.8,26.2,15.6,Responder
5390,20,49,Male,Severe,Unknown,Treatment,50.9,27.3,23.6,Responder
5391,21,48,Male,Severe,Medium,Control,83.7,75.8,7.9,Non-Responder
5392,12,62,Female,Moderate,Low,Treatment,49.5,34.5,15.0,Responder
5393,20,34,Female,Moderate,Medium,Treatment,63.2,55.0,8.2,Non-Responder
5394,19,47,Male,Moderate,Medium,Control,80.4,72.7,7.7,Non-Responder
5395,10,56,Female,Moderate,Low,Treatment,29.7,32.0,-2.3,Non-Responder
5396,14,54,Male,Moderate,Low,Treatment,54.9,34.2,20.7,Responder
5397,26,53,Female,Severe,Medium,Control,66.7,63.6,3.1,Non-Responder
5398,35,54,Male,Moderate,Medium,Treatment,54.9,37.4,17.5,Responder
5399,18,57,Female,Moderate,Medium,Control,48.8,33.5,15.3,Responder
5400,5,38,Female,Moderate,Medium,Treatment,64.3,42.1,22.2,Responder
5401,22,36,Female,Moderate,Medium,Treatment,60.5,53.0,7.5,Non-Responder
5402,13,52,Female,Moderate,Low,Control,59.4,55.2,4.2,Non-Responder
5403,29,40,Male,Mild,Low,Control,54.4,63.5,-9.1,Non-Responder
5404,16,56,Male,Severe,Medium,Control,60.4,49.2,11.2,Responder
5405,13,45,Female,Severe,Low,Control,76.2,63.5,12.7,Responder
5406,40,34,Male,Severe,Low,Treatment,64.1,52.7,11.4,Responder
5407,22,48,Male,Mild,High,Treatment,61.2,43.3,17.9,Responder
5408,6,48,Female,Moderate,Low,Treatment,59.2,37.7,21.5,Responder
5409,22,49,Male,Mild,Medium,Treatment,57.6,56.9,0.7,Non-Responder
5410,4,69,Female,Moderate,Medium,Control,70.5,75.1,-4.6,Non-Responder
5411,34,40,Female,Moderate,Medium,Control,65.9,66.5,-0.6,Non-Responder
5412,19,53,Male,Moderate,Medium,Treatment,61.5,36.6,24.9,Responder
5413,38,44,Female,Mild,Low,Treatment,49.0,32.5,16.5,Responder
5414,36,53,Female,Moderate,Medium,Treatment,68.2,52.0,16.2,Responder
5415,14,68,Female,Mild,Medium,Control,47.3,39.3,8.0,Non-Responder
5416,12,79,Male,Mild,Low,Control,49.2,41.3,7.9,Non-Responder
5417,22,45,Female,Mild,High,Control,50.9,41.6,9.3,Non-Responder
5418,13,53,Female,Moderate,Medium,Control,47.5,37.5,10.0,Responder
5419,5,54,Male,Mild,Medium,Treatment,57.5,37.0,20.5,Responder
5420,7,48,Female,Severe,Medium,Treatment,72.3,52.3,20.0,Responder
5421,37,47,Male,Severe,High,Control,79.5,69.9,9.6,Non-Responder
5422,14,23,Female,Moderate,Medium,Control,65.1,58.4,6.7,Non-Responder
5423,36,50,Female,Moderate,Low,Control,73.0,56.8,16.2,Responder
5424,3,68,Female,Moderate,Medium,Control,66.4,44.6,21.8,Responder
5425,32,44,Male,Moderate,High,Treatment,53.3,27.6,25.7,Responder
5426,8,54,Female,Moderate,Medium,Control,64.4,67.0,-2.6,Non-Responder
5427,3,34,Male,Moderate,Medium,Control,61.1,61.6,-0.5,Non-Responder
5428,5,54,Male,Mild,Medium,Control,55.2,37.2,18.0,Responder
5429,26,64,Male,Severe,High,Control,81.6,69.7,11.9,Responder
5430,20,59,Female,Mild,Low,Control,57.7,35.4,22.3,Responder
5431,18,49,Male,Moderate,Low,Control,57.9,50.7,7.2,Non-Responder
5432,34,40,Female,Moderate,Low,Control,55.9,41.2,14.7,Responder
5433,6,54,Female,Mild,Low,Control,37.7,16.1,21.6,Responder
5434,33,60,Male,Moderate,Low,Control,65.2,57.2,8.0,Non-Responder
5435,21,47,Female,Mild,High,Treatment,70.0,55.3,14.7,Responder
5436,9,47,Female,Severe,Low,Control,79.1,59.5,19.6,Responder
5437,15,68,Female,Mild,High,Treatment,50.3,29.9,20.4,Responder
5438,21,66,Female,Mild,Low,Treatment,67.3,55.3,12.0,Responder
5439,13,50,Female,Moderate,High,Treatment,71.4,60.2,11.2,Responder
5440,22,61,Female,Moderate,Low,Control,79.0,62.3,16.7,Responder
5441,28,42,Male,Moderate,Low,Treatment,69.4,55.7,13.7,Responder
5442,34,71,Male,Moderate,Low,Treatment,45.0,32.7,12.3,Responder
5443,1,43,Male,Moderate,Medium,Treatment,77.5,48.3,29.2,Responder
5444,4,35,Female,Moderate,Medium,Control,48.6,31.9,16.7,Responder
5445,25,57,Female,Moderate,Low,Control,66.8,65.0,1.8,Non-Responder
5446,33,31,Female,Severe,High,Treatment,83.8,67.6,16.2,Responder
5447,35,66,Female,Mild,High,Treatment,48.1,20.8,27.3,Responder
5448,8,64,Male,Severe,Low,Treatment,82.8,62.3,20.5,Responder
5449,7,46,Female,Moderate,Low,Control,49.3,27.1,22.2,Responder
5450,3,51,Female,Mild,Medium,Control,61.7,65.0,-3.3,Non-Responder
5451,28,62,Female,Mild,Low,Treatment,62.9,43.1,19.8,Responder
5452,11,66,Male,Moderate,Low,Control,71.6,61.0,10.6,Responder
5453,37,62,Female,Mild,Medium,Treatment,52.4,24.2,28.2,Responder
5454,20,58,Female,Mild,Low,Treatment,46.0,35.6,10.4,Responder
5455,9,32,Male,Severe,Medium,Treatment,75.1,55.0,20.1,Responder
5456,8,58,Male,Moderate,Medium,Treatment,88.9,77.2,11.7,Responder
5457,35,52,Female,Severe,Medium,Control,57.5,53.5,4.0,Non-Responder
5458,20,45,Female,Mild,Medium,Treatment,23.7,10.5,13.2,Responder
5459,36,70,Female,Mild,Low,Control,73.5,55.1,18.4,Responder
5460,39,47,Female,Moderate,Medium,Treatment,56.1,40.7,15.4,Responder
5461,33,49,Female,Mild,High,Control,65.1,72.5,-7.4,Non-Responder
5462,20,58,Male,Moderate,High,Control,59.4,48.5,10.9,Responder
5463,29,49,Female,Severe,Medium,Treatment,69.5,63.2,6.3,Non-Responder
5464,29,49,Male,Severe,Low,Treatment,75.7,40.4,35.3,Responder
5465,24,61,Male,Moderate,Low,Control,62.1,49.0,13.1,Responder
5466,9,49,Male,Moderate,Low,Control,62.0,55.7,6.3,Non-Responder
5467,11,66,Female,Moderate,Medium,Treatment,49.5,39.6,9.9,Non-Responder
5468,18,65,Female,Moderate,Low,Treatment,64.1,42.3,21.8,Responder
5469,38,30,Male,Moderate,Low,Treatment,53.2,41.1,12.1,Responder
5470,5,58,Female,Moderate,Low,Treatment,61.9,45.4,16.5,Responder
5471,34,42,Female,Mild,Medium,Control,59.6,60.2,-0.6,Non-Responder
5472,35,55,Female,Moderate,Low,Treatment,78.9,56.1,22.8,Responder
5473,35,50,Female,Moderate,Medium,Control,65.0,59.1,5.9,Non-Responder
5474,1,62,Female,Mild,Low,Treatment,57.2,30.6,26.6,Responder
5475,23,60,Female,Moderate,High,Treatment,68.2,63.5,4.7,Non-Responder
5476,40,42,Female,Moderate,Low,Control,68.2,54.3,13.9,Responder
5477,14,37,Male,Moderate,High,Control,61.3,52.0,9.3,Non-Responder
5478,15,52,Female,Severe,Medium,Control,71.5,69.4,2.1,Non-Responder
5479,21,71,Female,Severe,Medium,Treatment,77.4,43.9,33.5,Responder
5480,30,58,Male,Moderate,Medium,Control,53.4,52.7,0.7,Non-Responder
5481,26,42,Male,Mild,Medium,Treatment,62.8,49.6,13.2,Responder
5482,40,41,Female,Mild,Low,Treatment,58.0,42.3,15.7,Responder
5483,2,69,Male,Mild,Medium,Treatment,76.7,56.7,20.0,Responder
5484,25,30,Male,Mild,Medium,Treatment,57.7,39.5,18.2,Responder
5485,13,39,Female,Mild,Low,Control,57.4,55.2,2.2,Non-Responder
5486,17,58,Female,Severe,Medium,Treatment,70.1,50.6,19.5,Responder
5487,10,39,Female,Moderate,Low,Treatment,49.5,31.3,18.2,Responder
5488,35,51,Female,Mild,Low,Treatment,39.8,20.6,19.2,Responder
5489,21,38,Male,Moderate,Medium,Control,60.7,50.2,10.5,Responder
5490,40,66,Male,Moderate,Medium,Treatment,88.7,86.4,2.3,Non-Responder
5491,35,71,Female,Moderate,Medium,Control,63.3,53.7,9.6,Non-Responder
5492,27,38,Male,Moderate,Low,Control,68.4,60.9,7.5,Non-Responder
5493,27,34,Female,Severe,Low,Treatment,71.5,49.9,21.6,Responder
5494,1,49,Female,Moderate,Medium,Control,66.1,63.5,2.6,Non-Responder
5495,9,41,Male,Mild,Medium,Control,63.3,47.4,15.9,Responder
5496,34,50,Female,Moderate,Low,Control,53.7,45.2,8.5,Non-Responder
5497,28,59,Female,Mild,High,Treatment,52.3,15.3,37.0,Responder
5498,27,56,Male,Severe,Low,Treatment,71.9,61.2,10.7,Responder
5499,32,75,Male,Severe,Low,Control,73.8,51.0,22.8,Responder
5500,24,68,Female,Moderate,Medium,Control,58.6,50.4,8.2,Non-Responder
5501,28,81,Female,Moderate,High,Treatment,65.9,44.6,21.3,Responder
5502,13,69,Female,Severe,Low,Treatment,57.4,37.6,19.8,Responder
5503,14,54,Female,Severe,Low,Treatment,77.0,55.6,21.4,Responder
5504,31,54,Female,Mild,Medium,Control,49.1,57.5,-8.4,Non-Responder
5505,29,64,Female,Severe,Medium,Treatment,81.6,58.6,23.0,Responder
5506,12,43,Female,Severe,Low,Treatment,63.3,67.1,-3.8,Non-Responder
5507,35,59,Male,Moderate,Low,Control,63.8,69.0,-5.2,Non-Responder
5508,27,71,Male,Moderate,Medium,Control,65.6,54.9,10.7,Responder
5509,14,71,Male,Moderate,Low,Control,61.0,49.2,11.8,Responder
5510,30,38,Male,Moderate,Low,Treatment,56.8,54.1,2.7,Non-Responder
5511,5,42,Male,Mild,High,Control,66.1,66.1,-0.0,Non-Responder
5512,38,19,Female,Moderate,Low,Control,67.0,59.9,7.1,Non-Responder
5513,32,57,Male,Severe,Low,Control,76.2,68.3,7.9,Non-Responder
5514,16,67,Male,Moderate,Medium,Control,68.7,74.0,-5.3,Non-Responder
5515,22,35,Female,Moderate,Low,Control,73.7,76.0,-2.3,Non-Responder
5516,20,72,Male,Severe,Medium,Control,68.1,54.2,13.9,Responder
5517,34,54,Male,Severe,Medium,Control,65.2,65.7,-0.5,Non-Responder
5518,38,41,Male,Moderate,Medium,Control,56.4,35.3,21.1,Responder
5519,19,46,Female,Moderate,Low,Treatment,60.2,58.7,1.5,Non-Responder
5520,34,37,Male,Moderate,Medium,Treatment,66.6,44.9,21.7,Responder
5521,17,42,Female,Mild,High,Treatment,48.9,35.8,13.1,Responder
5522,11,53,Male,Moderate,Low,Control,73.7,65.5,8.2,Non-Responder
5523,2,44,Male,Mild,Low,Treatment,56.4,43.1,13.3,Responder
5524,17,44,Male,Moderate,Low,Treatment,56.3,39.9,16.4,Responder
5525,5,41,Female,Mild,Medium,Treatment,47.0,46.9,0.1,Non-Responder
5526,35,52,Male,Moderate,Medium,Treatment,45.1,30.7,14.4,Responder
5527,39,75,Male,Severe,Medium,Control,47.6,26.5,21.1,Responder
5528,11,52,Male,Moderate,Medium,Treatment,66.6,53.5,13.1,Responder
5529,8,55,Female,Mild,Low,Treatment,48.1,26.4,21.7,Responder
5530,37,31,Male,Moderate,Low,Treatment,67.2,46.1,21.1,Responder
5531,18,49,Female,Mild,High,Control,63.9,44.1,19.8,Responder
5532,35,32,Male,Mild,High,Control,31.3,21.8,9.5,Non-Responder
5533,2,32,Male,Moderate,Medium,Control,41.7,31.0,10.7,Responder
5534,31,62,Male,Mild,High,Control,41.8,41.1,0.7,Non-Responder
5535,30,68,Female,Moderate,Low,Treatment,74.2,39.6,34.6,Responder
5536,27,37,Female,Severe,Medium,Control,78.8,65.2,13.6,Responder
5537,1,59,Male,Moderate,High,Control,84.1,85.0,-0.9,Non-Responder
5538,38,37,Female,Mild,Low,Treatment,43.6,39.8,3.8,Non-Responder
5539,21,57,Male,Mild,Low,Control,31.1,12.0,19.1,Responder
5540,18,43,Male,Mild,Medium,Control,39.8,43.4,-3.6,Non-Responder
5541,35,47,Female,Moderate,Low,Control,48.0,49.3,-1.3,Non-Responder
5542,37,58,Female,Moderate,Low,Treatment,48.7,21.4,27.3,Responder
5543,9,43,Male,Moderate,High,Control,62.5,43.9,18.6,Responder
5544,28,48,Male,Moderate,Low,Treatment,66.6,59.8,6.8,Non-Responder
5545,5,50,Male,Mild,Medium,Treatment,56.4,40.4,16.0,Responder
5546,35,55,Female,Moderate,Low,Treatment,61.6,49.8,11.8,Responder
5547,10,56,Female,Moderate,Medium,Treatment,50.2,34.4,15.8,Responder
5548,16,63,Female,Moderate,Medium,Control,57.9,55.0,2.9,Non-Responder
5549,18,18,Female,Severe,Medium,Treatment,55.1,36.3,18.8,Responder
5550,30,57,Male,Mild,Medium,Control,61.6,48.5,13.1,Responder
5551,13,38,Male,Mild,Low,Treatment,56.4,43.8,12.6,Responder
5552,7,68,Male,Moderate,Medium,Control,51.6,32.8,18.8,Responder
5553,18,44,Female,Moderate,Medium,Control,63.8,57.4,6.4,Non-Responder
5554,13,45,Female,Moderate,Low,Treatment,70.5,61.3,9.2,Non-Responder
5555,12,27,Male,Moderate,Low,Control,61.5,46.7,14.8,Responder
5556,9,40,Female,Mild,Medium,Treatment,64.0,54.6,9.4,Non-Responder
5557,28,50,Male,Moderate,Low,Treatment,47.2,47.8,-0.6,Non-Responder
5558,12,34,Male,Mild,Medium,Treatment,37.5,31.7,5.8,Non-Responder
5559,27,45,Female,Moderate,High,Treatment,59.1,49.7,9.4,Non-Responder
5560,5,33,Male,Moderate,High,Control,59.7,70.8,-11.1,Non-Responder
5561,24,64,Female,Moderate,Low,Control,64.0,49.3,14.7,Responder
5562,17,60,Male,Moderate,Low,Control,71.9,52.5,19.4,Responder
5563,17,25,Female,Moderate,Low,Control,58.2,42.6,15.6,Responder
5564,2,57,Male,Mild,Medium,Treatment,49.3,40.0,9.3,Non-Responder
5565,17,38,Female,Moderate,Low,Treatment,47.1,19.9,27.2,Responder
5566,32,65,Male,Severe,Low,Control,65.4,61.8,3.6,Non-Responder
5567,34,71,Female,Severe,Medium,Control,63.3,44.3,19.0,Responder
5568,35,57,Male,Moderate,Low,Control,58.3,59.1,-0.8,Non-Responder
5569,38,74,Male,Moderate,Medium,Treatment,60.2,38.4,21.8,Responder
5570,21,59,Male,Moderate,Medium,Treatment,59.1,43.2,15.9,Responder
5571,14,55,Male,Mild,Medium,Treatment,53.9,37.4,16.5,Responder
5572,37,60,Female,Moderate,Medium,Treatment,68.6,57.4,11.2,Responder
5573,38,51,Female,Mild,Medium,Control,47.5,49.8,-2.3,Non-Responder
5574,33,50,Female,Mild,Low,Treatment,58.2,54.4,3.8,Non-Responder
5575,37,36,Male,Severe,Low,Control,63.0,55.0,8.0,Non-Responder
5576,8,54,Female,Severe,Low,Treatment,74.3,62.7,11.6,Responder
5577,22,60,Female,Severe,Medium,Control,80.9,67.8,13.1,Responder
5578,18,40,Female,Severe,Medium,Treatment,69.8,48.2,21.6,Responder
5579,12,55,Female,Moderate,Low,Treatment,63.2,45.5,17.7,Responder
5580,5,50,Female,Mild,Low,Treatment,58.4,49.0,9.4,Non-Responder
5581,15,46,Female,Moderate,Low,Treatment,65.6,41.1,24.5,Responder
5582,13,65,Female,Severe,Medium,Treatment,83.1,67.5,15.6,Responder
5583,24,24,Female,Severe,Medium,Treatment,68.2,41.1,27.1,Responder
5584,8,49,Female,Moderate,Medium,Control,61.4,66.2,-4.8,Non-Responder
5585,32,66,Female,Mild,Medium,Treatment,59.9,32.9,27.0,Responder
5586,11,68,Male,Moderate,Low,Treatment,57.7,60.9,-3.2,Non-Responder
5587,29,72,Female,Moderate,Medium,Control,62.0,42.1,19.9,Responder
5588,24,63,Male,Mild,Low,Control,55.1,42.2,12.9,Responder
5589,10,37,Male,Moderate,Low,Treatment,54.4,31.1,23.3,Responder
5590,29,58,Female,Severe,Medium,Treatment,69.1,57.6,11.5,Responder
5591,5,66,Male,Severe,Medium,Treatment,71.8,53.9,17.9,Responder
5592,39,41,Female,Moderate,Medium,Treatment,79.9,62.4,17.5,Responder
5593,33,51,Female,Moderate,Low,Treatment,66.9,47.3,19.6,Responder
5594,30,50,Male,Moderate,Low,Treatment,72.3,58.1,14.2,Responder
5595,14,60,Male,Moderate,Medium,Treatment,57.4,52.3,5.1,Non-Responder
5596,40,42,Female,Moderate,Low,Control,69.4,57.5,11.9,Responder
5597,33,39,Male,Severe,Medium,Treatment,80.3,70.1,10.2,Responder
5598,25,54,Female,Mild,High,Treatment,54.5,37.4,17.1,Responder
5599,37,48,Male,Severe,Low,Control,69.7,58.5,11.2,Responder
5600,16,61,Male,Moderate,Low,Control,74.2,65.6,8.6,Non-Responder
5601,34,45,Female,Moderate,Medium,Treatment,53.0,32.3,20.7,Responder
5602,36,41,Male,Moderate,Low,Treatment,59.1,42.2,16.9,Responder
5603,25,42,Female,Moderate,Medium,Control,50.6,43.9,6.7,Non-Responder
5604,15,38,Male,Mild,Medium,Control,59.5,50.0,9.5,Non-Responder
5605,26,69,Male,Severe,Low,Treatment,83.5,58.9,24.6,Responder
5606,37,47,Male,Moderate,Low,Control,71.9,69.8,2.1,Non-Responder
5607,22,39,Female,Mild,Medium,Treatment,53.2,28.3,24.9,Responder
5608,16,46,Female,Mild,Low,Control,50.3,35.5,14.8,Responder
5609,37,53,Female,Moderate,Low,Control,53.1,52.0,1.1,Non-Responder
5610,7,50,Male,Mild,Medium,Control,49.2,38.6,10.6,Responder
5611,7,47,Male,Moderate,Low,Control,71.0,51.7,19.3,Responder
5612,34,58,Female,Moderate,Low,Control,56.4,49.6,6.8,Non-Responder
5613,32,71,Female,Moderate,Medium,Treatment,50.3,38.7,11.6,Responder
5614,22,74,Female,Mild,Low,Control,59.1,41.4,17.7,Responder
5615,28,38,Male,Mild,Medium,Treatment,53.5,35.2,18.3,Responder
5616,2,56,Male,Mild,Low,Treatment,39.1,24.9,14.2,Responder
5617,31,53,Female,Mild,Medium,Treatment,34.7,18.6,16.1,Responder
5618,12,59,Female,Mild,High,Treatment,33.6,16.7,16.9,Responder
5619,18,70,Male,Severe,Low,Treatment,67.4,53.2,14.2,Responder
5620,9,35,Male,Moderate,Medium,Treatment,50.2,39.6,10.6,Responder
5621,40,62,Female,Moderate,High,Treatment,60.8,51.3,9.5,Non-Responder
5622,4,35,Male,Moderate,Low,Treatment,69.4,48.6,20.8,Responder
5623,14,58,Male,Mild,Medium,Treatment,60.7,49.8,10.9,Responder
5624,22,51,Female,Mild,Low,Treatment,46.8,22.6,24.2,Responder
5625,12,57,Female,Severe,Medium,Control,73.7,64.9,8.8,Non-Responder
5626,7,61,Female,Moderate,Low,Treatment,57.3,44.2,13.1,Responder
5627,24,50,Female,Moderate,Low,Control,70.6,76.4,-5.8,Non-Responder
5628,13,36,Female,Severe,Low,Control,47.6,36.6,11.0,Responder
5629,4,41,Female,Moderate,Medium,Control,62.2,49.9,12.3,Responder
5630,7,56,Female,Severe,Medium,Control,77.0,63.3,13.7,Responder
5631,12,61,Female,Moderate,Medium,Treatment,48.5,24.8,23.7,Responder
5632,32,62,Female,Moderate,High,Treatment,51.0,16.1,34.9,Responder
5633,39,45,Female,Moderate,Medium,Treatment,61.2,44.3,16.9,Responder
5634,31,42,Male,Mild,High,Treatment,53.0,46.9,6.1,Non-Responder
5635,1,51,Female,Mild,Medium,Control,45.2,51.1,-5.9,Non-Responder
5636,2,64,Female,Mild,Low,Control,43.0,18.7,24.3,Responder
5637,1,44,Male,Moderate,Low,Control,49.9,50.8,-0.9,Non-Responder
5638,5,39,Male,Moderate,High,Treatment,58.8,54.8,4.0,Non-Responder
5639,24,41,Male,Moderate,Low,Control,62.8,55.8,7.0,Non-Responder
5640,39,55,Female,Moderate,Medium,Treatment,52.8,50.2,2.6,Non-Responder
5641,14,55,Female,Moderate,Low,Control,49.8,53.4,-3.6,Non-Responder
5642,31,49,Female,Severe,Low,Control,62.7,37.5,25.2,Responder
5643,12,55,Female,Severe,Low,Control,67.2,45.9,21.3,Responder
5644,11,32,Male,Moderate,Medium,Control,61.7,57.7,4.0,Non-Responder
5645,38,48,Female,Severe,High,Treatment,66.0,63.8,2.2,Non-Responder
5646,1,63,Female,Severe,Medium,Control,70.4,60.2,10.2,Responder
5647,13,65,Male,Moderate,Low,Treatment,65.4,47.0,18.4,Responder
5648,33,46,Male,Moderate,Low,Control,75.3,65.7,9.6,Non-Responder
5649,4,39,Female,Mild,Low,Treatment,75.0,79.7,-4.7,Non-Responder
5650,28,63,Male,Severe,High,Control,100.0,88.6,11.4,Responder
5651,1,73,Female,Moderate,High,Control,53.2,40.7,12.5,Responder
5652,11,70,Female,Mild,High,Control,56.9,62.0,-5.1,Non-Responder
5653,7,41,Female,Moderate,Medium,Treatment,68.2,47.8,20.4,Responder
5654,9,54,Male,Moderate,Low,Treatment,59.6,46.9,12.7,Responder
5655,34,41,Male,Severe,Low,Treatment,60.2,38.5,21.7,Responder
5656,22,54,Male,Moderate,Medium,Treatment,74.9,41.5,33.4,Responder
5657,28,38,Female,Moderate,Low,Control,67.9,63.8,4.1,Non-Responder
5658,28,52,Female,Moderate,Low,Control,51.0,40.2,10.8,Responder
5659,15,70,Female,Moderate,Low,Treatment,64.6,40.3,24.3,Responder
5660,25,68,Female,Severe,Low,Treatment,75.4,59.4,16.0,Responder
5661,37,41,Male,Mild,High,Treatment,77.0,67.1,9.9,Non-Responder
5662,38,57,Female,Mild,Low,Control,42.5,46.6,-4.1,Non-Responder
5663,13,62,Male,Moderate,Low,Control,52.6,50.5,2.1,Non-Responder
5664,35,80,Male,Severe,Medium,Control,90.0,86.2,3.8,Non-Responder
5665,28,57,Male,Moderate,Medium,Treatment,58.7,44.3,14.4,Responder
5666,14,41,Male,Severe,High,Control,67.9,78.6,-10.7,Non-Responder
5667,8,46,Female,Moderate,Low,Control,36.5,20.4,16.1,Responder
5668,40,62,Male,Moderate,Medium,Control,63.1,72.0,-8.9,Non-Responder
5669,22,68,Female,Moderate,Low,Control,66.5,48.9,17.6,Responder
5670,2,31,Male,Mild,High,Control,52.0,53.5,-1.5,Non-Responder
5671,39,48,Male,Mild,Medium,Treatment,57.4,45.7,11.7,Responder
5672,10,37,Female,Severe,High,Treatment,67.8,53.4,14.4,Responder
5673,27,71,Female,Moderate,Medium,Treatment,64.3,53.2,11.1,Responder
5674,13,63,Female,Moderate,Low,Control,43.6,38.3,5.3,Non-Responder
5675,15,57,Female,Mild,Medium,Control,35.3,33.0,2.3,Non-Responder
5676,9,64,Male,Moderate,Low,Control,69.6,54.4,15.2,Responder
5677,40,73,Female,Moderate,Low,Control,70.1,55.9,14.2,Responder
5678,11,51,Male,Mild,Medium,Treatment,50.7,60.8,-10.1,Non-Responder
5679,1,55,Female,Moderate,Low,Control,65.2,59.7,5.5,Non-Responder
5680,2,45,Male,Mild,Medium,Control,51.0,34.4,16.6,Responder
5681,9,82,Female,Moderate,Medium,Control,60.5,40.8,19.7,Responder
5682,15,82,Female,Moderate,Low,Control,57.3,36.7,20.6,Responder
5683,31,69,Female,Moderate,Medium,Treatment,72.1,55.8,16.3,Responder
5684,5,42,Male,Moderate,Low,Control,59.1,54.1,5.0,Non-Responder
5685,5,55,Female,Mild,Low,Treatment,55.6,44.1,11.5,Responder
5686,6,60,Female,Mild,Medium,Treatment,52.4,41.4,11.0,Responder
5687,16,56,Female,Moderate,Low,Control,58.7,50.1,8.6,Non-Responder
5688,39,51,Female,Severe,Medium,Control,75.5,71.2,4.3,Non-Responder
5689,12,48,Female,Severe,Medium,Treatment,79.6,65.9,13.7,Responder
5690,38,45,Female,Moderate,Medium,Control,48.7,31.0,17.7,Responder
5691,3,50,Male,Mild,High,Control,55.8,54.7,1.1,Non-Responder
5692,26,62,Female,Moderate,Low,Treatment,44.7,27.3,17.4,Responder
5693,21,64,Male,Mild,Medium,Treatment,52.8,34.9,17.9,Responder
5694,29,71,Female,Severe,Medium,Control,70.5,69.6,0.9,Non-Responder
5695,31,44,Male,Mild,Low,Treatment,43.7,38.4,5.3,Non-Responder
5696,13,55,Female,Moderate,Low,Treatment,56.3,37.7,18.6,Responder
5697,9,38,Male,Mild,Low,Treatment,51.2,32.4,18.8,Responder
5698,35,39,Male,Mild,High,Control,61.9,50.3,11.6,Responder
5699,11,41,Female,Severe,Low,Control,66.8,70.7,-3.9,Non-Responder
5700,11,60,Male,Mild,Medium,Control,49.4,27.9,21.5,Responder
5701,33,49,Female,Moderate,Low,Control,42.4,31.8,10.6,Responder
5702,19,31,Male,Moderate,Medium,Treatment,43.6,15.7,27.9,Responder
5703,28,63,Female,Moderate,Medium,Control,61.2,47.5,13.7,Responder
5704,12,76,Female,Mild,Medium,Control,43.7,31.9,11.8,Responder
5705,21,46,Male,Moderate,Medium,Control,69.1,74.5,-5.4,Non-Responder
5706,23,58,Male,Mild,High,Treatment,52.3,37.2,15.1,Responder
5707,14,57,Male,Severe,Low,Control,63.7,45.8,17.9,Responder
5708,12,63,Female,Mild,Medium,Control,44.4,32.3,12.1,Responder
5709,19,44,Female,Moderate,Low,Control,66.5,49.3,17.2,Responder
5710,37,33,Female,Moderate,Medium,Control,58.6,41.4,17.2,Responder
5711,2,35,Male,Severe,Low,Treatment,79.0,66.8,12.2,Responder
5712,31,67,Male,Moderate,Low,Control,65.2,53.5,11.7,Responder
5713,22,66,Female,Severe,High,Control,78.4,49.5,28.9,Responder
5714,10,38,Male,Moderate,Low,Control,40.1,30.2,9.9,Non-Responder
5715,1,33,Male,Moderate,Low,Treatment,76.8,65.5,11.3,Responder
5716,16,57,Female,Severe,Low,Treatment,74.9,55.3,19.6,Responder
5717,2,42,Male,Moderate,High,Treatment,68.4,51.3,17.1,Responder
5718,4,50,Female,Mild,Low,Control,47.6,45.0,2.6,Non-Responder
5719,8,64,Male,Moderate,Medium,Treatment,60.2,47.6,12.6,Responder
5720,17,49,Female,Moderate,Medium,Control,79.1,80.9,-1.8,Non-Responder
5721,31,59,Male,Moderate,Medium,Control,63.9,58.1,5.8,Non-Responder
5722,21,38,Male,Severe,High,Treatment,69.2,40.3,28.9,Responder
5723,36,70,Male,Moderate,Medium,Treatment,64.0,41.9,22.1,Responder
5724,20,36,Male,Moderate,Low,Control,80.0,75.7,4.3,Non-Responder
5725,5,53,Male,Mild,Low,Treatment,62.7,48.7,14.0,Responder
5726,34,60,Female,Mild,Medium,Control,46.6,46.0,0.6,Non-Responder
5727,12,30,Female,Moderate,Low,Treatment,58.2,41.0,17.2,Responder
5728,26,24,Female,Moderate,Medium,Treatment,51.9,34.3,17.6,Responder
5729,26,60,Female,Mild,Medium,Control,65.0,62.4,2.6,Non-Responder
5730,31,46,Female,Moderate,Medium,Control,71.3,59.7,11.6,Responder
5731,20,77,Female,Moderate,Medium,Control,67.8,53.3,14.5,Responder
5732,28,37,Male,Mild,Low,Treatment,42.9,29.8,13.1,Responder
5733,9,52,Male,Moderate,Low,Treatment,64.4,42.3,22.1,Responder
5734,27,44,Male,Moderate,Medium,Treatment,54.5,19.9,34.6,Responder
5735,7,65,Male,Moderate,Medium,Control,62.4,55.3,7.1,Non-Responder
5736,14,80,Male,Moderate,Low,Treatment,57.5,38.7,18.8,Responder
5737,39,49,Female,Severe,Medium,Control,61.8,42.8,19.0,Responder
5738,8,38,Male,Mild,Low,Control,59.9,55.4,4.5,Non-Responder
5739,18,62,Male,Moderate,Medium,Control,80.2,61.6,18.6,Responder
5740,21,55,Female,Moderate,Medium,Treatment,49.9,47.5,2.4,Non-Responder
5741,11,51,Female,Moderate,Medium,Control,66.4,67.7,-1.3,Non-Responder
5742,23,55,Male,Mild,High,Treatment,54.7,34.0,20.7,Responder
5743,38,50,Female,Severe,Low,Treatment,55.2,42.8,12.4,Responder
5744,24,55,Male,Severe,Medium,Treatment,77.7,61.7,16.0,Responder
5745,7,70,Male,Severe,High,Treatment,83.7,83.5,0.2,Non-Responder
5746,15,59,Male,Moderate,High,Control,49.4,36.0,13.4,Responder
5747,3,75,Female,Moderate,Medium,Treatment,63.5,62.2,1.3,Non-Responder
5748,9,49,Female,Mild,Medium,Treatment,31.6,7.4,24.2,Responder
5749,31,82,Male,Moderate,Low,Control,72.5,86.1,-13.6,Non-Responder
5750,36,45,Male,Moderate,Unknown,Control,62.5,57.8,4.7,Non-Responder
5751,20,46,Female,Moderate,Low,Treatment,81.2,68.3,12.9,Responder
5752,5,62,Male,Severe,Medium,Treatment,68.3,40.6,27.7,Responder
5753,39,53,Male,Moderate,Medium,Control,78.7,65.2,13.5,Responder
5754,14,53,Male,Moderate,Low,Control,52.5,38.7,13.8,Responder
5755,27,52,Male,Severe,Low,Control,70.1,52.2,17.9,Responder
5756,36,43,Female,Mild,High,Control,71.8,61.6,10.2,Responder
5757,30,33,Male,Mild,Medium,Treatment,55.8,39.1,16.7,Responder
5758,2,61,Male,Mild,Medium,Treatment,40.4,22.8,17.6,Responder
5759,7,42,Female,Moderate,Low,Treatment,48.1,48.3,-0.2,Non-Responder
5760,39,51,Female,Moderate,Medium,Treatment,73.0,51.5,21.5,Responder
5761,23,62,Male,Mild,Medium,Control,71.2,61.6,9.6,Non-Responder
5762,19,45,Female,Severe,High,Control,88.6,81.7,6.9,Non-Responder
5763,20,31,Female,Moderate,High,Control,59.1,48.7,10.4,Responder
5764,3,67,Female,Mild,Medium,Control,57.8,60.0,-2.2,Non-Responder
5765,8,50,Female,Moderate,High,Control,59.2,42.0,17.2,Responder
5766,13,65,Female,Mild,Medium,Control,49.8,49.4,0.4,Non-Responder
5767,2,82,Male,Mild,Low,Control,50.9,37.8,13.1,Responder
5768,32,47,Male,Moderate,Low,Control,50.7,37.1,13.6,Responder
5769,5,72,Male,Severe,Low,Treatment,65.8,56.5,9.3,Non-Responder
5770,1,57,Male,Moderate,Low,Control,45.5,40.1,5.4,Non-Responder
5771,37,57,Male,Mild,Medium,Treatment,61.4,51.6,9.8,Non-Responder
5772,8,56,Female,Mild,Low,Control,57.3,49.1,8.2,Non-Responder
5773,35,51,Male,Moderate,Medium,Treatment,57.0,44.3,12.7,Responder
5774,17,60,Female,Severe,Low,Control,83.6,84.5,-0.9,Non-Responder
5775,6,43,Female,Moderate,High,Control,51.4,32.6,18.8,Responder
5776,39,73,Male,Mild,Low,Treatment,56.1,38.7,17.4,Responder
5777,17,52,Female,Mild,Medium,Control,52.2,39.3,12.9,Responder
5778,20,53,Male,Moderate,Medium,Treatment,66.8,60.1,6.7,Non-Responder
5779,37,37,Male,Moderate,High,Treatment,63.3,45.7,17.6,Responder
5780,1,62,Female,Moderate,Medium,Treatment,54.6,36.1,18.5,Responder
5781,30,59,Male,Mild,Medium,Control,75.9,52.4,23.5,Responder
5782,1,52,Female,Moderate,Medium,Treatment,46.1,35.0,11.1,Responder
5783,39,42,Male,Mild,Medium,Treatment,37.4,20.3,17.1,Responder
5784,35,56,Female,Moderate,Low,Treatment,57.0,43.0,14.0,Responder
5785,12,50,Female,Mild,Medium,Treatment,63.1,38.8,24.3,Responder
5786,8,41,Female,Mild,Low,Treatment,55.9,45.5,10.4,Responder
5787,26,52,Female,Mild,Low,Control,58.7,52.0,6.7,Non-Responder
5788,17,64,Male,Moderate,Low,Control,54.0,51.8,2.2,Non-Responder
5789,6,52,Female,Moderate,Medium,Control,61.8,48.4,13.4,Responder
5790,30,52,Male,Moderate,Low,Treatment,62.8,41.5,21.3,Responder
5791,14,48,Female,Mild,Medium,Control,40.3,33.5,6.8,Non-Responder
5792,34,35,Male,Severe,Medium,Control,58.0,45.7,12.3,Responder
5793,26,63,Male,Moderate,Low,Control,67.1,55.1,12.0,Responder
5794,17,50,Female,Moderate,Low,Treatment,49.8,28.9,20.9,Responder
5795,19,70,Male,Mild,Low,Control,55.6,71.4,-15.8,Non-Responder
5796,15,25,Female,Moderate,Medium,Treatment,78.2,86.1,-7.9,Non-Responder
5797,40,32,Male,Moderate,Low,Control,41.0,29.5,11.5,Responder
5798,30,32,Male,Moderate,Medium,Control,70.3,66.6,3.7,Non-Responder
5799,14,25,Female,Moderate,High,Control,62.1,46.1,16.0,Responder
5800,2,61,Female,Severe,Medium,Treatment,66.5,49.3,17.2,Responder
5801,28,63,Male,Mild,High,Treatment,49.5,16.6,32.9,Responder
5802,26,48,Female,Moderate,Low,Control,62.9,65.0,-2.1,Non-Responder
5803,4,82,Male,Mild,High,Treatment,55.5,49.9,5.6,Non-Responder
5804,33,70,Male,Mild,Low,Treatment,52.1,43.6,8.5,Non-Responder
5805,24,51,Female,Mild,Low,Treatment,59.7,51.1,8.6,Non-Responder
5806,35,43,Male,Moderate,Low,Control,51.5,47.2,4.3,Non-Responder
5807,29,49,Female,Mild,Medium,Control,54.0,42.8,11.2,Responder
5808,18,62,Female,Severe,Medium,Control,64.2,62.2,2.0,Non-Responder
5809,16,60,Female,Severe,Medium,Treatment,61.0,44.7,16.3,Responder
5810,13,37,Male,Moderate,Medium,Treatment,63.6,53.7,9.9,Non-Responder
5811,32,57,Female,Moderate,Medium,Control,72.8,55.7,17.1,Responder
5812,9,45,Male,Mild,Low,Control,40.6,38.7,1.9,Non-Responder
5813,23,64,Female,Severe,Low,Control,64.8,68.7,-3.9,Non-Responder
5814,18,32,Male,Mild,Low,Treatment,41.3,24.5,16.8,Responder
5815,30,35,Female,Severe,Medium,Control,78.4,53.9,24.5,Responder
5816,16,54,Female,Severe,Low,Treatment,73.7,59.8,13.9,Responder
5817,27,59,Male,Moderate,Medium,Treatment,58.2,42.0,16.2,Responder
5818,15,68,Female,Severe,Medium,Treatment,70.2,48.7,21.5,Responder
5819,34,43,Male,Moderate,Low,Treatment,46.6,6.4,40.2,Responder
5820,23,43,Female,Mild,Medium,Treatment,62.6,33.6,29.0,Responder
5821,20,60,Male,Mild,Medium,Control,41.5,34.2,7.3,Non-Responder
5822,15,64,Female,Moderate,Medium,Control,40.5,27.9,12.6,Responder
5823,34,69,Female,Moderate,Medium,Control,66.3,62.7,3.6,Non-Responder
5824,35,44,Male,Moderate,Low,Treatment,47.4,34.3,13.1,Responder
5825,4,63,Female,Mild,Low,Treatment,66.4,45.9,20.5,Responder
5826,32,58,Female,Severe,High,Treatment,83.0,60.1,22.9,Responder
5827,14,28,Female,Mild,Medium,Control,55.3,72.1,-16.8,Non-Responder
5828,16,64,Male,Mild,Low,Treatment,48.4,30.0,18.4,Responder
5829,20,63,Male,Severe,Medium,Treatment,59.6,39.0,20.6,Responder
5830,6,27,Male,Severe,Low,Treatment,71.4,55.3,16.1,Responder
5831,30,69,Male,Moderate,High,Control,61.5,43.1,18.4,Responder
5832,11,51,Male,Moderate,Low,Treatment,48.9,35.9,13.0,Responder
5833,17,47,Male,Mild,Medium,Control,59.1,49.8,9.3,Non-Responder
5834,29,56,Male,Mild,Medium,Treatment,62.8,51.7,11.1,Responder
5835,13,46,Female,Moderate,Medium,Control,50.3,49.7,0.6,Non-Responder
5836,20,63,Male,Moderate,Medium,Control,64.3,54.0,10.3,Responder
5837,3,32,Male,Severe,High,Control,58.5,44.0,14.5,Responder
5838,26,45,Female,Moderate,Medium,Control,67.5,66.6,0.9,Non-Responder
5839,27,27,Male,Mild,High,Treatment,68.3,45.3,23.0,Responder
5840,2,59,Male,Mild,Medium,Control,59.5,63.5,-4.0,Non-Responder
5841,6,62,Male,Severe,Medium,Treatment,79.9,60.3,19.6,Responder
5842,34,54,Female,Moderate,Low,Control,49.6,37.1,12.5,Responder
5843,9,59,Female,Mild,Low,Treatment,63.2,53.1,10.1,Responder
5844,30,47,Male,Moderate,Medium,Treatment,65.7,56.5,9.2,Non-Responder
5845,16,49,Female,Mild,Medium,Control,41.5,27.1,14.4,Responder
5846,40,44,Female,Severe,Medium,Treatment,76.0,40.4,35.6,Responder
5847,37,53,Female,Mild,Medium,Control,53.3,50.5,2.8,Non-Responder
5848,39,47,Female,Mild,Medium,Control,45.9,30.9,15.0,Responder
5849,34,58,Male,Moderate,Low,Treatment,60.1,53.5,6.6,Non-Responder
5850,33,73,Male,Moderate,Low,Control,54.1,40.2,13.9,Responder
5851,29,68,Female,Severe,Low,Treatment,64.9,52.9,12.0,Responder
5852,38,50,Male,Mild,Medium,Treatment,67.0,62.5,4.5,Non-Responder
5853,38,63,Female,Mild,Low,Treatment,51.1,40.5,10.6,Responder
5854,19,76,Female,Moderate,Medium,Control,60.9,44.3,16.6,Responder
5855,36,71,Male,Moderate,High,Treatment,68.0,45.5,22.5,Responder
5856,30,48,Male,Moderate,Low,Treatment,54.2,34.0,20.2,Responder
5857,22,35,Female,Severe,Medium,Treatment,75.8,62.0,13.8,Responder
5858,5,61,Female,Moderate,Medium,Control,72.8,71.6,1.2,Non-Responder
5859,25,50,Male,Moderate,Low,Treatment,59.3,48.4,10.9,Responder
5860,33,49,Female,Mild,High,Control,49.7,38.0,11.7,Responder
5861,27,66,Male,Mild,Low,Treatment,66.4,55.6,10.8,Responder
5862,2,50,Male,Mild,Low,Treatment,64.5,43.8,20.7,Responder
5863,17,57,Female,Mild,High,Control,61.8,58.5,3.3,Non-Responder
5864,35,53,Male,Moderate,Low,Treatment,51.1,49.2,1.9,Non-Responder
5865,32,43,Male,Mild,Medium,Treatment,72.7,60.1,12.6,Responder
5866,39,58,Male,Moderate,Low,Treatment,46.1,28.4,17.7,Responder
5867,5,40,Male,Severe,High,Treatment,84.8,79.6,5.2,Non-Responder
5868,23,52,Male,Moderate,Medium,Treatment,74.9,69.5,5.4,Non-Responder
5869,21,57,Male,Moderate,Low,Control,62.3,44.1,18.2,Responder
5870,5,40,Male,Mild,Low,Treatment,66.2,50.2,16.0,Responder
5871,32,52,Male,Severe,Low,Control,58.1,35.6,22.5,Responder
5872,9,48,Male,Mild,Medium,Treatment,67.4,47.0,20.4,Responder
5873,30,34,Male,Moderate,Medium,Control,62.8,62.9,-0.1,Non-Responder
5874,12,59,Female,Moderate,Medium,Control,61.9,57.1,4.8,Non-Responder
5875,19,65,Male,Moderate,Low,Treatment,58.4,45.1,13.3,Responder
5876,9,55,Female,Mild,Medium,Treatment,42.4,32.0,10.4,Responder
5877,30,44,Female,Mild,Medium,Control,53.5,43.6,9.9,Non-Responder
5878,30,52,Male,Severe,Medium,Treatment,79.5,64.8,14.7,Responder
5879,4,47,Female,Severe,Low,Treatment,65.3,47.7,17.6,Responder
5880,39,63,Male,Moderate,Low,Control,73.4,86.4,-13.0,Non-Responder
5881,33,54,Female,Moderate,Low,Control,58.0,39.7,18.3,Responder
5882,4,53,Female,Severe,Low,Control,75.8,66.4,9.4,Non-Responder
5883,5,58,Female,Mild,Low,Control,49.1,37.4,11.7,Responder
5884,30,59,Male,Severe,Low,Control,81.0,75.0,6.0,Non-Responder
5885,22,48,Male,Mild,Medium,Treatment,71.6,73.2,-1.6,Non-Responder
5886,27,69,Female,Severe,Low,Treatment,73.3,58.2,15.1,Responder
5887,13,56,Female,Moderate,Medium,Control,77.2,62.6,14.6,Responder
5888,7,61,Male,Severe,Medium,Control,78.2,74.8,3.4,Non-Responder
5889,16,38,Female,Mild,Low,Control,66.2,56.0,10.2,Responder
5890,1,40,Male,Moderate,Medium,Treatment,65.4,39.0,26.4,Responder
5891,33,32,Female,Mild,Low,Treatment,75.5,62.5,13.0,Responder
5892,31,62,Female,Mild,Low,Treatment,49.7,38.7,11.0,Responder
5893,25,55,Male,Moderate,Medium,Treatment,77.1,60.1,17.0,Responder
5894,9,72,Male,Mild,Low,Control,60.2,59.1,1.1,Non-Responder
5895,25,58,Female,Mild,High,Treatment,55.3,53.0,2.3,Non-Responder
5896,3,62,Female,Moderate,Medium,Treatment,62.0,56.6,5.4,Non-Responder
5897,24,49,Male,Mild,High,Treatment,67.7,44.5,23.2,Responder
5898,38,48,Female,Moderate,Low,Treatment,81.4,79.2,2.2,Non-Responder
5899,30,44,Female,Mild,Medium,Treatment,61.7,36.3,25.4,Responder
5900,26,34,Male,Moderate,Low,Control,72.5,65.0,7.5,Non-Responder
5901,1,52,Male,Mild,Low,Treatment,49.6,38.4,11.2,Responder
5902,17,55,Male,Severe,High,Control,66.2,55.9,10.3,Responder
5903,34,72,Male,Mild,Medium,Treatment,52.6,37.7,14.9,Responder
5904,6,74,Male,Mild,Medium,Treatment,62.5,42.0,20.5,Responder
5905,8,36,Female,Moderate,Low,Control,67.2,65.2,2.0,Non-Responder
5906,7,65,Female,Moderate,High,Control,68.8,60.6,8.2,Non-Responder
5907,40,48,Male,Severe,Medium,Control,81.7,72.8,8.9,Non-Responder
5908,28,56,Male,Moderate,Medium,Control,49.2,33.2,16.0,Responder
5909,39,46,Female,Moderate,Low,Control,66.4,38.8,27.6,Responder
5910,33,34,Male,Mild,Medium,Control,55.4,43.5,11.9,Responder
5911,8,38,Female,Moderate,Medium,Treatment,45.2,39.5,5.7,Non-Responder
5912,10,68,Male,Severe,Low,Treatment,83.1,67.9,15.2,Responder
5913,6,64,Female,Moderate,High,Treatment,61.0,46.4,14.6,Responder
5914,16,70,Female,Moderate,Medium,Treatment,75.9,65.6,10.3,Responder
5915,10,63,Female,Moderate,High,Treatment,84.7,74.8,9.9,Non-Responder
5916,20,36,Female,Moderate,High,Treatment,54.4,28.2,26.2,Responder
5917,1,41,Male,Mild,Medium,Control,35.4,26.2,9.2,Non-Responder
5918,28,37,Male,Moderate,High,Control,60.2,52.3,7.9,Non-Responder
5919,5,49,Male,Moderate,Medium,Control,55.1,47.2,7.9,Non-Responder
5920,31,24,Female,Moderate,Low,Control,79.4,73.0,6.4,Non-Responder
5921,22,52,Female,Moderate,Medium,Control,45.7,35.7,10.0,Responder
5922,33,45,Male,Moderate,Medium,Treatment,64.8,45.3,19.5,Responder
5923,20,67,Male,Moderate,Medium,Control,75.4,56.2,19.2,Responder
5924,37,34,Female,Severe,Medium,Treatment,59.1,37.4,21.7,Responder
5925,39,70,Female,Mild,Low,Control,48.0,38.7,9.3,Non-Responder
5926,30,46,Female,Moderate,High,Control,54.2,42.9,11.3,Responder
5927,31,49,Male,Severe,Medium,Treatment,77.7,62.5,15.2,Responder
5928,18,45,Female,Moderate,High,Treatment,58.2,46.2,12.0,Responder
5929,20,56,Male,Moderate,Low,Treatment,67.0,66.2,0.8,Non-Responder
5930,15,54,Male,Moderate,Medium,Treatment,78.1,63.4,14.7,Responder
5931,7,81,Male,Moderate,Low,Control,62.2,45.4,16.8,Responder
5932,30,27,Female,Moderate,Medium,Treatment,52.8,25.0,27.8,Responder
5933,39,47,Female,Severe,Low,Control,85.2,82.1,3.1,Non-Responder
5934,35,55,Male,Mild,Low,Treatment,38.2,36.4,1.8,Non-Responder
5935,23,60,Male,Severe,Medium,Control,64.0,58.4,5.6,Non-Responder
5936,34,58,Female,Mild,Medium,Control,44.8,31.5,13.3,Responder
5937,8,48,Female,Severe,High,Control,67.2,56.3,10.9,Responder
5938,28,59,Female,Severe,Low,Control,62.5,53.1,9.4,Non-Responder
5939,35,69,Male,Severe,High,Treatment,73.2,51.8,21.4,Responder
5940,38,46,Male,Moderate,Low,Control,87.4,79.6,7.8,Non-Responder
5941,9,58,Male,Severe,High,Control,49.2,41.4,7.8,Non-Responder
5942,10,42,Male,Mild,Medium,Control,62.6,65.5,-2.9,Non-Responder
5943,20,60,Female,Severe,Medium,Treatment,69.4,51.3,18.1,Responder
5944,35,38,Female,Severe,High,Control,75.8,68.4,7.4,Non-Responder
5945,24,65,Male,Moderate,Medium,Treatment,56.0,29.1,26.9,Responder
5946,35,27,Female,Moderate,Low,Treatment,67.0,49.6,17.4,Responder
5947,27,40,Female,Mild,Low,Control,38.9,23.0,15.9,Responder
5948,35,75,Female,Moderate,Low,Treatment,59.7,52.1,7.6,Non-Responder
5949,39,51,Female,Mild,Low,Control,47.2,34.1,13.1,Responder
5950,9,47,Male,Severe,Medium,Control,75.2,65.7,9.5,Non-Responder
5951,11,71,Female,Moderate,High,Control,69.0,62.3,6.7,Non-Responder
5952,13,72,Male,Moderate,Low,Control,49.6,42.3,7.3,Non-Responder
5953,18,55,Female,Moderate,Low,Treatment,62.5,43.5,19.0,Responder
5954,17,42,Male,Moderate,Low,Treatment,77.7,64.3,13.4,Responder
5955,22,49,Female,Moderate,Unknown,Control,74.0,57.0,17.0,Responder
5956,31,36,Male,Moderate,Medium,Control,75.1,65.9,9.2,Non-Responder
5957,34,55,Female,Severe,Medium,Treatment,54.3,43.6,10.7,Responder
5958,39,53,Female,Mild,Low,Control,56.5,49.7,6.8,Non-Responder
5959,15,62,Female,Mild,Medium,Control,52.1,48.5,3.6,Non-Responder
5960,12,60,Male,Moderate,Low,Control,62.2,31.9,30.3,Responder
5961,38,58,Female,Moderate,Low,Treatment,63.3,47.6,15.7,Responder
5962,30,62,Female,Moderate,Medium,Treatment,71.5,58.9,12.6,Responder
5963,39,60,Female,Mild,Low,Control,33.9,27.8,6.1,Non-Responder
5964,13,62,Female,Moderate,Medium,Treatment,75.4,49.4,26.0,Responder
5965,1,36,Female,Severe,Medium,Treatment,82.6,70.4,12.2,Responder
5966,26,65,Male,Mild,Medium,Treatment,52.1,34.0,18.1,Responder
5967,31,31,Female,Mild,Low,Control,53.4,66.9,-13.5,Non-Responder
5968,26,64,Female,Moderate,Low,Treatment,53.7,22.8,30.9,Responder
5969,20,81,Female,Mild,High,Treatment,49.8,35.4,14.4,Responder
5970,14,53,Male,Moderate,Medium,Treatment,56.1,37.7,18.4,Responder
5971,26,65,Female,Moderate,High,Treatment,51.4,25.5,25.9,Responder
5972,7,48,Male,Mild,Low,Treatment,55.7,44.3,11.4,Responder
5973,18,58,Male,Moderate,Low,Control,50.8,38.4,12.4,Responder
5974,23,57,Male,Severe,Medium,Control,59.6,47.7,11.9,Responder
5975,11,42,Male,Moderate,Low,Control,60.1,46.2,13.9,Responder
5976,34,28,Female,Severe,Low,Treatment,84.8,79.2,5.6,Non-Responder
5977,12,68,Male,Mild,Low,Control,65.0,51.5,13.5,Responder
5978,12,61,Male,Mild,Low,Treatment,43.5,25.0,18.5,Responder
5979,12,45,Male,Moderate,High,Control,61.9,56.0,5.9,Non-Responder
5980,19,77,Male,Mild,Low,Treatment,55.8,40.9,14.9,Responder
5981,14,48,Male,Moderate,Medium,Control,52.8,45.0,7.8,Non-Responder
5982,4,18,Male,Severe,Medium,Treatment,87.4,74.6,12.8,Responder
5983,29,68,Female,Mild,Medium,Control,41.3,32.3,9.0,Non-Responder
5984,14,51,Female,Moderate,Medium,Control,52.9,53.0,-0.1,Non-Responder
5985,7,45,Male,Moderate,High,Treatment,71.3,55.5,15.8,Responder
5986,22,38,Male,Moderate,Medium,Treatment,45.2,21.7,23.5,Responder
5987,23,50,Female,Moderate,High,Control,58.5,70.5,-12.0,Non-Responder
5988,24,53,Female,Mild,Medium,Control,46.8,51.9,-5.1,Non-Responder
5989,14,46,Female,Mild,Medium,Control,47.9,54.0,-6.1,Non-Responder
5990,24,36,Male,Moderate,Low,Treatment,62.9,44.1,18.8,Responder
5991,36,69,Female,Moderate,Low,Control,69.6,62.2,7.4,Non-Responder
5992,9,22,Female,Moderate,Low,Treatment,66.8,59.4,7.4,Non-Responder
5993,29,58,Female,Mild,Low,Treatment,52.7,20.2,32.5,Responder
5994,34,60,Female,Mild,Low,Treatment,51.3,38.6,12.7,Responder
5995,14,52,Female,Moderate,Low,Control,78.4,80.1,-1.7,Non-Responder
5996,3,34,Female,Moderate,Low,Control,53.6,33.7,19.9,Responder
5997,13,48,Male,Moderate,Low,Control,70.1,63.9,6.2,Non-Responder
5998,21,66,Male,Severe,Medium,Treatment,71.0,61.3,9.7,Non-Responder
5999,10,50,Male,Moderate,Medium,Treatment,53.5,26.1,27.4,Responder
6000,16,49,Female,Mild,Medium,Treatment,68.1,62.7,5.4,Non-Responder
6001,37,62,Female,Severe,Medium,Control,84.9,64.4,20.5,Responder
6002,19,48,Male,Moderate,Medium,Control,41.2,28.2,13.0,Responder
6003,31,46,Female,Moderate,Medium,Control,68.0,64.2,3.8,Non-Responder
6004,18,22,Male,Mild,Low,Treatment,57.2,44.1,13.1,Responder
6005,9,53,Female,Moderate,Low,Control,52.8,50.6,2.2,Non-Responder
6006,24,50,Male,Moderate,Low,Control,73.0,68.2,4.8,Non-Responder
6007,6,43,Male,Mild,Low,Treatment,41.3,22.8,18.5,Responder
6008,28,46,Male,Mild,Medium,Treatment,41.7,19.9,21.8,Responder
6009,29,18,Male,Severe,Low,Treatment,72.7,57.3,15.4,Responder
6010,32,46,Male,Moderate,Medium,Treatment,58.3,32.3,26.0,Responder
6011,36,52,Female,Moderate,Medium,Treatment,60.2,45.0,15.2,Responder
6012,24,33,Female,Moderate,Low,Treatment,61.7,47.6,14.1,Responder
6013,25,58,Male,Moderate,Low,Treatment,67.8,65.4,2.4,Non-Responder
6014,39,82,Male,Mild,Low,Control,70.3,62.7,7.6,Non-Responder
6015,4,82,Male,Moderate,Medium,Treatment,62.7,47.2,15.5,Responder
6016,37,53,Female,Severe,Medium,Control,70.8,50.8,20.0,Responder
6017,22,38,Male,Mild,High,Treatment,44.6,24.6,20.0,Responder
6018,13,67,Female,Moderate,High,Control,47.2,35.0,12.2,Responder
6019,17,40,Male,Mild,Medium,Control,44.5,38.5,6.0,Non-Responder
6020,29,44,Female,Moderate,Medium,Treatment,61.5,39.3,22.2,Responder
6021,23,42,Female,Moderate,Low,Control,57.5,48.2,9.3,Non-Responder
6022,16,33,Female,Moderate,Low,Treatment,63.4,54.7,8.7,Non-Responder
6023,23,60,Female,Moderate,High,Treatment,69.0,36.3,32.7,Responder
6024,23,41,Male,Moderate,Medium,Control,58.0,57.7,0.3,Non-Responder
6025,1,61,Female,Mild,Medium,Control,57.0,49.0,8.0,Non-Responder
6026,13,72,Male,Mild,Low,Control,57.4,60.2,-2.8,Non-Responder
6027,11,31,Female,Moderate,Low,Treatment,74.8,53.2,21.6,Responder
6028,14,53,Male,Moderate,Medium,Control,48.4,29.2,19.2,Responder
6029,6,52,Female,Severe,Medium,Control,88.4,78.3,10.1,Responder
6030,38,57,Male,Moderate,Unknown,Treatment,52.0,34.8,17.2,Responder
6031,38,58,Male,Severe,Low,Treatment,62.4,37.0,25.4,Responder
6032,4,43,Male,Mild,Low,Control,57.0,55.5,1.5,Non-Responder
6033,9,67,Female,Moderate,Medium,Treatment,62.3,58.9,3.4,Non-Responder
6034,2,67,Male,Moderate,Low,Treatment,69.2,56.3,12.9,Responder
6035,17,64,Male,Severe,Medium,Control,68.0,67.8,0.2,Non-Responder
6036,28,35,Female,Moderate,Low,Treatment,35.9,16.2,19.7,Responder
6037,23,18,Female,Moderate,Medium,Control,52.5,41.1,11.4,Responder
6038,3,60,Male,Moderate,Medium,Control,41.1,25.5,15.6,Responder
6039,5,59,Male,Mild,Medium,Control,58.2,54.8,3.4,Non-Responder
6040,31,67,Female,Mild,Low,Treatment,46.3,19.9,26.4,Responder
6041,34,75,Female,Moderate,Low,Treatment,66.3,60.2,6.1,Non-Responder
6042,17,55,Female,Moderate,High,Treatment,49.7,30.9,18.8,Responder
6043,8,50,Male,Severe,Low,Control,84.3,70.8,13.5,Responder
6044,35,55,Male,Moderate,Medium,Control,79.1,73.8,5.3,Non-Responder
6045,25,82,Male,Mild,Medium,Treatment,52.8,35.5,17.3,Responder
6046,32,52,Male,Moderate,Medium,Treatment,61.5,38.1,23.4,Responder
6047,28,74,Male,Severe,Low,Treatment,68.4,55.3,13.1,Responder
6048,25,77,Male,Moderate,Low,Treatment,66.9,50.4,16.5,Responder
6049,27,42,Female,Moderate,Low,Control,75.1,73.5,1.6,Non-Responder
6050,23,60,Female,Moderate,Medium,Control,71.2,72.2,-1.0,Non-Responder
6051,18,51,Female,Severe,Medium,Treatment,63.2,59.9,3.3,Non-Responder
6052,28,38,Male,Moderate,Low,Treatment,54.9,34.4,20.5,Responder
6053,1,71,Female,Moderate,Low,Treatment,63.8,55.1,8.7,Non-Responder
6054,18,55,Male,Mild,Low,Control,30.5,23.1,7.4,Non-Responder
6055,13,62,Female,Severe,Low,Control,78.4,74.1,4.3,Non-Responder
6056,17,35,Male,Moderate,Medium,Treatment,55.7,38.9,16.8,Responder
6057,36,47,Male,Mild,Medium,Control,65.3,45.6,19.7,Responder
6058,4,63,Female,Mild,Low,Control,72.9,50.1,22.8,Responder
6059,27,68,Male,Severe,Medium,Control,67.7,63.1,4.6,Non-Responder
6060,38,63,Female,Moderate,Medium,Control,59.9,47.0,12.9,Responder
6061,12,68,Female,Moderate,Low,Treatment,72.7,56.9,15.8,Responder
6062,12,66,Female,Moderate,Low,Control,51.7,47.0,4.7,Non-Responder
6063,20,58,Male,Mild,Low,Control,52.2,32.2,20.0,Responder
6064,34,54,Female,Moderate,Low,Treatment,56.6,33.2,23.4,Responder
6065,9,56,Male,Mild,Medium,Treatment,43.5,24.9,18.6,Responder
6066,34,64,Female,Mild,Low,Control,47.4,39.4,8.0,Non-Responder
6067,36,53,Female,Moderate,Low,Treatment,72.8,71.6,1.2,Non-Responder
6068,14,40,Male,Moderate,Medium,Treatment,65.8,47.5,18.3,Responder
6069,4,62,Female,Mild,High,Control,56.2,39.8,16.4,Responder
6070,29,57,Male,Mild,High,Control,51.9,40.6,11.3,Responder
6071,24,22,Male,Mild,Medium,Treatment,62.0,45.7,16.3,Responder
6072,16,39,Male,Severe,Low,Treatment,93.4,84.3,9.1,Non-Responder
6073,33,60,Male,Moderate,Low,Control,44.0,38.6,5.4,Non-Responder
6074,3,43,Male,Moderate,Low,Control,50.0,47.1,2.9,Non-Responder
6075,20,63,Male,Moderate,Low,Treatment,42.6,20.5,22.1,Responder
6076,4,67,Male,Mild,Low,Control,62.3,68.6,-6.3,Non-Responder
6077,16,54,Male,Moderate,Low,Treatment,70.7,59.7,11.0,Responder
6078,14,67,Female,Moderate,Low,Control,48.6,31.9,16.7,Responder
6079,40,50,Male,Mild,Medium,Control,71.4,53.4,18.0,Responder
6080,37,61,Male,Mild,Medium,Control,70.5,62.5,8.0,Non-Responder
6081,17,58,Female,Mild,Medium,Control,64.0,62.3,1.7,Non-Responder
6082,17,59,Male,Moderate,Medium,Control,50.7,36.2,14.5,Responder
6083,23,47,Male,Moderate,Low,Control,68.3,49.1,19.2,Responder
6084,40,40,Female,Moderate,Low,Treatment,59.2,50.4,8.8,Non-Responder
6085,5,62,Female,Moderate,Low,Control,64.7,61.4,3.3,Non-Responder
6086,28,69,Female,Moderate,Low,Control,52.7,43.9,8.8,Non-Responder
6087,35,46,Female,Moderate,Medium,Treatment,60.5,35.0,25.5,Responder
6088,22,33,Male,Severe,Low,Control,54.0,38.7,15.3,Responder
6089,14,42,Male,Moderate,Low,Control,68.5,57.3,11.2,Responder
6090,22,45,Male,Mild,Medium,Control,54.9,46.5,8.4,Non-Responder
6091,31,55,Male,Mild,Medium,Treatment,55.8,32.7,23.1,Responder
6092,12,57,Female,Mild,High,Control,43.7,36.9,6.8,Non-Responder
6093,2,67,Male,Mild,Medium,Control,73.8,64.1,9.7,Non-Responder
6094,34,57,Female,Moderate,Medium,Treatment,62.8,32.5,30.3,Responder
6095,14,62,Male,Mild,Medium,Control,71.5,66.5,5.0,Non-Responder
6096,10,72,Male,Moderate,Low,Control,63.8,54.4,9.4,Non-Responder
6097,32,65,Male,Moderate,Medium,Control,69.4,53.1,16.3,Responder
6098,2,48,Female,Moderate,Medium,Treatment,66.7,49.7,17.0,Responder
6099,17,52,Male,Moderate,Medium,Treatment,55.9,40.4,15.5,Responder
6100,12,48,Male,Moderate,Low,Control,55.1,57.3,-2.2,Non-Responder
6101,39,37,Male,Mild,High,Control,48.3,41.3,7.0,Non-Responder
6102,24,54,Female,Severe,Medium,Control,85.6,82.9,2.7,Non-Responder
6103,13,71,Female,Moderate,Low,Treatment,55.4,41.3,14.1,Responder
6104,33,47,Male,Mild,Low,Treatment,71.4,53.5,17.9,Responder
6105,15,27,Male,Moderate,Low,Treatment,61.6,48.7,12.9,Responder
6106,7,36,Female,Severe,Medium,Control,71.6,63.4,8.2,Non-Responder
6107,33,51,Female,Severe,Low,Control,71.4,60.2,11.2,Responder
6108,3,59,Female,Moderate,High,Control,71.7,70.8,0.9,Non-Responder
6109,10,42,Male,Severe,Medium,Treatment,59.2,43.6,15.6,Responder
6110,31,42,Female,Moderate,Medium,Treatment,40.6,28.2,12.4,Responder
6111,19,39,Male,Moderate,Low,Treatment,62.6,61.6,1.0,Non-Responder
6112,24,33,Female,Moderate,Low,Control,61.7,53.5,8.2,Non-Responder
6113,22,70,Male,Mild,Low,Control,60.1,47.2,12.9,Responder
6114,28,35,Female,Moderate,Medium,Treatment,51.6,30.5,21.1,Responder
6115,35,51,Female,Moderate,Low,Control,57.8,59.1,-1.3,Non-Responder
6116,6,76,Female,Severe,Low,Control,79.1,69.0,10.1,Responder
6117,30,50,Female,Severe,High,Control,87.2,69.3,17.9,Responder
6118,37,28,Female,Mild,Low,Control,68.0,48.2,19.8,Responder
6119,10,41,Male,Mild,Medium,Treatment,35.8,25.6,10.2,Responder
6120,17,60,Female,Moderate,High,Treatment,53.8,27.0,26.8,Responder
6121,20,70,Male,Moderate,Low,Treatment,56.2,26.6,29.6,Responder
6122,22,49,Female,Mild,Medium,Control,70.2,58.8,11.4,Responder
6123,29,48,Male,Mild,Medium,Control,47.6,27.3,20.3,Responder
6124,9,43,Male,Severe,Medium,Treatment,65.4,51.5,13.9,Responder
6125,32,56,Male,Moderate,Medium,Treatment,74.8,59.7,15.1,Responder
6126,25,53,Male,Severe,Low,Control,68.1,51.5,16.6,Responder
6127,37,57,Female,Moderate,Medium,Treatment,48.3,42.8,5.5,Non-Responder
6128,25,55,Female,Mild,Low,Control,43.3,39.8,3.5,Non-Responder
6129,1,67,Female,Moderate,Low,Control,57.4,44.1,13.3,Responder
6130,19,69,Male,Moderate,Low,Control,52.3,44.2,8.1,Non-Responder
6131,16,53,Female,Mild,Medium,Treatment,50.6,31.9,18.7,Responder
6132,14,65,Female,Mild,Low,Treatment,53.2,37.3,15.9,Responder
6133,30,28,Female,Moderate,Medium,Treatment,54.5,47.9,6.6,Non-Responder
6134,4,47,Female,Mild,Medium,Control,39.7,45.7,-6.0,Non-Responder
6135,17,47,Female,Mild,Low,Control,62.8,56.6,6.2,Non-Responder
6136,7,39,Female,Moderate,Low,Treatment,64.0,45.2,18.8,Responder
6137,33,77,Female,Mild,High,Treatment,76.7,59.2,17.5,Responder
6138,10,39,Female,Moderate,Medium,Control,67.1,53.2,13.9,Responder
6139,25,79,Female,Moderate,Medium,Treatment,63.8,32.7,31.1,Responder
6140,19,61,Female,Mild,Low,Treatment,39.3,20.8,18.5,Responder
6141,15,52,Male,Moderate,Medium,Control,68.8,67.8,1.0,Non-Responder
6142,40,37,Male,Mild,Low,Treatment,53.8,41.7,12.1,Responder
6143,18,47,Female,Severe,Low,Treatment,60.1,49.5,10.6,Responder
6144,30,44,Female,Moderate,Low,Treatment,66.7,43.7,23.0,Responder
6145,24,26,Male,Mild,Low,Control,61.4,65.7,-4.3,Non-Responder
6146,17,56,Female,Mild,Low,Control,33.9,37.0,-3.1,Non-Responder
6147,38,63,Male,Mild,Medium,Control,41.9,18.9,23.0,Responder
6148,17,52,Male,Mild,Low,Treatment,55.3,29.9,25.4,Responder
6149,38,52,Male,Moderate,Low,Control,50.8,54.4,-3.6,Non-Responder
6150,11,61,Female,Moderate,Low,Control,49.5,38.0,11.5,Responder
6151,24,47,Female,Moderate,Medium,Treatment,58.1,42.9,15.2,Responder
6152,32,47,Female,Moderate,Medium,Control,61.5,35.2,26.3,Responder
6153,33,38,Female,Mild,Low,Control,78.3,72.9,5.4,Non-Responder
6154,10,45,Female,Moderate,Medium,Control,67.5,57.6,9.9,Non-Responder
6155,32,49,Female,Moderate,Low,Treatment,59.3,44.2,15.1,Responder
6156,28,66,Male,Moderate,Low,Treatment,49.5,37.3,12.2,Responder
6157,3,58,Female,Severe,Low,Treatment,77.4,47.9,29.5,Responder
6158,19,55,Male,Moderate,Unknown,Control,59.2,46.4,12.8,Responder
6159,23,31,Male,Moderate,Medium,Treatment,79.4,69.7,9.7,Non-Responder
6160,29,60,Male,Moderate,Low,Treatment,82.6,74.1,8.5,Non-Responder
6161,9,41,Male,Mild,Low,Treatment,48.7,37.9,10.8,Responder
6162,13,60,Male,Mild,Low,Control,50.4,44.2,6.2,Non-Responder
6163,13,62,Female,Moderate,Medium,Control,70.8,52.9,17.9,Responder
6164,1,65,Female,Severe,Low,Treatment,58.8,50.7,8.1,Non-Responder
6165,24,73,Female,Moderate,Medium,Control,53.2,53.5,-0.3,Non-Responder
6166,37,63,Male,Mild,Low,Treatment,61.0,52.1,8.9,Non-Responder
6167,12,57,Male,Severe,Medium,Control,59.3,51.3,8.0,Non-Responder
6168,27,59,Female,Mild,Medium,Treatment,37.0,26.7,10.3,Responder
6169,29,43,Male,Severe,Medium,Control,70.4,58.8,11.6,Responder
6170,11,46,Male,Moderate,Medium,Treatment,72.3,46.0,26.3,Responder
6171,8,51,Female,Moderate,Medium,Treatment,65.2,44.7,20.5,Responder
6172,36,64,Female,Mild,Medium,Control,53.8,39.0,14.8,Responder
6173,24,63,Female,Moderate,Low,Treatment,64.5,60.3,4.2,Non-Responder
6174,35,45,Male,Moderate,Medium,Treatment,55.0,33.1,21.9,Responder
6175,19,53,Male,Moderate,Medium,Control,38.7,25.1,13.6,Responder
6176,37,65,Male,Severe,High,Control,57.2,47.1,10.1,Responder
6177,21,74,Female,Severe,Low,Treatment,85.9,74.4,11.5,Responder
6178,22,82,Male,Mild,Medium,Treatment,64.8,40.0,24.8,Responder
6179,9,35,Female,Severe,Medium,Treatment,76.3,74.3,2.0,Non-Responder
6180,37,61,Female,Moderate,Low,Control,60.5,45.7,14.8,Responder
6181,25,41,Female,Moderate,High,Treatment,76.1,65.5,10.6,Responder
6182,9,59,Male,Moderate,High,Treatment,59.5,39.2,20.3,Responder
6183,38,45,Male,Moderate,Low,Treatment,55.1,44.7,10.4,Responder
6184,35,55,Female,Moderate,Low,Treatment,49.2,28.0,21.2,Responder
6185,10,51,Male,Mild,Medium,Treatment,70.1,47.4,22.7,Responder
6186,7,66,Female,Mild,Medium,Treatment,52.8,39.8,13.0,Responder
6187,21,52,Male,Mild,Medium,Control,58.8,44.0,14.8,Responder
6188,26,45,Male,Mild,High,Treatment,39.0,24.6,14.4,Responder
6189,37,63,Female,Moderate,Medium,Treatment,52.3,50.8,1.5,Non-Responder
6190,30,42,Male,Moderate,Low,Control,79.8,77.4,2.4,Non-Responder
6191,40,63,Female,Mild,Medium,Control,45.1,47.2,-2.1,Non-Responder
6192,18,51,Male,Moderate,Medium,Treatment,66.9,48.2,18.7,Responder
6193,19,64,Male,Moderate,Medium,Treatment,57.0,35.6,21.4,Responder
6194,9,50,Female,Mild,Medium,Treatment,49.6,31.7,17.9,Responder
6195,30,53,Male,Severe,Medium,Control,79.8,81.0,-1.2,Non-Responder
6196,40,50,Female,Mild,Low,Treatment,28.4,12.8,15.6,Responder
6197,7,51,Male,Moderate,High,Control,51.6,42.9,8.7,Non-Responder
6198,19,56,Male,Moderate,Low,Control,55.7,56.2,-0.5,Non-Responder
6199,32,52,Female,Moderate,Low,Treatment,73.0,55.9,17.1,Responder
6200,12,44,Male,Moderate,Medium,Control,58.2,55.2,3.0,Non-Responder
6201,27,45,Male,Severe,Low,Treatment,48.9,34.9,14.0,Responder
6202,36,45,Male,Severe,Low,Control,80.6,66.6,14.0,Responder
6203,20,40,Male,Mild,High,Treatment,59.7,67.4,-7.7,Non-Responder
6204,26,57,Female,Moderate,Low,Treatment,43.3,36.2,7.1,Non-Responder
6205,8,18,Male,Moderate,Low,Control,54.0,52.9,1.1,Non-Responder
6206,16,67,Male,Moderate,Medium,Treatment,50.4,15.4,35.0,Responder
6207,19,53,Male,Moderate,Medium,Treatment,54.0,35.9,18.1,Responder
6208,23,67,Female,Severe,Medium,Treatment,80.4,64.8,15.6,Responder
6209,21,65,Female,Severe,Medium,Treatment,61.3,36.6,24.7,Responder
6210,22,66,Male,Moderate,Medium,Treatment,58.4,43.6,14.8,Responder
6211,29,55,Male,Mild,High,Control,52.8,61.1,-8.3,Non-Responder
6212,22,55,Male,Moderate,High,Control,71.9,61.3,10.6,Responder
6213,36,78,Female,Mild,Medium,Control,50.9,42.8,8.1,Non-Responder
6214,32,63,Female,Moderate,High,Control,63.3,49.7,13.6,Responder
6215,10,65,Female,Severe,Medium,Control,81.7,77.7,4.0,Non-Responder
6216,38,49,Male,Moderate,Medium,Control,78.9,73.7,5.2,Non-Responder
6217,39,50,Female,Moderate,Low,Control,65.5,68.5,-3.0,Non-Responder
6218,24,73,Female,Moderate,High,Control,78.4,77.5,0.9,Non-Responder
6219,10,47,Male,Mild,High,Treatment,70.5,63.0,7.5,Non-Responder
6220,2,58,Female,Mild,Low,Control,54.4,37.3,17.1,Responder
6221,12,45,Male,Mild,Medium,Control,56.4,39.3,17.1,Responder
6222,24,56,Female,Mild,Medium,Control,65.7,56.3,9.4,Non-Responder
6223,10,60,Male,Severe,Low,Treatment,73.4,66.2,7.2,Non-Responder
6224,4,57,Female,Mild,Low,Control,51.5,49.8,1.7,Non-Responder
6225,20,76,Female,Severe,Medium,Treatment,72.1,51.1,21.0,Responder
6226,40,66,Male,Moderate,High,Treatment,48.9,28.8,20.1,Responder
6227,26,58,Female,Moderate,Medium,Control,73.0,55.1,17.9,Responder
6228,30,51,Female,Mild,Low,Treatment,53.5,34.3,19.2,Responder
6229,6,60,Male,Moderate,Medium,Treatment,72.5,50.7,21.8,Responder
6230,38,63,Female,Moderate,Medium,Treatment,76.6,60.8,15.8,Responder
6231,34,47,Female,Moderate,Low,Treatment,52.0,38.3,13.7,Responder
6232,40,47,Male,Moderate,High,Treatment,54.2,39.3,14.9,Responder
6233,27,37,Male,Moderate,Medium,Treatment,75.0,68.8,6.2,Non-Responder
6234,26,51,Female,Severe,Medium,Treatment,57.0,36.0,21.0,Responder
6235,27,57,Female,Mild,Medium,Control,59.9,51.3,8.6,Non-Responder
6236,15,49,Male,Severe,High,Treatment,76.1,62.6,13.5,Responder
6237,16,36,Female,Severe,Low,Treatment,78.9,60.0,18.9,Responder
6238,30,53,Female,Severe,Low,Control,82.6,66.5,16.1,Responder
6239,36,57,Female,Mild,Medium,Control,54.9,43.1,11.8,Responder
6240,8,46,Female,Mild,Medium,Treatment,54.3,25.4,28.9,Responder
6241,37,73,Female,Mild,Medium,Treatment,71.5,67.0,4.5,Non-Responder
6242,25,40,Male,Mild,Low,Treatment,38.3,9.6,28.7,Responder
6243,39,38,Female,Moderate,Medium,Treatment,74.4,58.1,16.3,Responder
6244,34,40,Male,Mild,Medium,Treatment,49.0,24.7,24.3,Responder
6245,21,44,Male,Mild,Medium,Control,45.8,33.2,12.6,Responder
6246,35,43,Male,Severe,Medium,Control,65.0,66.9,-1.9,Non-Responder
6247,30,62,Male,Mild,High,Control,69.6,55.3,14.3,Responder
6248,4,54,Female,Moderate,High,Treatment,69.9,61.8,8.1,Non-Responder
6249,4,51,Male,Mild,Medium,Control,44.4,38.2,6.2,Non-Responder
6250,40,62,Male,Moderate,Low,Treatment,71.8,69.8,2.0,Non-Responder
6251,32,29,Male,Severe,Low,Control,52.3,42.8,9.5,Non-Responder
6252,1,67,Female,Moderate,Low,Treatment,56.4,40.1,16.3,Responder
6253,37,64,Female,Moderate,High,Treatment,74.7,62.9,11.8,Responder
6254,6,39,Female,Moderate,Medium,Treatment,50.3,34.8,15.5,Responder
6255,21,47,Female,Moderate,Medium,Treatment,56.4,33.2,23.2,Responder
6256,9,57,Female,Moderate,Medium,Control,58.4,59.4,-1.0,Non-Responder
6257,27,49,Male,Moderate,Low,Control,55.8,51.7,4.1,Non-Responder
6258,8,71,Male,Moderate,Medium,Treatment,56.4,37.0,19.4,Responder
6259,25,50,Male,Moderate,Medium,Treatment,57.8,46.7,11.1,Responder
6260,31,47,Male,Moderate,Medium,Control,69.6,66.8,2.8,Non-Responder
6261,15,54,Female,Moderate,Low,Control,78.6,64.3,14.3,Responder
6262,7,45,Female,Moderate,Medium,Control,62.4,64.3,-1.9,Non-Responder
6263,22,55,Male,Mild,Low,Control,61.2,64.4,-3.2,Non-Responder
6264,3,78,Male,Moderate,Medium,Treatment,48.4,38.2,10.2,Responder
6265,7,44,Female,Mild,Low,Treatment,45.2,29.2,16.0,Responder
6266,19,70,Female,Mild,Medium,Treatment,63.7,55.8,7.9,Non-Responder
6267,6,64,Female,Moderate,Medium,Treatment,71.2,48.4,22.8,Responder
6268,31,37,Female,Mild,Medium,Control,33.7,22.2,11.5,Responder
6269,3,64,Female,Mild,Medium,Treatment,47.2,20.3,26.9,Responder
6270,30,52,Female,Moderate,Medium,Control,65.9,57.7,8.2,Non-Responder
6271,7,51,Female,Severe,Medium,Control,73.2,69.5,3.7,Non-Responder
6272,37,41,Male,Mild,Medium,Control,53.2,33.2,20.0,Responder
6273,29,74,Male,Moderate,Medium,Treatment,85.9,62.5,23.4,Responder
6274,6,64,Female,Moderate,High,Control,60.2,58.1,2.1,Non-Responder
6275,6,64,Male,Moderate,Medium,Treatment,67.6,44.2,23.4,Responder
6276,24,37,Male,Moderate,Low,Treatment,62.0,35.0,27.0,Responder
6277,25,38,Male,Severe,Medium,Control,64.9,70.4,-5.5,Non-Responder
6278,24,37,Female,Moderate,Medium,Treatment,60.8,43.1,17.7,Responder
6279,8,57,Female,Moderate,Low,Control,76.9,68.6,8.3,Non-Responder
6280,27,54,Female,Mild,High,Treatment,65.7,54.7,11.0,Responder
6281,29,61,Female,Moderate,Medium,Control,81.6,69.1,12.5,Responder
6282,6,71,Female,Severe,High,Control,78.9,62.5,16.4,Responder
6283,37,60,Male,Mild,Medium,Treatment,43.0,33.7,9.3,Non-Responder
6284,34,63,Female,Moderate,Medium,Treatment,82.3,76.4,5.9,Non-Responder
6285,5,44,Male,Moderate,Medium,Control,62.3,57.2,5.1,Non-Responder
6286,15,40,Male,Severe,Low,Treatment,72.8,55.9,16.9,Responder
6287,26,61,Male,Moderate,Low,Treatment,44.9,12.3,32.6,Responder
6288,7,39,Male,Mild,Low,Control,65.6,61.2,4.4,Non-Responder
6289,5,30,Male,Moderate,Medium,Control,64.1,54.4,9.7,Non-Responder
6290,8,56,Female,Moderate,Low,Control,62.5,51.0,11.5,Responder
6291,32,72,Male,Moderate,Low,Treatment,62.1,54.4,7.7,Non-Responder
6292,21,65,Female,Severe,Medium,Treatment,72.8,68.5,4.3,Non-Responder
6293,18,57,Male,Moderate,Medium,Treatment,65.1,47.0,18.1,Responder
6294,39,53,Male,Moderate,High,Control,67.5,70.9,-3.4,Non-Responder
6295,22,44,Female,Moderate,Low,Treatment,59.5,59.4,0.1,Non-Responder
6296,26,40,Female,Mild,High,Control,55.3,46.2,9.1,Non-Responder
6297,10,41,Female,Severe,Unknown,Control,69.2,76.0,-6.8,Non-Responder
6298,24,57,Female,Moderate,Medium,Control,44.9,39.2,5.7,Non-Responder
6299,4,66,Female,Mild,Medium,Control,75.5,69.5,6.0,Non-Responder
6300,30,47,Female,Mild,Low,Control,55.2,68.4,-13.2,Non-Responder
6301,2,63,Male,Moderate,Medium,Treatment,77.7,68.7,9.0,Non-Responder
6302,4,67,Male,Severe,Medium,Treatment,84.6,64.6,20.0,Responder
6303,25,41,Female,Moderate,Medium,Control,71.4,54.7,16.7,Responder
6304,26,48,Male,Severe,Low,Control,87.5,80.1,7.4,Non-Responder
6305,37,24,Female,Moderate,Low,Treatment,55.9,42.4,13.5,Responder
6306,18,51,Male,Mild,Low,Control,59.0,62.6,-3.6,Non-Responder
6307,6,47,Male,Moderate,Medium,Control,54.5,33.1,21.4,Responder
6308,24,61,Male,Moderate,Low,Treatment,67.0,53.7,13.3,Responder
6309,26,64,Male,Severe,Medium,Treatment,69.1,55.7,13.4,Responder
6310,14,56,Female,Moderate,Low,Control,57.8,55.7,2.1,Non-Responder
6311,20,46,Male,Moderate,Low,Treatment,27.9,25.7,2.2,Non-Responder
6312,25,69,Male,Moderate,Low,Treatment,74.1,44.7,29.4,Responder
6313,38,62,Male,Severe,Medium,Treatment,82.8,82.3,0.5,Non-Responder
6314,16,78,Female,Moderate,Low,Control,66.7,51.7,15.0,Responder
6315,2,73,Male,Moderate,Low,Treatment,80.6,56.9,23.7,Responder
6316,20,54,Female,Mild,Medium,Treatment,70.0,65.4,4.6,Non-Responder
6317,6,39,Female,Moderate,Medium,Control,53.0,51.6,1.4,Non-Responder
6318,13,18,Female,Severe,Low,Treatment,80.5,77.7,2.8,Non-Responder
6319,17,49,Female,Moderate,Medium,Control,52.2,39.8,12.4,Responder
6320,30,59,Male,Mild,Medium,Treatment,59.7,49.3,10.4,Responder
6321,28,34,Female,Severe,Low,Treatment,86.1,54.3,31.8,Responder
6322,1,56,Female,Moderate,Low,Control,78.2,76.5,1.7,Non-Responder
6323,35,68,Female,Moderate,Medium,Control,56.4,49.6,6.8,Non-Responder
6324,4,69,Male,Moderate,Low,Control,72.9,65.8,7.1,Non-Responder
6325,30,51,Male,Severe,Medium,Treatment,64.7,54.0,10.7,Responder
6326,37,69,Female,Moderate,Low,Control,72.2,64.6,7.6,Non-Responder
6327,26,75,Male,Moderate,Medium,Control,49.1,42.0,7.1,Non-Responder
6328,26,45,Female,Severe,Medium,Control,75.4,61.6,13.8,Responder
6329,15,68,Female,Severe,Low,Control,62.6,49.3,13.3,Responder
6330,38,47,Female,Moderate,Low,Control,64.2,65.1,-0.9,Non-Responder
6331,18,60,Male,Moderate,Medium,Treatment,71.6,58.6,13.0,Responder
6332,18,65,Male,Moderate,Medium,Control,56.5,62.7,-6.2,Non-Responder
6333,26,48,Male,Mild,High,Control,44.2,39.7,4.5,Non-Responder
6334,33,65,Female,Moderate,Medium,Treatment,54.9,37.6,17.3,Responder
6335,20,69,Female,Moderate,Low,Treatment,59.0,46.9,12.1,Responder
6336,16,77,Male,Moderate,Low,Treatment,68.4,55.6,12.8,Responder
6337,27,51,Male,Mild,Medium,Treatment,69.9,56.2,13.7,Responder
6338,17,52,Female,Severe,Low,Control,69.6,53.5,16.1,Responder
6339,20,52,Male,Moderate,Low,Control,30.6,27.3,3.3,Non-Responder
6340,29,66,Female,Mild,High,Treatment,62.1,50.9,11.2,Responder
6341,38,51,Male,Moderate,Medium,Treatment,81.0,78.5,2.5,Non-Responder
6342,25,60,Male,Severe,Low,Treatment,71.0,49.5,21.5,Responder
6343,2,53,Male,Moderate,Low,Treatment,62.7,48.4,14.3,Responder
6344,1,66,Female,Moderate,Low,Control,59.5,52.5,7.0,Non-Responder
6345,6,47,Male,Moderate,Medium,Control,66.8,55.0,11.8,Responder
6346,28,52,Female,Mild,Medium,Control,52.3,45.3,7.0,Non-Responder
6347,3,42,Female,Moderate,Low,Treatment,69.5,51.4,18.1,Responder
6348,23,43,Female,Moderate,Medium,Control,77.4,80.4,-3.0,Non-Responder
6349,38,56,Female,Severe,Low,Treatment,91.6,80.7,10.9,Responder
6350,11,27,Male,Severe,Low,Treatment,73.5,54.7,18.8,Responder
6351,3,59,Male,Moderate,Medium,Treatment,77.9,51.9,26.0,Responder
6352,21,40,Female,Moderate,Low,Treatment,74.9,71.9,3.0,Non-Responder
6353,19,63,Male,Moderate,Low,Treatment,68.8,54.7,14.1,Responder
6354,34,61,Female,Moderate,Low,Control,49.3,35.9,13.4,Responder
6355,38,60,Male,Severe,High,Control,63.9,67.3,-3.4,Non-Responder
6356,26,46,Female,Mild,Low,Treatment,63.5,48.9,14.6,Responder
6357,37,70,Female,Mild,Medium,Control,40.6,27.0,13.6,Responder
6358,15,52,Female,Moderate,Low,Control,79.0,74.9,4.1,Non-Responder
6359,4,75,Male,Moderate,Low,Treatment,58.4,43.8,14.6,Responder
6360,25,59,Male,Mild,High,Treatment,58.6,32.0,26.6,Responder
6361,4,44,Female,Moderate,High,Treatment,49.6,14.4,35.2,Responder
6362,16,30,Female,Mild,Medium,Treatment,44.9,22.3,22.6,Responder
6363,38,71,Male,Severe,Medium,Control,58.9,53.4,5.5,Non-Responder
6364,20,47,Female,Severe,Medium,Treatment,63.9,33.0,30.9,Responder
6365,21,60,Female,Moderate,Low,Control,76.5,56.2,20.3,Responder
6366,19,65,Female,Mild,Medium,Treatment,51.1,39.8,11.3,Responder
6367,9,50,Male,Severe,Medium,Control,73.7,67.2,6.5,Non-Responder
6368,17,75,Female,Moderate,High,Treatment,58.5,36.2,22.3,Responder
6369,19,39,Female,Moderate,High,Treatment,77.4,49.6,27.8,Responder
6370,7,47,Male,Moderate,High,Treatment,69.8,39.1,30.7,Responder
6371,6,45,Female,Moderate,Medium,Treatment,66.1,39.6,26.5,Responder
6372,7,42,Male,Moderate,Low,Treatment,57.7,44.7,13.0,Responder
6373,38,28,Female,Severe,Low,Treatment,66.9,59.1,7.8,Non-Responder
6374,38,46,Female,Mild,Medium,Treatment,39.7,27.4,12.3,Responder
6375,30,44,Male,Moderate,Medium,Control,63.7,49.0,14.7,Responder
6376,36,63,Male,Moderate,Low,Treatment,43.7,33.2,10.5,Responder
6377,12,47,Female,Severe,High,Treatment,64.5,55.7,8.8,Non-Responder
6378,9,48,Male,Mild,Medium,Control,53.2,49.3,3.9,Non-Responder
6379,39,35,Female,Severe,Low,Treatment,66.1,23.1,43.0,Responder
6380,13,60,Male,Moderate,High,Treatment,65.5,55.5,10.0,Responder
6381,15,29,Male,Moderate,Medium,Control,68.9,60.5,8.4,Non-Responder
6382,11,49,Female,Moderate,High,Control,63.3,46.7,16.6,Responder
6383,12,64,Female,Mild,Medium,Treatment,59.2,40.0,19.2,Responder
6384,32,57,Female,Moderate,Medium,Control,70.2,49.6,20.6,Responder
6385,34,39,Male,Mild,Low,Control,47.8,44.1,3.7,Non-Responder
6386,27,66,Female,Mild,Medium,Control,57.1,43.9,13.2,Responder
6387,36,57,Female,Moderate,Low,Control,81.5,74.6,6.9,Non-Responder
6388,31,48,Male,Severe,Medium,Control,61.1,41.3,19.8,Responder
6389,14,58,Female,Mild,Unknown,Control,55.6,52.0,3.6,Non-Responder
6390,34,46,Female,Moderate,Low,Treatment,57.7,43.7,14.0,Responder
6391,29,55,Female,Moderate,Low,Treatment,61.1,34.9,26.2,Responder
6392,38,66,Female,Mild,Medium,Control,54.7,43.3,11.4,Responder
6393,11,64,Female,Severe,Low,Control,65.4,52.8,12.6,Responder
6394,25,31,Male,Moderate,Low,Treatment,45.7,30.5,15.2,Responder
6395,37,57,Male,Mild,Low,Treatment,54.7,46.4,8.3,Non-Responder
6396,25,35,Male,Mild,Medium,Control,69.3,57.2,12.1,Responder
6397,23,57,Female,Moderate,Medium,Treatment,71.3,59.2,12.1,Responder
6398,7,61,Male,Mild,High,Treatment,45.8,23.2,22.6,Responder
6399,26,57,Male,Mild,Low,Treatment,58.1,40.3,17.8,Responder
6400,5,61,Female,Moderate,Medium,Control,64.0,51.9,12.1,Responder
6401,9,51,Female,Mild,Medium,Treatment,56.7,44.4,12.3,Responder
6402,7,43,Male,Severe,Medium,Control,71.0,51.6,19.4,Responder
6403,39,60,Male,Severe,Medium,Treatment,91.0,78.1,12.9,Responder
6404,26,65,Male,Severe,Medium,Treatment,54.5,45.4,9.1,Non-Responder
6405,20,54,Female,Moderate,Low,Control,48.4,33.7,14.7,Responder
6406,5,46,Female,Severe,High,Treatment,61.1,35.6,25.5,Responder
6407,13,50,Female,Moderate,High,Control,77.7,78.9,-1.2,Non-Responder
6408,15,45,Male,Moderate,Unknown,Control,62.7,52.3,10.4,Responder
6409,31,56,Male,Mild,Medium,Control,53.4,42.1,11.3,Responder
6410,11,52,Male,Moderate,Low,Treatment,70.7,53.7,17.0,Responder
6411,7,57,Male,Moderate,High,Control,48.3,32.9,15.4,Responder
6412,30,45,Male,Moderate,Low,Control,75.4,57.2,18.2,Responder
6413,2,62,Female,Severe,Low,Treatment,76.6,57.6,19.0,Responder
6414,13,43,Female,Severe,High,Control,47.6,38.0,9.6,Non-Responder
6415,26,29,Female,Moderate,Medium,Control,68.4,60.4,8.0,Non-Responder
6416,32,51,Male,Mild,Medium,Treatment,55.9,37.8,18.1,Responder
6417,36,52,Male,Mild,Low,Control,61.7,51.4,10.3,Responder
6418,7,39,Male,Mild,Medium,Treatment,56.9,45.4,11.5,Responder
6419,27,54,Male,Moderate,Medium,Control,51.8,45.7,6.1,Non-Responder
6420,37,52,Male,Mild,Medium,Control,57.7,49.6,8.1,Non-Responder
6421,1,45,Female,Moderate,Medium,Treatment,69.9,50.6,19.3,Responder
6422,26,39,Female,Mild,Low,Control,48.5,29.8,18.7,Responder
6423,32,53,Female,Moderate,Low,Treatment,61.0,46.2,14.8,Responder
6424,12,57,Male,Severe,Medium,Treatment,69.2,69.0,0.2,Non-Responder
6425,34,54,Male,Mild,High,Control,59.4,49.1,10.3,Responder
6426,2,63,Female,Moderate,High,Treatment,60.7,46.2,14.5,Responder
6427,7,67,Female,Severe,Low,Control,81.6,67.8,13.8,Responder
6428,18,60,Female,Moderate,Medium,Control,47.8,53.5,-5.7,Non-Responder
6429,35,59,Female,Moderate,Low,Treatment,77.6,76.8,0.8,Non-Responder
6430,28,24,Male,Moderate,Medium,Control,64.4,57.6,6.8,Non-Responder
6431,4,75,Female,Moderate,Medium,Control,71.4,56.4,15.0,Responder
6432,13,60,Female,Moderate,Low,Treatment,63.0,39.2,23.8,Responder
6433,15,43,Male,Moderate,Low,Control,66.5,51.6,14.9,Responder
6434,40,41,Female,Moderate,Low,Treatment,56.1,36.6,19.5,Responder
6435,16,62,Female,Mild,Medium,Treatment,57.4,43.7,13.7,Responder
6436,15,43,Female,Moderate,Low,Control,82.4,63.0,19.4,Responder
6437,12,71,Male,Mild,Medium,Treatment,53.8,44.9,8.9,Non-Responder
6438,17,28,Female,Moderate,Low,Control,58.6,54.4,4.2,Non-Responder
6439,17,56,Female,Moderate,Low,Control,56.8,41.5,15.3,Responder
6440,24,32,Female,Moderate,Medium,Control,71.0,70.9,0.1,Non-Responder
6441,5,45,Male,Moderate,High,Treatment,66.9,60.1,6.8,Non-Responder
6442,23,37,Male,Severe,Low,Control,75.6,77.5,-1.9,Non-Responder
6443,4,54,Male,Mild,Low,Control,58.7,54.6,4.1,Non-Responder
6444,9,46,Female,Moderate,Low,Control,57.9,42.8,15.1,Responder
6445,2,63,Male,Severe,Low,Treatment,71.6,45.6,26.0,Responder
6446,30,42,Female,Severe,Low,Control,72.0,70.5,1.5,Non-Responder
6447,21,63,Male,Mild,Low,Treatment,47.7,16.4,31.3,Responder
6448,33,60,Male,Mild,Low,Control,67.7,73.5,-5.8,Non-Responder
6449,30,47,Female,Mild,Low,Treatment,30.9,14.2,16.7,Responder
6450,29,47,Male,Moderate,Low,Treatment,37.5,23.1,14.4,Responder
6451,17,39,Male,Moderate,Low,Treatment,60.6,42.0,18.6,Responder
6452,36,36,Male,Moderate,Low,Control,70.7,66.3,4.4,Non-Responder
6453,3,39,Female,Moderate,Medium,Control,55.8,42.0,13.8,Responder
6454,10,43,Female,Mild,Medium,Control,47.3,43.0,4.3,Non-Responder
6455,38,76,Female,Moderate,High,Treatment,65.2,43.0,22.2,Responder
6456,23,51,Female,Moderate,Medium,Control,63.7,49.0,14.7,Responder
6457,14,68,Male,Severe,Low,Control,71.6,62.1,9.5,Non-Responder
6458,2,55,Female,Severe,Low,Control,60.5,57.0,3.5,Non-Responder
6459,35,47,Male,Moderate,Medium,Treatment,44.8,34.4,10.4,Responder
6460,6,33,Male,Severe,Medium,Control,47.9,30.4,17.5,Responder
6461,13,64,Male,Moderate,Medium,Treatment,60.6,46.6,14.0,Responder
6462,30,54,Male,Moderate,Low,Treatment,57.5,42.3,15.2,Responder
6463,29,76,Male,Severe,Medium,Control,71.3,66.5,4.8,Non-Responder
6464,16,76,Female,Moderate,Medium,Treatment,57.6,35.4,22.2,Responder
6465,25,47,Male,Mild,Medium,Treatment,55.2,51.4,3.8,Non-Responder
6466,26,39,Female,Moderate,Low,Control,53.5,36.9,16.6,Responder
6467,35,46,Male,Moderate,Low,Treatment,51.7,39.9,11.8,Responder
6468,3,61,Female,Moderate,Low,Treatment,61.0,42.7,18.3,Responder
6469,6,37,Male,Moderate,Medium,Treatment,63.6,61.6,2.0,Non-Responder
6470,11,62,Male,Moderate,Medium,Treatment,67.3,58.5,8.8,Non-Responder
6471,2,36,Female,Moderate,Medium,Treatment,66.5,50.3,16.2,Responder
6472,13,38,Female,Moderate,Low,Treatment,54.7,36.9,17.8,Responder
6473,21,28,Male,Moderate,Low,Control,67.3,56.0,11.3,Responder
6474,14,67,Female,Moderate,Medium,Control,51.2,50.5,0.7,Non-Responder
6475,28,63,Female,Mild,Medium,Control,73.3,62.7,10.6,Responder
6476,6,47,Male,Moderate,High,Treatment,67.5,39.3,28.2,Responder
6477,9,48,Male,Mild,Low,Treatment,47.3,33.9,13.4,Responder
6478,39,65,Female,Moderate,Medium,Treatment,63.1,54.5,8.6,Non-Responder
6479,39,39,Male,Mild,Low,Control,42.6,33.3,9.3,Non-Responder
6480,32,39,Female,Moderate,Medium,Treatment,72.8,61.2,11.6,Responder
6481,32,36,Male,Moderate,Medium,Control,67.4,59.7,7.7,Non-Responder
6482,10,49,Male,Moderate,Low,Treatment,57.5,40.4,17.1,Responder
6483,14,63,Male,Mild,Medium,Control,65.2,70.2,-5.0,Non-Responder
6484,23,46,Female,Moderate,Medium,Control,66.2,41.8,24.4,Responder
6485,21,61,Male,Mild,Medium,Control,59.2,32.1,27.1,Responder
6486,30,45,Female,Mild,High,Control,66.5,45.6,20.9,Responder
6487,29,33,Male,Moderate,Low,Control,60.4,52.5,7.9,Non-Responder
6488,38,62,Female,Mild,Low,Control,43.4,51.2,-7.8,Non-Responder
6489,33,39,Male,Severe,Low,Control,64.7,60.8,3.9,Non-Responder
6490,6,54,Male,Moderate,High,Control,80.3,64.3,16.0,Responder
6491,23,49,Female,Moderate,Medium,Control,68.4,61.3,7.1,Non-Responder
6492,24,48,Male,Moderate,Low,Control,56.2,46.4,9.8,Non-Responder
6493,20,53,Male,Mild,Medium,Control,51.4,38.9,12.5,Responder
6494,35,56,Male,Moderate,Medium,Treatment,52.6,32.5,20.1,Responder
6495,13,61,Female,Severe,Medium,Treatment,86.2,69.9,16.3,Responder
6496,19,74,Male,Severe,Medium,Treatment,78.3,57.5,20.8,Responder
6497,8,41,Female,Mild,Medium,Control,59.1,70.4,-11.3,Non-Responder
6498,1,74,Female,Moderate,Medium,Control,56.2,57.5,-1.3,Non-Responder
6499,40,45,Male,Mild,High,Treatment,66.9,55.1,11.8,Responder
6500,23,54,Male,Severe,Low,Control,85.5,79.0,6.5,Non-Responder
6501,37,48,Female,Moderate,Low,Control,62.0,56.0,6.0,Non-Responder
6502,37,61,Male,Severe,High,Treatment,83.3,66.0,17.3,Responder
6503,7,61,Male,Mild,Low,Control,50.4,41.0,9.4,Non-Responder
6504,37,35,Female,Moderate,Medium,Treatment,84.3,69.7,14.6,Responder
6505,16,60,Female,Severe,Medium,Control,67.8,50.6,17.2,Responder
6506,38,42,Female,Severe,Medium,Control,90.1,78.7,11.4,Responder
6507,20,64,Female,Moderate,Unknown,Control,79.4,60.7,18.7,Responder
6508,34,50,Female,Moderate,Low,Control,64.2,60.4,3.8,Non-Responder
6509,40,41,Female,Mild,Medium,Control,54.2,55.2,-1.0,Non-Responder
6510,25,46,Male,Moderate,Medium,Treatment,57.9,46.8,11.1,Responder
6511,16,48,Female,Mild,Low,Control,49.9,32.4,17.5,Responder
6512,40,63,Female,Severe,Medium,Treatment,71.8,58.7,13.1,Responder
6513,3,68,Male,Moderate,High,Control,58.4,39.2,19.2,Responder
6514,5,49,Male,Severe,Medium,Control,70.5,59.6,10.9,Responder
6515,16,49,Female,Mild,Medium,Treatment,54.6,45.2,9.4,Non-Responder
6516,13,39,Female,Moderate,Low,Control,63.9,54.7,9.2,Non-Responder
6517,28,30,Female,Mild,High,Treatment,49.6,50.9,-1.3,Non-Responder
6518,37,63,Female,Mild,Medium,Treatment,61.5,44.8,16.7,Responder
6519,9,63,Male,Mild,Low,Control,36.0,29.4,6.6,Non-Responder
6520,33,35,Female,Mild,Medium,Treatment,61.3,45.8,15.5,Responder
6521,18,22,Female,Severe,Medium,Control,79.6,62.1,17.5,Responder
6522,8,41,Female,Moderate,Medium,Treatment,80.9,61.4,19.5,Responder
6523,6,31,Female,Moderate,Low,Treatment,59.8,38.7,21.1,Responder
6524,13,34,Female,Mild,High,Treatment,42.6,38.7,3.9,Non-Responder
6525,34,45,Male,Moderate,Medium,Control,61.0,38.5,22.5,Responder
6526,6,66,Female,Severe,Medium,Treatment,55.4,32.3,23.1,Responder
6527,7,51,Male,Moderate,Medium,Treatment,59.1,33.5,25.6,Responder
6528,31,58,Male,Severe,Low,Control,87.9,76.5,11.4,Responder
6529,29,49,Male,Severe,Low,Control,73.3,60.2,13.1,Responder
6530,40,42,Male,Severe,High,Treatment,71.0,44.4,26.6,Responder
6531,20,51,Female,Moderate,Medium,Control,62.6,55.0,7.6,Non-Responder
6532,10,57,Female,Mild,Low,Treatment,64.0,58.8,5.2,Non-Responder
6533,9,52,Female,Moderate,Medium,Control,47.0,37.6,9.4,Non-Responder
6534,1,60,Female,Severe,Low,Treatment,74.9,68.7,6.2,Non-Responder
6535,33,69,Male,Moderate,Low,Treatment,51.3,37.4,13.9,Responder
6536,27,38,Female,Severe,Low,Control,63.6,59.5,4.1,Non-Responder
6537,11,73,Male,Severe,High,Treatment,75.4,60.5,14.9,Responder
6538,21,35,Female,Moderate,High,Control,54.9,46.0,8.9,Non-Responder
6539,27,61,Male,Severe,Medium,Treatment,76.1,58.4,17.7,Responder
6540,9,42,Female,Moderate,Medium,Treatment,54.9,36.0,18.9,Responder
6541,34,59,Male,Severe,Low,Treatment,52.6,24.7,27.9,Responder
6542,29,66,Female,Mild,Medium,Control,58.3,53.1,5.2,Non-Responder
6543,37,45,Male,Severe,Low,Control,67.7,53.7,14.0,Responder
6544,22,45,Male,Moderate,Low,Treatment,52.5,40.7,11.8,Responder
6545,13,42,Female,Moderate,High,Treatment,70.5,59.1,11.4,Responder
6546,8,52,Female,Severe,Low,Treatment,81.7,69.3,12.4,Responder
6547,8,31,Female,Moderate,High,Treatment,43.1,26.7,16.4,Responder
6548,21,45,Female,Severe,Medium,Control,65.7,67.7,-2.0,Non-Responder
6549,2,68,Female,Mild,Medium,Treatment,60.4,31.8,28.6,Responder
6550,23,32,Male,Severe,Low,Control,70.8,51.9,18.9,Responder
6551,17,45,Female,Moderate,Medium,Treatment,66.2,38.7,27.5,Responder
6552,31,29,Female,Moderate,High,Control,80.5,76.5,4.0,Non-Responder
6553,10,58,Female,Mild,Low,Control,73.8,70.5,3.3,Non-Responder
6554,14,39,Female,Moderate,High,Control,81.0,68.0,13.0,Responder
6555,25,70,Female,Moderate,High,Control,63.1,53.6,9.5,Non-Responder
6556,11,39,Male,Severe,High,Control,68.7,56.9,11.8,Responder
6557,22,50,Male,Moderate,Low,Control,68.9,61.8,7.1,Non-Responder
6558,40,58,Female,Moderate,High,Treatment,73.2,66.4,6.8,Non-Responder
6559,16,49,Female,Severe,High,Control,63.9,64.1,-0.2,Non-Responder
6560,39,61,Female,Moderate,Medium,Control,53.3,43.3,10.0,Responder
6561,35,49,Male,Mild,Medium,Treatment,45.6,29.1,16.5,Responder
6562,38,62,Male,Moderate,Medium,Control,69.9,58.7,11.2,Responder
6563,27,62,Female,Moderate,Medium,Treatment,50.4,36.9,13.5,Responder
6564,33,54,Female,Mild,Medium,Control,69.6,69.1,0.5,Non-Responder
6565,17,39,Female,Severe,Medium,Treatment,75.4,72.8,2.6,Non-Responder
6566,7,35,Female,Moderate,Low,Control,60.3,37.1,23.2,Responder
6567,21,60,Male,Severe,Low,Treatment,60.2,45.3,14.9,Responder
6568,16,56,Female,Mild,Medium,Control,44.5,34.9,9.6,Non-Responder
6569,7,39,Male,Severe,High,Control,71.1,40.1,31.0,Responder
6570,31,75,Female,Moderate,High,Treatment,59.5,32.4,27.1,Responder
6571,20,56,Female,Severe,Medium,Control,71.1,76.7,-5.6,Non-Responder
6572,15,44,Female,Moderate,High,Control,56.4,40.9,15.5,Responder
6573,38,70,Female,Severe,Medium,Control,72.5,50.1,22.4,Responder
6574,28,55,Female,Moderate,Medium,Control,45.7,29.2,16.5,Responder
6575,27,70,Female,Moderate,Low,Control,43.0,25.8,17.2,Responder
6576,16,50,Male,Mild,High,Treatment,74.9,44.2,30.7,Responder
6577,2,61,Female,Moderate,High,Control,64.8,61.6,3.2,Non-Responder
6578,6,66,Female,Moderate,Low,Control,71.5,64.1,7.4,Non-Responder
6579,37,55,Male,Moderate,Low,Treatment,67.5,59.3,8.2,Non-Responder
6580,10,48,Male,Moderate,Low,Treatment,63.4,44.9,18.5,Responder
6581,9,68,Male,Mild,Low,Treatment,58.8,36.7,22.1,Responder
6582,28,54,Female,Moderate,Low,Control,66.0,50.6,15.4,Responder
6583,24,42,Male,Moderate,High,Treatment,70.7,64.7,6.0,Non-Responder
6584,13,53,Female,Moderate,Unknown,Treatment,67.9,53.4,14.5,Responder
6585,23,35,Male,Moderate,Medium,Treatment,74.8,63.3,11.5,Responder
6586,40,65,Male,Mild,Low,Control,62.7,49.0,13.7,Responder
6587,24,60,Female,Moderate,High,Treatment,84.9,64.8,20.1,Responder
6588,33,42,Male,Severe,Low,Control,65.8,56.0,9.8,Non-Responder
6589,11,50,Female,Mild,Medium,Control,73.5,60.7,12.8,Responder
6590,23,54,Female,Mild,Low,Control,55.0,44.7,10.3,Responder
6591,2,58,Female,Severe,Medium,Control,51.9,63.0,-11.1,Non-Responder
6592,5,45,Female,Moderate,Medium,Control,60.4,40.2,20.2,Responder
6593,40,70,Male,Mild,Medium,Control,47.1,38.1,9.0,Non-Responder
6594,32,33,Female,Moderate,Low,Control,72.1,60.1,12.0,Responder
6595,33,60,Female,Mild,Low,Treatment,56.3,47.5,8.8,Non-Responder
6596,9,34,Male,Moderate,Low,Treatment,80.9,65.5,15.4,Responder
6597,24,66,Male,Severe,Low,Treatment,81.9,66.1,15.8,Responder
6598,15,41,Female,Moderate,Medium,Control,46.9,41.0,5.9,Non-Responder
6599,38,57,Male,Moderate,High,Treatment,77.5,62.5,15.0,Responder
6600,10,55,Female,Severe,Medium,Control,73.6,64.3,9.3,Non-Responder
6601,29,52,Male,Moderate,Low,Control,74.6,71.3,3.3,Non-Responder
6602,24,61,Female,Moderate,Medium,Treatment,77.3,63.7,13.6,Responder
6603,7,39,Male,Mild,High,Control,75.5,67.8,7.7,Non-Responder
6604,22,57,Male,Moderate,Medium,Treatment,63.0,49.8,13.2,Responder
6605,22,46,Female,Mild,Medium,Control,46.8,46.6,0.2,Non-Responder
6606,3,47,Female,Moderate,Low,Control,59.8,65.7,-5.9,Non-Responder
6607,37,48,Female,Mild,Low,Control,51.3,49.5,1.8,Non-Responder
6608,40,35,Male,Severe,Medium,Treatment,68.5,61.7,6.8,Non-Responder
6609,40,75,Female,Mild,Medium,Treatment,56.0,50.6,5.4,Non-Responder
6610,20,62,Female,Moderate,Low,Control,75.6,78.8,-3.2,Non-Responder
6611,17,44,Female,Moderate,High,Control,62.7,64.6,-1.9,Non-Responder
6612,7,48,Male,Moderate,Medium,Treatment,68.7,47.0,21.7,Responder
6613,9,48,Male,Moderate,Low,Control,68.0,61.5,6.5,Non-Responder
6614,9,66,Male,Moderate,Medium,Control,59.2,54.1,5.1,Non-Responder
6615,3,73,Male,Moderate,Low,Treatment,60.8,58.8,2.0,Non-Responder
6616,9,33,Female,Moderate,Low,Control,64.7,64.7,-0.0,Non-Responder
6617,37,82,Female,Moderate,Low,Treatment,46.4,33.6,12.8,Responder
6618,19,46,Female,Moderate,Medium,Control,71.3,64.2,7.1,Non-Responder
6619,16,49,Female,Moderate,Low,Treatment,72.2,53.2,19.0,Responder
6620,5,33,Male,Mild,Medium,Treatment,66.1,59.2,6.9,Non-Responder
6621,23,54,Male,Moderate,Low,Treatment,64.0,56.2,7.8,Non-Responder
6622,1,44,Female,Mild,Medium,Control,56.0,54.9,1.1,Non-Responder
6623,3,36,Male,Mild,Medium,Treatment,38.2,31.5,6.7,Non-Responder
6624,9,72,Male,Mild,Medium,Treatment,71.1,45.1,26.0,Responder
6625,3,42,Female,Moderate,Medium,Treatment,72.6,78.7,-6.1,Non-Responder
6626,11,77,Male,Severe,Low,Control,63.7,60.8,2.9,Non-Responder
6627,16,48,Female,Mild,Low,Treatment,53.1,40.9,12.2,Responder
6628,30,52,Male,Severe,Low,Control,54.1,38.7,15.4,Responder
6629,13,20,Female,Moderate,Low,Control,52.9,42.5,10.4,Responder
6630,32,58,Female,Moderate,Medium,Control,54.0,34.1,19.9,Responder
6631,5,50,Female,Moderate,Medium,Treatment,66.5,52.2,14.3,Responder
6632,2,40,Male,Moderate,Low,Treatment,71.2,51.5,19.7,Responder
6633,37,44,Male,Mild,Low,Control,56.2,51.9,4.3,Non-Responder
6634,25,49,Male,Moderate,Low,Control,70.3,69.4,0.9,Non-Responder
6635,38,74,Female,Moderate,Medium,Control,66.9,72.4,-5.5,Non-Responder
6636,37,45,Male,Severe,Low,Treatment,65.9,44.5,21.4,Responder
6637,1,82,Female,Severe,Low,Treatment,77.3,59.5,17.8,Responder
6638,6,49,Female,Moderate,Medium,Control,76.3,70.8,5.5,Non-Responder
6639,25,56,Male,Severe,Medium,Treatment,81.4,63.6,17.8,Responder
6640,26,51,Female,Moderate,High,Treatment,70.1,58.1,12.0,Responder
6641,9,60,Male,Moderate,High,Control,58.2,50.8,7.4,Non-Responder
6642,12,57,Male,Moderate,Medium,Treatment,66.1,43.2,22.9,Responder
6643,28,54,Female,Moderate,Medium,Control,80.5,58.0,22.5,Responder
6644,33,47,Female,Moderate,Medium,Treatment,62.3,41.4,20.9,Responder
6645,5,43,Female,Moderate,Medium,Treatment,73.8,57.5,16.3,Responder
6646,19,62,Male,Moderate,High,Treatment,70.0,48.1,21.9,Responder
6647,14,56,Male,Moderate,High,Control,58.8,56.9,1.9,Non-Responder
6648,23,62,Male,Mild,Medium,Treatment,41.8,34.2,7.6,Non-Responder
6649,19,63,Male,Moderate,Medium,Treatment,65.7,46.9,18.8,Responder
6650,12,59,Male,Moderate,Low,Control,45.4,25.9,19.5,Responder
6651,31,46,Female,Severe,Medium,Treatment,85.5,64.5,21.0,Responder
6652,34,71,Male,Mild,Medium,Control,75.1,72.9,2.2,Non-Responder
6653,28,45,Male,Moderate,Medium,Control,61.5,44.1,17.4,Responder
6654,5,18,Male,Mild,Low,Treatment,39.5,37.3,2.2,Non-Responder
6655,38,22,Female,Moderate,Medium,Control,69.2,65.0,4.2,Non-Responder
6656,22,35,Female,Moderate,Medium,Control,53.4,46.1,7.3,Non-Responder
6657,26,69,Female,Moderate,Medium,Control,60.2,57.2,3.0,Non-Responder
6658,33,29,Female,Moderate,Low,Control,72.5,57.7,14.8,Responder
6659,15,52,Female,Mild,Medium,Treatment,55.1,45.5,9.6,Non-Responder
6660,34,62,Male,Mild,Medium,Control,63.1,60.0,3.1,Non-Responder
6661,28,54,Male,Severe,Low,Treatment,80.8,66.0,14.8,Responder
6662,9,33,Female,Mild,Medium,Treatment,61.6,53.6,8.0,Non-Responder
6663,9,52,Female,Mild,Medium,Treatment,72.1,55.9,16.2,Responder
6664,33,23,Female,Moderate,Low,Control,53.8,35.7,18.1,Responder
6665,7,39,Female,Mild,Medium,Treatment,57.8,43.9,13.9,Responder
6666,19,38,Female,Moderate,Medium,Treatment,63.4,42.7,20.7,Responder
6667,38,56,Male,Moderate,Low,Treatment,68.5,39.3,29.2,Responder
6668,38,75,Male,Mild,Low,Control,55.6,51.7,3.9,Non-Responder
6669,7,51,Female,Mild,Low,Treatment,51.1,34.1,17.0,Responder
6670,19,66,Female,Moderate,Low,Control,60.8,48.8,12.0,Responder
6671,22,42,Male,Severe,Medium,Control,76.4,80.9,-4.5,Non-Responder
6672,15,47,Female,Moderate,Medium,Treatment,55.5,40.8,14.7,Responder
6673,18,82,Male,Mild,Medium,Control,59.0,50.4,8.6,Non-Responder
6674,34,37,Male,Moderate,High,Treatment,63.7,40.3,23.4,Responder
6675,10,60,Female,Moderate,Medium,Treatment,53.4,32.1,21.3,Responder
6676,34,63,Male,Mild,Low,Treatment,51.6,33.9,17.7,Responder
6677,19,66,Female,Moderate,Medium,Control,69.2,59.4,9.8,Non-Responder
6678,8,66,Female,Moderate,Medium,Treatment,60.0,38.3,21.7,Responder
6679,22,62,Male,Moderate,Medium,Treatment,62.2,33.9,28.3,Responder
6680,8,52,Female,Mild,Low,Treatment,39.8,29.4,10.4,Responder
6681,5,63,Female,Moderate,Low,Control,57.9,39.0,18.9,Responder
6682,22,51,Male,Severe,Medium,Treatment,70.5,43.8,26.7,Responder
6683,23,32,Female,Severe,Medium,Control,68.2,64.0,4.2,Non-Responder
6684,31,40,Female,Moderate,Low,Treatment,73.2,44.0,29.2,Responder
6685,2,59,Male,Severe,Low,Treatment,62.8,44.3,18.5,Responder
6686,38,29,Female,Moderate,Medium,Treatment,70.1,47.9,22.2,Responder
6687,28,33,Male,Moderate,Medium,Control,59.2,45.0,14.2,Responder
6688,31,21,Male,Moderate,Medium,Control,58.2,51.5,6.7,Non-Responder
6689,35,52,Male,Moderate,High,Treatment,67.3,41.7,25.6,Responder
6690,20,50,Male,Severe,Medium,Control,62.5,56.7,5.8,Non-Responder
6691,22,45,Male,Mild,Low,Treatment,51.4,25.5,25.9,Responder
6692,14,57,Female,Moderate,Low,Treatment,64.1,45.0,19.1,Responder
6693,11,56,Male,Mild,High,Control,44.9,43.1,1.8,Non-Responder
6694,24,36,Female,Severe,Low,Treatment,71.7,63.4,8.3,Non-Responder
6695,40,62,Female,Moderate,Low,Treatment,78.8,66.1,12.7,Responder
6696,32,53,Male,Severe,Medium,Treatment,66.6,45.7,20.9,Responder
6697,25,56,Male,Moderate,High,Control,48.7,37.5,11.2,Responder
6698,25,53,Female,Mild,High,Treatment,51.3,34.0,17.3,Responder
6699,9,37,Male,Mild,Low,Control,32.5,19.9,12.6,Responder
6700,17,55,Female,Severe,Medium,Treatment,78.8,50.7,28.1,Responder
6701,33,50,Female,Mild,Medium,Control,53.4,50.1,3.3,Non-Responder
6702,17,61,Female,Moderate,High,Treatment,61.7,53.9,7.8,Non-Responder
6703,3,57,Female,Moderate,Medium,Treatment,54.3,41.8,12.5,Responder
6704,15,58,Male,Severe,Low,Control,78.7,71.7,7.0,Non-Responder
6705,33,71,Male,Mild,Low,Treatment,59.8,44.7,15.1,Responder
6706,3,70,Female,Severe,Medium,Treatment,64.4,41.3,23.1,Responder
6707,24,44,Female,Severe,Low,Control,77.1,69.9,7.2,Non-Responder
6708,23,54,Male,Moderate,Medium,Control,60.1,70.6,-10.5,Non-Responder
6709,40,21,Male,Moderate,Low,Treatment,66.1,57.4,8.7,Non-Responder
6710,17,44,Female,Moderate,Medium,Treatment,56.5,50.5,6.0,Non-Responder
6711,24,58,Female,Moderate,Low,Control,52.4,39.6,12.8,Responder
6712,22,40,Female,Moderate,Low,Treatment,70.0,54.3,15.7,Responder
6713,28,49,Female,Mild,Low,Control,41.2,29.7,11.5,Responder
6714,24,51,Male,Mild,Medium,Treatment,59.7,45.7,14.0,Responder
6715,23,51,Female,Moderate,Low,Treatment,52.3,33.4,18.9,Responder
6716,5,71,Male,Severe,Low,Control,80.2,54.5,25.7,Responder
6717,33,43,Male,Severe,Medium,Treatment,51.5,43.0,8.5,Non-Responder
6718,19,29,Female,Moderate,Medium,Treatment,54.2,32.1,22.1,Responder
6719,31,30,Male,Mild,Medium,Control,54.0,37.7,16.3,Responder
6720,2,73,Female,Mild,Medium,Treatment,64.2,50.5,13.7,Responder
6721,20,55,Female,Mild,Medium,Control,41.6,36.2,5.4,Non-Responder
6722,37,39,Male,Mild,Low,Treatment,54.6,30.2,24.4,Responder
6723,30,56,Female,Severe,Low,Control,77.2,81.0,-3.8,Non-Responder
6724,32,50,Male,Severe,Medium,Control,70.9,50.6,20.3,Responder
6725,38,44,Male,Moderate,Low,Control,59.9,38.3,21.6,Responder
6726,7,50,Male,Severe,Low,Treatment,80.5,55.3,25.2,Responder
6727,39,43,Male,Mild,High,Treatment,44.9,32.2,12.7,Responder
6728,8,29,Female,Mild,High,Control,65.6,64.1,1.5,Non-Responder
6729,38,71,Female,Severe,Low,Treatment,62.5,55.1,7.4,Non-Responder
6730,16,51,Female,Severe,Low,Control,64.2,52.0,12.2,Responder
6731,2,55,Female,Severe,Low,Treatment,56.6,32.0,24.6,Responder
6732,34,35,Female,Moderate,Medium,Control,75.7,43.0,32.7,Responder
6733,11,51,Female,Mild,Low,Control,58.6,55.4,3.2,Non-Responder
6734,23,44,Female,Mild,Medium,Control,53.5,37.1,16.4,Responder
6735,26,38,Female,Moderate,Medium,Control,67.8,46.0,21.8,Responder
6736,9,75,Male,Mild,Low,Control,32.7,28.9,3.8,Non-Responder
6737,20,44,Female,Moderate,Low,Control,72.3,59.2,13.1,Responder
6738,14,65,Male,Moderate,Low,Treatment,62.3,50.8,11.5,Responder
6739,32,64,Male,Mild,Medium,Control,50.8,49.2,1.6,Non-Responder
6740,40,60,Male,Moderate,Low,Control,73.3,71.4,1.9,Non-Responder
6741,16,25,Female,Moderate,Medium,Control,73.2,60.6,12.6,Responder
6742,28,33,Female,Severe,Medium,Control,69.0,60.4,8.6,Non-Responder
6743,37,69,Male,Severe,Medium,Treatment,52.2,32.8,19.4,Responder
6744,39,52,Male,Severe,Medium,Treatment,64.2,52.7,11.5,Responder
6745,3,51,Male,Moderate,Medium,Treatment,41.1,30.6,10.5,Responder
6746,18,49,Male,Severe,Medium,Treatment,76.9,60.3,16.6,Responder
6747,18,68,Female,Mild,Medium,Treatment,61.1,41.5,19.6,Responder
6748,33,48,Female,Moderate,Low,Control,79.5,68.7,10.8,Responder
6749,36,33,Female,Severe,Low,Control,58.3,50.4,7.9,Non-Responder
6750,27,31,Male,Severe,Low,Treatment,72.4,59.8,12.6,Responder
6751,17,40,Female,Mild,Low,Treatment,60.7,44.1,16.6,Responder
6752,37,67,Female,Moderate,Medium,Treatment,66.0,34.7,31.3,Responder
6753,34,75,Male,Mild,Low,Treatment,78.4,43.5,34.9,Responder
6754,15,39,Male,Moderate,Medium,Treatment,47.5,30.3,17.2,Responder
6755,27,44,Female,Moderate,Low,Treatment,73.1,60.6,12.5,Responder
6756,25,54,Female,Moderate,Low,Control,72.4,53.6,18.8,Responder
6757,29,68,Male,Mild,Low,Control,57.0,51.2,5.8,Non-Responder
6758,32,43,Female,Moderate,Low,Control,74.8,84.1,-9.3,Non-Responder
6759,2,48,Female,Moderate,High,Control,64.4,57.9,6.5,Non-Responder
6760,24,57,Male,Severe,Medium,Control,61.4,45.8,15.6,Responder
6761,1,59,Female,Mild,Medium,Control,57.7,53.2,4.5,Non-Responder
6762,9,43,Male,Severe,Unknown,Treatment,71.7,46.4,25.3,Responder
6763,27,48,Male,Moderate,Medium,Treatment,68.1,53.3,14.8,Responder
6764,38,43,Female,Moderate,Medium,Treatment,63.8,49.1,14.7,Responder
6765,25,39,Female,Mild,High,Control,36.1,23.1,13.0,Responder
6766,25,47,Male,Mild,Low,Treatment,54.9,52.9,2.0,Non-Responder
6767,9,45,Female,Mild,Low,Treatment,45.8,39.0,6.8,Non-Responder
6768,26,48,Female,Mild,Medium,Control,48.3,30.1,18.2,Responder
6769,15,40,Female,Severe,Medium,Treatment,77.6,68.0,9.6,Non-Responder
6770,16,62,Female,Moderate,Low,Treatment,59.8,37.4,22.4,Responder
6771,9,75,Female,Moderate,High,Control,78.2,74.5,3.7,Non-Responder
6772,37,51,Female,Moderate,High,Treatment,73.2,59.4,13.8,Responder
6773,12,79,Male,Moderate,Low,Control,75.9,83.7,-7.8,Non-Responder
6774,4,39,Male,Moderate,Low,Treatment,85.9,63.1,22.8,Responder
6775,22,45,Male,Severe,Medium,Control,77.3,70.4,6.9,Non-Responder
6776,30,63,Female,Moderate,Medium,Treatment,62.2,51.7,10.5,Responder
6777,2,31,Female,Moderate,High,Treatment,64.2,58.1,6.1,Non-Responder
6778,25,46,Female,Moderate,High,Control,55.5,52.7,2.8,Non-Responder
6779,21,58,Female,Moderate,Low,Treatment,61.1,51.8,9.3,Non-Responder
6780,7,74,Female,Mild,Medium,Control,56.5,42.0,14.5,Responder
6781,21,27,Female,Mild,Medium,Control,56.2,48.6,7.6,Non-Responder
6782,5,45,Male,Moderate,High,Control,58.8,48.2,10.6,Responder
6783,6,49,Male,Severe,High,Treatment,100.0,70.4,29.6,Responder
6784,17,45,Male,Severe,High,Treatment,68.2,56.3,11.9,Responder
6785,18,45,Male,Moderate,Low,Control,51.1,36.0,15.1,Responder
6786,4,69,Female,Moderate,Low,Control,69.7,55.2,14.5,Responder
6787,21,50,Female,Moderate,Low,Treatment,63.2,47.4,15.8,Responder
6788,4,54,Female,Mild,Low,Control,66.5,61.0,5.5,Non-Responder
6789,31,52,Male,Moderate,Medium,Treatment,64.4,32.9,31.5,Responder
6790,5,54,Female,Mild,Medium,Control,68.0,65.9,2.1,Non-Responder
6791,8,57,Male,Mild,Medium,Treatment,58.7,48.4,10.3,Responder
6792,18,60,Male,Mild,Low,Treatment,58.8,43.5,15.3,Responder
6793,16,36,Male,Severe,Low,Treatment,73.6,64.8,8.8,Non-Responder
6794,9,67,Male,Mild,High,Control,41.7,34.0,7.7,Non-Responder
6795,27,44,Male,Moderate,Low,Control,65.9,48.8,17.1,Responder
6796,11,46,Female,Moderate,Medium,Treatment,60.3,45.3,15.0,Responder
6797,30,53,Female,Moderate,Low,Treatment,60.3,59.7,0.6,Non-Responder
6798,38,52,Female,Mild,Low,Control,68.8,51.6,17.2,Responder
6799,27,48,Female,Mild,Medium,Control,56.4,50.9,5.5,Non-Responder
6800,13,65,Female,Moderate,Medium,Treatment,58.0,46.1,11.9,Responder
6801,8,42,Male,Moderate,Low,Control,51.2,37.6,13.6,Responder
6802,33,47,Male,Mild,Medium,Control,45.4,42.9,2.5,Non-Responder
6803,7,72,Male,Moderate,Medium,Control,65.0,48.1,16.9,Responder
6804,32,49,Male,Moderate,Medium,Control,66.8,58.6,8.2,Non-Responder
6805,33,48,Male,Moderate,Medium,Control,68.6,64.1,4.5,Non-Responder
6806,8,36,Male,Severe,High,Control,64.9,55.7,9.2,Non-Responder
6807,19,53,Female,Severe,Medium,Treatment,64.9,59.7,5.2,Non-Responder
6808,6,46,Female,Moderate,Low,Treatment,63.7,61.3,2.4,Non-Responder
6809,19,74,Female,Moderate,Medium,Control,55.9,39.2,16.7,Responder
6810,19,47,Male,Mild,High,Treatment,45.7,27.3,18.4,Responder
6811,13,45,Male,Moderate,Medium,Control,64.3,71.8,-7.5,Non-Responder
6812,29,61,Male,Mild,Medium,Control,64.7,54.3,10.4,Responder
6813,15,66,Male,Mild,Low,Control,55.2,45.7,9.5,Non-Responder
6814,16,58,Female,Severe,Low,Treatment,72.5,57.1,15.4,Responder
6815,21,71,Female,Moderate,Low,Treatment,76.4,62.4,14.0,Responder
6816,24,50,Female,Mild,Low,Treatment,50.5,48.8,1.7,Non-Responder
6817,36,30,Male,Moderate,High,Control,63.3,50.2,13.1,Responder
6818,33,48,Female,Severe,Low,Control,75.1,57.2,17.9,Responder
6819,6,46,Male,Mild,Low,Treatment,45.8,37.2,8.6,Non-Responder
6820,16,48,Male,Severe,Medium,Control,76.2,70.0,6.2,Non-Responder
6821,10,51,Male,Moderate,Medium,Control,62.4,49.9,12.5,Responder
6822,20,36,Female,Mild,Medium,Treatment,55.8,53.6,2.2,Non-Responder
6823,35,71,Female,Moderate,Medium,Treatment,58.0,45.4,12.6,Responder
6824,22,63,Female,Severe,Low,Treatment,80.7,71.2,9.5,Non-Responder
6825,38,56,Male,Mild,Low,Control,58.5,35.6,22.9,Responder
6826,7,39,Female,Mild,Low,Treatment,48.7,41.7,7.0,Non-Responder
6827,33,23,Male,Moderate,Low,Treatment,51.9,30.0,21.9,Responder
6828,35,56,Male,Moderate,High,Control,49.7,56.5,-6.8,Non-Responder
6829,23,56,Female,Mild,High,Treatment,66.0,54.5,11.5,Responder
6830,21,51,Male,Moderate,Medium,Control,67.4,55.6,11.8,Responder
6831,40,56,Female,Severe,High,Control,68.6,48.8,19.8,Responder
6832,20,51,Male,Moderate,Low,Treatment,56.5,50.9,5.6,Non-Responder
6833,24,42,Male,Moderate,Low,Control,85.7,77.8,7.9,Non-Responder
6834,32,59,Male,Severe,Low,Treatment,74.8,76.0,-1.2,Non-Responder
6835,3,50,Female,Mild,Medium,Treatment,49.8,36.5,13.3,Responder
6836,1,67,Female,Moderate,Medium,Control,65.4,64.8,0.6,Non-Responder
6837,9,56,Male,Severe,Medium,Treatment,92.8,100.0,-9.0,Non-Responder
6838,28,45,Male,Severe,Medium,Treatment,59.9,45.3,14.6,Responder
6839,28,39,Female,Mild,Medium,Control,54.9,43.0,11.9,Responder
6840,1,27,Female,Mild,Low,Control,57.2,50.2,7.0,Non-Responder
6841,39,68,Male,Moderate,Low,Treatment,69.1,60.7,8.4,Non-Responder
6842,17,37,Male,Mild,High,Control,51.8,34.0,17.8,Responder
6843,23,61,Male,Moderate,Low,Control,66.8,61.2,5.6,Non-Responder
6844,3,48,Male,Mild,Medium,Control,61.6,54.4,7.2,Non-Responder
6845,6,56,Male,Mild,Medium,Treatment,49.1,32.0,17.1,Responder
6846,26,52,Female,Severe,Medium,Control,54.5,44.7,9.8,Non-Responder
6847,32,43,Male,Mild,Medium,Treatment,45.1,30.9,14.2,Responder
6848,9,72,Male,Moderate,Low,Treatment,69.0,70.9,-1.9,Non-Responder
6849,24,51,Male,Mild,High,Control,64.5,45.8,18.7,Responder
6850,24,63,Female,Severe,Low,Control,64.2,51.0,13.2,Responder
6851,32,54,Female,Moderate,Low,Treatment,45.0,31.7,13.3,Responder
6852,8,60,Male,Mild,Low,Treatment,35.0,31.6,3.4,Non-Responder
6853,11,38,Male,Severe,Low,Treatment,77.5,83.4,-5.9,Non-Responder
6854,31,48,Female,Mild,Medium,Treatment,48.4,34.5,13.9,Responder
6855,16,19,Male,Mild,High,Control,52.7,48.9,3.8,Non-Responder
6856,27,67,Male,Moderate,Low,Treatment,66.4,44.5,21.9,Responder
6857,4,44,Female,Moderate,Low,Treatment,68.7,44.7,24.0,Responder
6858,24,59,Female,Mild,Medium,Control,64.6,54.1,10.5,Responder
6859,7,59,Female,Moderate,Medium,Control,86.2,85.3,0.9,Non-Responder
6860,25,55,Male,Mild,High,Treatment,79.0,56.7,22.3,Responder
6861,14,72,Male,Moderate,Low,Control,63.2,53.2,10.0,Responder
6862,36,22,Female,Mild,Medium,Control,73.5,71.3,2.2,Non-Responder
6863,15,51,Male,Moderate,Medium,Control,57.3,51.7,5.6,Non-Responder
6864,28,53,Female,Moderate,Medium,Treatment,84.8,78.2,6.6,Non-Responder
6865,9,63,Male,Moderate,Low,Treatment,59.8,50.5,9.3,Non-Responder
6866,21,48,Female,Moderate,Medium,Treatment,53.9,40.0,13.9,Responder
6867,38,77,Female,Mild,Low,Treatment,71.4,71.9,-0.5,Non-Responder
6868,21,53,Male,Severe,Low,Treatment,69.4,47.5,21.9,Responder
6869,25,60,Female,Mild,Low,Control,53.6,38.3,15.3,Responder
6870,35,38,Female,Mild,Medium,Treatment,46.2,46.8,-0.6,Non-Responder
6871,20,79,Male,Severe,Medium,Control,82.8,71.3,11.5,Responder
6872,17,49,Female,Severe,High,Control,84.5,84.6,-0.1,Non-Responder
6873,30,62,Female,Mild,Low,Treatment,44.8,42.6,2.2,Non-Responder
6874,10,56,Male,Moderate,Low,Control,73.6,50.6,23.0,Responder
6875,7,40,Male,Moderate,High,Treatment,57.8,37.2,20.6,Responder
6876,7,54,Female,Severe,Low,Treatment,71.0,50.8,20.2,Responder
6877,14,66,Male,Mild,Low,Treatment,53.5,43.2,10.3,Responder
6878,28,43,Female,Mild,Low,Control,57.8,55.3,2.5,Non-Responder
6879,12,61,Female,Moderate,High,Treatment,65.5,61.2,4.3,Non-Responder
6880,30,79,Male,Moderate,Medium,Treatment,60.8,29.7,31.1,Responder
6881,19,68,Female,Moderate,Low,Treatment,64.8,48.3,16.5,Responder
6882,21,74,Female,Mild,Low,Treatment,57.9,35.1,22.8,Responder
6883,13,65,Female,Mild,Low,Control,66.2,57.3,8.9,Non-Responder
6884,23,39,Female,Mild,High,Treatment,66.3,60.4,5.9,Non-Responder
6885,10,46,Female,Moderate,Medium,Control,52.9,36.9,16.0,Responder
6886,23,77,Male,Moderate,Low,Treatment,61.8,49.5,12.3,Responder
6887,39,48,Female,Mild,Low,Treatment,54.1,49.2,4.9,Non-Responder
6888,3,42,Female,Moderate,High,Control,57.2,35.6,21.6,Responder
6889,27,39,Female,Mild,Medium,Treatment,37.9,25.9,12.0,Responder
6890,20,71,Male,Moderate,Low,Control,50.0,41.5,8.5,Non-Responder
6891,6,57,Male,Moderate,Medium,Treatment,73.7,63.5,10.2,Responder
6892,14,29,Female,Severe,Medium,Control,87.0,77.2,9.8,Non-Responder
6893,18,67,Male,Moderate,Medium,Control,77.4,52.0,25.4,Responder
6894,17,44,Male,Moderate,Low,Treatment,58.4,47.1,11.3,Responder
6895,40,49,Female,Moderate,Medium,Treatment,62.5,42.8,19.7,Responder
6896,10,60,Female,Moderate,Unknown,Treatment,58.8,38.6,20.2,Responder
6897,28,42,Female,Moderate,Medium,Treatment,65.9,44.1,21.8,Responder
6898,15,35,Female,Mild,Medium,Control,64.3,49.4,14.9,Responder
6899,7,43,Female,Mild,Low,Control,61.1,53.1,8.0,Non-Responder
6900,19,32,Male,Severe,Low,Control,46.5,25.6,20.9,Responder
6901,25,35,Female,Severe,Low,Control,65.2,66.8,-1.6,Non-Responder
6902,16,67,Female,Moderate,Medium,Treatment,57.0,37.4,19.6,Responder
6903,29,71,Male,Moderate,Medium,Control,61.6,38.3,23.3,Responder
6904,1,75,Female,Moderate,Low,Treatment,60.4,41.9,18.5,Responder
6905,23,51,Male,Severe,High,Treatment,63.9,38.9,25.0,Responder
6906,20,48,Female,Severe,Medium,Treatment,78.1,53.2,24.9,Responder
6907,35,27,Female,Moderate,Low,Control,60.4,54.3,6.1,Non-Responder
6908,12,58,Female,Severe,High,Control,58.4,30.8,27.6,Responder
6909,40,35,Male,Moderate,Low,Control,70.2,62.9,7.3,Non-Responder
6910,9,64,Male,Moderate,Medium,Treatment,65.9,54.9,11.0,Responder
6911,3,73,Female,Severe,Medium,Control,88.2,75.4,12.8,Responder
6912,6,56,Female,Mild,Low,Treatment,49.9,43.9,6.0,Non-Responder
6913,7,28,Female,Severe,Low,Control,81.0,83.2,-2.2,Non-Responder
6914,23,42,Male,Mild,Low,Control,57.9,57.8,0.1,Non-Responder
6915,15,74,Male,Mild,Medium,Treatment,42.0,15.8,26.2,Responder
6916,4,55,Male,Mild,Medium,Control,50.7,53.8,-3.1,Non-Responder
6917,27,38,Male,Mild,Medium,Treatment,63.1,52.3,10.8,Responder
6918,32,18,Male,Moderate,Low,Treatment,50.4,29.5,20.9,Responder
6919,27,60,Female,Severe,High,Control,78.2,68.3,9.9,Non-Responder
6920,37,45,Male,Mild,Medium,Treatment,41.7,28.4,13.3,Responder
6921,33,72,Female,Mild,Medium,Control,43.7,21.2,22.5,Responder
6922,11,44,Male,Mild,Medium,Control,50.8,41.4,9.4,Non-Responder
6923,26,48,Male,Severe,Medium,Control,81.9,66.3,15.6,Responder
6924,30,62,Male,Mild,Medium,Control,36.6,24.3,12.3,Responder
6925,33,45,Female,Moderate,Low,Control,75.0,58.3,16.7,Responder
6926,36,32,Male,Mild,Medium,Treatment,53.2,35.9,17.3,Responder
6927,9,43,Male,Moderate,Medium,Control,53.4,46.7,6.7,Non-Responder
6928,1,52,Female,Moderate,Low,Control,54.3,51.4,2.9,Non-Responder
6929,14,31,Male,Moderate,Low,Treatment,68.6,35.0,33.6,Responder
6930,4,52,Female,Mild,Low,Treatment,53.9,31.4,22.5,Responder
6931,9,60,Male,Moderate,Low,Control,62.1,70.1,-8.0,Non-Responder
6932,36,21,Female,Moderate,Medium,Control,60.1,53.2,6.9,Non-Responder
6933,17,68,Female,Moderate,Medium,Control,52.5,46.4,6.1,Non-Responder
6934,13,42,Male,Mild,High,Control,41.0,42.9,-1.9,Non-Responder
6935,8,60,Male,Mild,Low,Control,50.6,53.9,-3.3,Non-Responder
6936,4,35,Male,Mild,Medium,Control,64.7,53.1,11.6,Responder
6937,24,43,Female,Mild,Low,Control,62.5,68.7,-6.2,Non-Responder
6938,34,54,Female,Moderate,Low,Control,62.6,49.6,13.0,Responder
6939,38,79,Male,Moderate,Low,Control,65.0,55.4,9.6,Non-Responder
6940,5,49,Female,Mild,Medium,Treatment,57.5,39.1,18.4,Responder
6941,34,42,Male,Mild,Low,Control,41.7,34.9,6.8,Non-Responder
6942,23,63,Male,Moderate,High,Treatment,55.8,28.2,27.6,Responder
6943,21,33,Male,Mild,Low,Control,55.7,46.2,9.5,Non-Responder
6944,2,62,Female,Moderate,High,Control,53.2,47.9,5.3,Non-Responder
6945,13,42,Female,Moderate,Low,Control,68.2,53.6,14.6,Responder
6946,12,42,Male,Moderate,High,Control,70.2,58.8,11.4,Responder
6947,5,38,Female,Moderate,Medium,Treatment,70.0,37.7,32.3,Responder
6948,11,66,Male,Moderate,Medium,Treatment,49.3,31.5,17.8,Responder
6949,24,58,Female,Moderate,Low,Treatment,57.5,39.2,18.3,Responder
6950,19,64,Male,Moderate,Medium,Treatment,70.2,57.4,12.8,Responder
6951,1,35,Male,Mild,Medium,Control,54.1,39.0,15.1,Responder
6952,9,34,Female,Moderate,Low,Treatment,43.6,26.6,17.0,Responder
6953,20,55,Female,Severe,Medium,Treatment,70.7,58.3,12.4,Responder
6954,40,56,Female,Mild,Low,Control,61.1,29.4,31.7,Responder
6955,38,50,Male,Moderate,Medium,Control,55.7,52.6,3.1,Non-Responder
6956,28,26,Male,Severe,Medium,Treatment,91.6,93.3,-1.7,Non-Responder
6957,8,30,Female,Mild,High,Control,50.2,52.4,-2.2,Non-Responder
6958,37,67,Female,Moderate,Medium,Treatment,59.9,40.3,19.6,Responder
6959,37,58,Female,Moderate,Low,Treatment,69.2,46.4,22.8,Responder
6960,10,62,Female,Severe,Low,Treatment,71.1,58.0,13.1,Responder
6961,22,52,Female,Mild,Medium,Treatment,66.0,57.1,8.9,Non-Responder
6962,7,48,Male,Mild,Low,Control,47.7,29.2,18.5,Responder
6963,32,56,Female,Mild,Medium,Control,55.0,48.0,7.0,Non-Responder
6964,17,46,Male,Mild,High,Control,55.1,39.4,15.7,Responder
6965,20,52,Male,Moderate,Medium,Control,76.1,72.4,3.7,Non-Responder
6966,1,62,Female,Mild,Medium,Treatment,51.7,22.0,29.7,Responder
6967,27,32,Female,Mild,Low,Control,71.5,72.2,-0.7,Non-Responder
6968,26,58,Female,Moderate,Low,Treatment,68.7,50.4,18.3,Responder
6969,35,59,Male,Mild,Medium,Control,70.9,68.4,2.5,Non-Responder
6970,26,47,Male,Moderate,Low,Treatment,50.2,36.1,14.1,Responder
6971,6,46,Female,Moderate,Medium,Control,49.1,36.0,13.1,Responder
6972,14,54,Female,Moderate,Medium,Control,78.6,57.2,21.4,Responder
6973,11,58,Male,Moderate,Medium,Control,71.1,57.1,14.0,Responder
6974,7,65,Male,Moderate,Low,Control,49.0,46.9,2.1,Non-Responder
6975,12,68,Female,Moderate,Low,Treatment,80.8,63.9,16.9,Responder
6976,38,50,Female,Severe,Low,Control,75.1,91.9,-16.8,Non-Responder
6977,14,61,Female,Mild,Low,Treatment,54.6,41.5,13.1,Responder
6978,23,60,Female,Mild,Medium,Treatment,65.2,47.6,17.6,Responder
6979,3,65,Female,Mild,Low,Control,38.8,24.4,14.4,Responder
6980,35,57,Female,Moderate,Medium,Control,35.7,15.3,20.4,Responder
6981,9,61,Female,Severe,High,Treatment,74.9,67.6,7.3,Non-Responder
6982,31,40,Male,Moderate,Low,Treatment,85.5,66.7,18.8,Responder
6983,29,28,Female,Moderate,Medium,Treatment,64.3,59.5,4.8,Non-Responder
6984,34,60,Male,Mild,Low,Control,41.0,51.6,-10.6,Non-Responder
6985,8,68,Male,Moderate,Medium,Treatment,57.5,37.0,20.5,Responder
6986,4,52,Male,Moderate,Low,Treatment,65.7,60.3,5.4,Non-Responder
6987,28,40,Male,Moderate,Medium,Control,69.2,57.9,11.3,Responder
6988,37,62,Female,Mild,Medium,Control,58.8,49.5,9.3,Non-Responder
6989,28,67,Male,Mild,Low,Control,60.4,60.4,0.0,Non-Responder
6990,1,48,Female,Moderate,Low,Treatment,52.1,37.4,14.7,Responder
6991,9,70,Female,Mild,Low,Treatment,60.5,43.7,16.8,Responder
6992,10,47,Male,Mild,Low,Treatment,39.4,26.7,12.7,Responder
6993,32,41,Male,Mild,Medium,Control,69.5,80.3,-10.8,Non-Responder
6994,1,46,Female,Moderate,Low,Control,64.4,61.4,3.0,Non-Responder
6995,13,64,Female,Mild,Medium,Treatment,47.9,18.7,29.2,Responder
6996,13,46,Female,Moderate,Medium,Treatment,61.2,43.1,18.1,Responder
6997,19,70,Male,Mild,Medium,Control,62.4,49.5,12.9,Responder
6998,13,49,Female,Moderate,Medium,Control,74.2,65.8,8.4,Non-Responder
6999,28,26,Female,Severe,Low,Treatment,80.3,42.8,37.5,Responder
7000,13,63,Female,Moderate,Low,Treatment,62.3,39.2,23.1,Responder
7001,19,55,Female,Mild,Medium,Treatment,49.0,36.7,12.3,Responder
7002,3,49,Male,Moderate,Medium,Treatment,60.0,53.2,6.8,Non-Responder
7003,13,35,Male,Moderate,High,Control,74.7,57.6,17.1,Responder
7004,40,41,Female,Moderate,Medium,Treatment,60.6,56.9,3.7,Non-Responder
7005,16,62,Female,Mild,Low,Treatment,51.2,45.1,6.1,Non-Responder
7006,39,39,Male,Moderate,Low,Control,80.6,56.9,23.7,Responder
7007,28,40,Female,Moderate,Low,Control,70.3,65.0,5.3,Non-Responder
7008,26,63,Male,Mild,Low,Control,57.6,51.4,6.2,Non-Responder
7009,21,51,Female,Mild,High,Control,71.9,54.6,17.3,Responder
7010,29,39,Male,Mild,Medium,Treatment,55.9,37.2,18.7,Responder
7011,16,43,Male,Moderate,Low,Treatment,59.5,54.9,4.6,Non-Responder
7012,30,58,Male,Moderate,Low,Treatment,65.1,52.7,12.4,Responder
7013,1,55,Male,Severe,Low,Treatment,69.0,47.9,21.1,Responder
7014,24,49,Male,Moderate,High,Control,61.4,50.0,11.4,Responder
7015,31,73,Male,Mild,Medium,Treatment,58.5,49.2,9.3,Non-Responder
7016,1,44,Female,Mild,Medium,Control,69.5,61.2,8.3,Non-Responder
7017,26,61,Male,Moderate,Low,Treatment,61.6,40.2,21.4,Responder
7018,7,47,Male,Mild,Low,Treatment,60.5,43.1,17.4,Responder
7019,28,51,Female,Mild,Low,Treatment,47.3,38.8,8.5,Non-Responder
7020,6,57,Female,Mild,Low,Control,69.8,60.0,9.8,Non-Responder
7021,20,46,Female,Moderate,Medium,Control,46.3,33.6,12.7,Responder
7022,21,59,Male,Moderate,Medium,Treatment,65.9,43.6,22.3,Responder
7023,37,74,Male,Mild,Medium,Control,59.2,49.6,9.6,Non-Responder
7024,28,39,Female,Moderate,Medium,Control,63.9,56.5,7.4,Non-Responder
7025,29,58,Female,Mild,High,Treatment,47.9,34.3,13.6,Responder
7026,20,65,Female,Severe,Medium,Control,80.3,57.6,22.7,Responder
7027,4,60,Male,Moderate,Low,Treatment,54.3,29.0,25.3,Responder
7028,4,53,Male,Mild,Medium,Control,54.2,49.0,5.2,Non-Responder
7029,38,37,Male,Mild,High,Control,50.8,40.3,10.5,Responder
7030,11,60,Female,Moderate,Low,Treatment,62.8,50.6,12.2,Responder
7031,6,52,Male,Moderate,Medium,Treatment,72.2,63.4,8.8,Non-Responder
7032,24,18,Male,Mild,Low,Treatment,60.1,43.1,17.0,Responder
7033,3,51,Male,Moderate,High,Treatment,65.0,41.5,23.5,Responder
7034,33,45,Female,Mild,Low,Treatment,57.0,54.9,2.1,Non-Responder
7035,10,38,Female,Moderate,Low,Treatment,62.1,36.7,25.4,Responder
7036,25,73,Male,Moderate,Medium,Control,71.0,67.1,3.9,Non-Responder
7037,17,67,Female,Moderate,Low,Control,82.6,76.6,6.0,Non-Responder
7038,1,64,Male,Moderate,Low,Treatment,59.5,26.4,33.1,Responder
7039,31,40,Female,Moderate,High,Control,49.5,43.2,6.3,Non-Responder
7040,36,75,Female,Severe,High,Control,79.5,71.9,7.6,Non-Responder
7041,27,76,Female,Severe,Medium,Treatment,51.3,45.3,6.0,Non-Responder
7042,15,59,Female,Mild,Low,Control,64.7,50.6,14.1,Responder
7043,35,50,Female,Moderate,Medium,Treatment,61.1,52.5,8.6,Non-Responder
7044,23,30,Male,Moderate,Low,Treatment,51.7,38.7,13.0,Responder
7045,27,51,Female,Moderate,Low,Control,37.1,43.7,-6.6,Non-Responder
7046,25,39,Female,Mild,Unknown,Treatment,64.5,28.9,35.6,Responder
7047,26,40,Female,Moderate,Low,Treatment,58.5,51.7,6.8,Non-Responder
7048,11,54,Female,Mild,Medium,Treatment,56.4,33.4,23.0,Responder
7049,32,53,Male,Moderate,Low,Treatment,37.6,11.0,26.6,Responder
7050,11,63,Male,Severe,Low,Treatment,73.1,66.7,6.4,Non-Responder
7051,13,45,Male,Moderate,Medium,Control,64.3,63.0,1.3,Non-Responder
7052,19,39,Male,Mild,Medium,Control,58.9,39.9,19.0,Responder
7053,12,64,Male,Severe,High,Control,57.6,52.8,4.8,Non-Responder
7054,39,57,Female,Moderate,Low,Treatment,58.8,39.6,19.2,Responder
7055,26,51,Female,Moderate,High,Control,46.9,31.9,15.0,Responder
7056,4,34,Male,Severe,High,Control,87.3,66.6,20.7,Responder
7057,16,76,Male,Moderate,Medium,Control,54.9,54.4,0.5,Non-Responder
7058,19,35,Female,Severe,Medium,Control,75.1,64.5,10.6,Responder
7059,16,61,Female,Mild,Medium,Control,42.8,32.7,10.1,Responder
7060,24,56,Male,Mild,Medium,Control,57.9,38.8,19.1,Responder
7061,25,76,Male,Severe,Low,Control,80.8,61.1,19.7,Responder
7062,16,52,Female,Moderate,Low,Control,78.3,68.5,9.8,Non-Responder
7063,39,33,Female,Moderate,High,Treatment,62.4,52.0,10.4,Responder
7064,11,44,Female,Severe,High,Control,75.5,78.5,-3.0,Non-Responder
7065,31,36,Female,Mild,Medium,Control,43.6,49.0,-5.4,Non-Responder
7066,2,53,Male,Severe,Low,Treatment,69.0,68.7,0.3,Non-Responder
7067,12,37,Male,Moderate,Low,Treatment,56.6,43.2,13.4,Responder
7068,28,70,Male,Mild,Medium,Control,54.0,39.1,14.9,Responder
7069,22,64,Female,Mild,Low,Treatment,54.5,39.2,15.3,Responder
7070,38,70,Female,Mild,Medium,Treatment,52.4,56.6,-4.2,Non-Responder
7071,7,56,Male,Moderate,Medium,Treatment,64.5,42.0,22.5,Responder
7072,29,42,Male,Mild,High,Treatment,56.3,53.5,2.8,Non-Responder
7073,17,33,Male,Moderate,Low,Control,65.5,55.5,10.0,Responder
7074,7,51,Female,Moderate,Medium,Control,43.3,33.4,9.9,Non-Responder
7075,7,50,Male,Moderate,Low,Treatment,56.7,32.5,24.2,Responder
7076,23,61,Male,Moderate,Low,Control,59.4,40.9,18.5,Responder
7077,4,38,Female,Moderate,Medium,Control,77.2,61.3,15.9,Responder
7078,38,37,Female,Moderate,Low,Treatment,52.6,41.0,11.6,Responder
7079,29,57,Female,Moderate,Medium,Control,70.4,68.1,2.3,Non-Responder
7080,18,52,Female,Mild,High,Treatment,50.7,26.6,24.1,Responder
7081,32,38,Female,Moderate,Low,Control,45.5,32.8,12.7,Responder
7082,23,42,Male,Moderate,Low,Control,49.0,39.1,9.9,Non-Responder
7083,6,62,Female,Moderate,High,Treatment,66.1,57.2,8.9,Non-Responder
7084,40,51,Male,Mild,Low,Control,45.9,38.5,7.4,Non-Responder
7085,38,59,Male,Mild,Low,Control,41.6,34.1,7.5,Non-Responder
7086,25,58,Female,Mild,Low,Treatment,67.0,53.8,13.2,Responder
7087,31,47,Female,Mild,Medium,Treatment,52.2,24.4,27.8,Responder
7088,38,65,Female,Mild,Low,Control,51.1,33.7,17.4,Responder
7089,10,54,Male,Severe,Medium,Treatment,78.0,63.1,14.9,Responder
7090,25,42,Male,Severe,Low,Treatment,76.7,61.3,15.4,Responder
7091,5,35,Male,Severe,Low,Control,53.4,41.8,11.6,Responder
7092,20,47,Female,Moderate,Medium,Control,73.6,70.3,3.3,Non-Responder
7093,34,54,Female,Mild,Medium,Treatment,62.3,41.1,21.2,Responder
7094,24,39,Female,Moderate,Low,Control,71.4,61.3,10.1,Responder
7095,4,41,Male,Moderate,High,Control,67.8,58.8,9.0,Non-Responder
7096,14,48,Female,Moderate,Medium,Treatment,82.8,63.3,19.5,Responder
7097,13,74,Female,Moderate,Low,Control,64.3,60.0,4.3,Non-Responder
7098,15,33,Female,Moderate,Medium,Treatment,65.5,46.9,18.6,Responder
7099,20,51,Male,Mild,Low,Treatment,44.4,35.1,9.3,Non-Responder
7100,31,75,Male,Moderate,Low,Control,81.5,83.2,-1.7,Non-Responder
7101,7,51,Male,Severe,Low,Treatment,79.1,70.1,9.0,Non-Responder
7102,27,54,Female,Moderate,High,Control,74.0,62.4,11.6,Responder
7103,25,51,Female,Moderate,Low,Treatment,72.5,58.8,13.7,Responder
7104,16,65,Male,Moderate,High,Treatment,76.7,42.1,34.6,Responder
7105,20,38,Male,Moderate,Medium,Treatment,54.0,43.6,10.4,Responder
7106,22,51,Female,Moderate,Low,Treatment,82.0,61.1,20.9,Responder
7107,34,66,Male,Severe,Medium,Control,53.7,36.9,16.8,Responder
7108,4,60,Male,Moderate,Medium,Control,53.9,44.5,9.4,Non-Responder
7109,7,37,Female,Mild,High,Treatment,60.5,32.4,28.1,Responder
7110,33,59,Male,Moderate,Medium,Treatment,76.2,49.2,27.0,Responder
7111,21,55,Female,Moderate,Low,Treatment,66.9,54.2,12.7,Responder
7112,36,55,Female,Moderate,Low,Treatment,51.7,35.3,16.4,Responder
7113,36,45,Female,Mild,Low,Treatment,62.9,56.5,6.4,Non-Responder
7114,31,58,Male,Severe,Low,Control,93.2,65.7,27.5,Responder
7115,15,65,Female,Moderate,High,Treatment,45.2,25.3,19.9,Responder
7116,34,52,Male,Mild,Low,Control,49.4,37.3,12.1,Responder
7117,38,21,Female,Mild,Low,Treatment,59.3,39.6,19.7,Responder
7118,17,52,Male,Severe,Medium,Control,75.3,58.9,16.4,Responder
7119,19,57,Female,Moderate,Low,Control,63.4,59.8,3.6,Non-Responder
7120,5,72,Male,Moderate,Medium,Control,50.1,37.0,13.1,Responder
7121,38,59,Male,Moderate,Low,Control,66.7,48.3,18.4,Responder
7122,35,50,Male,Mild,High,Control,50.4,42.3,8.1,Non-Responder
7123,8,60,Female,Moderate,Low,Treatment,72.5,55.3,17.2,Responder
7124,19,52,Male,Moderate,High,Treatment,75.6,56.1,19.5,Responder
7125,14,56,Male,Severe,Low,Control,66.8,51.9,14.9,Responder
7126,5,47,Female,Moderate,Low,Control,48.8,30.2,18.6,Responder
7127,16,41,Female,Severe,High,Treatment,69.4,57.3,12.1,Responder
7128,4,45,Female,Moderate,Medium,Control,72.6,82.4,-9.8,Non-Responder
7129,6,43,Female,Moderate,Medium,Treatment,59.3,49.5,9.8,Non-Responder
7130,22,50,Female,Moderate,Medium,Control,66.0,37.7,28.3,Responder
7131,39,35,Female,Mild,Medium,Treatment,59.1,44.5,14.6,Responder
7132,28,48,Female,Mild,Low,Control,67.1,51.6,15.5,Responder
7133,29,72,Female,Mild,Medium,Treatment,69.8,57.1,12.7,Responder
7134,15,50,Male,Severe,Low,Treatment,87.8,82.4,5.4,Non-Responder
7135,6,59,Male,Severe,Medium,Control,64.8,55.0,9.8,Non-Responder
7136,5,55,Male,Mild,Medium,Control,52.5,53.4,-0.9,Non-Responder
7137,27,68,Male,Severe,Medium,Control,68.5,52.3,16.2,Responder
7138,36,50,Male,Severe,Low,Treatment,60.3,45.7,14.6,Responder
7139,37,50,Female,Moderate,Low,Control,67.6,60.2,7.4,Non-Responder
7140,22,26,Male,Mild,Medium,Treatment,47.2,34.9,12.3,Responder
7141,30,46,Female,Severe,Low,Control,75.1,68.0,7.1,Non-Responder
7142,29,43,Male,Mild,Medium,Treatment,51.2,47.4,3.8,Non-Responder
7143,10,82,Male,Mild,Medium,Treatment,64.2,58.2,6.0,Non-Responder
7144,31,41,Male,Moderate,Medium,Control,66.8,36.4,30.4,Responder
7145,28,31,Male,Severe,Low,Control,72.4,57.8,14.6,Responder
7146,8,78,Female,Moderate,Medium,Control,52.4,51.4,1.0,Non-Responder
7147,17,64,Male,Moderate,Medium,Control,52.3,49.9,2.4,Non-Responder
7148,27,36,Female,Moderate,Low,Treatment,67.2,59.6,7.6,Non-Responder
7149,14,48,Male,Moderate,Low,Control,62.1,58.0,4.1,Non-Responder
7150,29,39,Female,Severe,High,Control,68.8,51.1,17.7,Responder
7151,6,58,Male,Severe,Low,Treatment,77.9,51.3,26.6,Responder
7152,37,39,Female,Moderate,Medium,Control,55.0,43.3,11.7,Responder
7153,26,45,Male,Mild,Medium,Treatment,73.3,61.0,12.3,Responder
7154,21,46,Female,Severe,Low,Control,74.0,60.3,13.7,Responder
7155,7,51,Male,Moderate,Low,Treatment,59.4,53.7,5.7,Non-Responder
7156,39,60,Female,Moderate,Low,Treatment,50.8,36.1,14.7,Responder
7157,15,48,Male,Moderate,Medium,Control,57.0,53.4,3.6,Non-Responder
7158,3,52,Male,Moderate,Low,Treatment,47.5,19.5,28.0,Responder
7159,37,58,Male,Moderate,Medium,Treatment,59.7,49.8,9.9,Non-Responder
7160,10,70,Female,Mild,Medium,Control,47.5,36.1,11.4,Responder
7161,30,73,Female,Moderate,Medium,Control,47.6,29.9,17.7,Responder
7162,8,66,Male,Moderate,Low,Treatment,64.8,71.2,-6.4,Non-Responder
7163,13,54,Female,Mild,Low,Treatment,63.3,56.0,7.3,Non-Responder
7164,34,67,Female,Mild,High,Treatment,72.4,61.4,11.0,Responder
7165,10,56,Female,Mild,Medium,Treatment,64.3,46.5,17.8,Responder
7166,1,21,Female,Mild,Medium,Control,39.4,25.5,13.9,Responder
7167,38,51,Female,Mild,Low,Treatment,52.9,20.2,32.7,Responder
7168,12,31,Female,Severe,Medium,Treatment,97.6,92.0,5.6,Non-Responder
7169,34,57,Female,Moderate,Medium,Treatment,54.1,45.6,8.5,Non-Responder
7170,7,65,Male,Moderate,High,Treatment,68.7,53.1,15.6,Responder
7171,1,64,Female,Moderate,Low,Control,71.6,75.9,-4.3,Non-Responder
7172,10,68,Female,Mild,Medium,Control,44.5,31.3,13.2,Responder
7173,30,53,Male,Severe,Low,Treatment,68.1,53.0,15.1,Responder
7174,34,58,Male,Mild,Medium,Treatment,68.2,41.6,26.6,Responder
7175,17,46,Female,Mild,Low,Treatment,61.7,53.7,8.0,Non-Responder
7176,15,53,Male,Moderate,High,Control,68.0,61.3,6.7,Non-Responder
7177,6,45,Female,Mild,Medium,Treatment,50.2,37.0,13.2,Responder
7178,8,37,Male,Mild,Low,Control,57.8,32.5,25.3,Responder
7179,37,41,Female,Moderate,Medium,Treatment,65.3,53.4,11.9,Responder
7180,24,71,Female,Moderate,Low,Control,76.2,55.5,20.7,Responder
7181,1,53,Female,Moderate,Medium,Treatment,67.6,53.9,13.7,Responder
7182,3,44,Male,Moderate,Medium,Control,40.5,31.8,8.7,Non-Responder
7183,24,64,Male,Moderate,Low,Control,53.8,35.3,18.5,Responder
7184,3,68,Female,Mild,Medium,Control,56.1,57.0,-0.9,Non-Responder
7185,36,59,Male,Mild,Low,Treatment,51.1,31.2,19.9,Responder
7186,18,55,Female,Mild,Medium,Control,52.5,33.8,18.7,Responder
7187,15,53,Female,Moderate,Medium,Control,71.5,64.0,7.5,Non-Responder
7188,11,60,Female,Moderate,Low,Control,58.3,52.5,5.8,Non-Responder
7189,1,35,Male,Moderate,High,Treatment,74.5,57.9,16.6,Responder
7190,10,60,Female,Mild,High,Control,67.3,50.7,16.6,Responder
7191,10,50,Female,Moderate,Medium,Treatment,56.4,40.8,15.6,Responder
7192,34,41,Female,Mild,Low,Control,57.1,63.7,-6.6,Non-Responder
7193,11,50,Male,Moderate,Low,Treatment,62.3,52.2,10.1,Responder
7194,17,23,Female,Mild,Low,Control,56.5,36.2,20.3,Responder
7195,38,50,Female,Moderate,High,Treatment,73.7,37.3,36.4,Responder
7196,31,45,Male,Moderate,Low,Treatment,52.1,45.9,6.2,Non-Responder
7197,27,75,Female,Moderate,Medium,Control,42.4,37.3,5.1,Non-Responder
7198,8,48,Female,Mild,Medium,Treatment,53.2,24.8,28.4,Responder
7199,13,41,Male,Mild,Low,Treatment,50.1,21.8,28.3,Responder
7200,1,39,Female,Moderate,Medium,Treatment,57.9,51.0,6.9,Non-Responder
7201,8,51,Female,Mild,Medium,Control,39.9,33.5,6.4,Non-Responder
7202,26,41,Male,Severe,High,Treatment,88.8,69.4,19.4,Responder
7203,31,54,Female,Moderate,Low,Control,40.5,30.4,10.1,Responder
7204,4,40,Male,Mild,Low,Treatment,50.3,21.4,28.9,Responder
7205,33,61,Female,Moderate,Low,Control,58.3,57.7,0.6,Non-Responder
7206,7,48,Male,Mild,Low,Treatment,51.4,40.8,10.6,Responder
7207,40,24,Male,Mild,Medium,Treatment,42.9,35.9,7.0,Non-Responder
7208,23,51,Female,Mild,Medium,Treatment,36.7,12.3,24.4,Responder
7209,32,55,Female,Mild,Low,Control,55.0,46.4,8.6,Non-Responder
7210,37,44,Male,Moderate,Low,Control,69.0,63.0,6.0,Non-Responder
7211,7,56,Female,Moderate,Low,Treatment,53.3,18.0,35.3,Responder
7212,11,48,Female,Mild,Low,Treatment,67.0,50.5,16.5,Responder
7213,11,59,Female,Mild,Medium,Treatment,58.7,39.5,19.2,Responder
7214,22,70,Male,Mild,Low,Control,67.1,63.5,3.6,Non-Responder
7215,38,54,Male,Mild,Medium,Control,66.4,59.6,6.8,Non-Responder
7216,27,35,Male,Mild,Medium,Control,59.8,65.2,-5.4,Non-Responder
7217,23,41,Female,Severe,High,Control,92.4,77.7,14.7,Responder
7218,3,59,Male,Moderate,Low,Treatment,56.2,33.1,23.1,Responder
7219,3,67,Male,Moderate,Low,Control,54.5,41.5,13.0,Responder
7220,17,60,Female,Mild,Medium,Treatment,61.7,42.0,19.7,Responder
7221,15,44,Female,Mild,Medium,Treatment,50.7,32.2,18.5,Responder
7222,20,62,Female,Moderate,Low,Control,53.6,53.6,-0.0,Non-Responder
7223,7,52,Female,Moderate,High,Treatment,50.1,35.8,14.3,Responder
7224,4,79,Female,Moderate,Medium,Treatment,77.3,63.0,14.3,Responder
7225,4,78,Female,Mild,Medium,Treatment,49.4,26.4,23.0,Responder
7226,33,49,Female,Severe,High,Treatment,61.6,53.8,7.8,Non-Responder
7227,34,43,Female,Moderate,High,Treatment,67.7,56.7,11.0,Responder
7228,22,34,Female,Severe,Medium,Treatment,79.5,60.7,18.8,Responder
7229,5,69,Female,Moderate,Medium,Control,55.8,46.5,9.3,Non-Responder
7230,40,77,Female,Severe,Medium,Control,60.8,48.5,12.3,Responder
7231,4,18,Female,Severe,Medium,Treatment,78.4,58.9,19.5,Responder
7232,37,49,Female,Mild,Medium,Treatment,65.2,60.1,5.1,Non-Responder
7233,6,55,Male,Severe,Low,Treatment,87.3,86.2,1.1,Non-Responder
7234,32,44,Female,Moderate,Low,Treatment,55.2,44.7,10.5,Responder
7235,40,49,Female,Moderate,Medium,Control,69.5,69.4,0.1,Non-Responder
7236,9,40,Male,Severe,Low,Treatment,67.8,35.5,32.3,Responder
7237,28,55,Male,Moderate,Medium,Control,54.1,42.5,11.6,Responder
7238,19,54,Female,Moderate,Medium,Control,61.5,70.2,-8.7,Non-Responder
7239,14,53,Male,Severe,Low,Control,82.3,69.5,12.8,Responder
7240,39,58,Male,Mild,Medium,Control,64.8,54.1,10.7,Responder
7241,15,78,Female,Moderate,High,Treatment,69.8,53.1,16.7,Responder
7242,17,20,Male,Mild,Medium,Treatment,46.5,32.0,14.5,Responder
7243,17,56,Female,Moderate,Medium,Treatment,64.5,53.0,11.5,Responder
7244,6,60,Female,Severe,Medium,Treatment,73.2,68.4,4.8,Non-Responder
7245,21,55,Female,Severe,Medium,Treatment,43.9,28.9,15.0,Responder
7246,14,69,Male,Moderate,Medium,Treatment,69.0,54.6,14.4,Responder
7247,28,35,Male,Mild,Medium,Control,63.0,63.6,-0.6,Non-Responder
7248,31,59,Male,Moderate,Low,Control,69.1,67.6,1.5,Non-Responder
7249,29,55,Female,Severe,High,Control,77.8,67.4,10.4,Responder
7250,19,45,Male,Moderate,Medium,Control,57.8,58.5,-0.7,Non-Responder
7251,28,40,Male,Moderate,Low,Treatment,47.9,27.7,20.2,Responder
7252,23,58,Male,Moderate,Low,Treatment,59.4,41.0,18.4,Responder
7253,28,31,Male,Mild,Medium,Control,49.6,41.6,8.0,Non-Responder
7254,35,38,Female,Mild,Low,Treatment,59.6,26.7,32.9,Responder
7255,18,63,Male,Severe,Medium,Control,93.0,87.0,6.0,Non-Responder
7256,37,49,Male,Moderate,Low,Control,68.2,67.3,0.9,Non-Responder
7257,20,44,Female,Severe,Medium,Control,84.8,55.4,29.4,Responder
7258,6,58,Male,Moderate,Low,Control,57.6,27.0,30.6,Responder
7259,26,69,Male,Mild,Medium,Treatment,39.2,30.9,8.3,Non-Responder
7260,6,39,Male,Mild,Low,Treatment,57.4,43.6,13.8,Responder
7261,38,35,Male,Severe,Medium,Control,71.9,60.4,11.5,Responder
7262,19,46,Male,Severe,Low,Control,72.3,73.2,-0.9,Non-Responder
7263,6,47,Male,Mild,Low,Control,33.1,37.6,-4.5,Non-Responder
7264,30,67,Male,Mild,Medium,Control,55.1,47.4,7.7,Non-Responder
7265,16,72,Male,Moderate,Low,Control,62.4,54.3,8.1,Non-Responder
7266,10,53,Female,Moderate,Low,Treatment,60.6,56.6,4.0,Non-Responder
7267,36,62,Male,Severe,High,Treatment,67.2,53.5,13.7,Responder
7268,34,48,Female,Moderate,Medium,Control,49.6,55.4,-5.8,Non-Responder
7269,2,81,Female,Moderate,Low,Treatment,48.6,34.4,14.2,Responder
7270,18,49,Male,Mild,Low,Treatment,63.1,44.8,18.3,Responder
7271,23,48,Male,Moderate,Low,Control,64.3,52.9,11.4,Responder
7272,27,49,Female,Mild,Low,Control,49.7,45.2,4.5,Non-Responder
7273,13,31,Male,Mild,Low,Treatment,64.6,42.9,21.7,Responder
7274,35,55,Female,Mild,Low,Treatment,28.0,17.2,10.8,Responder
7275,28,57,Male,Moderate,Low,Control,60.4,52.0,8.4,Non-Responder
7276,15,54,Male,Severe,Low,Control,63.4,54.5,8.9,Non-Responder
7277,12,61,Male,Moderate,Low,Control,76.7,69.1,7.6,Non-Responder
7278,13,50,Male,Mild,Low,Treatment,59.6,47.0,12.6,Responder
7279,37,55,Female,Moderate,Low,Treatment,89.4,76.3,13.1,Responder
7280,33,50,Male,Moderate,Medium,Control,69.6,59.5,10.1,Responder
7281,16,61,Male,Severe,Medium,Treatment,62.7,37.8,24.9,Responder
7282,27,18,Male,Moderate,Low,Treatment,52.3,42.8,9.5,Non-Responder
7283,38,54,Female,Moderate,Medium,Treatment,78.6,72.3,6.3,Non-Responder
7284,14,61,Female,Mild,Medium,Control,52.4,35.3,17.1,Responder
7285,8,65,Female,Moderate,High,Treatment,59.0,51.5,7.5,Non-Responder
7286,23,54,Female,Moderate,Low,Treatment,39.9,25.7,14.2,Responder
7287,33,61,Female,Severe,High,Treatment,74.8,52.8,22.0,Responder
7288,12,63,Male,Moderate,Low,Control,66.9,53.3,13.6,Responder
7289,22,64,Male,Mild,Medium,Control,42.6,32.3,10.3,Responder
7290,25,54,Male,Mild,High,Treatment,53.9,27.9,26.0,Responder
7291,14,38,Male,Mild,Medium,Control,37.1,35.3,1.8,Non-Responder
7292,19,44,Male,Moderate,Low,Control,65.9,63.0,2.9,Non-Responder
7293,29,63,Female,Moderate,Low,Control,68.7,45.8,22.9,Responder
7294,17,39,Female,Severe,Medium,Control,87.3,71.1,16.2,Responder
7295,26,81,Male,Mild,Medium,Treatment,60.7,54.3,6.4,Non-Responder
7296,31,50,Female,Mild,Medium,Control,62.0,46.9,15.1,Responder
7297,9,54,Female,Moderate,Medium,Control,69.4,58.8,10.6,Responder
7298,27,51,Female,Moderate,Medium,Control,66.5,61.8,4.7,Non-Responder
7299,38,26,Female,Moderate,Low,Control,64.2,56.8,7.4,Non-Responder
7300,8,49,Female,Severe,Low,Treatment,50.0,30.5,19.5,Responder
7301,18,54,Female,Moderate,Medium,Control,46.3,26.4,19.9,Responder
7302,24,50,Female,Moderate,Medium,Control,74.6,75.2,-0.6,Non-Responder
7303,30,37,Male,Mild,Medium,Treatment,51.6,57.1,-5.5,Non-Responder
7304,25,45,Male,Moderate,Low,Control,55.4,44.8,10.6,Responder
7305,11,59,Female,Severe,Low,Treatment,60.7,45.9,14.8,Responder
7306,11,32,Male,Moderate,High,Treatment,59.0,48.7,10.3,Responder
7307,37,66,Female,Mild,Low,Control,35.7,14.6,21.1,Responder
7308,39,55,Male,Mild,Low,Treatment,51.6,38.3,13.3,Responder
7309,11,45,Male,Moderate,Low,Treatment,62.9,48.2,14.7,Responder
7310,14,44,Female,Mild,Low,Treatment,51.2,36.3,14.9,Responder
7311,31,26,Male,Mild,Low,Treatment,56.4,40.9,15.5,Responder
7312,26,45,Female,Moderate,Medium,Control,61.2,55.5,5.7,Non-Responder
7313,6,65,Female,Mild,Medium,Control,45.9,29.4,16.5,Responder
7314,30,32,Male,Moderate,Low,Treatment,58.8,28.7,30.1,Responder
7315,2,61,Male,Severe,Low,Control,87.3,71.4,15.9,Responder
7316,2,21,Male,Moderate,Medium,Control,73.3,58.6,14.7,Responder
7317,22,48,Female,Moderate,High,Control,59.0,59.9,-0.9,Non-Responder
7318,34,48,Female,Moderate,Low,Control,63.7,45.0,18.7,Responder
7319,33,43,Female,Moderate,Low,Control,93.4,82.8,10.6,Responder
7320,37,56,Male,Mild,Low,Control,60.6,51.6,9.0,Non-Responder
7321,2,39,Male,Moderate,High,Treatment,74.2,52.0,22.2,Responder
7322,34,50,Male,Moderate,High,Control,61.4,47.2,14.2,Responder
7323,20,54,Female,Mild,Medium,Treatment,54.4,52.3,2.1,Non-Responder
7324,12,48,Female,Mild,Medium,Treatment,53.8,40.2,13.6,Responder
7325,16,56,Male,Severe,Low,Control,69.5,59.3,10.2,Responder
7326,37,48,Male,Severe,Medium,Treatment,82.9,66.4,16.5,Responder
7327,6,65,Male,Moderate,High,Treatment,61.1,64.9,-3.8,Non-Responder
7328,5,49,Male,Moderate,Medium,Control,62.2,65.5,-3.3,Non-Responder
7329,15,46,Female,Moderate,Medium,Treatment,45.5,26.7,18.8,Responder
7330,25,48,Male,Severe,Low,Control,68.6,63.7,4.9,Non-Responder
7331,2,52,Female,Moderate,Medium,Treatment,58.9,64.2,-5.3,Non-Responder
7332,6,55,Female,Moderate,Medium,Control,64.1,56.7,7.4,Non-Responder
7333,6,42,Male,Mild,Low,Control,39.1,37.1,2.0,Non-Responder
7334,26,82,Female,Severe,Medium,Control,59.8,57.5,2.3,Non-Responder
7335,14,66,Female,Severe,Low,Treatment,69.2,45.8,23.4,Responder
7336,16,60,Female,Severe,Medium,Treatment,66.6,50.3,16.3,Responder
7337,20,67,Male,Moderate,Medium,Treatment,66.6,64.7,1.9,Non-Responder
7338,33,56,Male,Moderate,Medium,Treatment,68.8,56.0,12.8,Responder
7339,30,50,Female,Severe,Medium,Control,65.9,46.4,19.5,Responder
7340,39,62,Male,Moderate,Low,Treatment,55.7,53.1,2.6,Non-Responder
7341,8,63,Male,Moderate,Low,Treatment,63.6,52.9,10.7,Responder
7342,18,70,Female,Moderate,Medium,Control,50.1,48.0,2.1,Non-Responder
7343,34,51,Male,Mild,Low,Control,44.3,31.0,13.3,Responder
7344,6,60,Male,Moderate,Medium,Treatment,43.5,26.1,17.4,Responder
7345,27,47,Male,Moderate,Low,Control,58.1,47.7,10.4,Responder
7346,20,61,Male,Mild,Medium,Control,58.5,66.3,-7.8,Non-Responder
7347,20,51,Female,Severe,Medium,Treatment,61.4,36.4,25.0,Responder
7348,16,63,Female,Moderate,High,Treatment,68.3,68.0,0.3,Non-Responder
7349,6,26,Female,Moderate,Medium,Treatment,49.5,42.0,7.5,Non-Responder
7350,35,21,Male,Moderate,Low,Treatment,64.2,56.3,7.9,Non-Responder
7351,13,67,Male,Moderate,Medium,Treatment,71.2,48.0,23.2,Responder
7352,6,55,Male,Mild,Low,Control,57.9,48.8,9.1,Non-Responder
7353,29,69,Male,Moderate,Low,Control,67.8,73.0,-5.2,Non-Responder
7354,29,65,Male,Mild,Medium,Treatment,39.7,33.5,6.2,Non-Responder
7355,40,64,Male,Mild,Medium,Treatment,61.2,49.3,11.9,Responder
7356,11,59,Female,Mild,Low,Treatment,62.1,35.3,26.8,Responder
7357,26,82,Female,Moderate,Medium,Treatment,68.6,41.7,26.9,Responder
7358,7,46,Female,Moderate,Medium,Treatment,55.7,34.6,21.1,Responder
7359,23,40,Female,Moderate,Medium,Control,50.0,29.7,20.3,Responder
7360,1,53,Female,Moderate,Medium,Treatment,67.8,54.5,13.3,Responder
7361,24,81,Male,Mild,Low,Treatment,58.2,48.3,9.9,Non-Responder
7362,35,45,Male,Severe,Medium,Treatment,65.0,58.9,6.1,Non-Responder
7363,26,64,Female,Mild,Medium,Treatment,71.1,76.9,-5.8,Non-Responder
7364,33,47,Female,Severe,Medium,Treatment,62.7,52.7,10.0,Responder
7365,35,58,Male,Mild,Medium,Treatment,61.0,57.0,4.0,Non-Responder
7366,20,49,Male,Moderate,Medium,Treatment,59.4,49.2,10.2,Responder
7367,40,41,Male,Mild,Low,Control,45.9,36.8,9.1,Non-Responder
7368,27,40,Male,Severe,Low,Control,62.7,70.5,-7.8,Non-Responder
7369,31,52,Male,Severe,Medium,Treatment,71.6,27.9,43.7,Responder
7370,6,46,Male,Moderate,High,Treatment,47.0,23.7,23.3,Responder
7371,29,64,Male,Moderate,High,Control,47.6,37.8,9.8,Non-Responder
7372,29,40,Female,Mild,Medium,Treatment,51.4,32.7,18.7,Responder
7373,30,65,Male,Moderate,Low,Treatment,69.6,55.5,14.1,Responder
7374,6,59,Male,Mild,High,Treatment,64.7,50.8,13.9,Responder
7375,33,80,Female,Mild,Low,Control,54.6,61.9,-7.3,Non-Responder
7376,6,43,Female,Moderate,Medium,Treatment,55.5,37.1,18.4,Responder
7377,4,55,Female,Moderate,Low,Control,43.2,25.5,17.7,Responder
7378,26,73,Female,Moderate,Medium,Control,58.9,50.0,8.9,Non-Responder
7379,13,56,Female,Moderate,Low,Control,48.0,27.8,20.2,Responder
7380,20,63,Male,Moderate,Medium,Control,54.5,55.7,-1.2,Non-Responder
7381,12,65,Male,Moderate,High,Control,61.8,62.4,-0.6,Non-Responder
7382,19,55,Male,Mild,Medium,Control,72.0,66.8,5.2,Non-Responder
7383,3,60,Male,Moderate,Low,Control,54.7,50.4,4.3,Non-Responder
7384,36,50,Female,Severe,Low,Control,59.3,47.8,11.5,Responder
7385,39,51,Female,Mild,Low,Control,68.8,60.1,8.7,Non-Responder
7386,2,33,Male,Mild,Medium,Treatment,55.6,47.8,7.8,Non-Responder
7387,9,50,Female,Moderate,Medium,Treatment,58.8,42.9,15.9,Responder
7388,22,54,Male,Moderate,Medium,Treatment,47.3,39.3,8.0,Non-Responder
7389,12,43,Male,Mild,Low,Control,35.2,31.4,3.8,Non-Responder
7390,23,67,Male,Mild,Low,Control,59.5,64.8,-5.3,Non-Responder
7391,2,44,Male,Mild,Medium,Control,64.1,53.1,11.0,Responder
7392,21,79,Male,Moderate,Medium,Control,86.6,70.0,16.6,Responder
7393,25,61,Female,Severe,Low,Control,65.2,66.4,-1.2,Non-Responder
7394,35,45,Female,Mild,Low,Treatment,57.8,35.6,22.2,Responder
7395,2,50,Male,Moderate,Medium,Control,57.4,53.5,3.9,Non-Responder
7396,7,22,Female,Moderate,Medium,Treatment,54.1,45.9,8.2,Non-Responder
7397,11,54,Male,Moderate,High,Control,53.7,44.9,8.8,Non-Responder
7398,12,63,Female,Moderate,Medium,Treatment,72.2,46.0,26.2,Responder
7399,2,71,Female,Moderate,Low,Treatment,57.6,43.4,14.2,Responder
7400,16,41,Female,Mild,Low,Control,45.1,34.5,10.6,Responder
7401,29,45,Female,Mild,Medium,Control,61.0,59.1,1.9,Non-Responder
7402,25,47,Female,Severe,Medium,Treatment,84.2,66.6,17.6,Responder
7403,37,44,Female,Severe,Low,Control,72.8,62.2,10.6,Responder
7404,19,53,Male,Severe,High,Control,89.6,86.3,3.3,Non-Responder
7405,19,50,Female,Severe,Low,Control,61.1,40.0,21.1,Responder
7406,30,72,Female,Moderate,High,Control,54.1,41.7,12.4,Responder
7407,40,31,Female,Severe,Low,Control,81.3,64.8,16.5,Responder
7408,39,63,Female,Severe,Low,Control,47.1,49.4,-2.3,Non-Responder
7409,16,51,Male,Severe,High,Treatment,79.4,63.5,15.9,Responder
7410,3,54,Male,Severe,High,Treatment,69.9,72.0,-2.1,Non-Responder
7411,7,72,Male,Moderate,Low,Control,60.3,43.8,16.5,Responder
7412,5,54,Male,Moderate,Low,Treatment,64.9,42.3,22.6,Responder
7413,36,37,Female,Moderate,Medium,Treatment,53.1,33.8,19.3,Responder
7414,15,56,Male,Moderate,Low,Treatment,49.3,49.4,-0.1,Non-Responder
7415,3,60,Female,Moderate,High,Treatment,52.5,35.4,17.1,Responder
7416,37,40,Male,Severe,Low,Treatment,66.0,50.6,15.4,Responder
7417,30,31,Female,Mild,Medium,Treatment,65.8,60.0,5.8,Non-Responder
7418,24,78,Female,Severe,Low,Treatment,57.6,47.5,10.1,Responder
7419,11,35,Male,Moderate,Low,Control,68.3,64.6,3.7,Non-Responder
7420,18,45,Male,Severe,High,Control,69.5,51.2,18.3,Responder
7421,4,75,Male,Moderate,Low,Treatment,69.4,64.9,4.5,Non-Responder
7422,9,40,Female,Severe,Medium,Control,77.5,70.5,7.0,Non-Responder
7423,31,64,Female,Moderate,Medium,Treatment,43.3,22.4,20.9,Responder
7424,11,66,Female,Mild,Low,Control,60.2,48.1,12.1,Responder
7425,14,47,Male,Moderate,Medium,Control,59.7,40.3,19.4,Responder
7426,33,67,Female,Moderate,Low,Control,69.2,61.9,7.3,Non-Responder
7427,35,52,Male,Mild,Low,Control,51.0,42.6,8.4,Non-Responder
7428,8,32,Female,Moderate,Medium,Treatment,64.6,54.9,9.7,Non-Responder
7429,31,35,Female,Severe,Medium,Treatment,57.1,47.5,9.6,Non-Responder
7430,24,49,Female,Severe,Low,Control,60.2,46.3,13.9,Responder
7431,12,65,Female,Mild,High,Treatment,54.6,42.1,12.5,Responder
7432,18,55,Female,Moderate,Low,Treatment,69.1,50.0,19.1,Responder
7433,12,48,Female,Severe,Low,Control,63.9,66.5,-2.6,Non-Responder
7434,16,43,Female,Mild,Low,Control,49.4,32.4,17.0,Responder
7435,22,62,Male,Moderate,Low,Treatment,62.4,46.9,15.5,Responder
7436,24,61,Female,Mild,High,Treatment,66.6,62.4,4.2,Non-Responder
7437,7,38,Female,Moderate,Low,Treatment,68.3,60.9,7.4,Non-Responder
7438,1,74,Female,Moderate,Medium,Treatment,56.9,38.6,18.3,Responder
7439,32,60,Female,Mild,Low,Control,60.5,43.7,16.8,Responder
7440,40,67,Female,Mild,Low,Treatment,36.6,23.6,13.0,Responder
7441,25,61,Male,Mild,Low,Treatment,44.1,40.9,3.2,Non-Responder
7442,9,31,Female,Mild,Low,Control,64.3,52.9,11.4,Responder
7443,5,53,Female,Mild,Low,Control,54.0,42.2,11.8,Responder
7444,4,58,Male,Mild,Medium,Treatment,59.4,50.7,8.7,Non-Responder
7445,4,68,Male,Mild,Medium,Treatment,59.6,51.1,8.5,Non-Responder
7446,31,51,Female,Mild,Low,Treatment,68.2,58.4,9.8,Non-Responder
7447,26,38,Male,Mild,Low,Treatment,55.2,42.5,12.7,Responder
7448,28,41,Male,Severe,Medium,Treatment,76.5,55.7,20.8,Responder
7449,29,29,Male,Moderate,Low,Control,52.6,43.4,9.2,Non-Responder
7450,25,76,Female,Moderate,High,Treatment,72.0,38.9,33.1,Responder
7451,30,60,Male,Mild,Medium,Control,57.5,48.0,9.5,Non-Responder
7452,5,68,Male,Moderate,Medium,Control,46.6,50.2,-3.6,Non-Responder
7453,1,66,Female,Moderate,Medium,Treatment,61.7,59.6,2.1,Non-Responder
7454,4,55,Male,Moderate,Low,Treatment,75.8,55.6,20.2,Responder
7455,11,58,Female,Moderate,Medium,Treatment,71.0,60.1,10.9,Responder
7456,22,49,Male,Moderate,High,Control,64.4,59.3,5.1,Non-Responder
7457,21,36,Male,Moderate,Medium,Control,63.4,54.5,8.9,Non-Responder
7458,30,77,Male,Severe,Medium,Treatment,66.4,67.1,-0.7,Non-Responder
7459,12,49,Male,Mild,Low,Treatment,61.2,48.7,12.5,Responder
7460,2,68,Female,Mild,Low,Control,52.1,36.6,15.5,Responder
7461,28,54,Female,Mild,Low,Treatment,37.7,21.9,15.8,Responder
7462,5,49,Female,Moderate,Medium,Control,65.3,50.0,15.3,Responder
7463,2,41,Male,Moderate,Low,Control,58.3,45.9,12.4,Responder
7464,19,57,Female,Moderate,Medium,Treatment,59.8,40.8,19.0,Responder
7465,34,46,Female,Moderate,Low,Control,72.6,70.6,2.0,Non-Responder
7466,20,44,Female,Moderate,Low,Control,81.7,76.1,5.6,Non-Responder
7467,1,77,Male,Moderate,Low,Control,67.5,64.2,3.3,Non-Responder
7468,37,34,Male,Moderate,Low,Treatment,41.2,26.9,14.3,Responder
7469,17,49,Male,Moderate,High,Treatment,58.3,59.2,-0.9,Non-Responder
7470,25,46,Female,Mild,Low,Treatment,54.5,32.5,22.0,Responder
7471,27,75,Female,Severe,Medium,Control,68.7,57.3,11.4,Responder
7472,17,44,Male,Severe,Medium,Control,47.0,28.9,18.1,Responder
7473,6,31,Male,Mild,Medium,Treatment,51.5,39.6,11.9,Responder
7474,40,49,Male,Mild,Medium,Treatment,41.3,28.4,12.9,Responder
7475,1,51,Female,Moderate,Low,Treatment,66.3,57.8,8.5,Non-Responder
7476,13,62,Female,Severe,High,Control,59.5,57.1,2.4,Non-Responder
7477,24,44,Female,Mild,High,Control,62.9,66.8,-3.9,Non-Responder
7478,6,51,Female,Moderate,Medium,Control,59.6,57.2,2.4,Non-Responder
7479,2,44,Female,Moderate,Low,Control,66.8,68.3,-1.5,Non-Responder
7480,13,64,Female,Mild,Low,Control,56.6,53.3,3.3,Non-Responder
7481,20,56,Female,Severe,Medium,Control,58.4,43.3,15.1,Responder
7482,21,48,Female,Moderate,Low,Treatment,58.8,31.4,27.4,Responder
7483,5,73,Male,Moderate,Medium,Control,53.3,49.0,4.3,Non-Responder
7484,38,60,Female,Moderate,Medium,Treatment,61.4,37.1,24.3,Responder
7485,6,51,Female,Moderate,Low,Control,61.7,47.1,14.6,Responder
7486,8,47,Male,Moderate,Low,Control,57.4,43.5,13.9,Responder
7487,31,53,Male,Moderate,Medium,Treatment,68.6,54.8,13.8,Responder
7488,32,45,Female,Moderate,Low,Treatment,48.8,30.3,18.5,Responder
7489,17,46,Male,Moderate,Medium,Treatment,67.4,34.8,32.6,Responder
7490,34,57,Female,Severe,Low,Treatment,50.9,37.6,13.3,Responder
7491,15,30,Female,Mild,Medium,Control,39.2,40.3,-1.1,Non-Responder
7492,10,40,Female,Moderate,Low,Treatment,58.4,47.4,11.0,Responder
7493,34,66,Male,Severe,Medium,Control,60.2,35.6,24.6,Responder
7494,17,57,Male,Mild,High,Treatment,36.0,10.6,25.4,Responder
7495,35,56,Male,Moderate,Low,Control,65.1,48.2,16.9,Responder
7496,11,65,Male,Mild,Low,Treatment,60.7,51.5,9.2,Non-Responder
7497,5,45,Female,Moderate,Low,Control,64.6,46.7,17.9,Responder
7498,3,58,Female,Mild,Low,Treatment,64.8,56.4,8.4,Non-Responder
7499,1,51,Female,Moderate,Medium,Control,63.1,47.4,15.7,Responder
7500,26,36,Female,Mild,Low,Treatment,39.6,19.8,19.8,Responder
7501,3,53,Female,Moderate,Low,Treatment,63.8,41.7,22.1,Responder
7502,6,60,Female,Mild,Low,Treatment,72.4,66.2,6.2,Non-Responder
7503,40,71,Female,Moderate,High,Control,64.3,57.4,6.9,Non-Responder
7504,16,45,Male,Moderate,Medium,Treatment,64.6,53.7,10.9,Responder
7505,4,55,Male,Severe,Medium,Control,75.0,46.5,28.5,Responder
7506,37,60,Female,Moderate,Low,Treatment,59.2,43.1,16.1,Responder
7507,19,49,Male,Moderate,Medium,Treatment,76.3,68.4,7.9,Non-Responder
7508,25,77,Male,Moderate,Medium,Control,56.5,46.0,10.5,Responder
7509,9,31,Male,Mild,Medium,Control,50.3,41.6,8.7,Non-Responder
7510,14,66,Female,Moderate,High,Treatment,53.9,37.2,16.7,Responder
7511,8,82,Female,Moderate,Low,Treatment,48.6,35.7,12.9,Responder
7512,14,44,Female,Mild,Medium,Treatment,47.1,29.0,18.1,Responder
7513,26,35,Female,Moderate,Medium,Treatment,53.1,43.4,9.7,Non-Responder
7514,11,62,Female,Moderate,Medium,Treatment,57.2,39.1,18.1,Responder
7515,36,51,Male,Moderate,Low,Treatment,64.7,54.3,10.4,Responder
7516,9,41,Male,Severe,Low,Treatment,69.3,61.3,8.0,Non-Responder
7517,9,31,Female,Mild,Low,Treatment,58.1,44.5,13.6,Responder
7518,11,68,Male,Mild,Medium,Treatment,63.1,47.5,15.6,Responder
7519,18,41,Female,Mild,Medium,Control,64.1,66.9,-2.8,Non-Responder
7520,1,58,Male,Mild,Low,Control,59.1,44.0,15.1,Responder
7521,27,50,Male,Mild,Low,Treatment,54.6,54.6,0.0,Non-Responder
7522,11,73,Female,Mild,Medium,Control,48.6,55.1,-6.5,Non-Responder
7523,13,62,Female,Moderate,High,Treatment,74.4,61.6,12.8,Responder
7524,26,51,Female,Moderate,Medium,Treatment,61.1,37.3,23.8,Responder
7525,14,62,Male,Moderate,Medium,Treatment,43.8,27.6,16.2,Responder
7526,7,45,Female,Mild,Low,Control,53.5,46.2,7.3,Non-Responder
7527,2,41,Male,Moderate,Medium,Treatment,68.4,59.7,8.7,Non-Responder
7528,23,65,Male,Severe,High,Control,85.4,72.9,12.5,Responder
7529,19,44,Male,Mild,Low,Treatment,37.1,20.8,16.3,Responder
7530,1,39,Male,Moderate,Low,Control,42.7,29.4,13.3,Responder
7531,10,53,Female,Severe,Medium,Treatment,79.9,74.4,5.5,Non-Responder
7532,25,34,Female,Severe,High,Treatment,59.9,32.9,27.0,Responder
7533,22,72,Male,Severe,Low,Treatment,79.9,63.6,16.3,Responder
7534,4,43,Male,Severe,Medium,Treatment,70.2,43.6,26.6,Responder
7535,19,54,Male,Mild,High,Treatment,47.8,27.6,20.2,Responder
7536,14,66,Male,Severe,Medium,Control,62.5,51.2,11.3,Responder
7537,37,50,Female,Moderate,Medium,Control,66.8,54.9,11.9,Responder
7538,12,47,Male,Moderate,Medium,Control,68.1,61.9,6.2,Non-Responder
7539,1,80,Male,Mild,High,Control,52.6,52.2,0.4,Non-Responder
7540,15,48,Male,Mild,High,Treatment,46.0,22.9,23.1,Responder
7541,3,57,Female,Mild,Low,Control,44.4,36.6,7.8,Non-Responder
7542,21,33,Female,Moderate,Medium,Treatment,54.5,42.3,12.2,Responder
7543,35,69,Male,Moderate,Low,Control,71.0,74.4,-3.4,Non-Responder
7544,13,64,Female,Moderate,Medium,Control,78.6,82.6,-4.0,Non-Responder
7545,30,32,Female,Severe,Medium,Control,83.4,68.8,14.6,Responder
7546,39,48,Male,Severe,Medium,Treatment,58.9,41.1,17.8,Responder
7547,36,72,Female,Moderate,Low,Control,64.0,36.2,27.8,Responder
7548,40,64,Female,Severe,High,Control,70.6,67.1,3.5,Non-Responder
7549,5,44,Female,Mild,Medium,Control,59.5,59.2,0.3,Non-Responder
7550,21,67,Female,Mild,Low,Control,60.6,65.8,-5.2,Non-Responder
7551,39,69,Female,Moderate,Medium,Control,55.5,52.6,2.9,Non-Responder
7552,33,56,Male,Moderate,Medium,Control,60.2,51.3,8.9,Non-Responder
7553,21,46,Female,Severe,Medium,Control,66.3,53.9,12.4,Responder
7554,20,56,Female,Moderate,Low,Treatment,53.7,34.8,18.9,Responder
7555,11,38,Female,Moderate,Low,Control,63.0,62.5,0.5,Non-Responder
7556,35,61,Female,Moderate,Medium,Control,55.4,52.7,2.7,Non-Responder
7557,30,66,Female,Severe,Low,Control,82.4,71.3,11.1,Responder
7558,35,51,Male,Mild,Low,Control,49.9,49.8,0.1,Non-Responder
7559,30,39,Female,Moderate,High,Treatment,67.4,38.9,28.5,Responder
7560,16,35,Male,Moderate,Low,Treatment,61.8,51.9,9.9,Non-Responder
7561,18,38,Female,Mild,Medium,Control,67.9,62.2,5.7,Non-Responder
7562,28,49,Female,Mild,Low,Control,49.1,48.0,1.1,Non-Responder
7563,34,48,Female,Moderate,Low,Control,52.6,28.4,24.2,Responder
7564,8,46,Female,Moderate,Medium,Treatment,34.0,24.8,9.2,Non-Responder
7565,11,52,Female,Moderate,Low,Treatment,70.9,59.7,11.2,Responder
7566,1,69,Male,Mild,Low,Treatment,56.2,36.2,20.0,Responder
7567,37,70,Female,Moderate,Medium,Treatment,69.8,48.0,21.8,Responder
7568,24,82,Female,Moderate,Low,Treatment,70.8,53.3,17.5,Responder
7569,36,46,Male,Moderate,Low,Control,68.7,50.7,18.0,Responder
7570,7,55,Male,Mild,Medium,Control,51.2,44.2,7.0,Non-Responder
7571,25,56,Female,Moderate,Medium,Control,70.4,60.5,9.9,Non-Responder
7572,14,45,Female,Severe,Low,Control,57.7,45.0,12.7,Responder
7573,20,70,Male,Mild,Medium,Treatment,46.5,30.7,15.8,Responder
7574,21,46,Male,Moderate,Medium,Treatment,47.5,23.1,24.4,Responder
7575,5,68,Female,Mild,Low,Control,52.6,28.4,24.2,Responder
7576,20,43,Female,Moderate,Low,Control,75.0,66.2,8.8,Non-Responder
7577,31,50,Male,Mild,Low,Treatment,54.0,45.9,8.1,Non-Responder
7578,30,57,Female,Moderate,Low,Treatment,69.1,55.8,13.3,Responder
7579,32,65,Female,Moderate,Low,Control,52.7,32.0,20.7,Responder
7580,20,40,Female,Moderate,Medium,Treatment,81.9,63.2,18.7,Responder
7581,21,71,Female,Mild,Medium,Control,54.7,49.5,5.2,Non-Responder
7582,36,37,Female,Severe,Low,Control,65.6,53.1,12.5,Responder
7583,38,26,Male,Mild,Medium,Control,59.6,53.9,5.7,Non-Responder
7584,13,48,Male,Severe,Medium,Control,82.2,64.2,18.0,Responder
7585,20,58,Female,Moderate,Medium,Control,62.2,54.0,8.2,Non-Responder
7586,26,54,Male,Mild,Low,Control,63.7,43.9,19.8,Responder
7587,19,58,Male,Moderate,Low,Control,50.1,51.8,-1.7,Non-Responder
7588,12,39,Female,Mild,Medium,Control,57.2,54.4,2.8,Non-Responder
7589,40,34,Male,Mild,Low,Control,49.5,42.2,7.3,Non-Responder
7590,25,47,Male,Moderate,High,Treatment,73.6,54.8,18.8,Responder
7591,9,70,Female,Moderate,Medium,Control,58.7,46.9,11.8,Responder
7592,32,47,Female,Moderate,Low,Treatment,62.6,61.1,1.5,Non-Responder
7593,25,52,Male,Moderate,Low,Control,47.7,36.0,11.7,Responder
7594,23,51,Male,Moderate,Low,Treatment,63.8,58.3,5.5,Non-Responder
7595,10,67,Female,Severe,Medium,Treatment,79.5,68.6,10.9,Responder
7596,16,41,Female,Mild,High,Treatment,51.6,27.5,24.1,Responder
7597,15,32,Male,Severe,Low,Treatment,60.8,45.0,15.8,Responder
7598,34,59,Female,Mild,Medium,Treatment,69.7,57.3,12.4,Responder
7599,38,70,Male,Severe,Low,Control,76.8,81.7,-4.9,Non-Responder
7600,19,60,Male,Mild,High,Control,58.2,59.5,-1.3,Non-Responder
7601,32,72,Female,Moderate,Medium,Control,61.5,41.8,19.7,Responder
7602,19,63,Male,Moderate,High,Treatment,65.8,42.1,23.7,Responder
7603,20,40,Female,Severe,Medium,Treatment,72.1,48.5,23.6,Responder
7604,30,33,Male,Mild,High,Control,56.2,48.6,7.6,Non-Responder
7605,24,38,Male,Mild,Low,Treatment,47.9,37.8,10.1,Responder
7606,34,62,Female,Moderate,Medium,Control,50.8,35.5,15.3,Responder
7607,31,66,Female,Moderate,Medium,Control,72.3,68.1,4.2,Non-Responder
7608,20,69,Female,Moderate,Low,Control,70.9,61.3,9.6,Non-Responder
7609,20,18,Female,Moderate,Medium,Control,58.1,40.6,17.5,Responder
7610,3,64,Female,Moderate,Low,Treatment,73.3,65.8,7.5,Non-Responder
7611,29,47,Male,Moderate,Low,Control,63.6,58.0,5.6,Non-Responder
7612,30,44,Male,Severe,High,Control,57.9,54.1,3.8,Non-Responder
7613,25,48,Female,Severe,Low,Control,81.2,76.7,4.5,Non-Responder
7614,30,32,Male,Mild,Low,Control,47.0,43.4,3.6,Non-Responder
7615,6,67,Female,Severe,Medium,Treatment,66.1,44.1,22.0,Responder
7616,5,57,Female,Severe,Medium,Treatment,81.3,39.2,42.1,Responder
7617,13,45,Female,Moderate,Low,Control,68.0,63.0,5.0,Non-Responder
7618,6,51,Female,Mild,Medium,Control,26.3,17.0,9.3,Non-Responder
7619,23,47,Male,Severe,Low,Control,77.2,66.9,10.3,Responder
7620,27,37,Female,Moderate,Medium,Control,63.1,65.1,-2.0,Non-Responder
7621,8,59,Female,Mild,Medium,Control,51.5,46.2,5.3,Non-Responder
7622,36,62,Female,Moderate,High,Treatment,65.4,38.4,27.0,Responder
7623,32,56,Male,Moderate,High,Treatment,76.6,49.8,26.8,Responder
7624,40,61,Female,Moderate,High,Treatment,65.1,47.3,17.8,Responder
7625,11,66,Male,Severe,High,Control,73.1,57.7,15.4,Responder
7626,13,62,Female,Severe,Low,Control,79.9,68.3,11.6,Responder
7627,35,50,Male,Mild,Low,Control,51.7,31.1,20.6,Responder
7628,3,49,Male,Severe,Medium,Control,67.4,58.9,8.5,Non-Responder
7629,19,59,Male,Moderate,High,Control,47.8,49.4,-1.6,Non-Responder
7630,37,43,Female,Moderate,Medium,Control,54.8,25.0,29.8,Responder
7631,22,57,Male,Moderate,Low,Control,49.9,29.7,20.2,Responder
7632,25,52,Female,Moderate,Medium,Control,48.6,57.0,-8.4,Non-Responder
7633,40,62,Male,Moderate,Low,Treatment,51.6,24.1,27.5,Responder
7634,19,49,Male,Moderate,Medium,Control,50.5,46.8,3.7,Non-Responder
7635,11,48,Female,Moderate,Low,Control,58.8,62.6,-3.8,Non-Responder
7636,39,50,Female,Severe,High,Control,88.3,77.7,10.6,Responder
7637,14,53,Male,Mild,Low,Treatment,54.7,40.6,14.1,Responder
7638,26,70,Male,Severe,Low,Treatment,66.9,49.5,17.4,Responder
7639,31,47,Female,Moderate,Medium,Control,52.4,46.3,6.1,Non-Responder
7640,31,41,Female,Severe,Low,Treatment,66.3,51.8,14.5,Responder
7641,17,64,Female,Severe,Medium,Treatment,75.0,56.1,18.9,Responder
7642,37,66,Female,Moderate,Medium,Control,65.0,56.3,8.7,Non-Responder
7643,14,54,Female,Severe,Medium,Control,68.3,53.2,15.1,Responder
7644,30,38,Female,Moderate,High,Treatment,60.1,48.9,11.2,Responder
7645,25,58,Female,Mild,Low,Treatment,47.4,29.8,17.6,Responder
7646,1,55,Female,Mild,Low,Treatment,59.5,35.5,24.0,Responder
7647,33,64,Male,Moderate,Medium,Control,83.6,86.3,-2.7,Non-Responder
7648,15,38,Female,Moderate,Medium,Control,72.1,72.1,0.0,Non-Responder
7649,2,60,Female,Moderate,Medium,Treatment,62.5,64.0,-1.5,Non-Responder
7650,8,69,Male,Moderate,Low,Treatment,76.3,61.8,14.5,Responder
7651,37,54,Female,Severe,Low,Treatment,77.7,56.6,21.1,Responder
7652,3,54,Male,Mild,Medium,Control,71.4,62.1,9.3,Non-Responder
7653,29,45,Female,Moderate,Low,Control,70.9,57.3,13.6,Responder
7654,26,61,Female,Moderate,Low,Treatment,75.2,58.6,16.6,Responder
7655,17,62,Male,Mild,Low,Treatment,53.4,54.8,-1.4,Non-Responder
7656,27,70,Male,Mild,High,Control,48.3,27.5,20.8,Responder
7657,1,53,Male,Moderate,Low,Control,60.9,45.2,15.7,Responder
7658,16,54,Female,Mild,Low,Treatment,54.1,37.5,16.6,Responder
7659,13,56,Male,Severe,High,Control,73.7,58.3,15.4,Responder
7660,32,37,Male,Mild,High,Control,57.4,51.4,6.0,Non-Responder
7661,34,62,Male,Moderate,Medium,Control,60.0,44.9,15.1,Responder
7662,30,60,Male,Moderate,High,Control,62.2,42.1,20.1,Responder
7663,4,59,Male,Moderate,Low,Treatment,80.5,73.7,6.8,Non-Responder
7664,6,59,Female,Mild,Medium,Control,59.6,70.6,-11.0,Non-Responder
7665,3,47,Female,Moderate,Low,Treatment,67.4,58.6,8.8,Non-Responder
7666,32,46,Male,Severe,Low,Treatment,72.1,44.5,27.6,Responder
7667,14,39,Female,Moderate,High,Control,66.6,79.7,-13.1,Non-Responder
7668,24,52,Male,Moderate,Medium,Control,57.7,48.8,8.9,Non-Responder
7669,39,48,Female,Severe,Medium,Treatment,54.3,42.5,11.8,Responder
7670,6,50,Female,Mild,Medium,Treatment,45.7,22.8,22.9,Responder
7671,10,41,Female,Moderate,Medium,Control,72.7,62.1,10.6,Responder
7672,29,50,Female,Moderate,Medium,Treatment,70.1,58.9,11.2,Responder
7673,38,52,Male,Moderate,High,Treatment,78.3,63.7,14.6,Responder
7674,28,72,Female,Moderate,Low,Control,65.5,57.7,7.8,Non-Responder
7675,3,53,Female,Mild,Medium,Treatment,50.2,35.7,14.5,Responder
7676,18,82,Male,Severe,Medium,Treatment,62.3,55.1,7.2,Non-Responder
7677,9,26,Female,Mild,Medium,Treatment,58.9,56.4,2.5,Non-Responder
7678,5,61,Male,Moderate,Low,Control,63.1,50.8,12.3,Responder
7679,25,57,Female,Severe,Medium,Treatment,57.3,37.7,19.6,Responder
7680,24,36,Female,Mild,Medium,Control,40.6,36.5,4.1,Non-Responder
7681,21,71,Female,Severe,Low,Treatment,69.9,46.0,23.9,Responder
7682,16,47,Male,Moderate,Medium,Control,68.6,54.1,14.5,Responder
7683,28,60,Male,Moderate,Low,Control,57.0,46.5,10.5,Responder
7684,29,67,Male,Moderate,Medium,Control,63.8,59.1,4.7,Non-Responder
7685,7,52,Male,Moderate,Low,Treatment,55.2,32.9,22.3,Responder
7686,1,79,Female,Moderate,Medium,Treatment,50.3,43.7,6.6,Non-Responder
7687,33,54,Male,Moderate,Low,Control,69.3,63.7,5.6,Non-Responder
7688,6,47,Male,Moderate,Low,Treatment,59.7,58.0,1.7,Non-Responder
7689,38,40,Female,Moderate,Medium,Treatment,60.1,35.4,24.7,Responder
7690,3,60,Female,Mild,Low,Control,34.4,28.4,6.0,Non-Responder
7691,20,29,Male,Moderate,Low,Treatment,54.9,33.3,21.6,Responder
7692,25,43,Male,Moderate,Low,Treatment,65.7,50.4,15.3,Responder
7693,40,46,Male,Moderate,Low,Treatment,43.2,31.0,12.2,Responder
7694,38,47,Male,Moderate,Medium,Control,71.7,70.2,1.5,Non-Responder
7695,24,44,Male,Moderate,Low,Control,83.2,61.3,21.9,Responder
7696,30,44,Female,Mild,Low,Treatment,46.2,41.0,5.2,Non-Responder
7697,17,45,Male,Moderate,Low,Treatment,75.2,64.6,10.6,Responder
7698,34,42,Male,Moderate,Medium,Treatment,64.8,54.3,10.5,Responder
7699,27,57,Male,Severe,Low,Control,69.8,44.7,25.1,Responder
7700,25,48,Male,Severe,Medium,Control,73.0,48.5,24.5,Responder
7701,12,45,Male,Moderate,Low,Treatment,56.5,54.2,2.3,Non-Responder
7702,23,60,Female,Severe,Medium,Control,64.5,58.6,5.9,Non-Responder
7703,35,53,Female,Moderate,Medium,Treatment,59.5,43.2,16.3,Responder
7704,12,60,Female,Moderate,High,Control,56.8,37.8,19.0,Responder
7705,14,39,Female,Moderate,Low,Control,65.7,70.9,-5.2,Non-Responder
7706,39,55,Male,Moderate,Medium,Control,80.5,70.6,9.9,Non-Responder
7707,32,38,Male,Severe,Medium,Treatment,51.7,41.7,10.0,Responder
7708,38,41,Female,Mild,High,Control,63.6,47.5,16.1,Responder
7709,16,70,Female,Moderate,Medium,Treatment,70.9,58.6,12.3,Responder
7710,16,76,Female,Moderate,High,Treatment,71.2,47.8,23.4,Responder
7711,18,33,Male,Moderate,Medium,Control,71.1,56.6,14.5,Responder
7712,32,66,Female,Severe,Low,Control,65.3,44.5,20.8,Responder
7713,29,53,Male,Moderate,High,Treatment,70.4,45.6,24.8,Responder
7714,5,60,Female,Moderate,Low,Treatment,60.9,47.3,13.6,Responder
7715,12,50,Male,Mild,Medium,Treatment,31.9,18.6,13.3,Responder
7716,16,56,Female,Severe,Low,Control,56.5,54.8,1.7,Non-Responder
7717,15,63,Female,Mild,Medium,Treatment,60.5,51.3,9.2,Non-Responder
7718,10,58,Male,Moderate,Low,Control,47.4,57.5,-10.1,Non-Responder
7719,14,46,Female,Severe,Low,Treatment,71.4,58.0,13.4,Responder
7720,14,58,Male,Mild,Medium,Treatment,71.5,77.8,-6.3,Non-Responder
7721,28,46,Female,Severe,Low,Control,84.0,63.6,20.4,Responder
7722,38,53,Female,Severe,Medium,Control,81.1,74.2,6.9,Non-Responder
7723,19,48,Male,Mild,Low,Control,57.7,56.8,0.9,Non-Responder
7724,3,55,Male,Moderate,Medium,Control,51.7,35.5,16.2,Responder
7725,3,54,Male,Moderate,Low,Treatment,52.7,43.2,9.5,Non-Responder
7726,28,53,Female,Moderate,Medium,Control,78.8,76.3,2.5,Non-Responder
7727,26,61,Male,Mild,Low,Control,57.9,57.0,0.9,Non-Responder
7728,7,54,Female,Moderate,Medium,Treatment,68.1,52.7,15.4,Responder
7729,18,71,Female,Moderate,Medium,Treatment,56.8,38.5,18.3,Responder
7730,19,65,Male,Mild,Medium,Treatment,43.4,17.9,25.5,Responder
7731,11,51,Male,Severe,Medium,Control,88.2,77.7,10.5,Responder
7732,13,55,Male,Severe,Medium,Control,68.8,67.1,1.7,Non-Responder
7733,3,64,Female,Moderate,Medium,Control,64.6,65.9,-1.3,Non-Responder
7734,6,39,Male,Mild,Medium,Treatment,51.2,27.5,23.7,Responder
7735,36,57,Female,Moderate,Low,Control,73.7,73.3,0.4,Non-Responder
7736,4,31,Male,Moderate,Low,Control,62.2,44.1,18.1,Responder
7737,35,50,Male,Severe,Medium,Treatment,68.8,47.2,21.6,Responder
7738,31,78,Male,Moderate,Medium,Control,66.0,72.3,-6.3,Non-Responder
7739,15,58,Female,Moderate,Medium,Treatment,45.7,34.3,11.4,Responder
7740,15,32,Female,Severe,High,Control,72.1,56.0,16.1,Responder
7741,10,47,Male,Mild,Medium,Treatment,44.0,27.3,16.7,Responder
7742,15,38,Female,Severe,High,Treatment,65.2,55.0,10.2,Responder
7743,23,44,Male,Moderate,Medium,Control,61.8,49.3,12.5,Responder
7744,3,61,Female,Moderate,Medium,Treatment,58.3,39.3,19.0,Responder
7745,23,38,Male,Moderate,Medium,Treatment,68.6,39.1,29.5,Responder
7746,14,64,Female,Mild,Medium,Treatment,65.6,54.9,10.7,Responder
7747,30,45,Male,Mild,Medium,Control,56.1,45.0,11.1,Responder
7748,17,57,Male,Mild,Medium,Treatment,53.6,43.8,9.8,Non-Responder
7749,23,55,Male,Moderate,Medium,Control,63.1,55.0,8.1,Non-Responder
7750,14,62,Female,Moderate,High,Treatment,51.2,17.5,33.7,Responder
7751,12,62,Female,Moderate,Low,Control,56.2,59.3,-3.1,Non-Responder
7752,26,36,Female,Severe,Medium,Treatment,81.7,60.8,20.9,Responder
7753,33,59,Female,Moderate,High,Treatment,60.5,35.5,25.0,Responder
7754,39,45,Female,Moderate,Medium,Control,53.5,44.0,9.5,Non-Responder
7755,2,58,Male,Moderate,Medium,Treatment,66.1,49.5,16.6,Responder
7756,35,64,Male,Mild,Low,Control,71.2,61.1,10.1,Responder
7757,6,58,Male,Moderate,High,Treatment,75.0,57.6,17.4,Responder
7758,35,44,Male,Mild,Medium,Control,60.9,52.9,8.0,Non-Responder
7759,20,60,Female,Mild,Medium,Treatment,54.8,34.3,20.5,Responder
7760,21,73,Male,Mild,Low,Treatment,50.3,29.4,20.9,Responder
7761,18,40,Male,Mild,Low,Control,48.9,43.7,5.2,Non-Responder
7762,25,61,Female,Severe,High,Treatment,67.3,56.5,10.8,Responder
7763,9,49,Male,Severe,Medium,Treatment,96.8,85.2,11.6,Responder
7764,15,77,Female,Moderate,Medium,Control,38.6,38.9,-0.3,Non-Responder
7765,24,45,Female,Moderate,High,Treatment,62.0,37.7,24.3,Responder
7766,38,60,Female,Moderate,Medium,Treatment,73.1,54.9,18.2,Responder
7767,7,61,Male,Moderate,Medium,Treatment,75.8,61.0,14.8,Responder
7768,19,54,Female,Mild,Medium,Control,51.8,46.4,5.4,Non-Responder
7769,27,68,Female,Moderate,Low,Control,47.7,61.8,-14.1,Non-Responder
7770,28,43,Female,Moderate,Low,Control,79.0,66.6,12.4,Responder
7771,19,60,Male,Moderate,Medium,Treatment,76.7,54.4,22.3,Responder
7772,9,43,Female,Moderate,High,Treatment,40.6,26.4,14.2,Responder
7773,37,53,Male,Moderate,Medium,Treatment,65.0,51.5,13.5,Responder
7774,34,52,Female,Mild,High,Treatment,53.8,42.0,11.8,Responder
7775,19,43,Female,Moderate,Medium,Treatment,65.9,52.0,13.9,Responder
7776,40,52,Male,Moderate,High,Control,72.9,63.6,9.3,Non-Responder
7777,34,73,Female,Moderate,Medium,Control,56.7,54.4,2.3,Non-Responder
7778,28,53,Male,Moderate,High,Control,57.7,48.5,9.2,Non-Responder
7779,17,37,Male,Moderate,Low,Treatment,78.1,58.3,19.8,Responder
7780,36,42,Female,Moderate,Medium,Control,74.3,53.3,21.0,Responder
7781,14,43,Female,Moderate,Medium,Treatment,86.0,73.9,12.1,Responder
7782,36,53,Female,Moderate,Medium,Control,47.1,35.2,11.9,Responder
7783,23,54,Female,Severe,High,Treatment,65.4,63.1,2.3,Non-Responder
7784,11,67,Male,Mild,Low,Control,54.3,47.7,6.6,Non-Responder
7785,8,43,Female,Moderate,Low,Control,55.8,63.6,-7.8,Non-Responder
7786,23,34,Female,Moderate,Low,Control,71.8,61.2,10.6,Responder
7787,14,61,Female,Moderate,High,Treatment,72.2,57.7,14.5,Responder
7788,15,56,Female,Moderate,High,Control,71.8,73.4,-1.6,Non-Responder
7789,37,43,Female,Severe,Medium,Treatment,73.9,50.7,23.2,Responder
7790,20,62,Male,Mild,Medium,Treatment,42.9,32.8,10.1,Responder
7791,23,52,Female,Severe,Medium,Treatment,72.8,72.2,0.6,Non-Responder
7792,2,44,Male,Mild,Medium,Control,55.8,56.8,-1.0,Non-Responder
7793,5,58,Female,Moderate,Medium,Control,64.8,49.5,15.3,Responder
7794,30,76,Female,Moderate,Low,Control,65.3,45.9,19.4,Responder
7795,25,49,Female,Mild,Medium,Treatment,62.2,43.6,18.6,Responder
7796,27,62,Male,Moderate,Medium,Treatment,36.5,26.0,10.5,Responder
7797,16,51,Male,Mild,Low,Control,31.1,16.3,14.8,Responder
7798,32,49,Female,Moderate,Medium,Treatment,69.9,50.6,19.3,Responder
7799,5,70,Female,Moderate,High,Treatment,70.8,51.7,19.1,Responder
7800,18,35,Female,Severe,Medium,Treatment,70.5,51.7,18.8,Responder
7801,36,47,Male,Moderate,Low,Treatment,59.2,36.1,23.1,Responder
7802,14,45,Female,Mild,Low,Control,49.0,36.8,12.2,Responder
7803,36,55,Female,Moderate,Medium,Control,54.9,46.8,8.1,Non-Responder
7804,32,59,Male,Moderate,High,Treatment,82.2,66.9,15.3,Responder
7805,37,61,Male,Severe,Medium,Control,71.1,59.5,11.6,Responder
7806,5,40,Female,Moderate,Medium,Treatment,70.0,54.7,15.3,Responder
7807,14,60,Male,Severe,Low,Control,71.8,63.5,8.3,Non-Responder
7808,27,47,Male,Moderate,Low,Control,66.5,60.4,6.1,Non-Responder
7809,31,36,Female,Mild,Medium,Treatment,75.7,41.6,34.1,Responder
7810,15,63,Male,Mild,High,Treatment,34.7,19.7,15.0,Responder
7811,19,44,Male,Mild,Medium,Control,57.0,47.7,9.3,Non-Responder
7812,31,51,Female,Severe,Low,Treatment,70.7,62.5,8.2,Non-Responder
7813,2,49,Female,Moderate,Medium,Control,63.5,43.0,20.5,Responder
7814,8,27,Male,Moderate,Medium,Treatment,57.1,55.2,1.9,Non-Responder
7815,26,40,Male,Severe,Medium,Treatment,56.6,37.5,19.1,Responder
7816,21,65,Male,Mild,Medium,Treatment,53.6,31.6,22.0,Responder
7817,30,31,Female,Mild,Low,Control,51.3,37.7,13.6,Responder
7818,13,57,Male,Mild,Low,Control,53.3,58.3,-5.0,Non-Responder
7819,26,39,Male,Mild,Low,Treatment,53.2,45.3,7.9,Non-Responder
7820,36,72,Male,Mild,Medium,Treatment,60.2,39.9,20.3,Responder
7821,16,32,Female,Moderate,Low,Control,62.0,50.4,11.6,Responder
7822,32,50,Female,Moderate,High,Treatment,62.9,53.6,9.3,Non-Responder
7823,21,53,Male,Moderate,Low,Treatment,66.9,45.6,21.3,Responder
7824,21,30,Male,Severe,Low,Control,70.0,71.6,-1.6,Non-Responder
7825,25,52,Female,Moderate,Medium,Treatment,66.4,40.0,26.4,Responder
7826,38,45,Male,Moderate,Low,Control,67.2,59.6,7.6,Non-Responder
7827,29,48,Male,Moderate,Medium,Treatment,42.3,26.3,16.0,Responder
7828,33,36,Male,Severe,Low,Treatment,73.1,64.9,8.2,Non-Responder
7829,3,63,Female,Moderate,Low,Treatment,53.7,45.1,8.6,Non-Responder
7830,27,59,Female,Moderate,High,Treatment,61.8,38.6,23.2,Responder
7831,8,68,Female,Severe,Low,Control,68.5,54.5,14.0,Responder
7832,27,55,Male,Moderate,Medium,Control,57.1,28.1,29.0,Responder
7833,35,56,Female,Moderate,Low,Treatment,65.0,43.4,21.6,Responder
7834,9,50,Male,Moderate,Low,Treatment,70.4,61.8,8.6,Non-Responder
7835,17,47,Female,Mild,High,Control,48.7,50.4,-1.7,Non-Responder
7836,32,63,Female,Mild,Low,Control,61.9,64.1,-2.2,Non-Responder
7837,24,49,Female,Moderate,Low,Control,76.4,70.3,6.1,Non-Responder
7838,4,55,Female,Moderate,Low,Control,60.1,51.5,8.6,Non-Responder
7839,39,54,Female,Moderate,Low,Treatment,47.6,25.5,22.1,Responder
7840,10,41,Male,Moderate,Medium,Treatment,40.4,9.9,30.5,Responder
7841,20,25,Female,Moderate,Low,Control,68.8,64.3,4.5,Non-Responder
7842,16,49,Male,Moderate,Medium,Treatment,64.6,45.5,19.1,Responder
7843,29,40,Female,Moderate,Low,Control,60.1,60.6,-0.5,Non-Responder
7844,6,63,Female,Severe,Low,Control,64.8,57.0,7.8,Non-Responder
7845,40,67,Female,Severe,Low,Treatment,71.4,36.2,35.2,Responder
7846,24,50,Female,Moderate,Medium,Control,57.3,44.4,12.9,Responder
7847,32,71,Male,Moderate,Low,Treatment,55.6,34.1,21.5,Responder
7848,13,49,Male,Moderate,Low,Treatment,52.0,43.5,8.5,Non-Responder
7849,28,49,Female,Mild,Medium,Treatment,50.9,42.4,8.5,Non-Responder
7850,6,62,Male,Severe,Medium,Control,66.9,55.1,11.8,Responder
7851,2,54,Male,Mild,Medium,Treatment,51.0,38.3,12.7,Responder
7852,39,68,Female,Mild,High,Control,50.8,57.3,-6.5,Non-Responder
7853,29,42,Female,Moderate,High,Control,80.9,64.5,16.4,Responder
7854,11,29,Female,Mild,Medium,Treatment,51.3,35.8,15.5,Responder
7855,5,49,Male,Mild,Low,Control,44.3,31.2,13.1,Responder
7856,11,79,Female,Moderate,Low,Control,74.4,66.4,8.0,Non-Responder
7857,26,45,Male,Moderate,Medium,Treatment,57.3,39.4,17.9,Responder
7858,38,52,Male,Moderate,Low,Control,46.7,48.5,-1.8,Non-Responder
7859,15,37,Male,Moderate,Medium,Control,86.9,84.7,2.2,Non-Responder
7860,35,62,Male,Severe,High,Treatment,72.7,59.4,13.3,Responder
7861,38,34,Female,Moderate,Medium,Treatment,47.0,37.8,9.2,Non-Responder
7862,34,54,Female,Moderate,Medium,Control,43.1,32.1,11.0,Responder
7863,6,57,Female,Severe,Low,Control,78.3,63.6,14.7,Responder
7864,8,53,Male,Mild,Medium,Treatment,64.5,46.2,18.3,Responder
7865,40,52,Male,Severe,High,Control,78.6,67.4,11.2,Responder
7866,28,74,Female,Moderate,Low,Control,71.1,78.3,-7.2,Non-Responder
7867,10,64,Female,Moderate,Low,Treatment,61.0,39.1,21.9,Responder
7868,12,76,Female,Moderate,Low,Control,59.4,44.3,15.1,Responder
7869,33,60,Female,Mild,Medium,Control,47.4,47.0,0.4,Non-Responder
7870,14,29,Female,Moderate,Medium,Control,55.7,47.9,7.8,Non-Responder
7871,18,62,Female,Mild,Medium,Control,68.7,48.0,20.7,Responder
7872,25,55,Female,Severe,Low,Control,56.1,42.2,13.9,Responder
7873,26,49,Male,Severe,Medium,Control,53.0,50.9,2.1,Non-Responder
7874,8,31,Female,Mild,Medium,Treatment,34.4,25.3,9.1,Non-Responder
7875,12,39,Male,Moderate,Medium,Control,76.3,80.4,-4.1,Non-Responder
7876,7,20,Male,Moderate,Medium,Control,70.9,56.7,14.2,Responder
7877,33,52,Male,Moderate,Medium,Treatment,52.0,36.1,15.9,Responder
7878,23,62,Female,Moderate,Medium,Control,79.2,66.6,12.6,Responder
7879,1,44,Female,Mild,Medium,Treatment,60.7,54.8,5.9,Non-Responder
7880,34,64,Male,Severe,Medium,Control,81.9,68.5,13.4,Responder
7881,32,50,Female,Severe,Medium,Treatment,71.2,52.0,19.2,Responder
7882,9,47,Female,Moderate,Medium,Control,68.7,68.4,0.3,Non-Responder
7883,26,59,Male,Mild,High,Treatment,43.9,13.7,30.2,Responder
7884,30,61,Female,Mild,High,Control,54.5,37.2,17.3,Responder
7885,13,69,Male,Severe,Medium,Treatment,82.1,71.1,11.0,Responder
7886,31,44,Female,Moderate,Medium,Control,70.0,74.0,-4.0,Non-Responder
7887,35,62,Male,Severe,Low,Treatment,68.7,67.1,1.6,Non-Responder
7888,32,65,Male,Moderate,Medium,Control,60.7,58.7,2.0,Non-Responder
7889,11,57,Male,Moderate,High,Treatment,48.5,38.5,10.0,Responder
7890,2,34,Female,Mild,High,Control,57.3,59.5,-2.2,Non-Responder
7891,35,41,Male,Moderate,Medium,Treatment,66.6,53.5,13.1,Responder
7892,10,36,Female,Moderate,Low,Treatment,58.3,43.2,15.1,Responder
7893,8,44,Female,Mild,Low,Control,42.5,30.5,12.0,Responder
7894,36,57,Female,Moderate,Low,Control,58.3,53.6,4.7,Non-Responder
7895,22,50,Female,Mild,Low,Control,54.2,45.6,8.6,Non-Responder
7896,20,58,Male,Severe,Medium,Control,87.8,74.8,13.0,Responder
7897,15,44,Male,Mild,Medium,Control,72.8,75.7,-2.9,Non-Responder
7898,18,77,Female,Severe,High,Control,69.3,72.7,-3.4,Non-Responder
7899,40,30,Female,Moderate,Low,Control,73.1,45.3,27.8,Responder
7900,14,71,Female,Moderate,Medium,Control,55.9,56.3,-0.4,Non-Responder
7901,19,63,Female,Moderate,Low,Control,59.0,45.9,13.1,Responder
7902,30,52,Male,Mild,Low,Control,41.2,40.8,0.4,Non-Responder
7903,9,53,Male,Moderate,Low,Treatment,80.8,62.8,18.0,Responder
7904,18,48,Female,Severe,Low,Control,68.6,54.9,13.7,Responder
7905,11,38,Female,Mild,High,Treatment,69.2,70.2,-1.0,Non-Responder
7906,33,64,Female,Moderate,Medium,Control,69.1,50.8,18.3,Responder
7907,31,38,Female,Severe,Medium,Control,79.2,63.8,15.4,Responder
7908,23,36,Female,Severe,Medium,Treatment,75.0,53.7,21.3,Responder
7909,4,43,Male,Mild,Low,Treatment,47.8,34.4,13.4,Responder
7910,25,61,Male,Moderate,High,Control,40.7,31.0,9.7,Non-Responder
7911,25,48,Male,Severe,Low,Treatment,83.8,65.5,18.3,Responder
7912,24,69,Male,Mild,Low,Control,51.4,61.7,-10.3,Non-Responder
7913,38,63,Female,Moderate,Medium,Control,76.3,57.6,18.7,Responder
7914,6,81,Female,Moderate,Low,Treatment,66.7,47.2,19.5,Responder
7915,13,68,Male,Moderate,Low,Control,69.0,63.8,5.2,Non-Responder
7916,38,65,Female,Mild,High,Treatment,56.3,33.3,23.0,Responder
7917,19,50,Male,Mild,Medium,Control,56.2,44.0,12.2,Responder
7918,35,67,Male,Moderate,Low,Treatment,63.8,47.6,16.2,Responder
7919,23,56,Male,Moderate,High,Control,48.6,32.2,16.4,Responder
7920,13,53,Male,Mild,Low,Control,32.6,20.3,12.3,Responder
7921,34,49,Female,Moderate,Medium,Treatment,53.4,38.8,14.6,Responder
7922,6,44,Male,Moderate,Medium,Control,58.1,47.8,10.3,Responder
7923,7,55,Female,Severe,Medium,Control,56.8,47.8,9.0,Non-Responder
7924,3,59,Male,Mild,High,Treatment,54.0,40.1,13.9,Responder
7925,30,69,Female,Moderate,Medium,Control,64.1,66.4,-2.3,Non-Responder
7926,33,73,Female,Moderate,Low,Control,59.8,55.9,3.9,Non-Responder
7927,14,70,Male,Moderate,Low,Control,58.0,55.4,2.6,Non-Responder
7928,18,65,Female,Mild,Low,Treatment,44.1,30.9,13.2,Responder
7929,39,70,Female,Severe,Medium,Control,77.0,62.7,14.3,Responder
7930,12,81,Male,Severe,Medium,Treatment,51.6,39.7,11.9,Responder
7931,24,52,Female,Mild,High,Treatment,61.3,58.8,2.5,Non-Responder
7932,23,60,Male,Moderate,Low,Treatment,64.9,54.0,10.9,Responder
7933,33,50,Male,Mild,High,Control,50.3,44.8,5.5,Non-Responder
7934,16,60,Female,Moderate,Low,Control,55.0,33.8,21.2,Responder
7935,24,60,Male,Moderate,Low,Control,47.4,45.1,2.3,Non-Responder
7936,23,48,Female,Severe,Medium,Control,70.1,75.1,-5.0,Non-Responder
7937,33,42,Male,Mild,Low,Control,64.0,69.4,-5.4,Non-Responder
7938,17,40,Female,Severe,High,Treatment,63.8,57.4,6.4,Non-Responder
7939,1,39,Male,Moderate,High,Control,51.7,40.1,11.6,Responder
7940,31,47,Male,Mild,Low,Control,53.1,48.3,4.8,Non-Responder
7941,12,49,Male,Moderate,Low,Control,59.5,56.8,2.7,Non-Responder
7942,5,46,Female,Severe,Medium,Control,72.8,44.6,28.2,Responder
7943,10,57,Female,Moderate,Low,Control,78.1,76.7,1.4,Non-Responder
7944,25,61,Female,Mild,Low,Control,56.2,43.7,12.5,Responder
7945,31,59,Female,Severe,Low,Treatment,77.1,59.9,17.2,Responder
7946,32,47,Female,Moderate,Low,Treatment,70.0,38.6,31.4,Responder
7947,33,53,Male,Moderate,Medium,Control,68.3,56.3,12.0,Responder
7948,24,36,Female,Moderate,Medium,Treatment,56.4,47.7,8.7,Non-Responder
7949,21,37,Male,Moderate,High,Control,60.6,37.7,22.9,Responder
7950,28,67,Female,Mild,Medium,Treatment,61.5,46.2,15.3,Responder
7951,23,44,Female,Mild,Medium,Treatment,45.7,42.7,3.0,Non-Responder
7952,16,26,Male,Mild,High,Control,66.8,52.4,14.4,Responder
7953,39,49,Male,Severe,Medium,Control,67.6,58.3,9.3,Non-Responder
7954,17,50,Male,Severe,Low,Treatment,61.9,39.9,22.0,Responder
7955,6,45,Male,Moderate,Low,Treatment,63.4,42.7,20.7,Responder
7956,38,55,Female,Moderate,Low,Control,55.5,55.0,0.5,Non-Responder
7957,19,71,Male,Moderate,Low,Control,62.0,64.0,-2.0,Non-Responder
7958,30,56,Male,Moderate,Medium,Control,57.6,59.4,-1.8,Non-Responder
7959,9,50,Female,Moderate,High,Treatment,57.1,43.1,14.0,Responder
7960,12,54,Female,Moderate,Low,Treatment,65.4,55.9,9.5,Non-Responder
7961,21,66,Female,Mild,Low,Control,54.2,42.8,11.4,Responder
7962,5,54,Female,Moderate,Low,Control,63.3,49.9,13.4,Responder
7963,14,65,Male,Moderate,High,Treatment,82.5,81.0,1.5,Non-Responder
7964,24,60,Female,Mild,Low,Control,45.8,36.3,9.5,Non-Responder
7965,15,31,Male,Mild,Medium,Control,66.0,58.3,7.7,Non-Responder
7966,11,63,Male,Mild,Medium,Treatment,62.5,54.0,8.5,Non-Responder
7967,36,36,Female,Moderate,Low,Control,63.3,52.0,11.3,Responder
7968,37,55,Male,Moderate,Medium,Treatment,49.0,26.2,22.8,Responder
7969,34,36,Male,Moderate,Low,Treatment,63.8,31.9,31.9,Responder
7970,18,52,Female,Moderate,Medium,Control,62.6,52.3,10.3,Responder
7971,38,60,Female,Mild,Medium,Control,58.9,54.3,4.6,Non-Responder
7972,33,57,Female,Severe,Medium,Treatment,71.9,57.1,14.8,Responder
7973,2,53,Female,Mild,Low,Treatment,65.1,53.5,11.6,Responder
7974,30,61,Female,Mild,High,Treatment,67.0,48.5,18.5,Responder
7975,4,44,Female,Moderate,Low,Treatment,80.4,85.6,-5.2,Non-Responder
7976,18,41,Male,Mild,Medium,Treatment,45.2,45.1,0.1,Non-Responder
7977,33,26,Female,Mild,Medium,Control,65.3,64.1,1.2,Non-Responder
7978,20,81,Male,Mild,Medium,Treatment,37.1,20.9,16.2,Responder
7979,23,56,Female,Moderate,High,Treatment,61.4,47.9,13.5,Responder
7980,32,48,Female,Moderate,Medium,Control,56.4,47.1,9.3,Non-Responder
7981,25,68,Female,Mild,Low,Treatment,41.4,32.7,8.7,Non-Responder
7982,31,18,Male,Mild,Medium,Treatment,56.4,44.4,12.0,Responder
7983,2,62,Male,Moderate,Low,Control,58.9,54.1,4.8,Non-Responder
7984,1,62,Female,Mild,Medium,Control,41.4,16.7,24.7,Responder
7985,5,72,Female,Mild,Medium,Treatment,42.9,32.6,10.3,Responder
7986,6,62,Male,Moderate,Medium,Treatment,63.4,45.4,18.0,Responder
7987,1,47,Female,Moderate,Medium,Control,61.3,58.7,2.6,Non-Responder
7988,2,68,Female,Mild,Low,Treatment,70.8,65.1,5.7,Non-Responder
7989,27,59,Female,Moderate,Low,Treatment,60.9,46.6,14.3,Responder
7990,11,44,Female,Mild,Low,Control,56.0,44.1,11.9,Responder
7991,2,23,Female,Mild,Low,Treatment,59.4,52.6,6.8,Non-Responder
7992,21,53,Male,Mild,Low,Treatment,48.6,28.9,19.7,Responder
7993,25,66,Female,Moderate,Low,Treatment,68.0,47.6,20.4,Responder
7994,2,57,Female,Mild,High,Treatment,56.8,42.4,14.4,Responder
7995,33,44,Female,Mild,High,Control,57.7,57.2,0.5,Non-Responder
7996,33,45,Male,Moderate,High,Control,45.8,20.5,25.3,Responder
7997,6,50,Female,Moderate,Medium,Treatment,70.6,46.8,23.8,Responder
7998,15,58,Male,Severe,Low,Treatment,71.6,50.8,20.8,Responder
7999,18,82,Male,Mild,Medium,Control,56.9,59.0,-2.1,Non-Responder
8000,34,52,Male,Moderate,Low,Control,65.8,64.5,1.3,Non-Responder
8001,2,49,Female,Mild,High,Treatment,74.2,70.4,3.8,Non-Responder
8002,19,47,Female,Moderate,Low,Treatment,61.1,41.8,19.3,Responder
8003,17,53,Male,Moderate,Low,Control,48.8,45.9,2.9,Non-Responder
8004,32,63,Female,Mild,Low,Control,49.9,44.1,5.8,Non-Responder
8005,32,45,Male,Severe,Low,Treatment,79.5,62.9,16.6,Responder
8006,27,18,Female,Mild,High,Control,45.5,32.4,13.1,Responder
8007,7,39,Male,Moderate,Low,Treatment,54.3,48.7,5.6,Non-Responder
8008,15,82,Male,Moderate,High,Treatment,50.2,35.8,14.4,Responder
8009,24,49,Male,Severe,Low,Control,53.0,39.2,13.8,Responder
8010,16,59,Female,Moderate,Medium,Control,65.3,60.0,5.3,Non-Responder
8011,40,69,Female,Moderate,Low,Treatment,66.9,63.6,3.3,Non-Responder
8012,17,63,Female,Moderate,Medium,Treatment,75.6,61.2,14.4,Responder
8013,11,82,Male,Mild,High,Treatment,48.8,39.0,9.8,Non-Responder
8014,22,53,Female,Moderate,High,Treatment,69.7,55.8,13.9,Responder
8015,6,52,Male,Mild,High,Treatment,78.1,55.1,23.0,Responder
8016,19,65,Female,Moderate,High,Control,72.7,59.2,13.5,Responder
8017,19,43,Female,Mild,Low,Control,55.3,51.5,3.8,Non-Responder
8018,28,44,Male,Severe,Medium,Treatment,72.2,45.0,27.2,Responder
8019,6,55,Female,Mild,Low,Treatment,57.3,34.7,22.6,Responder
8020,37,40,Male,Mild,Medium,Treatment,51.7,42.0,9.7,Non-Responder
8021,9,59,Female,Severe,Low,Treatment,69.6,58.2,11.4,Responder
8022,29,48,Male,Mild,Low,Treatment,60.7,50.0,10.7,Responder
8023,39,42,Male,Moderate,Medium,Control,50.7,50.6,0.1,Non-Responder
8024,38,43,Female,Severe,High,Control,86.6,82.2,4.4,Non-Responder
8025,3,58,Male,Moderate,Low,Treatment,58.5,53.0,5.5,Non-Responder
8026,23,59,Male,Moderate,Low,Treatment,66.4,54.6,11.8,Responder
8027,27,35,Female,Mild,Medium,Treatment,44.2,37.5,6.7,Non-Responder
8028,9,57,Female,Mild,High,Treatment,65.9,51.8,14.1,Responder
8029,39,41,Male,Mild,Medium,Treatment,55.9,29.7,26.2,Responder
8030,8,56,Male,Severe,Medium,Treatment,63.6,45.8,17.8,Responder
8031,40,21,Female,Severe,Medium,Treatment,62.5,37.6,24.9,Responder
8032,14,76,Male,Moderate,Medium,Treatment,50.4,39.2,11.2,Responder
8033,15,42,Male,Mild,Low,Control,62.6,64.4,-1.8,Non-Responder
8034,27,54,Female,Severe,Low,Treatment,64.3,63.8,0.5,Non-Responder
8035,24,48,Male,Mild,Medium,Control,54.3,47.1,7.2,Non-Responder
8036,21,45,Female,Moderate,Medium,Treatment,47.7,34.6,13.1,Responder
8037,18,50,Female,Mild,Medium,Treatment,56.0,42.3,13.7,Responder
8038,5,54,Male,Mild,Medium,Control,61.6,49.9,11.7,Responder
8039,19,54,Male,Moderate,Medium,Control,63.3,49.1,14.2,Responder
8040,14,65,Male,Severe,Medium,Control,85.6,81.5,4.1,Non-Responder
8041,29,58,Female,Moderate,Low,Treatment,52.3,32.9,19.4,Responder
8042,22,49,Male,Moderate,Low,Treatment,85.5,69.5,16.0,Responder
8043,33,33,Female,Mild,Medium,Control,51.2,41.2,10.0,Responder
8044,6,61,Female,Moderate,High,Treatment,72.2,60.7,11.5,Responder
8045,25,58,Female,Mild,Low,Treatment,66.6,55.2,11.4,Responder
8046,2,58,Male,Moderate,Medium,Treatment,56.2,25.8,30.4,Responder
8047,2,58,Male,Mild,Medium,Treatment,63.3,57.5,5.8,Non-Responder
8048,28,59,Male,Moderate,Low,Control,64.2,66.0,-1.8,Non-Responder
8049,10,40,Female,Moderate,Medium,Treatment,74.5,48.5,26.0,Responder
8050,1,49,Female,Severe,Low,Treatment,77.6,49.9,27.7,Responder
8051,6,73,Female,Moderate,Low,Treatment,46.1,19.8,26.3,Responder
8052,11,35,Female,Moderate,High,Treatment,59.5,37.9,21.6,Responder
8053,28,42,Male,Moderate,Medium,Control,46.0,39.0,7.0,Non-Responder
8054,39,42,Male,Moderate,Medium,Treatment,58.8,55.0,3.8,Non-Responder
8055,18,50,Male,Moderate,Low,Treatment,50.3,29.7,20.6,Responder
8056,12,58,Male,Moderate,Medium,Control,50.9,36.4,14.5,Responder
8057,11,53,Male,Moderate,High,Control,61.8,61.7,0.1,Non-Responder
8058,25,39,Female,Moderate,Low,Treatment,55.8,47.6,8.2,Non-Responder
8059,7,49,Female,Moderate,Low,Control,66.1,60.8,5.3,Non-Responder
8060,19,70,Female,Mild,Low,Control,52.2,40.1,12.1,Responder
8061,33,44,Male,Severe,Low,Treatment,59.2,39.4,19.8,Responder
8062,14,48,Male,Moderate,Medium,Treatment,61.2,50.8,10.4,Responder
8063,30,59,Male,Moderate,Low,Control,55.4,31.0,24.4,Responder
8064,6,45,Female,Moderate,Medium,Control,50.3,43.7,6.6,Non-Responder
8065,32,39,Male,Moderate,High,Control,68.2,61.3,6.9,Non-Responder
8066,26,51,Male,Mild,Medium,Treatment,68.2,36.8,31.4,Responder
8067,32,51,Male,Moderate,High,Control,80.6,76.6,4.0,Non-Responder
8068,18,39,Male,Mild,Low,Control,54.4,48.6,5.8,Non-Responder
8069,27,57,Female,Severe,Medium,Treatment,67.5,35.3,32.2,Responder
8070,39,82,Female,Moderate,Medium,Treatment,59.0,39.9,19.1,Responder
8071,2,43,Male,Moderate,High,Control,57.6,49.4,8.2,Non-Responder
8072,19,69,Male,Moderate,Medium,Treatment,63.1,50.8,12.3,Responder
8073,22,47,Female,Moderate,Medium,Treatment,47.7,37.2,10.5,Responder
8074,39,58,Male,Moderate,Low,Treatment,57.5,36.1,21.4,Responder
8075,13,38,Male,Mild,Low,Treatment,60.4,54.9,5.5,Non-Responder
8076,32,52,Male,Moderate,High,Treatment,63.1,49.6,13.5,Responder
8077,14,53,Male,Mild,Medium,Treatment,59.6,46.3,13.3,Responder
8078,35,54,Male,Moderate,Low,Treatment,36.4,20.6,15.8,Responder
8079,22,56,Female,Mild,Low,Treatment,37.6,23.7,13.9,Responder
8080,36,62,Male,Mild,Medium,Treatment,48.6,29.8,18.8,Responder
8081,25,51,Male,Moderate,Low,Control,65.9,58.3,7.6,Non-Responder
8082,29,61,Female,Moderate,Medium,Treatment,69.1,55.0,14.1,Responder
8083,9,52,Male,Mild,Medium,Control,59.7,51.1,8.6,Non-Responder
8084,37,51,Female,Severe,Low,Control,92.5,82.5,10.0,Responder
8085,16,42,Female,Moderate,Medium,Treatment,36.9,16.7,20.2,Responder
8086,4,55,Male,Moderate,High,Treatment,45.8,41.0,4.8,Non-Responder
8087,32,67,Male,Moderate,Low,Control,71.7,70.5,1.2,Non-Responder
8088,40,51,Female,Moderate,Medium,Control,53.6,49.9,3.7,Non-Responder
8089,21,34,Male,Severe,High,Control,100.0,74.0,26.0,Responder
8090,2,54,Female,Moderate,Medium,Treatment,50.7,47.1,3.6,Non-Responder
8091,39,60,Male,Severe,High,Control,74.2,74.2,0.0,Non-Responder
8092,32,51,Female,Moderate,Medium,Treatment,66.5,64.5,2.0,Non-Responder
8093,21,39,Female,Mild,Medium,Treatment,53.9,29.8,24.1,Responder
8094,29,47,Female,Mild,High,Control,68.6,51.3,17.3,Responder
8095,11,76,Male,Moderate,Low,Treatment,70.5,56.2,14.3,Responder
8096,13,55,Male,Moderate,Medium,Treatment,57.4,37.5,19.9,Responder
8097,40,47,Female,Moderate,Medium,Control,59.3,58.8,0.5,Non-Responder
8098,4,60,Female,Moderate,Medium,Control,84.0,86.7,-2.7,Non-Responder
8099,9,62,Female,Moderate,Medium,Control,54.7,46.3,8.4,Non-Responder
8100,35,66,Female,Moderate,Medium,Treatment,79.2,67.7,11.5,Responder
8101,39,59,Female,Moderate,Low,Treatment,74.1,62.7,11.4,Responder
8102,32,42,Male,Moderate,Low,Treatment,75.3,59.4,15.9,Responder
8103,26,68,Male,Moderate,Low,Control,55.4,50.6,4.8,Non-Responder
8104,24,51,Male,Mild,Medium,Control,53.8,40.3,13.5,Responder
8105,13,48,Male,Severe,Medium,Treatment,73.2,57.4,15.8,Responder
8106,39,48,Male,Moderate,Medium,Control,72.8,60.4,12.4,Responder
8107,7,53,Male,Mild,Medium,Treatment,76.2,69.5,6.7,Non-Responder
8108,32,58,Female,Moderate,Low,Treatment,75.2,64.2,11.0,Responder
8109,5,62,Male,Mild,Medium,Treatment,55.7,50.0,5.7,Non-Responder
8110,36,18,Female,Mild,Low,Treatment,80.6,61.5,19.1,Responder
8111,12,44,Male,Severe,Medium,Treatment,61.9,45.0,16.9,Responder
8112,25,43,Female,Mild,Medium,Treatment,51.3,28.8,22.5,Responder
8113,4,48,Female,Moderate,Low,Treatment,75.7,56.6,19.1,Responder
8114,14,55,Female,Mild,High,Treatment,62.9,44.8,18.1,Responder
8115,6,75,Female,Mild,High,Treatment,69.8,62.4,7.4,Non-Responder
8116,5,50,Female,Moderate,Low,Treatment,40.0,31.6,8.4,Non-Responder
8117,24,34,Female,Moderate,Medium,Control,76.0,75.5,0.5,Non-Responder
8118,12,50,Female,Moderate,Medium,Treatment,56.9,44.5,12.4,Responder
8119,19,50,Female,Severe,Medium,Control,79.9,70.2,9.7,Non-Responder
8120,30,19,Female,Severe,High,Control,67.1,48.6,18.5,Responder
8121,18,39,Female,Mild,Medium,Control,60.3,48.7,11.6,Responder
8122,14,56,Male,Severe,Medium,Treatment,78.3,79.0,-0.7,Non-Responder
8123,8,61,Female,Moderate,Medium,Treatment,61.6,35.9,25.7,Responder
8124,33,50,Female,Moderate,Low,Treatment,65.3,64.1,1.2,Non-Responder
8125,22,46,Male,Moderate,Medium,Control,59.8,42.6,17.2,Responder
8126,31,34,Female,Moderate,Low,Treatment,81.7,69.6,12.1,Responder
8127,28,59,Female,Moderate,Low,Control,61.7,49.2,12.5,Responder
8128,39,45,Female,Mild,Low,Treatment,52.6,26.6,26.0,Responder
8129,31,39,Male,Moderate,Low,Treatment,66.0,60.0,6.0,Non-Responder
8130,40,42,Male,Moderate,Medium,Treatment,64.8,42.3,22.5,Responder
8131,32,46,Male,Mild,High,Treatment,35.5,26.7,8.8,Non-Responder
8132,30,54,Female,Mild,Low,Control,50.1,53.8,-3.7,Non-Responder
8133,31,72,Male,Mild,Medium,Treatment,43.1,26.4,16.7,Responder
8134,17,70,Female,Moderate,Medium,Control,75.6,80.6,-5.0,Non-Responder
8135,16,19,Female,Mild,Low,Control,52.5,51.2,1.3,Non-Responder
8136,29,61,Female,Moderate,High,Control,69.8,50.3,19.5,Responder
8137,11,50,Male,Moderate,Medium,Control,53.1,32.9,20.2,Responder
8138,31,52,Male,Mild,Medium,Control,64.6,49.1,15.5,Responder
8139,15,65,Female,Moderate,Low,Treatment,64.6,57.0,7.6,Non-Responder
8140,31,45,Female,Severe,Low,Control,93.3,80.0,13.3,Responder
8141,15,65,Female,Severe,Low,Treatment,67.4,50.2,17.2,Responder
8142,31,64,Male,Mild,Low,Treatment,38.9,17.0,21.9,Responder
8143,36,53,Female,Mild,Medium,Treatment,52.0,33.8,18.2,Responder
8144,4,57,Male,Mild,Low,Treatment,64.1,50.3,13.8,Responder
8145,34,54,Male,Moderate,High,Treatment,56.2,53.6,2.6,Non-Responder
8146,21,38,Male,Moderate,High,Control,65.7,49.7,16.0,Responder
8147,2,63,Female,Mild,Medium,Control,48.3,36.0,12.3,Responder
8148,23,47,Male,Moderate,Medium,Treatment,61.9,49.3,12.6,Responder
8149,21,60,Female,Moderate,Low,Treatment,52.4,42.9,9.5,Non-Responder
8150,29,27,Male,Moderate,Low,Treatment,67.0,48.8,18.2,Responder
8151,20,42,Female,Moderate,High,Control,57.1,54.4,2.7,Non-Responder
8152,9,58,Female,Mild,High,Treatment,58.8,39.9,18.9,Responder
8153,26,72,Female,Moderate,Medium,Treatment,57.8,30.7,27.1,Responder
8154,1,48,Male,Mild,Medium,Control,62.7,54.9,7.8,Non-Responder
8155,33,44,Female,Moderate,Medium,Treatment,62.5,53.6,8.9,Non-Responder
8156,37,46,Female,Moderate,Low,Treatment,62.9,56.5,6.4,Non-Responder
8157,37,66,Male,Moderate,Medium,Treatment,60.7,42.2,18.5,Responder
8158,23,33,Male,Moderate,Medium,Control,50.9,56.1,-5.2,Non-Responder
8159,16,51,Male,Moderate,Medium,Treatment,55.6,49.8,5.8,Non-Responder
8160,26,50,Female,Severe,Medium,Treatment,57.0,39.8,17.2,Responder
8161,25,43,Female,Severe,Low,Control,84.7,81.3,3.4,Non-Responder
8162,29,46,Male,Mild,Medium,Control,62.3,50.3,12.0,Responder
8163,9,77,Male,Moderate,Medium,Treatment,48.1,42.3,5.8,Non-Responder
8164,18,37,Female,Moderate,Low,Treatment,62.1,51.5,10.6,Responder
8165,28,78,Female,Moderate,Medium,Treatment,66.6,39.6,27.0,Responder
8166,26,41,Female,Severe,Low,Control,66.3,53.3,13.0,Responder
8167,22,34,Female,Mild,High,Control,37.4,32.0,5.4,Non-Responder
8168,33,47,Male,Moderate,Low,Control,64.3,59.2,5.1,Non-Responder
8169,9,57,Male,Moderate,Low,Treatment,67.2,55.3,11.9,Responder
8170,33,36,Female,Severe,Low,Control,94.2,86.7,7.5,Non-Responder
8171,21,57,Female,Moderate,High,Control,49.2,36.6,12.6,Responder
8172,11,82,Female,Moderate,High,Treatment,51.6,43.6,8.0,Non-Responder
8173,11,48,Female,Mild,Low,Control,60.9,56.1,4.8,Non-Responder
8174,33,48,Female,Moderate,Medium,Treatment,57.7,47.4,10.3,Responder
8175,27,40,Female,Moderate,Medium,Treatment,51.4,57.1,-5.7,Non-Responder
8176,5,52,Female,Mild,Medium,Treatment,53.1,54.3,-1.2,Non-Responder
8177,21,40,Male,Mild,Low,Control,72.3,77.0,-4.7,Non-Responder
8178,30,61,Male,Moderate,Medium,Control,67.2,35.6,31.6,Responder
8179,21,40,Female,Moderate,Medium,Treatment,66.2,61.1,5.1,Non-Responder
8180,27,50,Female,Mild,Medium,Control,54.3,66.3,-12.0,Non-Responder
8181,38,50,Male,Moderate,High,Treatment,45.3,35.5,9.8,Non-Responder
8182,28,37,Female,Severe,Medium,Control,83.1,70.3,12.8,Responder
8183,15,58,Male,Severe,High,Control,74.4,66.0,8.4,Non-Responder
8184,39,50,Female,Mild,Low,Control,57.0,50.9,6.1,Non-Responder
8185,25,67,Male,Severe,Medium,Control,88.8,75.5,13.3,Responder
8186,13,56,Female,Mild,Medium,Treatment,61.4,50.6,10.8,Responder
8187,19,53,Female,Moderate,Medium,Control,62.6,51.7,10.9,Responder
8188,32,62,Male,Severe,Medium,Control,91.9,77.1,14.8,Responder
8189,17,36,Male,Moderate,Medium,Control,48.1,55.5,-7.4,Non-Responder
8190,3,39,Male,Moderate,Medium,Control,52.6,50.8,1.8,Non-Responder
8191,19,78,Female,Severe,Medium,Control,68.4,47.0,21.4,Responder
8192,21,59,Male,Severe,Medium,Control,77.3,69.5,7.8,Non-Responder
8193,32,52,Male,Mild,Low,Treatment,55.2,41.1,14.1,Responder
8194,26,38,Male,Moderate,Low,Treatment,85.5,62.9,22.6,Responder
8195,33,37,Male,Mild,Low,Control,55.5,46.4,9.1,Non-Responder
8196,24,40,Female,Severe,Low,Control,41.8,33.8,8.0,Non-Responder
8197,35,60,Female,Mild,Medium,Treatment,59.7,56.5,3.2,Non-Responder
8198,28,52,Female,Severe,Medium,Control,83.0,75.5,7.5,Non-Responder
8199,12,30,Female,Moderate,Medium,Control,64.2,51.8,12.4,Responder
8200,1,27,Female,Mild,Medium,Control,54.2,42.4,11.8,Responder
8201,20,71,Female,Mild,High,Treatment,46.9,26.3,20.6,Responder
8202,2,42,Male,Mild,Low,Control,41.1,42.2,-1.1,Non-Responder
8203,9,47,Female,Moderate,Medium,Treatment,67.8,39.0,28.8,Responder
8204,38,61,Male,Mild,Medium,Control,64.2,57.5,6.7,Non-Responder
8205,14,68,Female,Mild,Medium,Control,50.7,38.7,12.0,Responder
8206,39,23,Male,Moderate,High,Control,61.4,63.6,-2.2,Non-Responder
8207,9,46,Female,Mild,Low,Control,65.0,56.6,8.4,Non-Responder
8208,15,65,Male,Severe,Medium,Treatment,93.0,77.1,15.9,Responder
8209,27,67,Male,Moderate,Medium,Treatment,71.6,59.3,12.3,Responder
8210,26,66,Male,Moderate,Medium,Treatment,53.7,36.9,16.8,Responder
8211,15,30,Male,Mild,Medium,Control,67.8,45.5,22.3,Responder
8212,29,47,Male,Moderate,Low,Control,79.5,64.8,14.7,Responder
8213,3,57,Female,Mild,High,Treatment,69.9,56.2,13.7,Responder
8214,20,56,Female,Mild,Medium,Treatment,59.1,45.1,14.0,Responder
8215,37,57,Male,Moderate,High,Control,59.1,40.5,18.6,Responder
8216,27,41,Female,Severe,Low,Control,70.0,51.6,18.4,Responder
8217,24,54,Male,Severe,Low,Treatment,73.3,56.3,17.0,Responder
8218,14,63,Female,Moderate,Medium,Control,76.5,78.1,-1.6,Non-Responder
8219,9,62,Male,Moderate,Low,Control,63.8,70.9,-7.1,Non-Responder
8220,39,31,Male,Severe,Medium,Control,80.0,66.4,13.6,Responder
8221,2,62,Female,Moderate,High,Treatment,52.0,41.2,10.8,Responder
8222,40,61,Female,Mild,High,Treatment,52.8,48.0,4.8,Non-Responder
8223,37,47,Male,Moderate,Low,Treatment,68.6,65.0,3.6,Non-Responder
8224,25,60,Male,Moderate,Low,Treatment,69.3,52.8,16.5,Responder
8225,22,53,Female,Severe,Low,Control,83.0,68.8,14.2,Responder
8226,4,60,Male,Moderate,Medium,Control,56.1,34.6,21.5,Responder
8227,38,32,Female,Mild,Low,Treatment,63.8,56.1,7.7,Non-Responder
8228,40,62,Female,Moderate,Medium,Control,68.7,53.6,15.1,Responder
8229,6,70,Female,Moderate,Low,Treatment,40.8,28.0,12.8,Responder
8230,29,63,Female,Severe,Low,Control,65.4,58.5,6.9,Non-Responder
8231,35,47,Female,Moderate,Medium,Control,59.0,50.7,8.3,Non-Responder
8232,20,53,Female,Mild,Low,Treatment,77.9,61.6,16.3,Responder
8233,16,54,Male,Mild,Medium,Treatment,62.8,43.4,19.4,Responder
8234,32,50,Female,Moderate,Medium,Control,60.3,48.1,12.2,Responder
8235,11,73,Female,Mild,Low,Control,47.8,47.4,0.4,Non-Responder
8236,35,43,Male,Moderate,Medium,Treatment,52.6,37.0,15.6,Responder
8237,33,58,Male,Mild,Medium,Treatment,50.2,26.7,23.5,Responder
8238,38,58,Female,Severe,Medium,Control,74.2,56.7,17.5,Responder
8239,31,79,Male,Severe,Low,Treatment,78.6,60.9,17.7,Responder
8240,4,54,Male,Mild,Low,Control,57.2,37.9,19.3,Responder
8241,25,50,Male,Mild,Medium,Control,65.5,71.4,-5.9,Non-Responder
8242,39,58,Female,Mild,Low,Treatment,51.5,42.7,8.8,Non-Responder
8243,39,32,Male,Mild,Low,Control,62.0,64.1,-2.1,Non-Responder
8244,38,68,Female,Moderate,Low,Control,63.4,65.4,-2.0,Non-Responder
8245,18,42,Male,Moderate,Low,Control,52.8,36.6,16.2,Responder
8246,4,45,Male,Mild,High,Treatment,67.3,58.7,8.6,Non-Responder
8247,37,49,Male,Moderate,Low,Control,53.7,43.2,10.5,Responder
8248,15,44,Male,Mild,High,Control,62.2,63.3,-1.1,Non-Responder
8249,37,44,Male,Moderate,Low,Treatment,65.0,49.4,15.6,Responder
8250,13,49,Male,Moderate,Low,Treatment,68.3,52.3,16.0,Responder
8251,2,36,Female,Moderate,Low,Treatment,51.6,42.5,9.1,Non-Responder
8252,5,55,Male,Moderate,Medium,Control,53.5,38.9,14.6,Responder
8253,38,44,Female,Severe,Medium,Treatment,66.6,39.0,27.6,Responder
8254,23,58,Female,Moderate,Low,Control,68.5,70.1,-1.6,Non-Responder
8255,7,53,Female,Mild,Low,Treatment,57.5,47.8,9.7,Non-Responder
8256,18,60,Female,Moderate,Medium,Treatment,70.0,45.0,25.0,Responder
8257,18,61,Female,Moderate,Medium,Control,56.3,46.7,9.6,Non-Responder
8258,28,61,Female,Moderate,Low,Control,68.6,56.5,12.1,Responder
8259,31,56,Male,Moderate,Medium,Control,75.8,52.2,23.6,Responder
8260,2,57,Male,Mild,High,Control,57.9,48.8,9.1,Non-Responder
8261,34,28,Male,Moderate,Medium,Control,58.7,46.2,12.5,Responder
8262,23,59,Male,Moderate,Low,Control,67.8,64.9,2.9,Non-Responder
8263,34,60,Female,Mild,Low,Control,58.0,54.3,3.7,Non-Responder
8264,4,35,Female,Moderate,High,Control,48.9,56.0,-7.1,Non-Responder
8265,30,49,Female,Moderate,Low,Treatment,57.6,51.9,5.7,Non-Responder
8266,37,74,Female,Mild,Medium,Control,36.3,34.5,1.8,Non-Responder
8267,25,48,Male,Mild,Medium,Treatment,48.5,34.7,13.8,Responder
8268,14,63,Female,Mild,Low,Control,60.2,55.3,4.9,Non-Responder
8269,34,39,Male,Mild,High,Treatment,49.5,29.0,20.5,Responder
8270,27,37,Female,Mild,Medium,Treatment,73.4,52.4,21.0,Responder
8271,16,39,Male,Moderate,Medium,Treatment,62.5,65.0,-2.5,Non-Responder
8272,2,68,Female,Severe,Low,Control,76.3,54.9,21.4,Responder
8273,24,59,Female,Moderate,Low,Treatment,52.3,39.0,13.3,Responder
8274,32,47,Male,Moderate,Medium,Treatment,57.4,54.0,3.4,Non-Responder
8275,40,34,Female,Moderate,Medium,Treatment,67.0,59.5,7.5,Non-Responder
8276,36,56,Female,Mild,High,Control,52.7,57.8,-5.1,Non-Responder
8277,32,65,Female,Mild,High,Treatment,45.9,32.1,13.8,Responder
8278,18,71,Male,Moderate,Low,Treatment,60.7,46.9,13.8,Responder
8279,35,30,Male,Moderate,Low,Control,55.7,36.4,19.3,Responder
8280,38,50,Male,Mild,Low,Control,57.0,61.3,-4.3,Non-Responder
8281,6,30,Female,Severe,Low,Treatment,73.2,58.6,14.6,Responder
8282,34,47,Female,Moderate,Low,Treatment,65.5,47.4,18.1,Responder
8283,39,61,Male,Mild,Low,Treatment,66.1,40.3,25.8,Responder
8284,9,42,Female,Moderate,Low,Treatment,46.9,29.7,17.2,Responder
8285,16,48,Male,Moderate,Medium,Treatment,63.1,50.6,12.5,Responder
8286,20,60,Female,Mild,Medium,Treatment,29.6,19.7,9.9,Non-Responder
8287,18,27,Male,Mild,Low,Treatment,47.2,28.5,18.7,Responder
8288,4,43,Female,Moderate,Medium,Control,65.2,51.7,13.5,Responder
8289,10,64,Female,Moderate,Medium,Treatment,61.2,49.4,11.8,Responder
8290,12,66,Male,Moderate,Medium,Treatment,59.2,46.5,12.7,Responder
8291,33,50,Male,Moderate,Medium,Control,52.7,44.0,8.7,Non-Responder
8292,38,46,Male,Moderate,Medium,Control,67.5,69.4,-1.9,Non-Responder
8293,6,76,Male,Mild,Low,Control,36.5,38.0,-1.5,Non-Responder
8294,22,39,Male,Moderate,Low,Control,55.0,51.5,3.5,Non-Responder
8295,3,50,Male,Mild,Low,Treatment,58.5,56.4,2.1,Non-Responder
8296,4,22,Male,Moderate,Low,Control,57.3,58.7,-1.4,Non-Responder
8297,12,51,Female,Mild,Medium,Control,47.1,30.8,16.3,Responder
8298,34,39,Male,Mild,Medium,Treatment,54.2,43.4,10.8,Responder
8299,4,47,Female,Severe,Low,Control,58.0,33.3,24.7,Responder
8300,5,35,Female,Moderate,High,Control,77.5,59.5,18.0,Responder
8301,7,70,Male,Moderate,High,Control,61.8,46.2,15.6,Responder
8302,7,64,Female,Mild,Low,Treatment,60.7,54.1,6.6,Non-Responder
8303,33,46,Male,Mild,High,Treatment,62.2,54.8,7.4,Non-Responder
8304,17,65,Male,Mild,High,Treatment,56.6,38.5,18.1,Responder
8305,23,37,Male,Moderate,Low,Control,69.6,64.5,5.1,Non-Responder
8306,18,68,Female,Moderate,Medium,Treatment,76.2,74.1,2.1,Non-Responder
8307,10,38,Male,Severe,Medium,Treatment,62.9,52.9,10.0,Responder
8308,17,60,Male,Moderate,Medium,Treatment,68.5,68.0,0.5,Non-Responder
8309,37,64,Female,Mild,Low,Treatment,64.1,47.7,16.4,Responder
8310,16,45,Female,Mild,High,Control,45.0,42.4,2.6,Non-Responder
8311,26,29,Female,Severe,Medium,Control,86.0,81.6,4.4,Non-Responder
8312,22,44,Female,Severe,Low,Treatment,69.9,51.0,18.9,Responder
8313,8,58,Female,Moderate,Medium,Control,70.4,58.3,12.1,Responder
8314,30,50,Female,Severe,Medium,Control,58.1,53.7,4.4,Non-Responder
8315,32,47,Female,Mild,Low,Control,71.5,61.7,9.8,Non-Responder
8316,22,63,Male,Moderate,Low,Treatment,64.5,44.6,19.9,Responder
8317,6,75,Female,Moderate,Low,Control,60.2,61.5,-1.3,Non-Responder
8318,37,71,Female,Moderate,Medium,Treatment,67.1,50.2,16.9,Responder
8319,2,18,Male,Mild,Medium,Treatment,63.8,55.0,8.8,Non-Responder
8320,38,60,Male,Mild,Low,Treatment,56.7,37.2,19.5,Responder
8321,13,38,Male,Severe,Low,Control,72.3,56.8,15.5,Responder
8322,11,67,Female,Mild,Medium,Treatment,60.1,44.5,15.6,Responder
8323,10,45,Male,Moderate,Low,Treatment,61.0,55.0,6.0,Non-Responder
8324,35,45,Male,Moderate,Low,Treatment,66.8,63.9,2.9,Non-Responder
8325,25,63,Male,Severe,Low,Treatment,84.4,67.3,17.1,Responder
8326,19,36,Male,Moderate,Low,Control,70.7,77.3,-6.6,Non-Responder
8327,26,50,Male,Moderate,High,Treatment,75.1,46.3,28.8,Responder
8328,6,64,Female,Mild,Medium,Treatment,52.7,34.6,18.1,Responder
8329,6,67,Male,Moderate,Medium,Treatment,47.8,30.9,16.9,Responder
8330,16,43,Male,Moderate,Low,Control,57.3,54.5,2.8,Non-Responder
8331,29,46,Female,Moderate,Low,Control,70.6,67.0,3.6,Non-Responder
8332,40,75,Male,Moderate,Unknown,Treatment,48.8,22.8,26.0,Responder
8333,32,73,Male,Moderate,Low,Treatment,57.3,48.3,9.0,Non-Responder
8334,36,56,Male,Mild,Medium,Control,48.5,41.4,7.1,Non-Responder
8335,27,60,Female,Moderate,Medium,Control,70.3,52.2,18.1,Responder
8336,13,57,Female,Mild,Medium,Treatment,65.2,62.7,2.5,Non-Responder
8337,19,42,Male,Moderate,Medium,Treatment,64.0,34.8,29.2,Responder
8338,9,62,Female,Mild,Medium,Treatment,52.4,46.2,6.2,Non-Responder
8339,14,65,Male,Moderate,Medium,Control,56.6,48.5,8.1,Non-Responder
8340,12,42,Male,Severe,Medium,Treatment,73.9,51.8,22.1,Responder
8341,11,38,Male,Moderate,High,Control,68.5,61.6,6.9,Non-Responder
8342,23,43,Male,Moderate,Low,Control,67.3,43.0,24.3,Responder
8343,2,66,Female,Severe,Low,Treatment,58.8,55.9,2.9,Non-Responder
8344,39,44,Female,Moderate,Medium,Control,57.5,47.1,10.4,Responder
8345,39,51,Male,Mild,High,Control,68.1,57.9,10.2,Responder
8346,25,54,Female,Moderate,High,Treatment,70.7,58.4,12.3,Responder
8347,40,47,Female,Moderate,High,Control,57.0,52.0,5.0,Non-Responder
8348,19,42,Female,Moderate,Medium,Control,69.1,64.4,4.7,Non-Responder
8349,36,19,Female,Severe,Medium,Treatment,73.5,50.9,22.6,Responder
8350,34,65,Female,Mild,Low,Treatment,67.9,61.6,6.3,Non-Responder
8351,5,53,Male,Moderate,Low,Control,63.7,49.3,14.4,Responder
8352,35,82,Male,Moderate,Medium,Control,63.1,62.7,0.4,Non-Responder
8353,2,65,Male,Moderate,Low,Control,60.5,43.4,17.1,Responder
8354,2,52,Female,Mild,Low,Control,77.9,66.5,11.4,Responder
8355,15,57,Male,Moderate,Medium,Treatment,63.3,54.4,8.9,Non-Responder
8356,2,51,Male,Severe,Low,Control,58.1,70.0,-11.9,Non-Responder
8357,20,49,Female,Moderate,High,Control,45.7,46.8,-1.1,Non-Responder
8358,22,60,Female,Severe,Low,Treatment,74.5,55.7,18.8,Responder
8359,3,52,Male,Moderate,Low,Treatment,71.4,51.0,20.4,Responder
8360,11,55,Male,Mild,Low,Treatment,41.5,29.2,12.3,Responder
8361,9,42,Female,Mild,Medium,Treatment,64.8,57.7,7.1,Non-Responder
8362,37,22,Female,Severe,High,Treatment,65.3,57.2,8.1,Non-Responder
8363,1,66,Female,Moderate,Medium,Treatment,79.6,53.9,25.7,Responder
8364,33,45,Female,Moderate,Low,Treatment,62.4,43.0,19.4,Responder
8365,29,52,Female,Mild,Low,Control,65.2,56.4,8.8,Non-Responder
8366,13,73,Female,Severe,Medium,Control,86.2,91.0,-4.8,Non-Responder
8367,17,41,Female,Moderate,Low,Treatment,63.6,27.2,36.4,Responder
8368,33,59,Male,Severe,Medium,Control,84.9,79.0,5.9,Non-Responder
8369,28,42,Male,Severe,Low,Treatment,71.6,56.8,14.8,Responder
8370,13,67,Female,Mild,Low,Control,52.1,40.2,11.9,Responder
8371,25,52,Female,Severe,High,Control,86.3,82.7,3.6,Non-Responder
8372,16,57,Female,Mild,Low,Control,50.7,30.8,19.9,Responder
8373,8,44,Male,Mild,Medium,Treatment,56.8,44.1,12.7,Responder
8374,10,48,Female,Moderate,Medium,Treatment,69.8,52.3,17.5,Responder
8375,33,21,Female,Mild,Low,Control,48.3,31.2,17.1,Responder
8376,37,41,Male,Mild,Medium,Treatment,74.4,57.7,16.7,Responder
8377,2,46,Female,Moderate,Medium,Control,53.2,39.2,14.0,Responder
8378,35,81,Male,Mild,Low,Treatment,53.6,47.3,6.3,Non-Responder
8379,21,60,Female,Moderate,Low,Treatment,74.0,52.5,21.5,Responder
8380,32,52,Female,Moderate,Low,Treatment,70.6,51.9,18.7,Responder
8381,31,64,Male,Mild,Medium,Control,69.1,60.0,9.1,Non-Responder
8382,9,48,Female,Moderate,Medium,Treatment,57.9,31.0,26.9,Responder
8383,18,40,Female,Moderate,Low,Control,62.1,51.0,11.1,Responder
8384,19,59,Male,Moderate,High,Control,50.1,48.7,1.4,Non-Responder
8385,20,66,Male,Moderate,Low,Treatment,52.6,44.1,8.5,Non-Responder
8386,29,62,Female,Severe,High,Control,79.6,71.4,8.2,Non-Responder
8387,36,60,Male,Moderate,High,Treatment,71.3,55.1,16.2,Responder
8388,35,47,Male,Moderate,Medium,Treatment,51.3,38.3,13.0,Responder
8389,35,46,Male,Severe,Low,Control,71.8,55.0,16.8,Responder
8390,14,43,Male,Moderate,Low,Treatment,65.5,58.4,7.1,Non-Responder
8391,27,72,Female,Mild,Low,Control,53.7,39.9,13.8,Responder
8392,32,49,Female,Moderate,Low,Control,54.0,22.7,31.3,Responder
8393,19,53,Female,Moderate,Low,Treatment,71.1,48.0,23.1,Responder
8394,28,42,Male,Moderate,Low,Treatment,59.5,47.8,11.7,Responder
8395,40,81,Male,Moderate,Medium,Treatment,61.2,55.7,5.5,Non-Responder
8396,31,37,Male,Moderate,Medium,Treatment,77.8,67.6,10.2,Responder
8397,12,55,Female,Severe,Low,Treatment,75.7,61.5,14.2,Responder
8398,12,60,Male,Moderate,Medium,Treatment,65.0,59.2,5.8,Non-Responder
8399,28,31,Male,Moderate,High,Control,51.6,45.0,6.6,Non-Responder
8400,38,57,Male,Moderate,Medium,Treatment,75.3,40.0,35.3,Responder
8401,9,82,Female,Moderate,Low,Control,41.5,21.0,20.5,Responder
8402,10,39,Female,Moderate,High,Control,72.6,58.2,14.4,Responder
8403,15,45,Male,Mild,Medium,Treatment,65.0,58.6,6.4,Non-Responder
8404,16,36,Female,Mild,Low,Treatment,45.1,29.6,15.5,Responder
8405,35,40,Female,Moderate,Medium,Control,57.7,47.4,10.3,Responder
8406,18,64,Male,Mild,Medium,Control,72.7,68.1,4.6,Non-Responder
8407,8,43,Female,Moderate,Low,Control,64.6,67.4,-2.8,Non-Responder
8408,39,47,Female,Moderate,High,Control,55.8,55.0,0.8,Non-Responder
8409,34,46,Female,Moderate,Medium,Control,65.1,44.8,20.3,Responder
8410,14,57,Male,Moderate,Medium,Control,52.2,48.3,3.9,Non-Responder
8411,10,46,Male,Moderate,Medium,Control,67.8,53.4,14.4,Responder
8412,28,44,Male,Mild,Medium,Treatment,50.3,47.6,2.7,Non-Responder
8413,40,59,Male,Mild,Low,Treatment,58.4,41.4,17.0,Responder
8414,12,56,Female,Moderate,High,Control,36.3,24.9,11.4,Responder
8415,19,26,Female,Mild,Low,Treatment,77.0,69.0,8.0,Non-Responder
8416,18,75,Female,Moderate,Medium,Control,57.7,47.3,10.4,Responder
8417,40,78,Female,Moderate,Medium,Control,41.6,32.0,9.6,Non-Responder
8418,12,50,Male,Moderate,Low,Treatment,59.9,42.2,17.7,Responder
8419,28,59,Female,Moderate,High,Treatment,53.3,48.1,5.2,Non-Responder
8420,22,55,Female,Moderate,High,Control,68.9,59.3,9.6,Non-Responder
8421,28,71,Male,Mild,High,Treatment,53.5,62.7,-9.2,Non-Responder
8422,12,40,Female,Moderate,High,Treatment,67.3,56.0,11.3,Responder
8423,3,39,Male,Moderate,Low,Treatment,60.9,60.3,0.6,Non-Responder
8424,34,55,Female,Severe,Medium,Control,84.5,78.0,6.5,Non-Responder
8425,6,50,Female,Moderate,High,Treatment,60.1,44.8,15.3,Responder
8426,34,60,Male,Mild,High,Control,69.2,66.7,2.5,Non-Responder
8427,17,36,Female,Mild,High,Treatment,67.3,46.2,21.1,Responder
8428,30,66,Female,Mild,Medium,Control,54.1,49.9,4.2,Non-Responder
8429,5,50,Male,Mild,High,Treatment,58.3,29.4,28.9,Responder
8430,9,59,Male,Mild,Medium,Treatment,52.9,37.8,15.1,Responder
8431,16,55,Male,Moderate,Medium,Treatment,54.1,36.5,17.6,Responder
8432,32,34,Female,Moderate,Low,Treatment,63.3,46.4,16.9,Responder
8433,24,51,Female,Moderate,Medium,Control,69.3,43.7,25.6,Responder
8434,8,52,Female,Mild,Low,Treatment,52.6,57.3,-4.7,Non-Responder
8435,15,33,Male,Severe,Low,Treatment,68.4,41.5,26.9,Responder
8436,17,48,Male,Moderate,Medium,Treatment,71.9,46.3,25.6,Responder
8437,23,43,Female,Moderate,Low,Control,58.1,47.0,11.1,Responder
8438,18,62,Male,Moderate,Low,Control,45.8,33.6,12.2,Responder
8439,28,59,Female,Severe,Low,Treatment,58.5,33.5,25.0,Responder
8440,14,60,Male,Severe,Medium,Control,75.2,63.2,12.0,Responder
8441,1,44,Female,Moderate,Low,Treatment,58.0,30.1,27.9,Responder
8442,6,35,Male,Severe,Low,Control,53.0,43.6,9.4,Non-Responder
8443,21,49,Male,Severe,High,Treatment,68.8,46.6,22.2,Responder
8444,8,54,Male,Severe,Low,Treatment,81.0,54.7,26.3,Responder
8445,11,66,Male,Mild,Low,Control,33.1,28.1,5.0,Non-Responder
8446,12,50,Male,Moderate,Medium,Control,68.9,61.1,7.8,Non-Responder
8447,24,78,Female,Mild,Medium,Control,56.2,35.9,20.3,Responder
8448,29,56,Female,Moderate,Medium,Control,59.7,50.4,9.3,Non-Responder
8449,40,53,Female,Moderate,Low,Treatment,84.8,66.2,18.6,Responder
8450,23,71,Male,Moderate,Low,Control,61.6,51.9,9.7,Non-Responder
8451,27,45,Female,Severe,Low,Control,61.5,55.7,5.8,Non-Responder
8452,37,36,Male,Moderate,High,Control,75.4,73.2,2.2,Non-Responder
8453,17,45,Male,Moderate,Low,Control,62.3,64.3,-2.0,Non-Responder
8454,39,42,Male,Severe,Medium,Treatment,65.9,50.0,15.9,Responder
8455,24,18,Female,Severe,High,Control,72.5,52.6,19.9,Responder
8456,18,73,Female,Moderate,Medium,Treatment,77.3,60.3,17.0,Responder
8457,17,54,Male,Moderate,Medium,Treatment,36.3,16.7,19.6,Responder
8458,39,74,Male,Severe,Medium,Control,77.8,55.8,22.0,Responder
8459,6,53,Male,Moderate,Medium,Treatment,68.5,55.3,13.2,Responder
8460,32,66,Female,Severe,Low,Treatment,65.2,39.3,25.9,Responder
8461,40,52,Male,Moderate,Medium,Treatment,60.5,60.1,0.4,Non-Responder
8462,24,62,Female,Severe,Low,Control,74.1,56.6,17.5,Responder
8463,14,54,Male,Mild,Medium,Control,64.2,59.4,4.8,Non-Responder
8464,40,66,Female,Moderate,Low,Treatment,66.7,49.8,16.9,Responder
8465,13,60,Male,Moderate,Medium,Treatment,52.9,31.6,21.3,Responder
8466,32,60,Male,Moderate,Low,Treatment,62.9,54.4,8.5,Non-Responder
8467,9,43,Male,Moderate,Medium,Control,66.1,50.5,15.6,Responder
8468,5,53,Female,Severe,Medium,Treatment,63.9,47.6,16.3,Responder
8469,24,35,Female,Moderate,High,Treatment,73.8,61.7,12.1,Responder
8470,1,50,Male,Mild,Medium,Control,77.8,81.2,-3.4,Non-Responder
8471,12,20,Female,Moderate,Medium,Treatment,72.2,49.7,22.5,Responder
8472,20,52,Female,Mild,High,Treatment,61.0,61.5,-0.5,Non-Responder
8473,28,47,Female,Moderate,Low,Treatment,52.5,40.8,11.7,Responder
8474,38,56,Female,Mild,High,Control,46.2,30.0,16.2,Responder
8475,3,67,Female,Mild,Low,Treatment,56.5,50.3,6.2,Non-Responder
8476,21,51,Female,Mild,Medium,Control,66.1,67.1,-1.0,Non-Responder
8477,22,61,Male,Moderate,Medium,Control,65.1,63.5,1.6,Non-Responder
8478,6,26,Female,Moderate,High,Control,73.0,52.9,20.1,Responder
8479,40,75,Female,Moderate,Low,Treatment,65.0,51.2,13.8,Responder
8480,28,49,Female,Moderate,Low,Control,60.8,58.4,2.4,Non-Responder
8481,9,44,Female,Moderate,Medium,Treatment,61.1,33.4,27.7,Responder
8482,21,53,Male,Moderate,Medium,Treatment,56.7,37.8,18.9,Responder
8483,37,31,Male,Severe,Low,Treatment,76.9,75.7,1.2,Non-Responder
8484,3,50,Female,Severe,Medium,Treatment,71.9,52.8,19.1,Responder
8485,27,64,Female,Moderate,Medium,Treatment,54.1,33.5,20.6,Responder
8486,35,50,Female,Moderate,Low,Control,53.8,44.7,9.1,Non-Responder
8487,35,69,Male,Moderate,Low,Control,66.0,54.2,11.8,Responder
8488,3,56,Female,Mild,Low,Treatment,44.8,34.5,10.3,Responder
8489,20,61,Male,Moderate,Low,Control,44.4,37.7,6.7,Non-Responder
8490,17,47,Male,Mild,Low,Control,50.2,49.5,0.7,Non-Responder
8491,5,49,Female,Mild,High,Control,41.4,41.6,-0.2,Non-Responder
8492,35,45,Male,Mild,Low,Treatment,62.2,47.3,14.9,Responder
8493,22,57,Male,Severe,Medium,Control,87.9,77.9,10.0,Responder
8494,23,65,Male,Moderate,Low,Control,51.9,38.7,13.2,Responder
8495,7,44,Female,Moderate,Medium,Treatment,66.0,43.4,22.6,Responder
8496,19,38,Male,Moderate,Medium,Treatment,60.4,49.9,10.5,Responder
8497,5,51,Male,Moderate,Medium,Control,68.9,55.4,13.5,Responder
8498,38,41,Female,Severe,Medium,Control,91.8,77.3,14.5,Responder
8499,8,42,Male,Mild,Medium,Treatment,53.7,38.7,15.0,Responder
8500,33,21,Female,Moderate,Low,Control,71.0,66.4,4.6,Non-Responder
8501,2,64,Female,Severe,Medium,Control,82.7,56.6,26.1,Responder
8502,18,24,Female,Moderate,Low,Control,77.3,80.8,-3.5,Non-Responder
8503,37,29,Female,Severe,Low,Control,74.1,59.2,14.9,Responder
8504,7,62,Male,Mild,Medium,Treatment,39.2,18.1,21.1,Responder
8505,32,62,Female,Mild,Low,Control,47.6,53.8,-6.2,Non-Responder
8506,34,34,Female,Moderate,Low,Treatment,47.6,42.2,5.4,Non-Responder
8507,38,40,Female,Severe,High,Treatment,71.7,52.3,19.4,Responder
8508,26,47,Male,Moderate,Medium,Treatment,45.5,25.9,19.6,Responder
8509,38,82,Female,Moderate,Low,Treatment,66.1,68.2,-2.1,Non-Responder
8510,20,62,Male,Severe,Medium,Treatment,59.6,32.5,27.1,Responder
8511,20,63,Female,Mild,Medium,Control,64.9,66.5,-1.6,Non-Responder
8512,39,42,Female,Moderate,Low,Treatment,63.0,52.4,10.6,Responder
8513,14,62,Male,Moderate,Medium,Treatment,47.4,33.5,13.9,Responder
8514,28,60,Female,Moderate,Low,Treatment,56.1,33.2,22.9,Responder
8515,7,39,Female,Severe,Medium,Treatment,71.8,72.6,-0.8,Non-Responder
8516,6,61,Female,Severe,Medium,Control,65.7,66.9,-1.2,Non-Responder
8517,18,73,Male,Mild,Medium,Treatment,35.7,24.6,11.1,Responder
8518,17,51,Female,Severe,Low,Treatment,73.7,63.5,10.2,Responder
8519,7,38,Female,Severe,Low,Treatment,75.4,55.4,20.0,Responder
8520,40,36,Female,Severe,Medium,Control,53.7,40.9,12.8,Responder
8521,31,53,Female,Moderate,Low,Treatment,61.4,38.5,22.9,Responder
8522,33,59,Female,Moderate,Low,Control,52.5,44.8,7.7,Non-Responder
8523,19,29,Male,Moderate,Medium,Control,60.2,52.5,7.7,Non-Responder
8524,27,39,Female,Moderate,Medium,Treatment,76.1,59.7,16.4,Responder
8525,19,39,Female,Mild,High,Treatment,55.5,47.9,7.6,Non-Responder
8526,34,46,Male,Mild,Low,Treatment,47.7,35.2,12.5,Responder
8527,4,50,Female,Moderate,High,Treatment,63.8,38.5,25.3,Responder
8528,14,56,Male,Moderate,Low,Control,46.9,27.6,19.3,Responder
8529,34,45,Male,Moderate,Low,Treatment,76.2,63.5,12.7,Responder
8530,36,28,Female,Mild,Medium,Treatment,72.9,57.0,15.9,Responder
8531,39,51,Male,Mild,Low,Control,71.3,60.6,10.7,Responder
8532,34,36,Female,Mild,Medium,Control,69.7,69.0,0.7,Non-Responder
8533,19,46,Female,Moderate,Medium,Treatment,71.0,54.9,16.1,Responder
8534,22,53,Female,Mild,High,Control,38.1,26.4,11.7,Responder
8535,6,60,Male,Severe,Medium,Treatment,70.4,55.4,15.0,Responder
8536,21,32,Female,Severe,Low,Treatment,63.0,55.6,7.4,Non-Responder
8537,31,72,Male,Moderate,Low,Control,68.7,63.2,5.5,Non-Responder
8538,1,41,Male,Moderate,High,Treatment,67.5,58.0,9.5,Non-Responder
8539,9,38,Male,Moderate,Medium,Control,34.2,19.7,14.5,Responder
8540,18,42,Female,Moderate,Medium,Control,69.9,50.7,19.2,Responder
8541,39,75,Female,Moderate,Medium,Control,61.2,57.8,3.4,Non-Responder
8542,20,61,Male,Mild,Low,Treatment,40.4,34.7,5.7,Non-Responder
8543,39,45,Female,Severe,Low,Treatment,79.8,74.1,5.7,Non-Responder
8544,39,50,Female,Severe,Medium,Control,69.5,48.6,20.9,Responder
8545,12,75,Female,Moderate,High,Control,68.4,68.5,-0.1,Non-Responder
8546,6,77,Female,Moderate,Medium,Treatment,51.6,39.6,12.0,Responder
8547,10,55,Female,Moderate,Medium,Treatment,75.2,39.7,35.5,Responder
8548,27,54,Male,Moderate,Medium,Control,66.0,53.9,12.1,Responder
8549,31,61,Male,Moderate,Medium,Control,57.5,38.7,18.8,Responder
8550,24,50,Female,Severe,Medium,Treatment,87.8,62.7,25.1,Responder
8551,31,70,Female,Moderate,Low,Treatment,73.2,61.0,12.2,Responder
8552,31,55,Female,Moderate,Medium,Treatment,83.1,68.2,14.9,Responder
8553,12,43,Male,Moderate,Low,Control,60.3,58.7,1.6,Non-Responder
8554,37,55,Female,Severe,Medium,Control,76.9,56.6,20.3,Responder
8555,27,76,Male,Mild,Low,Control,52.0,51.9,0.1,Non-Responder
8556,1,62,Male,Moderate,Medium,Treatment,51.8,38.6,13.2,Responder
8557,17,53,Male,Moderate,Low,Treatment,50.9,37.8,13.1,Responder
8558,10,65,Female,Moderate,Low,Treatment,59.6,49.9,9.7,Non-Responder
8559,14,62,Female,Moderate,Low,Control,67.7,53.8,13.9,Responder
8560,26,51,Female,Mild,Medium,Control,39.9,29.7,10.2,Responder
8561,10,47,Female,Moderate,Low,Control,54.1,52.4,1.7,Non-Responder
8562,38,53,Male,Moderate,High,Treatment,60.4,38.1,22.3,Responder
8563,25,63,Male,Severe,Medium,Control,70.6,51.0,19.6,Responder
8564,28,50,Male,Moderate,Low,Treatment,68.7,51.3,17.4,Responder
8565,37,59,Male,Moderate,Low,Control,67.4,67.1,0.3,Non-Responder
8566,27,57,Male,Moderate,Medium,Control,60.5,54.6,5.9,Non-Responder
8567,13,34,Female,Moderate,Low,Control,53.7,41.9,11.8,Responder
8568,1,37,Female,Moderate,Medium,Control,64.3,55.6,8.7,Non-Responder
8569,37,46,Female,Severe,Low,Treatment,59.8,51.3,8.5,Non-Responder
8570,29,50,Female,Severe,Medium,Treatment,88.6,77.8,10.8,Responder
8571,18,44,Male,Moderate,Medium,Treatment,65.0,56.9,8.1,Non-Responder
8572,21,45,Female,Moderate,High,Control,46.2,36.0,10.2,Responder
8573,23,57,Female,Severe,Low,Control,79.3,67.1,12.2,Responder
8574,32,55,Female,Moderate,Low,Control,56.9,49.5,7.4,Non-Responder
8575,37,51,Female,Severe,Medium,Control,70.8,52.4,18.4,Responder
8576,2,61,Male,Severe,High,Treatment,63.5,40.8,22.7,Responder
8577,23,61,Female,Mild,Medium,Treatment,51.5,42.7,8.8,Non-Responder
8578,9,30,Male,Moderate,Medium,Treatment,75.4,70.8,4.6,Non-Responder
8579,30,67,Female,Moderate,Medium,Treatment,62.0,49.9,12.1,Responder
8580,12,59,Male,Mild,High,Treatment,35.5,12.5,23.0,Responder
8581,33,60,Female,Moderate,High,Treatment,48.1,32.7,15.4,Responder
8582,20,69,Male,Severe,Low,Control,83.4,75.6,7.8,Non-Responder
8583,35,50,Female,Moderate,Medium,Treatment,48.5,32.5,16.0,Responder
8584,9,52,Female,Severe,Medium,Treatment,58.4,28.9,29.5,Responder
8585,7,56,Female,Moderate,High,Treatment,71.7,59.0,12.7,Responder
8586,32,40,Female,Severe,Low,Treatment,80.3,61.9,18.4,Responder
8587,26,56,Female,Moderate,Low,Control,63.5,48.2,15.3,Responder
8588,27,35,Female,Moderate,High,Treatment,61.1,32.6,28.5,Responder
8589,2,55,Female,Mild,Medium,Control,69.9,66.5,3.4,Non-Responder
8590,6,38,Male,Moderate,Medium,Treatment,64.4,42.2,22.2,Responder
8591,19,41,Female,Moderate,Low,Treatment,67.5,42.5,25.0,Responder
8592,37,44,Male,Moderate,Low,Control,77.1,72.0,5.1,Non-Responder
8593,25,43,Female,Mild,Medium,Control,56.1,50.3,5.8,Non-Responder
8594,15,64,Male,Mild,Medium,Control,57.0,60.6,-3.6,Non-Responder
8595,30,48,Male,Moderate,Medium,Control,41.4,25.4,16.0,Responder
8596,40,27,Male,Severe,Low,Control,77.5,73.3,4.2,Non-Responder
8597,6,48,Female,Moderate,Medium,Treatment,59.1,60.5,-1.4,Non-Responder
8598,3,31,Female,Moderate,Medium,Control,60.1,52.3,7.8,Non-Responder
8599,9,62,Male,Moderate,Medium,Treatment,57.3,43.8,13.5,Responder
8600,14,46,Male,Moderate,Medium,Control,45.5,48.0,-2.5,Non-Responder
8601,17,65,Female,Mild,Medium,Treatment,34.5,29.4,5.1,Non-Responder
8602,36,73,Female,Moderate,Medium,Control,65.5,52.5,13.0,Responder
8603,1,75,Male,Mild,Medium,Treatment,57.0,51.4,5.6,Non-Responder
8604,11,67,Male,Moderate,Low,Treatment,65.6,55.8,9.8,Non-Responder
8605,3,43,Female,Moderate,Low,Treatment,71.1,57.3,13.8,Responder
8606,32,53,Male,Moderate,Low,Treatment,75.0,71.2,3.8,Non-Responder
8607,9,49,Male,Mild,Low,Control,46.5,32.1,14.4,Responder
8608,37,56,Male,Mild,Low,Treatment,38.9,10.7,28.2,Responder
8609,34,61,Male,Moderate,Medium,Control,64.6,55.9,8.7,Non-Responder
8610,22,51,Male,Moderate,Medium,Treatment,54.9,46.1,8.8,Non-Responder
8611,20,70,Male,Mild,Low,Control,65.4,59.7,5.7,Non-Responder
8612,34,51,Female,Mild,Medium,Control,53.2,58.1,-4.9,Non-Responder
8613,20,75,Male,Mild,Medium,Control,47.0,27.8,19.2,Responder
8614,35,56,Female,Mild,Medium,Control,56.0,56.3,-0.3,Non-Responder
8615,17,60,Male,Moderate,Medium,Treatment,62.0,51.0,11.0,Responder
8616,13,55,Female,Moderate,Low,Control,55.7,61.8,-6.1,Non-Responder
8617,32,42,Male,Moderate,Low,Treatment,61.9,55.3,6.6,Non-Responder
8618,36,58,Female,Moderate,High,Control,62.6,55.8,6.8,Non-Responder
8619,32,69,Female,Moderate,High,Treatment,99.0,90.0,9.0,Non-Responder
8620,10,36,Male,Moderate,Medium,Control,68.1,73.6,-5.5,Non-Responder
8621,3,63,Male,Moderate,Low,Treatment,43.1,24.9,18.2,Responder
8622,18,52,Female,Moderate,Low,Control,63.6,53.7,9.9,Non-Responder
8623,10,36,Female,Moderate,Low,Control,62.4,69.6,-7.2,Non-Responder
8624,1,51,Female,Moderate,High,Control,63.4,70.3,-6.9,Non-Responder
8625,37,58,Female,Moderate,Low,Treatment,45.3,21.9,23.4,Responder
8626,22,60,Female,Severe,Medium,Treatment,69.4,67.6,1.8,Non-Responder
8627,16,46,Female,Moderate,Low,Treatment,73.8,71.2,2.6,Non-Responder
8628,30,55,Male,Mild,High,Control,47.6,39.0,8.6,Non-Responder
8629,31,34,Female,Moderate,Low,Treatment,57.0,39.8,17.2,Responder
8630,33,46,Female,Mild,High,Control,55.1,43.3,11.8,Responder
8631,20,63,Female,Moderate,Low,Treatment,79.4,73.0,6.4,Non-Responder
8632,5,56,Female,Mild,High,Control,47.0,45.3,1.7,Non-Responder
8633,20,69,Female,Moderate,High,Control,64.0,55.1,8.9,Non-Responder
8634,18,55,Male,Moderate,Medium,Treatment,61.8,36.6,25.2,Responder
8635,27,37,Male,Mild,High,Control,59.7,52.8,6.9,Non-Responder
8636,28,44,Female,Mild,Low,Control,50.8,35.0,15.8,Responder
8637,15,58,Female,Mild,Low,Treatment,56.0,44.3,11.7,Responder
8638,20,55,Female,Moderate,Low,Control,54.2,48.7,5.5,Non-Responder
8639,5,47,Male,Moderate,Medium,Treatment,54.2,40.2,14.0,Responder
8640,40,39,Male,Moderate,High,Control,52.8,41.4,11.4,Responder
8641,28,43,Male,Moderate,Medium,Treatment,71.4,49.9,21.5,Responder
8642,7,71,Male,Severe,Medium,Control,60.2,45.7,14.5,Responder
8643,7,40,Male,Mild,Medium,Treatment,54.0,24.2,29.8,Responder
8644,9,48,Male,Mild,Medium,Control,66.2,52.6,13.6,Responder
8645,1,72,Female,Moderate,Low,Treatment,62.1,51.2,10.9,Responder
8646,15,45,Female,Moderate,Medium,Treatment,40.3,28.1,12.2,Responder
8647,4,60,Female,Moderate,Medium,Treatment,73.8,55.4,18.4,Responder
8648,12,75,Male,Moderate,Medium,Treatment,76.3,61.2,15.1,Responder
8649,13,39,Male,Mild,Medium,Treatment,43.0,18.9,24.1,Responder
8650,9,45,Female,Moderate,Medium,Treatment,63.9,35.5,28.4,Responder
8651,14,38,Male,Mild,Medium,Control,63.1,49.8,13.3,Responder
8652,25,63,Female,Moderate,Low,Control,82.6,65.8,16.8,Responder
8653,20,43,Female,Severe,Low,Treatment,55.2,45.7,9.5,Non-Responder
8654,24,53,Female,Mild,Medium,Treatment,50.0,35.3,14.7,Responder
8655,9,48,Male,Severe,Low,Control,71.2,61.1,10.1,Responder
8656,34,53,Male,Mild,Low,Control,57.4,49.3,8.1,Non-Responder
8657,29,50,Male,Severe,Medium,Treatment,67.6,59.8,7.8,Non-Responder
8658,33,76,Male,Mild,Low,Control,58.1,33.5,24.6,Responder
8659,8,63,Male,Moderate,Low,Treatment,61.0,47.0,14.0,Responder
8660,24,59,Male,Moderate,Medium,Control,64.2,54.8,9.4,Non-Responder
8661,7,64,Male,Moderate,Medium,Treatment,67.0,55.8,11.2,Responder
8662,10,26,Male,Moderate,Medium,Treatment,54.0,34.4,19.6,Responder
8663,6,27,Male,Severe,Medium,Treatment,68.8,77.2,-8.4,Non-Responder
8664,34,52,Female,Severe,Medium,Treatment,80.6,62.1,18.5,Responder
8665,30,35,Female,Moderate,High,Treatment,69.8,75.6,-5.8,Non-Responder
8666,34,54,Male,Mild,Low,Treatment,62.0,32.1,29.9,Responder
8667,23,33,Female,Moderate,Medium,Treatment,57.5,29.0,28.5,Responder
8668,2,45,Male,Moderate,Medium,Treatment,61.2,43.5,17.7,Responder
8669,19,39,Female,Moderate,Medium,Control,60.9,59.8,1.1,Non-Responder
8670,35,24,Female,Moderate,Low,Treatment,72.4,57.3,15.1,Responder
8671,39,33,Male,Severe,Low,Treatment,79.7,73.1,6.6,Non-Responder
8672,14,66,Female,Mild,Medium,Treatment,41.2,25.5,15.7,Responder
8673,16,35,Male,Moderate,Low,Control,61.0,41.0,20.0,Responder
8674,16,37,Male,Mild,Low,Control,50.3,36.3,14.0,Responder
8675,2,73,Male,Severe,Low,Control,75.6,51.0,24.6,Responder
8676,13,45,Male,Moderate,Low,Control,62.7,44.6,18.1,Responder
8677,31,61,Female,Mild,Medium,Treatment,65.6,63.6,2.0,Non-Responder
8678,14,60,Female,Moderate,High,Control,62.6,43.4,19.2,Responder
8679,39,65,Female,Severe,Low,Treatment,85.2,51.7,33.5,Responder
8680,31,34,Female,Moderate,Medium,Treatment,60.5,65.9,-5.4,Non-Responder
8681,15,32,Female,Moderate,Low,Control,59.5,49.3,10.2,Responder
8682,20,57,Female,Moderate,Medium,Control,63.7,61.6,2.1,Non-Responder
8683,17,61,Male,Moderate,Medium,Treatment,41.6,14.5,27.1,Responder
8684,26,50,Female,Severe,Low,Control,71.2,54.0,17.2,Responder
8685,13,61,Male,Moderate,Low,Treatment,73.1,51.6,21.5,Responder
8686,27,80,Female,Severe,Medium,Control,85.7,66.7,19.0,Responder
8687,24,50,Female,Moderate,Medium,Control,55.5,51.7,3.8,Non-Responder
8688,14,51,Female,Mild,Low,Treatment,64.7,47.5,17.2,Responder
8689,15,67,Male,Mild,Medium,Treatment,75.3,72.4,2.9,Non-Responder
8690,25,61,Male,Moderate,Medium,Control,65.3,49.9,15.4,Responder
8691,27,46,Female,Mild,Low,Control,54.8,45.8,9.0,Non-Responder
8692,8,75,Male,Mild,Low,Treatment,49.9,45.2,4.7,Non-Responder
8693,39,53,Female,Mild,Medium,Control,60.1,63.5,-3.4,Non-Responder
8694,2,57,Female,Moderate,Medium,Treatment,43.5,26.2,17.3,Responder
8695,10,59,Male,Mild,Low,Control,64.2,57.0,7.2,Non-Responder
8696,1,62,Female,Moderate,Medium,Treatment,80.1,66.7,13.4,Responder
8697,19,55,Male,Mild,Medium,Control,58.6,56.0,2.6,Non-Responder
8698,27,52,Female,Mild,Low,Treatment,60.4,68.6,-8.2,Non-Responder
8699,38,48,Female,Severe,Medium,Treatment,55.5,32.3,23.2,Responder
8700,6,34,Female,Moderate,High,Control,67.7,56.5,11.2,Responder
8701,11,53,Male,Moderate,Low,Treatment,51.2,35.5,15.7,Responder
8702,27,53,Female,Moderate,Medium,Treatment,68.6,44.8,23.8,Responder
8703,24,45,Female,Severe,Low,Treatment,83.9,72.9,11.0,Responder
8704,29,64,Male,Moderate,Low,Treatment,68.5,54.0,14.5,Responder
8705,37,53,Male,Moderate,Medium,Treatment,82.0,66.6,15.4,Responder
8706,40,67,Female,Mild,High,Control,55.3,47.3,8.0,Non-Responder
8707,11,64,Female,Moderate,Medium,Treatment,64.4,51.3,13.1,Responder
8708,2,72,Male,Severe,Medium,Treatment,70.0,55.8,14.2,Responder
8709,35,52,Male,Moderate,Medium,Control,42.4,35.7,6.7,Non-Responder
8710,30,49,Female,Moderate,Low,Control,67.4,54.7,12.7,Responder
8711,38,56,Male,Moderate,Medium,Treatment,54.1,40.9,13.2,Responder
8712,35,72,Female,Moderate,High,Treatment,61.0,37.4,23.6,Responder
8713,7,58,Female,Moderate,Medium,Control,72.1,70.9,1.2,Non-Responder
8714,38,43,Female,Severe,Low,Control,79.1,82.0,-2.9,Non-Responder
8715,37,49,Male,Mild,Medium,Control,38.9,48.3,-9.4,Non-Responder
8716,19,70,Female,Severe,Medium,Control,99.0,92.6,6.4,Non-Responder
8717,20,47,Female,Moderate,Low,Control,63.1,56.0,7.1,Non-Responder
8718,31,58,Male,Mild,Medium,Control,70.2,49.6,20.6,Responder
8719,13,39,Male,Mild,Low,Control,45.6,30.5,15.1,Responder
8720,24,72,Female,Severe,High,Control,75.3,62.8,12.5,Responder
8721,10,63,Male,Moderate,Low,Treatment,67.7,34.9,32.8,Responder
8722,17,28,Male,Moderate,Medium,Treatment,89.9,78.1,11.8,Responder
8723,27,47,Female,Moderate,Medium,Treatment,64.2,40.0,24.2,Responder
8724,31,48,Male,Moderate,High,Control,42.8,19.3,23.5,Responder
8725,32,36,Male,Severe,High,Control,66.8,50.5,16.3,Responder
8726,27,72,Female,Moderate,Medium,Treatment,67.0,64.4,2.6,Non-Responder
8727,14,43,Male,Mild,High,Treatment,53.6,37.5,16.1,Responder
8728,32,60,Female,Mild,Low,Control,46.2,32.1,14.1,Responder
8729,22,40,Male,Severe,Low,Control,61.3,48.7,12.6,Responder
8730,22,56,Male,Mild,High,Treatment,61.4,42.8,18.6,Responder
8731,10,74,Male,Moderate,Low,Treatment,57.0,33.6,23.4,Responder
8732,11,63,Male,Severe,Low,Treatment,64.9,53.5,11.4,Responder
8733,31,53,Male,Moderate,Low,Treatment,56.7,48.0,8.7,Non-Responder
8734,7,48,Male,Moderate,Medium,Control,44.5,34.5,10.0,Responder
8735,11,32,Male,Mild,Medium,Control,48.5,23.3,25.2,Responder
8736,21,54,Female,Severe,Low,Control,71.1,56.6,14.5,Responder
8737,13,34,Male,Moderate,Low,Treatment,61.1,45.2,15.9,Responder
8738,2,50,Male,Severe,Low,Control,61.3,58.8,2.5,Non-Responder
8739,25,62,Male,Mild,Low,Treatment,58.3,47.9,10.4,Responder
8740,24,60,Male,Severe,Low,Treatment,82.7,75.3,7.4,Non-Responder
8741,16,53,Male,Mild,Low,Treatment,75.9,54.5,21.4,Responder
8742,20,61,Male,Moderate,Medium,Treatment,69.9,50.5,19.4,Responder
8743,38,61,Male,Severe,Low,Treatment,64.0,46.4,17.6,Responder
8744,6,40,Male,Moderate,High,Treatment,38.9,18.3,20.6,Responder
8745,15,53,Male,Moderate,High,Control,58.6,43.1,15.5,Responder
8746,11,37,Female,Mild,Low,Treatment,47.4,40.5,6.9,Non-Responder
8747,34,72,Female,Severe,Medium,Treatment,63.4,52.1,11.3,Responder
8748,37,33,Female,Moderate,Medium,Treatment,57.1,39.9,17.2,Responder
8749,34,68,Female,Mild,Low,Control,64.0,60.8,3.2,Non-Responder
8750,37,66,Male,Mild,Low,Control,52.7,51.6,1.1,Non-Responder
8751,25,69,Female,Mild,Low,Treatment,54.0,25.6,28.4,Responder
8752,24,39,Male,Moderate,High,Control,64.3,54.9,9.4,Non-Responder
8753,6,72,Male,Moderate,Medium,Treatment,61.1,43.4,17.7,Responder
8754,1,65,Female,Moderate,Low,Treatment,54.8,37.6,17.2,Responder
8755,3,33,Male,Moderate,Low,Control,67.1,74.4,-7.3,Non-Responder
8756,5,40,Female,Mild,Medium,Control,60.0,59.3,0.7,Non-Responder
8757,7,18,Male,Severe,Medium,Treatment,72.9,62.3,10.6,Responder
8758,10,48,Male,Moderate,Low,Control,54.5,47.1,7.4,Non-Responder
8759,20,47,Male,Moderate,Low,Control,63.2,45.9,17.3,Responder
8760,37,59,Female,Moderate,Low,Control,55.1,59.9,-4.8,Non-Responder
8761,34,47,Female,Moderate,High,Treatment,53.9,32.2,21.7,Responder
8762,5,71,Male,Mild,Medium,Control,58.4,50.9,7.5,Non-Responder
8763,29,64,Male,Severe,High,Control,58.1,57.4,0.7,Non-Responder
8764,32,36,Female,Severe,Medium,Control,66.1,60.2,5.9,Non-Responder
8765,31,64,Female,Moderate,Medium,Treatment,66.5,50.5,16.0,Responder
8766,38,44,Female,Mild,Low,Control,52.5,43.2,9.3,Non-Responder
8767,38,48,Male,Severe,Medium,Control,83.9,73.1,10.8,Responder
8768,30,49,Female,Moderate,Medium,Treatment,71.7,58.7,13.0,Responder
8769,9,50,Male,Moderate,Medium,Treatment,70.0,44.0,26.0,Responder
8770,15,59,Male,Mild,Low,Control,59.5,46.1,13.4,Responder
8771,23,63,Male,Moderate,Medium,Control,57.2,52.0,5.2,Non-Responder
8772,8,18,Male,Moderate,Low,Treatment,69.1,42.8,26.3,Responder
8773,20,60,Male,Mild,Low,Treatment,60.9,48.6,12.3,Responder
8774,21,57,Female,Moderate,Medium,Treatment,68.5,75.3,-6.8,Non-Responder
8775,27,52,Male,Moderate,High,Treatment,65.7,51.8,13.9,Responder
8776,32,55,Male,Moderate,Low,Control,57.6,54.8,2.8,Non-Responder
8777,25,77,Male,Severe,Low,Control,91.6,83.9,7.7,Non-Responder
8778,13,58,Female,Mild,High,Control,63.5,47.7,15.8,Responder
8779,35,54,Female,Moderate,High,Control,79.6,82.3,-2.7,Non-Responder
8780,5,42,Female,Mild,Medium,Treatment,51.1,37.8,13.3,Responder
8781,32,53,Female,Mild,Low,Control,57.6,50.2,7.4,Non-Responder
8782,22,39,Female,Severe,Medium,Treatment,67.0,48.6,18.4,Responder
8783,23,54,Female,Moderate,Low,Control,65.7,65.8,-0.1,Non-Responder
8784,34,35,Female,Moderate,Medium,Control,64.3,50.8,13.5,Responder
8785,11,43,Male,Mild,High,Treatment,46.4,38.7,7.7,Non-Responder
8786,19,26,Female,Moderate,Medium,Treatment,75.7,53.7,22.0,Responder
8787,17,18,Male,Moderate,Medium,Treatment,57.7,47.2,10.5,Responder
8788,27,56,Male,Mild,Low,Treatment,57.4,36.2,21.2,Responder
8789,14,35,Male,Moderate,Low,Treatment,38.9,30.8,8.1,Non-Responder
8790,17,46,Male,Moderate,Medium,Control,62.8,50.2,12.6,Responder
8791,29,61,Male,Moderate,Medium,Control,75.5,60.8,14.7,Responder
8792,32,35,Male,Moderate,Low,Treatment,67.0,60.4,6.6,Non-Responder
8793,3,59,Male,Moderate,Low,Treatment,67.0,70.8,-3.8,Non-Responder
8794,40,55,Male,Severe,Low,Control,70.2,75.0,-4.8,Non-Responder
8795,23,41,Male,Severe,Low,Treatment,91.5,87.3,4.2,Non-Responder
8796,1,58,Male,Severe,High,Control,67.1,60.6,6.5,Non-Responder
8797,31,37,Female,Mild,Medium,Control,45.0,54.3,-9.3,Non-Responder
8798,30,18,Female,Severe,Low,Treatment,59.5,59.0,0.5,Non-Responder
8799,12,48,Male,Mild,Medium,Treatment,48.7,40.9,7.8,Non-Responder
8800,2,60,Female,Moderate,Low,Treatment,57.1,46.9,10.2,Responder
8801,25,37,Male,Moderate,Medium,Control,92.7,89.4,3.3,Non-Responder
8802,1,55,Male,Moderate,Low,Control,64.4,59.8,4.6,Non-Responder
8803,25,40,Male,Moderate,Medium,Treatment,80.5,85.9,-5.4,Non-Responder
8804,19,44,Male,Moderate,Medium,Treatment,74.8,66.0,8.8,Non-Responder
8805,5,36,Female,Moderate,Low,Treatment,48.6,31.7,16.9,Responder
8806,12,66,Female,Moderate,Low,Treatment,51.9,45.1,6.8,Non-Responder
8807,35,56,Female,Moderate,Medium,Control,72.9,64.5,8.4,Non-Responder
8808,3,52,Female,Mild,Medium,Control,56.2,52.2,4.0,Non-Responder
8809,21,36,Female,Moderate,Low,Treatment,59.4,40.2,19.2,Responder
8810,4,27,Female,Mild,Low,Control,43.0,36.1,6.9,Non-Responder
8811,38,63,Female,Moderate,High,Treatment,54.6,30.6,24.0,Responder
8812,34,55,Female,Mild,Low,Control,84.4,71.1,13.3,Responder
8813,1,49,Male,Moderate,Medium,Control,36.4,24.8,11.6,Responder
8814,27,39,Female,Severe,Low,Treatment,73.7,58.8,14.9,Responder
8815,38,59,Female,Mild,Medium,Control,57.9,60.2,-2.3,Non-Responder
8816,14,49,Female,Moderate,Medium,Control,75.9,70.6,5.3,Non-Responder
8817,17,53,Male,Mild,High,Treatment,39.3,29.7,9.6,Non-Responder
8818,22,37,Male,Mild,Medium,Treatment,43.0,15.0,28.0,Responder
8819,4,56,Female,Severe,Low,Control,64.7,54.6,10.1,Responder
8820,10,67,Female,Moderate,Low,Treatment,73.7,57.4,16.3,Responder
8821,6,50,Female,Mild,Low,Treatment,49.7,23.9,25.8,Responder
8822,15,50,Female,Moderate,Low,Treatment,66.5,56.3,10.2,Responder
8823,6,52,Male,Moderate,Medium,Control,72.3,73.7,-1.4,Non-Responder
8824,20,67,Male,Mild,Medium,Treatment,56.4,26.7,29.7,Responder
8825,13,46,Male,Moderate,Medium,Control,71.9,65.6,6.3,Non-Responder
8826,5,62,Male,Moderate,Medium,Control,49.6,32.6,17.0,Responder
8827,14,78,Female,Severe,High,Treatment,73.7,50.2,23.5,Responder
8828,17,68,Female,Moderate,Low,Treatment,62.1,41.9,20.2,Responder
8829,12,44,Female,Mild,High,Treatment,67.3,43.6,23.7,Responder
8830,23,35,Female,Severe,Medium,Treatment,93.1,75.7,17.4,Responder
8831,31,60,Male,Severe,Low,Treatment,67.4,50.5,16.9,Responder
8832,4,65,Female,Moderate,Medium,Control,56.3,46.0,10.3,Responder
8833,34,50,Female,Moderate,Medium,Treatment,51.3,37.6,13.7,Responder
8834,30,30,Male,Mild,Low,Treatment,74.6,66.5,8.1,Non-Responder
8835,15,42,Male,Mild,Low,Treatment,70.2,64.3,5.9,Non-Responder
8836,31,37,Female,Moderate,Medium,Control,54.7,42.4,12.3,Responder
8837,1,35,Female,Mild,High,Control,57.1,29.4,27.7,Responder
8838,18,65,Female,Mild,High,Control,65.2,63.2,2.0,Non-Responder
8839,37,56,Male,Moderate,Medium,Treatment,61.4,40.3,21.1,Responder
8840,7,45,Female,Mild,Low,Control,59.9,53.3,6.6,Non-Responder
8841,30,50,Male,Moderate,High,Treatment,58.9,53.6,5.3,Non-Responder
8842,26,34,Male,Moderate,Low,Treatment,67.4,36.0,31.4,Responder
8843,37,82,Female,Mild,Low,Treatment,55.2,31.8,23.4,Responder
8844,38,49,Female,Severe,Medium,Control,65.3,61.3,4.0,Non-Responder
8845,7,38,Male,Moderate,Low,Treatment,80.0,56.9,23.1,Responder
8846,10,53,Female,Severe,Low,Treatment,72.0,62.3,9.7,Non-Responder
8847,5,38,Male,Mild,High,Treatment,59.5,43.7,15.8,Responder
8848,34,63,Female,Severe,Medium,Control,83.2,81.3,1.9,Non-Responder
8849,32,48,Female,Moderate,High,Treatment,69.3,45.2,24.1,Responder
8850,22,52,Male,Moderate,High,Control,63.5,62.1,1.4,Non-Responder
8851,33,80,Male,Severe,Low,Treatment,66.3,41.2,25.1,Responder
8852,37,62,Female,Moderate,Low,Control,57.8,59.1,-1.3,Non-Responder
8853,6,48,Female,Severe,Medium,Treatment,86.8,63.9,22.9,Responder
8854,14,60,Female,Severe,Medium,Treatment,82.3,54.2,28.1,Responder
8855,18,53,Female,Mild,Low,Control,40.8,39.2,1.6,Non-Responder
8856,3,47,Male,Mild,Medium,Control,55.2,31.4,23.8,Responder
8857,12,39,Female,Moderate,Low,Control,56.5,63.7,-7.2,Non-Responder
8858,16,55,Male,Mild,Low,Control,72.7,57.5,15.2,Responder
8859,13,53,Female,Mild,Low,Control,41.9,33.4,8.5,Non-Responder
8860,28,51,Male,Mild,Medium,Treatment,56.5,46.2,10.3,Responder
8861,20,21,Female,Moderate,Low,Treatment,51.9,48.5,3.4,Non-Responder
8862,11,60,Male,Moderate,Medium,Treatment,62.9,68.1,-5.2,Non-Responder
8863,3,44,Male,Mild,Low,Control,59.0,48.5,10.5,Responder
8864,14,45,Female,Moderate,Medium,Control,70.4,58.8,11.6,Responder
8865,20,69,Male,Moderate,Medium,Control,50.8,44.7,6.1,Non-Responder
8866,24,52,Female,Mild,Medium,Treatment,66.7,34.1,32.6,Responder
8867,21,51,Male,Moderate,Medium,Control,48.2,45.3,2.9,Non-Responder
8868,1,32,Male,Mild,Medium,Treatment,39.5,7.2,32.3,Responder
8869,15,18,Male,Moderate,Medium,Treatment,53.2,27.9,25.3,Responder
8870,37,54,Female,Severe,Low,Treatment,58.7,38.4,20.3,Responder
8871,27,66,Female,Mild,Low,Control,45.4,29.3,16.1,Responder
8872,30,62,Female,Severe,Medium,Treatment,74.6,65.8,8.8,Non-Responder
8873,23,55,Female,Moderate,Low,Treatment,57.1,52.7,4.4,Non-Responder
8874,37,49,Female,Moderate,Medium,Treatment,83.0,70.6,12.4,Responder
8875,34,57,Female,Severe,Medium,Control,73.9,74.3,-0.4,Non-Responder
8876,8,62,Female,Moderate,Low,Treatment,65.0,52.8,12.2,Responder
8877,38,45,Male,Moderate,Medium,Control,71.6,62.2,9.4,Non-Responder
8878,15,37,Female,Severe,Medium,Control,80.4,77.4,3.0,Non-Responder
8879,12,66,Female,Mild,High,Control,46.0,44.3,1.7,Non-Responder
8880,30,69,Male,Moderate,Low,Treatment,77.3,79.3,-2.0,Non-Responder
8881,18,70,Female,Moderate,Medium,Control,64.7,59.0,5.7,Non-Responder
8882,24,43,Female,Mild,Medium,Treatment,66.0,60.7,5.3,Non-Responder
8883,24,39,Female,Mild,Low,Control,50.9,56.6,-5.7,Non-Responder
8884,18,46,Female,Mild,Low,Control,45.5,38.2,7.3,Non-Responder
8885,11,58,Male,Severe,Low,Control,76.4,86.7,-10.3,Non-Responder
8886,24,56,Female,Moderate,High,Control,68.4,69.8,-1.4,Non-Responder
8887,26,34,Male,Mild,Medium,Treatment,52.8,39.7,13.1,Responder
8888,25,56,Female,Moderate,Unknown,Treatment,55.7,49.3,6.4,Non-Responder
8889,14,70,Male,Mild,Medium,Control,65.0,59.0,6.0,Non-Responder
8890,3,49,Female,Mild,Medium,Control,52.0,30.7,21.3,Responder
8891,36,58,Male,Moderate,Medium,Treatment,46.1,16.4,29.7,Responder
8892,9,18,Male,Mild,Low,Control,53.2,54.5,-1.3,Non-Responder
8893,27,44,Male,Mild,Medium,Control,49.1,40.5,8.6,Non-Responder
8894,3,37,Female,Mild,Low,Treatment,48.0,24.3,23.7,Responder
8895,40,34,Male,Moderate,Low,Treatment,48.7,37.7,11.0,Responder
8896,4,42,Female,Moderate,Medium,Control,79.1,64.6,14.5,Responder
8897,17,39,Female,Severe,Medium,Control,63.5,50.4,13.1,Responder
8898,28,32,Male,Moderate,Medium,Control,59.1,49.4,9.7,Non-Responder
8899,4,31,Male,Severe,Low,Treatment,67.3,54.7,12.6,Responder
8900,35,33,Male,Moderate,Medium,Treatment,63.4,42.7,20.7,Responder
8901,22,41,Male,Moderate,Low,Treatment,51.9,51.3,0.6,Non-Responder
8902,13,59,Female,Moderate,Medium,Treatment,65.8,53.5,12.3,Responder
8903,5,68,Male,Moderate,Low,Treatment,67.8,57.1,10.7,Responder
8904,12,34,Female,Severe,High,Control,70.4,69.9,0.5,Non-Responder
8905,4,59,Male,Severe,Medium,Treatment,74.8,49.6,25.2,Responder
8906,1,49,Male,Mild,Low,Control,67.3,67.2,0.1,Non-Responder
8907,14,50,Male,Mild,Medium,Control,47.8,30.8,17.0,Responder
8908,18,69,Female,Mild,Low,Treatment,48.6,34.2,14.4,Responder
8909,18,49,Female,Severe,Medium,Control,70.8,68.0,2.8,Non-Responder
8910,7,57,Female,Mild,Medium,Control,63.6,59.2,4.4,Non-Responder
8911,20,69,Female,Mild,Low,Treatment,51.0,26.5,24.5,Responder
8912,14,52,Male,Mild,High,Treatment,46.0,29.3,16.7,Responder
8913,34,61,Female,Severe,Medium,Control,72.9,63.6,9.3,Non-Responder
8914,36,57,Female,Moderate,Low,Control,62.1,49.9,12.2,Responder
8915,8,36,Male,Mild,Medium,Treatment,58.7,49.2,9.5,Non-Responder
8916,25,28,Female,Moderate,Medium,Treatment,58.4,46.3,12.1,Responder
8917,25,71,Female,Moderate,Low,Control,53.8,40.2,13.6,Responder
8918,15,64,Male,Moderate,High,Control,71.8,64.7,7.1,Non-Responder
8919,35,69,Male,Moderate,Low,Treatment,55.5,39.7,15.8,Responder
8920,31,34,Male,Mild,Medium,Control,78.1,76.8,1.3,Non-Responder
8921,2,35,Male,Mild,Low,Control,59.7,49.3,10.4,Responder
8922,14,48,Female,Moderate,Medium,Control,45.3,34.4,10.9,Responder
8923,38,43,Female,Severe,Medium,Treatment,57.9,38.9,19.0,Responder
8924,31,68,Female,Moderate,Medium,Control,54.3,47.6,6.7,Non-Responder
8925,7,55,Female,Severe,Low,Treatment,71.6,43.3,28.3,Responder
8926,40,52,Female,Moderate,Medium,Treatment,62.4,41.2,21.2,Responder
8927,35,26,Female,Mild,Medium,Control,57.7,45.0,12.7,Responder
8928,35,65,Male,Mild,Medium,Control,52.8,30.7,22.1,Responder
8929,19,53,Male,Moderate,High,Control,71.4,67.9,3.5,Non-Responder
8930,8,48,Male,Mild,High,Control,44.2,32.1,12.1,Responder
8931,16,50,Female,Mild,High,Treatment,47.3,38.7,8.6,Non-Responder
8932,30,36,Female,Mild,High,Treatment,53.5,38.7,14.8,Responder
8933,35,50,Male,Mild,Low,Treatment,56.9,44.0,12.9,Responder
8934,6,64,Male,Severe,Low,Control,55.7,42.2,13.5,Responder
8935,23,67,Female,Moderate,Low,Control,55.4,32.2,23.2,Responder
8936,6,43,Female,Mild,High,Control,56.7,39.4,17.3,Responder
8937,39,61,Female,Moderate,Low,Control,62.2,52.4,9.8,Non-Responder
8938,36,66,Male,Severe,Medium,Control,58.9,52.9,6.0,Non-Responder
8939,8,65,Male,Mild,High,Control,40.0,38.9,1.1,Non-Responder
8940,16,53,Male,Severe,Medium,Treatment,59.0,41.7,17.3,Responder
8941,29,78,Female,Mild,High,Treatment,56.4,43.1,13.3,Responder
8942,15,70,Female,Moderate,Medium,Treatment,57.3,35.7,21.6,Responder
8943,37,76,Female,Severe,Low,Control,62.7,76.0,-13.3,Non-Responder
8944,15,40,Female,Severe,Medium,Control,73.2,68.4,4.8,Non-Responder
8945,4,51,Male,Mild,Medium,Treatment,68.9,59.5,9.4,Non-Responder
8946,29,45,Female,Mild,Medium,Control,71.8,51.3,20.5,Responder
8947,25,25,Male,Mild,Medium,Control,66.2,50.4,15.8,Responder
8948,24,67,Female,Mild,Medium,Control,52.0,57.5,-5.5,Non-Responder
8949,34,62,Female,Moderate,Medium,Control,56.3,46.0,10.3,Responder
8950,29,43,Male,Mild,Low,Control,68.6,54.2,14.4,Responder
8951,36,35,Female,Moderate,Low,Control,50.5,46.3,4.2,Non-Responder
8952,16,63,Female,Moderate,Medium,Control,81.6,71.8,9.8,Non-Responder
8953,38,63,Female,Moderate,Medium,Treatment,59.4,44.3,15.1,Responder
8954,30,69,Female,Mild,Medium,Control,58.2,39.6,18.6,Responder
8955,14,64,Female,Moderate,High,Control,43.4,37.7,5.7,Non-Responder
8956,20,64,Male,Mild,Low,Control,74.7,82.7,-8.0,Non-Responder
8957,38,52,Male,Mild,Medium,Treatment,58.4,47.0,11.4,Responder
8958,7,56,Male,Moderate,Low,Control,73.4,64.4,9.0,Non-Responder
8959,5,64,Male,Mild,Medium,Control,43.7,41.5,2.2,Non-Responder
8960,20,52,Female,Severe,Medium,Control,80.8,68.5,12.3,Responder
8961,13,35,Female,Mild,Medium,Treatment,71.8,60.2,11.6,Responder
8962,4,55,Female,Moderate,Low,Control,63.6,56.5,7.1,Non-Responder
8963,18,82,Male,Severe,Medium,Treatment,75.1,61.8,13.3,Responder
8964,21,43,Female,Severe,Low,Control,75.0,61.1,13.9,Responder
8965,9,52,Female,Moderate,High,Treatment,62.8,51.6,11.2,Responder
8966,36,50,Female,Moderate,High,Control,59.8,62.6,-2.8,Non-Responder
8967,18,52,Male,Severe,Medium,Control,78.4,62.1,16.3,Responder
8968,10,43,Female,Mild,Medium,Treatment,53.5,51.4,2.1,Non-Responder
8969,26,54,Male,Moderate,Medium,Treatment,80.6,70.2,10.4,Responder
8970,1,82,Female,Severe,Low,Treatment,72.3,42.1,30.2,Responder
8971,38,51,Female,Moderate,Medium,Control,50.4,41.5,8.9,Non-Responder
8972,11,56,Male,Moderate,Low,Control,49.0,39.8,9.2,Non-Responder
8973,33,59,Male,Moderate,High,Treatment,49.1,33.9,15.2,Responder
8974,12,70,Male,Mild,High,Treatment,70.0,57.3,12.7,Responder
8975,35,78,Male,Severe,High,Control,74.5,62.8,11.7,Responder
8976,4,72,Female,Mild,Low,Treatment,42.3,35.6,6.7,Non-Responder
8977,40,47,Female,Mild,Medium,Control,68.1,55.9,12.2,Responder
8978,1,67,Male,Severe,Medium,Treatment,68.2,39.2,29.0,Responder
8979,19,69,Female,Moderate,Medium,Treatment,55.1,29.5,25.6,Responder
8980,23,67,Male,Mild,Low,Treatment,83.8,79.2,4.6,Non-Responder
8981,11,60,Female,Moderate,Low,Control,67.4,66.2,1.2,Non-Responder
8982,8,45,Male,Mild,High,Treatment,47.0,41.9,5.1,Non-Responder
8983,24,41,Male,Moderate,Medium,Control,52.0,43.9,8.1,Non-Responder
8984,35,45,Male,Mild,Medium,Treatment,65.9,43.9,22.0,Responder
8985,11,67,Male,Moderate,Low,Treatment,53.4,41.3,12.1,Responder
8986,24,73,Female,Moderate,Medium,Treatment,62.7,44.8,17.9,Responder
8987,28,49,Male,Moderate,High,Control,55.8,23.0,32.8,Responder
8988,5,42,Male,Mild,High,Treatment,45.7,34.8,10.9,Responder
8989,37,41,Male,Severe,Medium,Treatment,84.9,67.0,17.9,Responder
8990,25,32,Male,Moderate,Low,Treatment,70.1,48.2,21.9,Responder
8991,31,36,Female,Moderate,Low,Treatment,55.0,46.7,8.3,Non-Responder
8992,8,45,Male,Moderate,Medium,Control,59.3,54.7,4.6,Non-Responder
8993,19,64,Female,Moderate,Medium,Control,54.9,63.1,-8.2,Non-Responder
8994,7,62,Male,Mild,Medium,Control,42.7,45.8,-3.1,Non-Responder
8995,17,26,Male,Moderate,Medium,Treatment,70.7,59.8,10.9,Responder
8996,5,45,Male,Moderate,Medium,Control,54.1,42.6,11.5,Responder
8997,22,30,Male,Mild,Low,Treatment,56.4,38.5,17.9,Responder
8998,26,52,Male,Mild,Low,Control,41.0,39.8,1.2,Non-Responder
8999,19,39,Male,Mild,Medium,Treatment,48.5,28.9,19.6,Responder
9000,28,53,Female,Mild,Medium,Control,58.0,55.1,2.9,Non-Responder
9001,34,44,Male,Moderate,Low,Control,76.2,80.8,-4.6,Non-Responder
9002,26,38,Female,Mild,Medium,Treatment,60.7,53.6,7.1,Non-Responder
9003,37,74,Female,Moderate,Medium,Control,49.5,30.2,19.3,Responder
9004,14,42,Female,Mild,Medium,Treatment,54.5,41.7,12.8,Responder
9005,24,42,Male,Moderate,Medium,Treatment,65.6,42.4,23.2,Responder
9006,17,26,Male,Severe,Low,Control,71.7,48.8,22.9,Responder
9007,22,65,Male,Moderate,High,Control,49.9,56.9,-7.0,Non-Responder
9008,2,37,Male,Moderate,High,Control,67.3,62.8,4.5,Non-Responder
9009,9,37,Male,Mild,Low,Control,51.6,35.9,15.7,Responder
9010,20,47,Female,Moderate,Low,Control,74.1,60.6,13.5,Responder
9011,17,45,Female,Severe,Medium,Treatment,79.1,69.4,9.7,Non-Responder
9012,25,36,Male,Mild,Medium,Control,64.7,60.8,3.9,Non-Responder
9013,22,53,Male,Mild,Low,Control,48.5,44.9,3.6,Non-Responder
9014,8,69,Female,Mild,Low,Treatment,44.9,36.5,8.4,Non-Responder
9015,20,61,Female,Mild,High,Treatment,67.1,59.6,7.5,Non-Responder
9016,3,58,Male,Mild,High,Control,43.6,28.8,14.8,Responder
9017,25,39,Female,Moderate,High,Control,67.9,59.6,8.3,Non-Responder
9018,7,60,Female,Moderate,Medium,Treatment,66.9,48.9,18.0,Responder
9019,11,82,Female,Moderate,Low,Control,77.7,69.1,8.6,Non-Responder
9020,26,45,Female,Moderate,Low,Treatment,64.6,38.5,26.1,Responder
9021,7,39,Female,Moderate,Medium,Treatment,66.9,58.8,8.1,Non-Responder
9022,29,68,Male,Mild,Medium,Treatment,41.1,31.7,9.4,Non-Responder
9023,13,56,Female,Mild,Medium,Control,54.6,46.3,8.3,Non-Responder
9024,18,49,Female,Moderate,Medium,Control,58.6,46.7,11.9,Responder
9025,21,50,Male,Mild,Low,Control,45.2,31.4,13.8,Responder
9026,9,69,Female,Mild,Medium,Treatment,44.5,39.7,4.8,Non-Responder
9027,17,45,Male,Mild,High,Treatment,83.6,71.1,12.5,Responder
9028,5,58,Male,Moderate,Low,Treatment,77.9,45.5,32.4,Responder
9029,29,64,Female,Mild,Low,Treatment,72.4,66.7,5.7,Non-Responder
9030,37,68,Male,Moderate,Low,Control,72.3,56.1,16.2,Responder
9031,40,81,Female,Mild,Medium,Control,34.2,35.3,-1.1,Non-Responder
9032,39,40,Male,Moderate,Medium,Treatment,62.4,34.9,27.5,Responder
9033,27,55,Female,Severe,Low,Treatment,56.4,57.1,-0.7,Non-Responder
9034,16,54,Female,Moderate,High,Treatment,69.1,71.9,-2.8,Non-Responder
9035,30,57,Female,Moderate,High,Treatment,64.3,48.8,15.5,Responder
9036,37,72,Male,Mild,Medium,Treatment,53.1,31.7,21.4,Responder
9037,20,82,Male,Moderate,Medium,Treatment,55.1,44.4,10.7,Responder
9038,27,33,Male,Moderate,High,Control,69.2,66.6,2.6,Non-Responder
9039,16,66,Female,Mild,Low,Control,61.8,45.3,16.5,Responder
9040,14,56,Male,Mild,Medium,Treatment,48.1,42.7,5.4,Non-Responder
9041,22,47,Female,Mild,Low,Control,55.0,41.5,13.5,Responder
9042,2,75,Female,Severe,Medium,Treatment,65.4,67.4,-2.0,Non-Responder
9043,14,43,Female,Moderate,Low,Treatment,69.3,71.1,-1.8,Non-Responder
9044,37,75,Female,Moderate,Medium,Treatment,67.6,52.4,15.2,Responder
9045,22,40,Female,Mild,Medium,Treatment,70.0,48.6,21.4,Responder
9046,15,49,Male,Severe,Low,Control,73.3,77.8,-4.5,Non-Responder
9047,3,69,Female,Mild,Medium,Treatment,48.7,41.5,7.2,Non-Responder
9048,40,37,Female,Mild,High,Control,46.7,41.1,5.6,Non-Responder
9049,35,44,Female,Moderate,Low,Control,72.3,64.5,7.8,Non-Responder
9050,8,56,Male,Mild,Low,Control,52.6,48.2,4.4,Non-Responder
9051,3,54,Male,Severe,Low,Treatment,83.9,82.3,1.6,Non-Responder
9052,19,39,Female,Mild,Low,Treatment,59.7,49.8,9.9,Non-Responder
9053,20,45,Male,Moderate,High,Control,64.9,63.4,1.5,Non-Responder
9054,7,55,Male,Moderate,Medium,Treatment,63.4,40.3,23.1,Responder
9055,38,67,Male,Moderate,Low,Control,56.6,48.4,8.2,Non-Responder
9056,29,34,Female,Moderate,Low,Control,75.6,65.9,9.7,Non-Responder
9057,28,28,Male,Moderate,High,Control,62.3,56.7,5.6,Non-Responder
9058,39,64,Female,Moderate,Medium,Control,64.4,48.8,15.6,Responder
9059,10,47,Male,Moderate,Low,Treatment,73.1,56.9,16.2,Responder
9060,32,48,Male,Moderate,High,Treatment,65.6,52.8,12.8,Responder
9061,21,50,Male,Moderate,Low,Treatment,55.8,40.7,15.1,Responder
9062,38,57,Female,Moderate,High,Treatment,84.8,72.3,12.5,Responder
9063,14,65,Female,Severe,Medium,Treatment,73.2,61.9,11.3,Responder
9064,3,58,Male,Mild,Medium,Treatment,54.4,46.4,8.0,Non-Responder
9065,28,52,Female,Moderate,Low,Treatment,74.2,56.0,18.2,Responder
9066,8,68,Male,Moderate,Low,Control,67.2,66.5,0.7,Non-Responder
9067,33,63,Female,Moderate,Low,Control,47.2,39.7,7.5,Non-Responder
9068,9,63,Male,Mild,Medium,Treatment,73.0,52.7,20.3,Responder
9069,25,71,Male,Moderate,Medium,Control,41.8,33.8,8.0,Non-Responder
9070,37,38,Male,Moderate,Medium,Control,66.4,45.4,21.0,Responder
9071,39,35,Female,Severe,Low,Control,77.7,62.5,15.2,Responder
9072,11,66,Female,Mild,Medium,Control,57.1,42.7,14.4,Responder
9073,29,64,Female,Moderate,Low,Control,64.8,60.8,4.0,Non-Responder
9074,7,44,Female,Mild,Medium,Treatment,69.3,62.1,7.2,Non-Responder
9075,33,65,Female,Severe,Medium,Treatment,82.4,65.7,16.7,Responder
9076,30,38,Female,Severe,Low,Control,88.7,80.8,7.9,Non-Responder
9077,17,38,Female,Moderate,Medium,Control,53.7,43.6,10.1,Responder
9078,10,57,Female,Moderate,Medium,Control,78.5,78.0,0.5,Non-Responder
9079,32,30,Female,Mild,Low,Control,56.1,63.0,-6.9,Non-Responder
9080,8,58,Male,Severe,Medium,Treatment,63.3,52.5,10.8,Responder
9081,30,32,Female,Severe,Medium,Control,66.0,46.0,20.0,Responder
9082,38,82,Female,Moderate,Medium,Treatment,72.8,78.7,-5.9,Non-Responder
9083,16,56,Female,Mild,Low,Control,61.3,58.2,3.1,Non-Responder
9084,21,41,Female,Mild,High,Treatment,59.0,37.6,21.4,Responder
9085,25,33,Female,Moderate,Medium,Treatment,63.9,63.0,0.9,Non-Responder
9086,4,38,Male,Moderate,Low,Treatment,59.0,49.8,9.2,Non-Responder
9087,26,58,Male,Mild,Medium,Control,55.2,47.9,7.3,Non-Responder
9088,33,38,Male,Moderate,Medium,Treatment,51.1,25.0,26.1,Responder
9089,32,45,Female,Mild,Medium,Treatment,63.7,60.0,3.7,Non-Responder
9090,23,58,Female,Moderate,Medium,Control,49.3,34.2,15.1,Responder
9091,16,68,Female,Mild,Medium,Treatment,41.1,27.2,13.9,Responder
9092,10,36,Female,Moderate,Low,Treatment,57.6,55.4,2.2,Non-Responder
9093,5,67,Female,Moderate,Low,Treatment,72.7,59.2,13.5,Responder
9094,29,26,Male,Severe,High,Treatment,92.0,64.6,27.4,Responder
9095,27,66,Female,Moderate,Medium,Treatment,68.1,55.5,12.6,Responder
9096,36,56,Male,Moderate,Low,Control,54.9,38.1,16.8,Responder
9097,10,37,Male,Mild,Low,Treatment,54.4,22.1,32.3,Responder
9098,30,29,Male,Moderate,High,Control,73.3,65.5,7.8,Non-Responder
9099,14,51,Female,Severe,High,Treatment,63.6,55.6,8.0,Non-Responder
9100,8,50,Female,Moderate,Low,Treatment,68.0,52.7,15.3,Responder
9101,39,36,Female,Moderate,Low,Treatment,62.5,45.5,17.0,Responder
9102,23,60,Female,Moderate,Medium,Control,62.2,50.9,11.3,Responder
9103,6,35,Male,Mild,Low,Control,59.1,48.5,10.6,Responder
9104,17,32,Female,Moderate,Medium,Treatment,67.6,59.6,8.0,Non-Responder
9105,29,61,Female,Moderate,Low,Treatment,75.4,58.2,17.2,Responder
9106,9,64,Male,Severe,Medium,Treatment,89.2,73.4,15.8,Responder
9107,33,59,Female,Moderate,Low,Control,65.6,66.5,-0.9,Non-Responder
9108,14,74,Female,Mild,High,Treatment,61.4,44.6,16.8,Responder
9109,6,82,Female,Moderate,Low,Control,56.3,51.2,5.1,Non-Responder
9110,11,48,Female,Severe,High,Control,65.9,67.9,-2.0,Non-Responder
9111,12,50,Female,Moderate,Medium,Control,47.2,28.8,18.4,Responder
9112,39,57,Male,Severe,Medium,Control,74.2,74.7,-0.5,Non-Responder
9113,40,58,Male,Moderate,Medium,Treatment,65.3,39.1,26.2,Responder
9114,7,56,Male,Mild,Medium,Control,63.8,61.7,2.1,Non-Responder
9115,14,29,Female,Severe,Medium,Control,70.8,54.2,16.6,Responder
9116,40,54,Female,Moderate,Medium,Treatment,52.1,55.7,-3.6,Non-Responder
9117,25,51,Male,Moderate,Medium,Control,60.9,56.5,4.4,Non-Responder
9118,39,21,Female,Mild,High,Control,65.6,62.8,2.8,Non-Responder
9119,33,52,Male,Moderate,Medium,Treatment,57.9,29.0,28.9,Responder
9120,35,46,Female,Mild,Low,Treatment,48.0,37.8,10.2,Responder
9121,27,47,Male,Severe,Medium,Control,77.7,65.8,11.9,Responder
9122,1,25,Female,Moderate,Low,Control,55.6,44.0,11.6,Responder
9123,31,28,Male,Moderate,Medium,Control,66.6,59.2,7.4,Non-Responder
9124,7,40,Male,Moderate,Medium,Control,62.1,56.4,5.7,Non-Responder
9125,22,48,Female,Moderate,Low,Control,68.3,59.0,9.3,Non-Responder
9126,19,64,Male,Mild,Low,Treatment,64.6,57.1,7.5,Non-Responder
9127,40,39,Female,Severe,Low,Treatment,63.0,55.1,7.9,Non-Responder
9128,29,65,Female,Moderate,Medium,Treatment,52.1,44.2,7.9,Non-Responder
9129,4,26,Female,Moderate,Medium,Control,65.3,62.4,2.9,Non-Responder
9130,25,69,Male,Moderate,Medium,Control,67.2,53.9,13.3,Responder
9131,18,48,Male,Mild,High,Control,51.0,30.5,20.5,Responder
9132,30,55,Female,Mild,Medium,Control,50.3,45.2,5.1,Non-Responder
9133,17,70,Female,Severe,Low,Treatment,60.9,43.9,17.0,Responder
9134,39,42,Female,Mild,Low,Control,51.2,38.9,12.3,Responder
9135,6,58,Female,Mild,High,Treatment,60.5,45.9,14.6,Responder
9136,34,54,Female,Moderate,Low,Control,61.2,56.9,4.3,Non-Responder
9137,33,49,Female,Moderate,Medium,Treatment,65.1,51.4,13.7,Responder
9138,17,51,Male,Severe,High,Control,71.1,41.6,29.5,Responder
9139,29,35,Female,Mild,Medium,Treatment,55.1,33.3,21.8,Responder
9140,6,49,Male,Moderate,Medium,Treatment,69.9,66.8,3.1,Non-Responder
9141,3,57,Male,Moderate,Low,Control,58.8,58.1,0.7,Non-Responder
9142,30,53,Female,Moderate,Medium,Control,56.4,46.5,9.9,Non-Responder
9143,5,47,Male,Moderate,Medium,Treatment,64.9,60.1,4.8,Non-Responder
9144,27,51,Female,Mild,High,Treatment,65.0,38.6,26.4,Responder
9145,35,44,Female,Moderate,Low,Treatment,67.6,51.7,15.9,Responder
9146,36,41,Male,Moderate,Medium,Treatment,62.7,46.3,16.4,Responder
9147,5,60,Female,Mild,Medium,Treatment,47.1,41.7,5.4,Non-Responder
9148,16,39,Male,Mild,Low,Control,54.4,37.5,16.9,Responder
9149,21,63,Female,Moderate,Medium,Treatment,62.6,45.9,16.7,Responder
9150,32,42,Male,Severe,Low,Treatment,58.1,37.2,20.9,Responder
9151,40,81,Female,Mild,High,Control,48.3,50.5,-2.2,Non-Responder
9152,24,55,Male,Severe,Low,Treatment,83.6,58.3,25.3,Responder
9153,24,38,Female,Moderate,Low,Treatment,73.8,50.1,23.7,Responder
9154,19,64,Male,Moderate,Medium,Control,48.8,53.4,-4.6,Non-Responder
9155,33,46,Male,Moderate,Low,Control,67.5,72.5,-5.0,Non-Responder
9156,15,56,Female,Mild,Medium,Treatment,77.2,65.7,11.5,Responder
9157,14,76,Female,Mild,High,Control,55.1,49.9,5.2,Non-Responder
9158,16,52,Male,Moderate,Low,Treatment,66.6,51.7,14.9,Responder
9159,28,50,Female,Moderate,Medium,Treatment,61.8,53.3,8.5,Non-Responder
9160,29,54,Male,Moderate,Unknown,Treatment,50.8,34.9,15.9,Responder
9161,26,41,Female,Moderate,High,Control,68.4,59.4,9.0,Non-Responder
9162,16,52,Male,Moderate,Medium,Treatment,65.0,45.7,19.3,Responder
9163,35,23,Male,Moderate,High,Treatment,42.1,15.1,27.0,Responder
9164,7,44,Female,Moderate,Medium,Treatment,50.7,30.2,20.5,Responder
9165,29,44,Male,Mild,Medium,Control,55.7,52.1,3.6,Non-Responder
9166,21,46,Female,Moderate,Low,Control,74.4,68.5,5.9,Non-Responder
9167,12,39,Female,Severe,Medium,Treatment,71.1,42.8,28.3,Responder
9168,23,41,Male,Moderate,Medium,Treatment,48.5,34.9,13.6,Responder
9169,38,53,Female,Mild,Low,Treatment,56.9,48.9,8.0,Non-Responder
9170,34,42,Female,Mild,Low,Treatment,37.5,13.9,23.6,Responder
9171,28,60,Male,Moderate,Low,Treatment,48.8,45.0,3.8,Non-Responder
9172,27,74,Female,Moderate,High,Treatment,74.3,60.4,13.9,Responder
9173,37,62,Male,Severe,Medium,Control,72.5,52.6,19.9,Responder
9174,13,71,Female,Mild,High,Treatment,58.8,32.0,26.8,Responder
9175,12,66,Female,Mild,Low,Control,43.5,32.9,10.6,Responder
9176,30,58,Male,Moderate,Low,Treatment,69.9,59.5,10.4,Responder
9177,6,40,Female,Moderate,Medium,Treatment,72.1,67.8,4.3,Non-Responder
9178,29,43,Male,Mild,Low,Control,38.8,30.2,8.6,Non-Responder
9179,14,46,Female,Mild,Low,Treatment,61.7,46.4,15.3,Responder
9180,1,34,Female,Moderate,Low,Control,50.4,38.2,12.2,Responder
9181,31,45,Female,Mild,Low,Treatment,55.6,47.9,7.7,Non-Responder
9182,14,33,Male,Moderate,Medium,Treatment,69.3,61.2,8.1,Non-Responder
9183,29,52,Female,Moderate,Low,Treatment,61.6,43.9,17.7,Responder
9184,13,67,Male,Moderate,Medium,Control,65.5,64.1,1.4,Non-Responder
9185,34,39,Female,Mild,High,Treatment,47.8,17.0,30.8,Responder
9186,17,37,Female,Moderate,Low,Control,57.2,52.9,4.3,Non-Responder
9187,11,55,Female,Moderate,Medium,Treatment,44.6,38.1,6.5,Non-Responder
9188,13,53,Female,Moderate,Low,Control,58.4,44.5,13.9,Responder
9189,27,73,Male,Mild,Low,Control,46.9,39.3,7.6,Non-Responder
9190,31,50,Male,Moderate,Medium,Treatment,47.1,23.7,23.4,Responder
9191,18,61,Female,Moderate,Medium,Control,57.0,62.4,-5.4,Non-Responder
9192,13,49,Female,Mild,Low,Treatment,69.0,52.1,16.9,Responder
9193,32,70,Male,Moderate,Medium,Control,78.6,67.3,11.3,Responder
9194,38,58,Male,Moderate,Medium,Control,69.0,63.7,5.3,Non-Responder
9195,11,61,Male,Mild,High,Treatment,51.6,24.7,26.9,Responder
9196,11,65,Female,Mild,Medium,Control,57.2,64.7,-7.5,Non-Responder
9197,14,39,Female,Moderate,Low,Treatment,72.0,70.5,1.5,Non-Responder
9198,10,53,Female,Severe,High,Treatment,71.5,59.1,12.4,Responder
9199,26,43,Male,Mild,Medium,Treatment,68.9,45.8,23.1,Responder
9200,25,63,Male,Severe,Low,Treatment,74.7,71.1,3.6,Non-Responder
9201,39,52,Female,Mild,Low,Control,48.8,33.0,15.8,Responder
9202,37,52,Female,Mild,Low,Treatment,58.4,47.0,11.4,Responder
9203,5,51,Female,Mild,Medium,Treatment,72.7,57.5,15.2,Responder
9204,22,42,Male,Moderate,Low,Control,66.4,64.0,2.4,Non-Responder
9205,11,58,Female,Moderate,Low,Control,62.6,57.8,4.8,Non-Responder
9206,30,51,Female,Moderate,Low,Control,57.2,44.2,13.0,Responder
9207,3,60,Male,Severe,High,Control,68.2,64.7,3.5,Non-Responder
9208,12,51,Male,Severe,High,Control,76.0,78.1,-2.1,Non-Responder
9209,4,59,Female,Severe,Medium,Treatment,63.2,47.2,16.0,Responder
9210,27,29,Male,Mild,Low,Treatment,54.9,36.0,18.9,Responder
9211,28,58,Male,Moderate,Medium,Treatment,67.4,50.8,16.6,Responder
9212,8,49,Female,Moderate,Low,Control,36.4,37.2,-0.8,Non-Responder
9213,23,50,Female,Mild,Low,Treatment,45.7,21.5,24.2,Responder
9214,15,70,Male,Moderate,Low,Control,75.3,57.8,17.5,Responder
9215,2,73,Male,Mild,High,Control,59.8,62.9,-3.1,Non-Responder
9216,36,43,Female,Mild,Low,Treatment,37.7,36.2,1.5,Non-Responder
9217,8,56,Female,Mild,Medium,Control,58.5,48.8,9.7,Non-Responder
9218,9,52,Male,Moderate,Low,Treatment,60.4,38.7,21.7,Responder
9219,8,60,Male,Mild,Medium,Treatment,64.1,40.3,23.8,Responder
9220,26,39,Female,Moderate,Medium,Control,68.7,64.1,4.6,Non-Responder
9221,11,47,Male,Moderate,Medium,Control,68.1,31.7,36.4,Responder
9222,3,39,Female,Moderate,Medium,Control,54.6,29.4,25.2,Responder
9223,25,51,Female,Mild,Medium,Treatment,65.9,52.7,13.2,Responder
9224,16,55,Female,Moderate,Medium,Treatment,70.3,64.7,5.6,Non-Responder
9225,26,29,Male,Mild,Medium,Treatment,48.4,23.6,24.8,Responder
9226,17,27,Female,Moderate,Medium,Control,55.4,51.6,3.8,Non-Responder
9227,35,43,Female,Moderate,Medium,Treatment,60.5,32.8,27.7,Responder
9228,20,69,Male,Moderate,High,Control,71.0,56.1,14.9,Responder
9229,39,70,Male,Severe,Medium,Treatment,62.4,48.2,14.2,Responder
9230,17,76,Male,Severe,Medium,Control,70.7,76.1,-5.4,Non-Responder
9231,19,61,Female,Mild,Low,Control,53.5,51.0,2.5,Non-Responder
9232,36,52,Female,Moderate,Low,Control,58.3,41.9,16.4,Responder
9233,20,41,Female,Moderate,Medium,Control,61.9,58.4,3.5,Non-Responder
9234,13,40,Male,Moderate,Low,Treatment,68.6,58.9,9.7,Non-Responder
9235,34,39,Male,Mild,High,Treatment,52.7,50.9,1.8,Non-Responder
9236,40,58,Female,Moderate,Low,Control,47.7,46.8,0.9,Non-Responder
9237,33,50,Female,Moderate,Medium,Treatment,75.4,62.7,12.7,Responder
9238,2,55,Male,Severe,Medium,Treatment,83.5,70.0,13.5,Responder
9239,35,32,Female,Mild,Medium,Treatment,61.5,55.1,6.4,Non-Responder
9240,5,31,Male,Mild,Medium,Control,53.2,41.8,11.4,Responder
9241,31,46,Female,Moderate,Medium,Treatment,59.7,34.0,25.7,Responder
9242,4,54,Female,Mild,Medium,Control,66.2,77.8,-11.6,Non-Responder
9243,32,68,Female,Severe,Low,Treatment,100.0,84.6,15.4,Responder
9244,39,38,Male,Moderate,Low,Treatment,67.0,57.5,9.5,Non-Responder
9245,27,46,Female,Mild,Low,Control,52.0,34.1,17.9,Responder
9246,4,72,Male,Moderate,High,Control,51.8,33.8,18.0,Responder
9247,7,45,Female,Mild,Medium,Control,45.8,38.7,7.1,Non-Responder
9248,35,62,Female,Severe,Low,Control,81.9,66.2,15.7,Responder
9249,2,61,Male,Moderate,Medium,Treatment,51.2,34.6,16.6,Responder
9250,7,71,Male,Mild,Medium,Control,66.8,49.8,17.0,Responder
9251,10,39,Male,Moderate,Medium,Treatment,50.2,27.2,23.0,Responder
9252,31,65,Male,Mild,Low,Control,68.8,51.3,17.5,Responder
9253,19,44,Male,Severe,Medium,Treatment,80.1,44.9,35.2,Responder
9254,32,67,Female,Moderate,High,Treatment,41.5,35.9,5.6,Non-Responder
9255,33,48,Female,Moderate,Low,Treatment,71.6,43.3,28.3,Responder
9256,36,54,Female,Moderate,Low,Treatment,50.8,30.7,20.1,Responder
9257,21,50,Female,Moderate,Low,Treatment,57.3,44.7,12.6,Responder
9258,3,64,Female,Mild,High,Treatment,72.1,52.0,20.1,Responder
9259,29,55,Male,Severe,Low,Treatment,51.2,31.0,20.2,Responder
9260,32,43,Male,Mild,Medium,Treatment,56.4,52.0,4.4,Non-Responder
9261,3,59,Female,Moderate,Medium,Control,64.8,50.2,14.6,Responder
9262,18,56,Male,Moderate,Medium,Control,54.0,56.9,-2.9,Non-Responder
9263,4,41,Female,Moderate,Low,Control,66.6,50.2,16.4,Responder
9264,6,37,Female,Moderate,Low,Treatment,65.0,68.8,-3.8,Non-Responder
9265,4,51,Male,Moderate,Low,Treatment,76.4,65.2,11.2,Responder
9266,16,46,Female,Moderate,Medium,Control,58.2,44.2,14.0,Responder
9267,14,49,Female,Moderate,High,Treatment,53.8,35.7,18.1,Responder
9268,8,53,Female,Moderate,Medium,Control,49.7,32.8,16.9,Responder
9269,1,73,Female,Severe,Medium,Treatment,68.1,54.0,14.1,Responder
9270,18,34,Female,Mild,Medium,Treatment,61.2,65.1,-3.9,Non-Responder
9271,20,48,Female,Moderate,High,Treatment,74.6,68.2,6.4,Non-Responder
9272,32,55,Female,Severe,Medium,Treatment,59.7,44.8,14.9,Responder
9273,7,72,Male,Severe,Low,Treatment,98.0,89.9,8.1,Non-Responder
9274,4,66,Female,Moderate,Medium,Treatment,89.3,80.0,9.3,Non-Responder
9275,2,71,Male,Moderate,Low,Treatment,66.9,49.1,17.8,Responder
9276,13,45,Male,Mild,Low,Control,40.7,10.6,30.1,Responder
9277,21,54,Male,Moderate,High,Control,69.9,70.4,-0.5,Non-Responder
9278,23,48,Female,Mild,Low,Treatment,52.9,30.4,22.5,Responder
9279,12,51,Female,Severe,Low,Treatment,74.9,61.6,13.3,Responder
9280,3,20,Male,Moderate,Medium,Treatment,56.4,28.3,28.1,Responder
9281,17,82,Male,Mild,Low,Treatment,52.8,44.9,7.9,Non-Responder
9282,31,19,Female,Moderate,Low,Control,80.6,73.1,7.5,Non-Responder
9283,10,24,Male,Mild,Medium,Treatment,52.3,43.5,8.8,Non-Responder
9284,32,61,Male,Moderate,Medium,Control,63.6,48.8,14.8,Responder
9285,34,45,Female,Severe,Medium,Control,59.0,63.3,-4.3,Non-Responder
9286,7,58,Male,Moderate,Medium,Treatment,67.7,49.3,18.4,Responder
9287,3,63,Male,Moderate,High,Treatment,38.9,36.9,2.0,Non-Responder
9288,18,43,Female,Moderate,Medium,Treatment,55.0,50.5,4.5,Non-Responder
9289,33,57,Male,Severe,Low,Control,74.1,70.0,4.1,Non-Responder
9290,5,64,Male,Moderate,Low,Control,39.3,21.7,17.6,Responder
9291,10,40,Female,Moderate,Medium,Control,51.5,46.3,5.2,Non-Responder
9292,17,34,Male,Severe,Medium,Control,54.8,32.5,22.3,Responder
9293,9,42,Female,Mild,High,Treatment,42.0,36.4,5.6,Non-Responder
9294,29,53,Female,Moderate,Medium,Treatment,77.8,61.4,16.4,Responder
9295,38,40,Female,Severe,Medium,Treatment,72.1,54.4,17.7,Responder
9296,40,56,Female,Moderate,Medium,Control,78.4,77.4,1.0,Non-Responder
9297,20,82,Male,Moderate,Low,Control,68.4,68.5,-0.1,Non-Responder
9298,5,54,Male,Mild,Low,Treatment,70.9,41.2,29.7,Responder
9299,1,42,Female,Mild,Low,Control,57.2,39.5,17.7,Responder
9300,8,59,Male,Moderate,Low,Control,71.9,61.2,10.7,Responder
9301,20,49,Female,Severe,Low,Treatment,64.4,57.9,6.5,Non-Responder
9302,21,62,Male,Moderate,Low,Control,63.6,65.2,-1.6,Non-Responder
9303,31,50,Female,Mild,Medium,Treatment,68.2,51.1,17.1,Responder
9304,7,53,Female,Moderate,Medium,Control,50.3,32.8,17.5,Responder
9305,16,50,Female,Severe,Medium,Control,85.3,63.0,22.3,Responder
9306,28,42,Female,Moderate,Medium,Treatment,65.8,74.1,-8.3,Non-Responder
9307,33,68,Male,Severe,Low,Control,74.5,59.2,15.3,Responder
9308,38,28,Female,Moderate,Low,Treatment,51.2,39.0,12.2,Responder
9309,26,54,Male,Moderate,High,Treatment,47.7,53.6,-5.9,Non-Responder
9310,26,50,Male,Mild,Medium,Treatment,62.0,63.1,-1.1,Non-Responder
9311,24,68,Male,Moderate,Low,Treatment,55.7,39.3,16.4,Responder
9312,3,45,Female,Moderate,Low,Treatment,57.6,41.6,16.0,Responder
9313,10,53,Female,Mild,Medium,Control,56.6,48.4,8.2,Non-Responder
9314,9,61,Female,Mild,High,Treatment,59.5,47.0,12.5,Responder
9315,9,45,Female,Mild,Low,Treatment,58.9,56.0,2.9,Non-Responder
9316,27,61,Male,Moderate,Low,Control,58.3,38.1,20.2,Responder
9317,30,51,Female,Moderate,Medium,Treatment,48.1,29.2,18.9,Responder
9318,27,45,Male,Moderate,Medium,Treatment,58.7,29.5,29.2,Responder
9319,19,40,Female,Moderate,Medium,Control,53.7,45.6,8.1,Non-Responder
9320,2,48,Male,Moderate,Medium,Control,81.7,64.6,17.1,Responder
9321,8,82,Male,Moderate,Low,Control,63.7,44.3,19.4,Responder
9322,30,49,Male,Severe,Low,Treatment,71.1,56.3,14.8,Responder
9323,35,49,Female,Moderate,Medium,Treatment,62.5,43.6,18.9,Responder
9324,14,48,Female,Mild,Medium,Control,63.6,51.3,12.3,Responder
9325,32,54,Male,Moderate,Low,Control,76.5,76.0,0.5,Non-Responder
9326,22,31,Female,Mild,Medium,Control,52.9,35.0,17.9,Responder
9327,23,38,Male,Moderate,Medium,Control,71.4,65.9,5.5,Non-Responder
9328,28,52,Male,Severe,Medium,Control,81.8,72.5,9.3,Non-Responder
9329,6,51,Male,Moderate,Low,Treatment,64.5,38.0,26.5,Responder
9330,31,57,Male,Mild,Low,Treatment,48.9,32.3,16.6,Responder
9331,6,65,Male,Severe,High,Control,79.8,72.5,7.3,Non-Responder
9332,25,52,Female,Mild,Low,Control,59.9,52.5,7.4,Non-Responder
9333,23,28,Male,Mild,Medium,Treatment,54.9,45.0,9.9,Non-Responder
9334,37,76,Male,Severe,Low,Treatment,71.8,60.8,11.0,Responder
9335,29,69,Female,Severe,Low,Treatment,75.1,71.9,3.2,Non-Responder
9336,33,61,Male,Moderate,Medium,Treatment,53.3,41.8,11.5,Responder
9337,2,42,Female,Moderate,Medium,Treatment,79.9,61.3,18.6,Responder
9338,27,76,Male,Moderate,Low,Control,61.3,46.3,15.0,Responder
9339,10,51,Male,Moderate,High,Control,73.9,64.9,9.0,Non-Responder
9340,13,69,Male,Mild,Low,Treatment,47.3,26.9,20.4,Responder
9341,17,62,Male,Moderate,High,Treatment,61.0,41.7,19.3,Responder
9342,35,27,Female,Moderate,Low,Control,56.0,42.5,13.5,Responder
9343,20,66,Female,Severe,Low,Control,74.6,50.8,23.8,Responder
9344,15,47,Female,Moderate,Medium,Treatment,51.9,33.5,18.4,Responder
9345,9,51,Male,Moderate,Medium,Control,63.0,45.0,18.0,Responder
9346,22,18,Male,Moderate,Medium,Control,60.4,54.9,5.5,Non-Responder
9347,23,72,Female,Severe,Medium,Control,79.9,79.2,0.7,Non-Responder
9348,31,40,Female,Moderate,High,Treatment,50.2,23.9,26.3,Responder
9349,6,80,Male,Moderate,Medium,Control,64.2,68.0,-3.8,Non-Responder
9350,2,51,Female,Moderate,Medium,Treatment,55.8,38.0,17.8,Responder
9351,33,55,Female,Moderate,High,Treatment,69.6,66.3,3.3,Non-Responder
9352,9,58,Female,Moderate,High,Treatment,53.7,41.3,12.4,Responder
9353,18,65,Female,Severe,Low,Control,65.7,44.2,21.5,Responder
9354,19,31,Female,Moderate,Low,Treatment,56.8,36.0,20.8,Responder
9355,29,67,Female,Moderate,Low,Treatment,72.0,63.9,8.1,Non-Responder
9356,22,30,Female,Moderate,Medium,Control,52.6,44.3,8.3,Non-Responder
9357,32,40,Female,Moderate,Low,Treatment,59.2,44.8,14.4,Responder
9358,40,42,Male,Moderate,Medium,Treatment,64.1,57.1,7.0,Non-Responder
9359,31,70,Male,Mild,Medium,Control,54.5,50.4,4.1,Non-Responder
9360,30,47,Female,Mild,Medium,Treatment,69.2,59.9,9.3,Non-Responder
9361,27,59,Female,Mild,Medium,Treatment,49.1,34.3,14.8,Responder
9362,40,53,Male,Severe,Low,Treatment,77.4,62.7,14.7,Responder
9363,13,39,Male,Mild,Medium,Control,41.6,35.0,6.6,Non-Responder
9364,23,64,Male,Moderate,Medium,Control,47.2,44.0,3.2,Non-Responder
9365,12,56,Male,Mild,High,Control,52.5,27.5,25.0,Responder
9366,23,46,Female,Severe,Medium,Control,59.7,63.6,-3.9,Non-Responder
9367,34,22,Male,Severe,Medium,Treatment,63.3,41.0,22.3,Responder
9368,13,40,Female,Moderate,High,Treatment,63.7,49.5,14.2,Responder
9369,4,55,Female,Moderate,Medium,Treatment,38.5,24.8,13.7,Responder
9370,14,82,Female,Moderate,High,Control,58.6,39.2,19.4,Responder
9371,6,52,Male,Mild,Medium,Treatment,56.4,45.3,11.1,Responder
9372,9,35,Male,Mild,Medium,Control,49.4,48.5,0.9,Non-Responder
9373,1,82,Male,Moderate,Medium,Treatment,75.9,52.2,23.7,Responder
9374,10,59,Female,Severe,Medium,Treatment,69.9,44.2,25.7,Responder
9375,18,64,Female,Severe,Low,Treatment,75.8,58.4,17.4,Responder
9376,32,52,Female,Moderate,Low,Control,49.4,36.0,13.4,Responder
9377,33,54,Female,Moderate,Medium,Control,83.7,86.1,-2.4,Non-Responder
9378,24,69,Male,Moderate,High,Treatment,52.0,35.1,16.9,Responder
9379,15,39,Male,Mild,Low,Control,57.7,45.8,11.9,Responder
9380,2,54,Male,Moderate,Low,Treatment,48.3,24.1,24.2,Responder
9381,6,55,Male,Mild,Medium,Treatment,55.0,35.7,19.3,Responder
9382,15,54,Male,Severe,Low,Treatment,53.9,17.3,36.6,Responder
9383,9,55,Female,Severe,Low,Control,78.7,55.1,23.6,Responder
9384,6,40,Female,Moderate,Low,Treatment,74.2,53.5,20.7,Responder
9385,29,49,Female,Severe,Low,Treatment,73.1,58.1,15.0,Responder
9386,16,50,Male,Severe,Low,Control,69.2,54.2,15.0,Responder
9387,30,34,Male,Moderate,Medium,Control,62.3,67.1,-4.8,Non-Responder
9388,8,52,Male,Moderate,Medium,Control,65.8,57.7,8.1,Non-Responder
9389,3,41,Male,Severe,Low,Control,58.6,58.9,-0.3,Non-Responder
9390,39,68,Female,Mild,Low,Treatment,50.8,52.1,-1.3,Non-Responder
9391,40,62,Female,Severe,Low,Control,64.6,53.1,11.5,Responder
9392,31,54,Male,Severe,High,Control,74.3,75.7,-1.4,Non-Responder
9393,20,65,Male,Severe,Low,Control,70.5,72.7,-2.2,Non-Responder
9394,35,41,Female,Moderate,High,Treatment,65.6,47.2,18.4,Responder
9395,10,52,Female,Severe,Medium,Control,62.8,54.8,8.0,Non-Responder
9396,40,55,Male,Moderate,Low,Control,51.0,33.7,17.3,Responder
9397,33,62,Female,Mild,High,Treatment,78.3,56.7,21.6,Responder
9398,21,52,Female,Moderate,Medium,Treatment,67.5,42.5,25.0,Responder
9399,23,50,Female,Moderate,Low,Treatment,41.1,37.5,3.6,Non-Responder
9400,37,71,Male,Mild,Low,Control,63.9,50.1,13.8,Responder
9401,11,58,Male,Moderate,Medium,Control,68.3,44.6,23.7,Responder
9402,29,44,Female,Moderate,Low,Control,66.0,60.1,5.9,Non-Responder
9403,20,68,Male,Mild,Low,Control,39.4,22.8,16.6,Responder
9404,31,62,Male,Mild,Medium,Control,52.7,28.0,24.7,Responder
9405,18,48,Female,Severe,Low,Treatment,64.5,48.4,16.1,Responder
9406,22,58,Male,Mild,Low,Control,44.2,34.0,10.2,Responder
9407,38,42,Male,Mild,Medium,Control,51.0,43.0,8.0,Non-Responder
9408,30,34,Female,Moderate,Low,Control,79.2,67.6,11.6,Responder
9409,40,45,Female,Severe,Low,Treatment,72.1,51.4,20.7,Responder
9410,33,61,Male,Moderate,Medium,Treatment,53.8,39.4,14.4,Responder
9411,8,71,Female,Mild,High,Treatment,56.9,56.2,0.7,Non-Responder
9412,35,67,Female,Mild,Medium,Treatment,58.3,50.0,8.3,Non-Responder
9413,3,54,Male,Moderate,Medium,Treatment,74.1,58.5,15.6,Responder
9414,1,52,Female,Moderate,Low,Control,37.6,24.7,12.9,Responder
9415,2,54,Female,Moderate,Medium,Treatment,66.0,53.9,12.1,Responder
9416,18,48,Male,Severe,Medium,Treatment,61.3,42.7,18.6,Responder
9417,34,57,Male,Moderate,Low,Control,42.4,23.8,18.6,Responder
9418,22,33,Male,Mild,High,Treatment,53.5,37.8,15.7,Responder
9419,2,36,Male,Moderate,Low,Control,56.3,58.7,-2.4,Non-Responder
9420,16,51,Male,Mild,Medium,Treatment,64.2,59.0,5.2,Non-Responder
9421,7,64,Female,Moderate,Low,Control,62.4,54.2,8.2,Non-Responder
9422,14,54,Male,Moderate,Low,Control,48.3,47.3,1.0,Non-Responder
9423,34,50,Male,Mild,Low,Control,43.6,31.7,11.9,Responder
9424,30,40,Male,Mild,Medium,Treatment,51.6,44.8,6.8,Non-Responder
9425,7,52,Male,Severe,Low,Control,68.4,53.7,14.7,Responder
9426,25,53,Male,Mild,Low,Control,54.8,48.3,6.5,Non-Responder
9427,5,54,Male,Moderate,Low,Treatment,82.8,70.3,12.5,Responder
9428,27,82,Male,Severe,Low,Treatment,62.0,44.6,17.4,Responder
9429,40,35,Male,Severe,Medium,Control,66.0,62.6,3.4,Non-Responder
9430,30,35,Male,Moderate,Low,Control,69.9,59.0,10.9,Responder
9431,27,64,Male,Mild,High,Treatment,52.4,28.7,23.7,Responder
9432,11,52,Female,Mild,High,Treatment,62.4,56.9,5.5,Non-Responder
9433,26,56,Male,Moderate,Medium,Treatment,67.1,57.6,9.5,Non-Responder
9434,26,44,Male,Moderate,Low,Control,66.8,68.4,-1.6,Non-Responder
9435,8,65,Female,Severe,Medium,Control,71.0,64.4,6.6,Non-Responder
9436,3,54,Male,Mild,Medium,Control,62.2,70.7,-8.5,Non-Responder
9437,20,64,Male,Moderate,Low,Control,54.9,59.2,-4.3,Non-Responder
9438,4,48,Male,Moderate,Medium,Treatment,63.0,40.2,22.8,Responder
9439,33,56,Female,Moderate,Low,Control,48.8,37.6,11.2,Responder
9440,19,41,Male,Moderate,Low,Treatment,69.4,61.7,7.7,Non-Responder
9441,27,50,Male,Severe,Medium,Treatment,76.9,67.2,9.7,Non-Responder
9442,8,35,Female,Mild,High,Treatment,46.0,34.1,11.9,Responder
9443,32,73,Female,Moderate,Low,Treatment,41.2,26.6,14.6,Responder
9444,16,59,Female,Mild,High,Treatment,70.1,61.8,8.3,Non-Responder
9445,39,56,Female,Mild,High,Treatment,59.2,45.2,14.0,Responder
9446,10,60,Male,Severe,Low,Treatment,83.5,69.4,14.1,Responder
9447,16,54,Female,Moderate,Low,Treatment,57.2,36.7,20.5,Responder
9448,12,46,Female,Mild,Low,Control,67.7,66.9,0.8,Non-Responder
9449,26,42,Male,Moderate,Medium,Treatment,54.1,32.2,21.9,Responder
9450,22,68,Male,Mild,Low,Control,53.9,53.8,0.1,Non-Responder
9451,34,32,Female,Moderate,Medium,Treatment,59.3,54.4,4.9,Non-Responder
9452,28,49,Male,Mild,Medium,Treatment,54.2,43.6,10.6,Responder
9453,28,49,Female,Moderate,Low,Control,62.2,48.8,13.4,Responder
9454,21,45,Male,Severe,Low,Control,60.1,56.9,3.2,Non-Responder
9455,5,59,Female,Mild,Low,Control,58.3,47.3,11.0,Responder
9456,36,47,Male,Moderate,High,Control,50.2,46.9,3.3,Non-Responder
9457,13,60,Female,Severe,Low,Control,61.5,51.0,10.5,Responder
9458,1,77,Female,Moderate,Low,Control,75.5,76.4,-0.9,Non-Responder
9459,17,47,Male,Severe,High,Treatment,96.0,87.8,8.2,Non-Responder
9460,14,59,Female,Mild,Medium,Treatment,62.1,45.0,17.1,Responder
9461,27,45,Male,Mild,Medium,Control,62.3,50.1,12.2,Responder
9462,4,48,Male,Moderate,Medium,Control,50.5,42.5,8.0,Non-Responder
9463,27,51,Female,Moderate,Medium,Treatment,52.2,36.2,16.0,Responder
9464,16,71,Male,Moderate,Low,Treatment,54.0,46.4,7.6,Non-Responder
9465,4,49,Male,Severe,Medium,Control,77.3,55.7,21.6,Responder
9466,19,57,Male,Moderate,Low,Treatment,64.6,55.7,8.9,Non-Responder
9467,17,50,Female,Moderate,High,Treatment,57.1,59.1,-2.0,Non-Responder
9468,31,66,Female,Moderate,Medium,Treatment,63.6,47.0,16.6,Responder
9469,13,38,Female,Moderate,Low,Control,49.9,45.2,4.7,Non-Responder
9470,12,49,Female,Moderate,Medium,Control,76.1,64.5,11.6,Responder
9471,5,49,Male,Moderate,Low,Control,74.3,76.8,-2.5,Non-Responder
9472,8,42,Female,Moderate,Medium,Treatment,83.2,61.7,21.5,Responder
9473,6,49,Male,Severe,Low,Control,65.1,49.5,15.6,Responder
9474,39,60,Male,Severe,Medium,Control,87.5,90.8,-3.3,Non-Responder
9475,19,75,Female,Mild,Medium,Treatment,66.9,63.1,3.8,Non-Responder
9476,4,57,Male,Severe,Low,Control,61.8,47.0,14.8,Responder
9477,20,62,Female,Moderate,Medium,Treatment,74.2,45.2,29.0,Responder
9478,8,38,Male,Moderate,Medium,Treatment,72.2,47.3,24.9,Responder
9479,27,80,Male,Mild,Low,Control,67.8,62.0,5.8,Non-Responder
9480,33,25,Male,Moderate,Low,Control,53.3,54.3,-1.0,Non-Responder
9481,37,53,Male,Mild,Low,Control,67.2,67.9,-0.7,Non-Responder
9482,7,47,Female,Mild,Low,Control,58.0,48.3,9.7,Non-Responder
9483,10,44,Female,Severe,Medium,Control,70.0,63.4,6.6,Non-Responder
9484,9,56,Male,Severe,Low,Treatment,48.5,31.3,17.2,Responder
9485,1,29,Male,Moderate,Low,Control,78.5,67.7,10.8,Responder
9486,32,60,Female,Moderate,Medium,Treatment,61.0,48.6,12.4,Responder
9487,40,67,Male,Moderate,High,Treatment,75.3,54.5,20.8,Responder
9488,34,57,Male,Moderate,Low,Treatment,77.0,72.7,4.3,Non-Responder
9489,24,82,Female,Moderate,High,Control,72.9,66.6,6.3,Non-Responder
9490,20,80,Male,Moderate,High,Treatment,59.5,60.4,-0.9,Non-Responder
9491,8,55,Female,Moderate,Low,Control,59.2,54.3,4.9,Non-Responder
9492,35,45,Female,Moderate,Medium,Control,84.9,83.5,1.4,Non-Responder
9493,4,64,Male,Moderate,Medium,Control,49.9,40.7,9.2,Non-Responder
9494,13,60,Female,Moderate,Low,Treatment,62.2,52.6,9.6,Non-Responder
9495,1,73,Female,Moderate,Medium,Control,76.5,59.6,16.9,Responder
9496,29,65,Male,Moderate,High,Treatment,58.1,56.0,2.1,Non-Responder
9497,25,61,Female,Moderate,Medium,Control,64.3,68.2,-3.9,Non-Responder
9498,38,54,Male,Moderate,Medium,Treatment,85.4,76.4,9.0,Non-Responder
9499,24,38,Female,Moderate,Medium,Control,60.6,49.0,11.6,Responder
9500,37,57,Male,Mild,Low,Control,54.6,48.9,5.7,Non-Responder
9501,1,43,Male,Mild,High,Treatment,77.5,87.0,-9.5,Non-Responder
9502,37,48,Female,Moderate,Low,Treatment,50.9,22.3,28.6,Responder
9503,38,46,Male,Severe,Low,Treatment,68.1,52.6,15.5,Responder
9504,20,32,Male,Severe,Low,Control,54.5,30.8,23.7,Responder
9505,28,46,Female,Mild,Low,Control,56.1,49.8,6.3,Non-Responder
9506,16,63,Female,Mild,Medium,Control,62.4,64.2,-1.8,Non-Responder
9507,13,37,Male,Moderate,Medium,Control,67.1,57.3,9.8,Non-Responder
9508,2,45,Male,Severe,Medium,Control,86.6,74.5,12.1,Responder
9509,2,57,Male,Severe,Low,Treatment,81.4,58.9,22.5,Responder
9510,5,72,Female,Severe,Medium,Control,79.6,63.6,16.0,Responder
9511,31,37,Male,Moderate,Low,Control,46.9,43.4,3.5,Non-Responder
9512,8,55,Female,Severe,Low,Control,70.2,72.9,-2.7,Non-Responder
9513,25,68,Male,Moderate,High,Control,75.3,79.4,-4.1,Non-Responder
9514,27,37,Female,Moderate,High,Control,64.0,54.9,9.1,Non-Responder
9515,12,47,Male,Moderate,High,Treatment,62.0,62.4,-0.4,Non-Responder
9516,20,56,Male,Moderate,High,Treatment,45.9,34.2,11.7,Responder
9517,19,41,Female,Moderate,Low,Treatment,44.9,36.3,8.6,Non-Responder
9518,11,53,Female,Moderate,Low,Control,66.1,64.0,2.1,Non-Responder
9519,29,56,Female,Moderate,Low,Treatment,58.5,44.7,13.8,Responder
9520,13,48,Male,Mild,Medium,Control,57.9,37.6,20.3,Responder
9521,36,71,Male,Moderate,High,Treatment,62.1,47.6,14.5,Responder
9522,30,37,Female,Mild,Low,Treatment,69.3,52.8,16.5,Responder
9523,34,39,Male,Mild,Medium,Treatment,51.9,37.1,14.8,Responder
9524,27,54,Male,Mild,Low,Control,41.8,42.1,-0.3,Non-Responder
9525,1,28,Male,Moderate,Medium,Treatment,53.3,29.8,23.5,Responder
9526,24,43,Female,Mild,Medium,Control,56.4,45.1,11.3,Responder
9527,23,42,Female,Mild,Medium,Control,56.7,42.2,14.5,Responder
9528,28,33,Male,Mild,Medium,Treatment,47.3,39.0,8.3,Non-Responder
9529,26,80,Female,Moderate,Low,Control,61.0,58.3,2.7,Non-Responder
9530,7,27,Female,Moderate,Low,Treatment,60.6,45.1,15.5,Responder
9531,1,54,Female,Mild,Medium,Treatment,28.3,19.6,8.7,Non-Responder
9532,35,65,Female,Moderate,Medium,Control,65.6,61.9,3.7,Non-Responder
9533,38,49,Male,Moderate,Low,Treatment,66.4,52.9,13.5,Responder
9534,32,51,Male,Moderate,High,Control,64.6,57.7,6.9,Non-Responder
9535,21,43,Male,Moderate,Medium,Treatment,51.5,30.5,21.0,Responder
9536,40,56,Male,Moderate,Medium,Control,50.0,26.6,23.4,Responder
9537,13,59,Female,Mild,High,Control,45.4,31.9,13.5,Responder
9538,30,45,Female,Moderate,Medium,Control,60.6,45.2,15.4,Responder
9539,7,49,Male,Moderate,Medium,Control,58.8,33.2,25.6,Responder
9540,33,56,Female,Moderate,Medium,Control,42.6,35.1,7.5,Non-Responder
9541,1,49,Male,Moderate,Medium,Treatment,75.8,68.9,6.9,Non-Responder
9542,18,57,Female,Moderate,Low,Treatment,60.7,41.0,19.7,Responder
9543,27,60,Male,Severe,Low,Control,60.4,48.4,12.0,Responder
9544,29,52,Female,Mild,Medium,Control,57.1,39.8,17.3,Responder
9545,22,72,Female,Moderate,Medium,Treatment,46.2,24.6,21.6,Responder
9546,30,57,Female,Moderate,Medium,Treatment,49.7,32.9,16.8,Responder
9547,1,54,Male,Mild,Low,Treatment,60.9,48.0,12.9,Responder
9548,35,58,Male,Mild,Medium,Control,65.6,53.3,12.3,Responder
9549,25,41,Male,Moderate,High,Control,65.4,56.9,8.5,Non-Responder
9550,13,53,Male,Mild,Medium,Treatment,61.1,50.2,10.9,Responder
9551,37,47,Male,Moderate,Medium,Treatment,65.7,62.6,3.1,Non-Responder
9552,33,69,Female,Severe,Low,Treatment,83.8,60.6,23.2,Responder
9553,40,57,Female,Moderate,Low,Control,50.3,38.6,11.7,Responder
9554,14,64,Female,Mild,Low,Treatment,53.7,58.2,-4.5,Non-Responder
9555,36,49,Male,Moderate,Medium,Treatment,55.9,28.8,27.1,Responder
9556,39,61,Female,Mild,Medium,Treatment,68.1,51.9,16.2,Responder
9557,24,54,Male,Mild,Low,Treatment,54.6,32.0,22.6,Responder
9558,7,42,Male,Moderate,Low,Control,65.7,63.6,2.1,Non-Responder
9559,5,18,Male,Moderate,Medium,Control,61.4,42.7,18.7,Responder
9560,29,53,Female,Severe,Medium,Treatment,41.6,19.3,22.3,Responder
9561,29,65,Female,Mild,Medium,Treatment,73.3,68.6,4.7,Non-Responder
9562,7,34,Female,Moderate,Low,Control,67.6,46.5,21.1,Responder
9563,33,44,Male,Moderate,High,Treatment,73.5,52.1,21.4,Responder
9564,1,75,Female,Mild,Medium,Control,57.0,43.2,13.8,Responder
9565,34,71,Female,Moderate,Medium,Control,50.0,29.3,20.7,Responder
9566,24,36,Female,Moderate,Low,Control,67.6,45.6,22.0,Responder
9567,6,34,Female,Moderate,Medium,Control,72.5,57.5,15.0,Responder
9568,9,44,Female,Mild,Medium,Control,63.5,61.6,1.9,Non-Responder
9569,29,49,Male,Moderate,Medium,Treatment,73.1,62.0,11.1,Responder
9570,37,40,Female,Severe,Low,Treatment,85.6,66.6,19.0,Responder
9571,11,66,Female,Moderate,Medium,Treatment,61.6,37.7,23.9,Responder
9572,16,41,Female,Mild,Medium,Treatment,53.3,39.0,14.3,Responder
9573,24,55,Female,Mild,Medium,Treatment,61.2,39.7,21.5,Responder
9574,39,47,Male,Moderate,Medium,Control,68.4,58.6,9.8,Non-Responder
9575,18,52,Male,Mild,Low,Control,44.1,32.1,12.0,Responder
9576,11,34,Male,Moderate,Medium,Control,52.3,49.9,2.4,Non-Responder
9577,7,24,Male,Moderate,Medium,Treatment,59.1,40.7,18.4,Responder
9578,26,53,Female,Severe,High,Treatment,90.8,75.6,15.2,Responder
9579,21,41,Male,Moderate,Low,Treatment,63.8,46.5,17.3,Responder
9580,19,69,Male,Moderate,Low,Control,68.0,48.1,19.9,Responder
9581,32,58,Male,Mild,High,Treatment,37.7,28.2,9.5,Non-Responder
9582,21,37,Male,Severe,Medium,Control,85.6,85.8,-0.2,Non-Responder
9583,20,37,Male,Moderate,High,Control,51.3,57.3,-6.0,Non-Responder
9584,37,63,Female,Moderate,Medium,Treatment,56.5,35.6,20.9,Responder
9585,39,46,Male,Moderate,Medium,Control,64.9,54.3,10.6,Responder
9586,23,35,Male,Mild,Medium,Treatment,49.1,47.5,1.6,Non-Responder
9587,29,67,Female,Moderate,Medium,Control,53.0,35.7,17.3,Responder
9588,25,71,Female,Mild,Low,Treatment,74.1,57.8,16.3,Responder
9589,35,61,Female,Mild,Medium,Treatment,50.1,38.6,11.5,Responder
9590,39,72,Male,Severe,Low,Treatment,70.6,56.3,14.3,Responder
9591,11,59,Female,Moderate,Low,Control,71.5,64.9,6.6,Non-Responder
9592,4,42,Female,Moderate,Low,Control,71.0,74.7,-3.7,Non-Responder
9593,6,81,Male,Moderate,High,Treatment,60.3,53.9,6.4,Non-Responder
9594,16,67,Female,Severe,High,Treatment,67.4,50.3,17.1,Responder
9595,2,71,Male,Mild,Medium,Treatment,40.7,16.8,23.9,Responder
9596,13,62,Female,Severe,Medium,Treatment,68.1,46.0,22.1,Responder
9597,12,24,Male,Moderate,Medium,Control,52.4,32.6,19.8,Responder
9598,6,57,Male,Moderate,High,Control,63.7,58.1,5.6,Non-Responder
9599,15,82,Male,Moderate,Low,Treatment,47.6,46.8,0.8,Non-Responder
9600,7,60,Female,Mild,Low,Treatment,64.4,50.0,14.4,Responder
9601,17,59,Male,Severe,High,Treatment,100.0,92.7,7.3,Non-Responder
9602,7,37,Male,Moderate,Low,Treatment,52.7,56.2,-3.5,Non-Responder
9603,10,58,Male,Mild,Medium,Treatment,65.4,40.4,25.0,Responder
9604,28,57,Female,Mild,Low,Treatment,59.9,50.6,9.3,Non-Responder
9605,35,54,Male,Moderate,Low,Treatment,51.4,36.7,14.7,Responder
9606,15,45,Female,Moderate,Low,Control,50.7,42.8,7.9,Non-Responder
9607,8,33,Female,Mild,High,Treatment,54.2,30.1,24.1,Responder
9608,27,46,Male,Severe,Low,Treatment,61.5,56.7,4.8,Non-Responder
9609,15,44,Female,Moderate,Low,Treatment,71.2,51.1,20.1,Responder
9610,37,63,Female,Moderate,Low,Treatment,78.0,76.3,1.7,Non-Responder
9611,24,41,Male,Moderate,Low,Treatment,56.4,38.0,18.4,Responder
9612,26,74,Male,Severe,Medium,Treatment,75.4,66.2,9.2,Non-Responder
9613,16,58,Female,Severe,Low,Control,66.2,68.4,-2.2,Non-Responder
9614,28,68,Male,Severe,Medium,Control,59.1,50.6,8.5,Non-Responder
9615,26,57,Male,Mild,High,Treatment,61.1,55.5,5.6,Non-Responder
9616,11,49,Female,Moderate,Medium,Treatment,53.6,21.4,32.2,Responder
9617,7,60,Male,Moderate,Low,Treatment,64.4,46.1,18.3,Responder
9618,30,47,Male,Moderate,High,Control,71.3,72.8,-1.5,Non-Responder
9619,16,48,Male,Moderate,High,Treatment,49.2,38.7,10.5,Responder
9620,1,62,Female,Moderate,High,Control,48.5,35.7,12.8,Responder
9621,1,66,Male,Mild,Low,Treatment,41.0,33.3,7.7,Non-Responder
9622,7,78,Female,Mild,Low,Control,55.2,51.0,4.2,Non-Responder
9623,24,69,Female,Mild,Medium,Treatment,61.3,36.0,25.3,Responder
9624,13,46,Female,Moderate,Low,Control,74.1,53.1,21.0,Responder
9625,8,40,Male,Moderate,Low,Control,60.0,51.0,9.0,Non-Responder
9626,6,44,Male,Severe,Medium,Control,92.9,79.0,13.9,Responder
9627,10,52,Male,Severe,Low,Treatment,66.8,49.7,17.1,Responder
9628,29,40,Female,Moderate,Medium,Treatment,61.9,40.1,21.8,Responder
9629,23,38,Male,Mild,Medium,Control,62.7,63.4,-0.7,Non-Responder
9630,37,46,Male,Moderate,High,Control,61.4,48.6,12.8,Responder
9631,35,47,Female,Severe,High,Control,75.0,68.6,6.4,Non-Responder
9632,18,65,Male,Moderate,Low,Treatment,41.7,39.3,2.4,Non-Responder
9633,27,38,Male,Severe,Medium,Control,82.6,78.0,4.6,Non-Responder
9634,18,52,Female,Moderate,Low,Control,65.3,43.6,21.7,Responder
9635,32,43,Female,Severe,Medium,Control,49.9,42.1,7.8,Non-Responder
9636,35,56,Female,Mild,High,Treatment,43.8,20.3,23.5,Responder
9637,28,55,Female,Moderate,Low,Treatment,64.4,47.3,17.1,Responder
9638,32,45,Male,Moderate,Medium,Control,64.9,49.8,15.1,Responder
9639,8,50,Female,Mild,Low,Control,45.2,23.6,21.6,Responder
9640,12,42,Male,Moderate,Low,Treatment,72.4,66.7,5.7,Non-Responder
9641,14,61,Male,Moderate,Medium,Control,52.4,48.3,4.1,Non-Responder
9642,26,63,Female,Moderate,Medium,Control,69.8,61.4,8.4,Non-Responder
9643,36,53,Male,Moderate,Low,Control,75.7,48.2,27.5,Responder
9644,15,64,Male,Severe,High,Treatment,68.7,53.9,14.8,Responder
9645,40,44,Female,Mild,Low,Control,69.6,57.6,12.0,Responder
9646,8,45,Male,Mild,High,Control,55.8,64.5,-8.7,Non-Responder
9647,29,30,Female,Mild,Medium,Treatment,56.9,41.3,15.6,Responder
9648,21,38,Female,Severe,Medium,Treatment,78.8,60.8,18.0,Responder
9649,29,43,Female,Moderate,Medium,Control,57.8,39.4,18.4,Responder
9650,3,48,Male,Severe,Medium,Control,77.4,66.2,11.2,Responder
9651,35,47,Female,Moderate,Low,Treatment,51.7,33.6,18.1,Responder
9652,37,53,Male,Moderate,Low,Control,79.5,70.3,9.2,Non-Responder
9653,17,61,Female,Moderate,Low,Treatment,59.1,46.2,12.9,Responder
9654,29,65,Female,Severe,High,Control,68.4,69.7,-1.3,Non-Responder
9655,40,60,Male,Mild,Medium,Control,48.2,43.0,5.2,Non-Responder
9656,32,50,Male,Mild,Medium,Control,42.0,39.4,2.6,Non-Responder
9657,11,44,Female,Mild,Low,Treatment,61.8,59.2,2.6,Non-Responder
9658,38,50,Female,Moderate,Low,Control,53.1,39.3,13.8,Responder
9659,7,60,Female,Mild,Low,Treatment,50.6,31.0,19.6,Responder
9660,15,28,Female,Mild,Low,Control,56.4,43.5,12.9,Responder
9661,33,29,Female,Mild,Low,Control,61.6,59.4,2.2,Non-Responder
9662,33,67,Female,Mild,High,Treatment,52.1,45.8,6.3,Non-Responder
9663,14,70,Female,Moderate,High,Treatment,59.7,37.9,21.8,Responder
9664,22,54,Female,Severe,Low,Control,57.2,49.7,7.5,Non-Responder
9665,25,46,Male,Moderate,Medium,Control,64.8,77.6,-12.8,Non-Responder
9666,38,76,Female,Severe,High,Treatment,70.1,61.2,8.9,Non-Responder
9667,26,33,Male,Moderate,Medium,Control,74.4,63.9,10.5,Responder
9668,1,57,Female,Moderate,Medium,Control,74.6,77.6,-3.0,Non-Responder
9669,31,60,Female,Moderate,High,Control,55.8,41.2,14.6,Responder
9670,36,50,Female,Moderate,Low,Control,67.9,60.4,7.5,Non-Responder
9671,15,38,Female,Moderate,Medium,Treatment,49.6,48.9,0.7,Non-Responder
9672,33,29,Female,Moderate,Unknown,Treatment,53.5,47.7,5.8,Non-Responder
9673,4,62,Female,Mild,Medium,Control,62.2,52.0,10.2,Responder
9674,35,67,Female,Moderate,Medium,Treatment,81.3,62.6,18.7,Responder
9675,20,45,Female,Moderate,Medium,Treatment,65.9,46.0,19.9,Responder
9676,6,39,Female,Moderate,Low,Treatment,61.4,43.2,18.2,Responder
9677,15,45,Male,Moderate,High,Treatment,60.6,51.2,9.4,Non-Responder
9678,27,56,Male,Mild,Medium,Treatment,35.0,18.0,17.0,Responder
9679,10,51,Male,Moderate,Low,Treatment,58.2,50.1,8.1,Non-Responder
9680,30,54,Male,Mild,Medium,Treatment,38.8,15.0,23.8,Responder
9681,4,70,Female,Moderate,Low,Control,73.2,72.3,0.9,Non-Responder
9682,16,40,Male,Severe,High,Treatment,55.8,34.7,21.1,Responder
9683,21,36,Female,Moderate,Medium,Control,50.8,40.4,10.4,Responder
9684,6,67,Male,Mild,Low,Treatment,59.6,46.9,12.7,Responder
9685,10,39,Female,Mild,High,Treatment,58.5,55.6,2.9,Non-Responder
9686,35,58,Female,Moderate,Medium,Control,69.2,52.8,16.4,Responder
9687,39,41,Female,Moderate,Low,Control,28.9,11.3,17.6,Responder
9688,3,55,Male,Moderate,High,Control,55.7,52.1,3.6,Non-Responder
9689,18,37,Male,Mild,Low,Treatment,58.1,47.0,11.1,Responder
9690,23,50,Female,Moderate,Medium,Control,60.0,50.7,9.3,Non-Responder
9691,9,71,Male,Moderate,Low,Control,66.9,76.1,-9.2,Non-Responder
9692,13,62,Female,Mild,Low,Control,58.4,50.0,8.4,Non-Responder
9693,35,30,Male,Mild,Low,Control,56.8,51.1,5.7,Non-Responder
9694,23,42,Male,Moderate,Medium,Control,76.3,75.2,1.1,Non-Responder
9695,9,49,Female,Mild,Medium,Treatment,69.0,42.7,26.3,Responder
9696,10,36,Female,Moderate,Low,Control,74.9,66.0,8.9,Non-Responder
9697,2,46,Male,Moderate,High,Treatment,59.4,43.7,15.7,Responder
9698,13,44,Female,Moderate,High,Control,69.0,63.0,6.0,Non-Responder
9699,17,48,Male,Moderate,High,Treatment,70.8,63.1,7.7,Non-Responder
9700,35,52,Female,Mild,Medium,Treatment,58.7,53.4,5.3,Non-Responder
9701,4,59,Female,Severe,High,Treatment,95.6,80.5,15.1,Responder
9702,27,60,Female,Mild,Medium,Treatment,65.5,44.4,21.1,Responder
9703,36,49,Male,Moderate,Medium,Control,71.6,56.2,15.4,Responder
9704,10,45,Female,Mild,High,Treatment,59.3,40.5,18.8,Responder
9705,11,58,Female,Severe,High,Treatment,76.4,65.8,10.6,Responder
9706,30,59,Male,Moderate,High,Treatment,61.1,29.1,32.0,Responder
9707,20,39,Female,Moderate,Low,Treatment,66.1,46.0,20.1,Responder
9708,28,56,Female,Moderate,Medium,Treatment,40.8,22.6,18.2,Responder
9709,5,57,Male,Severe,Low,Control,59.8,56.8,3.0,Non-Responder
9710,15,49,Male,Moderate,Medium,Treatment,59.7,50.6,9.1,Non-Responder
9711,3,54,Female,Severe,High,Control,55.2,39.2,16.0,Responder
9712,6,61,Male,Moderate,Medium,Treatment,62.0,41.7,20.3,Responder
9713,4,64,Male,Moderate,Medium,Control,78.1,68.6,9.5,Non-Responder
9714,36,42,Female,Moderate,High,Treatment,53.4,50.0,3.4,Non-Responder
9715,38,57,Female,Mild,Medium,Control,36.4,33.8,2.6,Non-Responder
9716,40,42,Female,Mild,High,Treatment,57.4,37.9,19.5,Responder
9717,19,39,Male,Moderate,Medium,Treatment,59.8,37.4,22.4,Responder
9718,13,49,Female,Mild,Medium,Treatment,44.1,32.4,11.7,Responder
9719,27,77,Male,Moderate,Low,Control,59.5,57.2,2.3,Non-Responder
9720,13,46,Male,Moderate,Low,Treatment,64.2,48.8,15.4,Responder
9721,14,43,Male,Moderate,High,Control,76.0,69.5,6.5,Non-Responder
9722,23,47,Male,Moderate,High,Control,84.3,64.2,20.1,Responder
9723,28,30,Male,Moderate,Medium,Treatment,63.9,46.2,17.7,Responder
9724,19,55,Female,Mild,Medium,Control,29.5,27.4,2.1,Non-Responder
9725,15,55,Female,Mild,Low,Control,75.1,73.8,1.3,Non-Responder
9726,35,58,Female,Moderate,Medium,Control,70.5,83.1,-12.6,Non-Responder
9727,23,52,Female,Severe,Medium,Treatment,62.7,54.0,8.7,Non-Responder
9728,6,41,Male,Moderate,Medium,Control,49.5,50.2,-0.7,Non-Responder
9729,32,50,Female,Moderate,Low,Control,70.8,63.7,7.1,Non-Responder
9730,12,31,Male,Mild,Medium,Treatment,61.4,44.8,16.6,Responder
9731,35,49,Male,Moderate,Low,Control,77.0,85.5,-8.5,Non-Responder
9732,32,50,Male,Moderate,Low,Treatment,60.7,45.8,14.9,Responder
9733,4,59,Male,Severe,Medium,Treatment,80.6,65.0,15.6,Responder
9734,30,49,Female,Moderate,Medium,Control,68.0,67.7,0.3,Non-Responder
9735,32,47,Male,Moderate,Medium,Control,75.6,64.2,11.4,Responder
9736,26,53,Male,Severe,Low,Control,78.0,61.4,16.6,Responder
9737,32,67,Female,Mild,Medium,Control,55.2,50.5,4.7,Non-Responder
9738,25,63,Male,Mild,High,Control,56.8,53.2,3.6,Non-Responder
9739,32,41,Male,Moderate,Low,Control,69.4,41.7,27.7,Responder
9740,40,55,Female,Mild,High,Control,39.4,13.0,26.4,Responder
9741,31,63,Female,Moderate,Medium,Treatment,65.2,43.4,21.8,Responder
9742,40,49,Male,Mild,Medium,Control,65.9,58.8,7.1,Non-Responder
9743,22,36,Male,Severe,Low,Treatment,63.0,51.6,11.4,Responder
9744,1,34,Female,Mild,Low,Treatment,55.7,28.4,27.3,Responder
9745,1,62,Female,Mild,Low,Control,57.1,61.6,-4.5,Non-Responder
9746,8,59,Female,Mild,Medium,Treatment,52.4,30.8,21.6,Responder
9747,18,72,Male,Moderate,Low,Control,68.6,46.6,22.0,Responder
9748,7,41,Female,Severe,Low,Treatment,67.1,44.2,22.9,Responder
9749,12,55,Female,Mild,Medium,Treatment,45.4,46.8,-1.4,Non-Responder
9750,29,50,Female,Mild,Medium,Treatment,46.7,37.0,9.7,Non-Responder
9751,34,52,Female,Moderate,Low,Treatment,39.1,26.8,12.3,Responder
9752,3,79,Female,Moderate,Medium,Control,58.1,61.0,-2.9,Non-Responder
9753,37,66,Male,Moderate,Medium,Treatment,58.1,41.3,16.8,Responder
9754,2,51,Female,Moderate,Low,Control,81.4,76.5,4.9,Non-Responder
9755,23,59,Male,Mild,Medium,Treatment,51.8,37.5,14.3,Responder
9756,16,70,Male,Mild,High,Control,45.2,30.6,14.6,Responder
9757,7,67,Male,Moderate,Low,Control,70.6,71.1,-0.5,Non-Responder
9758,19,43,Male,Moderate,Medium,Control,58.0,56.4,1.6,Non-Responder
9759,2,48,Male,Moderate,Medium,Treatment,74.6,67.6,7.0,Non-Responder
9760,8,49,Female,Mild,Low,Treatment,61.7,40.0,21.7,Responder
9761,40,56,Female,Moderate,High,Treatment,70.3,66.5,3.8,Non-Responder
9762,23,49,Female,Mild,Medium,Control,49.8,39.6,10.2,Responder
9763,32,58,Male,Severe,Low,Treatment,81.4,69.5,11.9,Responder
9764,1,56,Male,Mild,Low,Treatment,55.8,46.2,9.6,Non-Responder
9765,15,55,Male,Moderate,Low,Control,56.0,50.2,5.8,Non-Responder
9766,1,64,Female,Moderate,Medium,Treatment,57.2,41.6,15.6,Responder
9767,32,47,Female,Severe,Medium,Control,87.6,77.2,10.4,Responder
9768,32,49,Male,Mild,Medium,Treatment,42.2,19.8,22.4,Responder
9769,16,59,Female,Moderate,Medium,Control,67.6,61.5,6.1,Non-Responder
9770,15,53,Female,Mild,Low,Control,57.5,45.0,12.5,Responder
9771,25,63,Female,Moderate,High,Control,62.9,45.0,17.9,Responder
9772,6,82,Male,Mild,Low,Control,61.5,66.3,-4.8,Non-Responder
9773,32,37,Male,Moderate,Low,Control,64.4,54.8,9.6,Non-Responder
9774,3,53,Male,Moderate,High,Control,61.0,35.3,25.7,Responder
9775,27,54,Male,Moderate,High,Treatment,66.9,49.5,17.4,Responder
9776,9,52,Male,Moderate,Medium,Control,36.1,33.7,2.4,Non-Responder
9777,7,70,Female,Mild,Medium,Treatment,63.8,53.0,10.8,Responder
9778,10,59,Female,Mild,Medium,Treatment,45.0,32.6,12.4,Responder
9779,10,58,Female,Moderate,Low,Control,60.6,48.5,12.1,Responder
9780,17,40,Female,Moderate,Medium,Control,58.7,59.1,-0.4,Non-Responder
9781,22,44,Male,Moderate,Medium,Treatment,52.4,42.3,10.1,Responder
9782,40,36,Male,Moderate,Low,Control,78.8,70.2,8.6,Non-Responder
9783,34,41,Female,Moderate,Low,Control,69.3,50.3,19.0,Responder
9784,28,45,Female,Mild,Medium,Treatment,67.9,59.4,8.5,Non-Responder
9785,17,56,Female,Mild,Low,Treatment,40.1,23.2,16.9,Responder
9786,29,44,Male,Moderate,Medium,Control,67.7,48.0,19.7,Responder
9787,39,59,Female,Mild,High,Treatment,48.1,51.2,-3.1,Non-Responder
9788,34,45,Male,Mild,Medium,Control,66.0,69.8,-3.8,Non-Responder
9789,19,31,Female,Mild,Low,Control,72.8,70.5,2.3,Non-Responder
9790,24,47,Female,Moderate,High,Control,73.9,72.9,1.0,Non-Responder
9791,40,77,Female,Severe,Low,Treatment,62.4,53.6,8.8,Non-Responder
9792,35,45,Female,Moderate,Low,Control,68.7,63.5,5.2,Non-Responder
9793,26,41,Female,Moderate,Low,Control,61.8,65.5,-3.7,Non-Responder
9794,2,54,Male,Moderate,Low,Treatment,48.3,20.6,27.7,Responder
9795,27,52,Female,Moderate,Medium,Treatment,68.4,46.0,22.4,Responder
9796,10,33,Male,Mild,Low,Control,57.0,48.8,8.2,Non-Responder
9797,30,49,Female,Mild,Low,Treatment,58.7,66.3,-7.6,Non-Responder
9798,2,60,Male,Moderate,Low,Control,72.9,63.4,9.5,Non-Responder
9799,20,45,Female,Mild,Low,Control,52.0,35.0,17.0,Responder
9800,19,44,Female,Severe,High,Treatment,73.6,57.3,16.3,Responder
9801,25,54,Female,Mild,High,Control,45.6,38.5,7.1,Non-Responder
9802,25,39,Male,Severe,Medium,Treatment,71.7,56.4,15.3,Responder
9803,31,44,Female,Mild,Low,Control,56.1,59.7,-3.6,Non-Responder
9804,8,45,Female,Moderate,Medium,Control,38.5,26.1,12.4,Responder
9805,35,58,Female,Mild,Low,Control,42.1,44.0,-1.9,Non-Responder
9806,29,56,Female,Mild,High,Treatment,61.0,54.9,6.1,Non-Responder
9807,13,57,Female,Mild,Low,Control,48.6,43.7,4.9,Non-Responder
9808,11,52,Male,Moderate,Low,Control,55.9,49.1,6.8,Non-Responder
9809,3,51,Female,Severe,Medium,Control,70.5,44.4,26.1,Responder
9810,6,48,Male,Moderate,Low,Treatment,67.6,47.0,20.6,Responder
9811,24,67,Male,Moderate,High,Treatment,71.9,44.8,27.1,Responder
9812,25,45,Female,Moderate,Medium,Control,56.5,48.3,8.2,Non-Responder
9813,4,72,Male,Moderate,Low,Control,52.5,42.3,10.2,Responder
9814,34,52,Female,Moderate,Unknown,Control,70.7,60.4,10.3,Responder
9815,40,75,Male,Severe,Medium,Control,74.3,65.9,8.4,Non-Responder
9816,2,72,Female,Severe,Medium,Treatment,65.4,46.3,19.1,Responder
9817,2,57,Female,Mild,Medium,Control,70.6,69.2,1.4,Non-Responder
9818,1,43,Male,Severe,Medium,Treatment,57.4,56.4,1.0,Non-Responder
9819,18,60,Female,Severe,Medium,Control,63.7,61.8,1.9,Non-Responder
9820,27,63,Male,Moderate,High,Control,67.5,43.0,24.5,Responder
9821,2,55,Female,Moderate,Low,Control,54.1,45.3,8.8,Non-Responder
9822,7,44,Male,Moderate,Medium,Treatment,59.6,24.0,35.6,Responder
9823,3,62,Female,Severe,Low,Control,70.9,51.9,19.0,Responder
9824,27,34,Female,Severe,Medium,Control,59.9,42.0,17.9,Responder
9825,39,73,Female,Moderate,Low,Treatment,63.5,49.8,13.7,Responder
9826,13,56,Female,Moderate,Medium,Control,55.4,39.6,15.8,Responder
9827,3,71,Male,Mild,Medium,Control,53.2,43.2,10.0,Responder
9828,7,64,Female,Mild,High,Treatment,38.3,28.9,9.4,Non-Responder
9829,4,57,Female,Moderate,Medium,Treatment,49.2,33.9,15.3,Responder
9830,17,29,Female,Moderate,Low,Control,68.3,67.4,0.9,Non-Responder
9831,36,53,Male,Moderate,Medium,Treatment,49.3,8.2,41.1,Responder
9832,21,42,Male,Mild,Medium,Control,54.5,52.3,2.2,Non-Responder
9833,37,43,Female,Moderate,Medium,Control,70.2,77.5,-7.3,Non-Responder
9834,32,64,Female,Mild,Medium,Control,66.3,74.0,-7.7,Non-Responder
9835,14,48,Male,Severe,Low,Control,68.1,68.2,-0.1,Non-Responder
9836,13,61,Female,Severe,High,Treatment,61.7,36.8,24.9,Responder
9837,19,51,Male,Moderate,Medium,Control,41.5,24.9,16.6,Responder
9838,1,47,Male,Moderate,Medium,Control,72.2,73.2,-1.0,Non-Responder
9839,36,30,Male,Severe,Low,Control,57.8,52.0,5.8,Non-Responder
9840,33,44,Female,Mild,Medium,Treatment,60.5,61.4,-0.9,Non-Responder
9841,5,50,Male,Mild,Medium,Control,43.1,41.9,1.2,Non-Responder
9842,11,63,Female,Severe,Medium,Treatment,59.0,34.0,25.0,Responder
9843,30,53,Female,Mild,High,Control,61.7,58.1,3.6,Non-Responder
9844,6,63,Male,Severe,Medium,Treatment,84.6,59.6,25.0,Responder
9845,3,69,Male,Mild,Unknown,Treatment,45.3,33.1,12.2,Responder
9846,6,55,Female,Moderate,Medium,Treatment,57.0,39.6,17.4,Responder
9847,11,56,Female,Mild,Medium,Treatment,50.5,34.1,16.4,Responder
9848,34,35,Female,Moderate,Low,Treatment,48.6,39.6,9.0,Non-Responder
9849,39,53,Male,Moderate,Medium,Treatment,61.2,52.8,8.4,Non-Responder
9850,6,57,Male,Moderate,Low,Control,60.9,30.5,30.4,Responder
9851,32,43,Female,Severe,Low,Control,68.2,55.1,13.1,Responder
9852,24,50,Female,Moderate,Low,Control,50.6,50.7,-0.1,Non-Responder
9853,2,70,Female,Moderate,Low,Treatment,68.3,53.6,14.7,Responder
9854,29,41,Male,Moderate,Low,Treatment,68.3,54.5,13.8,Responder
9855,19,55,Male,Moderate,High,Control,67.3,51.5,15.8,Responder
9856,6,52,Male,Mild,Medium,Control,59.6,59.0,0.6,Non-Responder
9857,31,55,Male,Severe,Low,Control,76.9,61.7,15.2,Responder
9858,29,62,Male,Moderate,Low,Treatment,60.4,50.4,10.0,Responder
9859,18,77,Female,Severe,Low,Treatment,64.3,56.4,7.9,Non-Responder
9860,6,49,Female,Mild,Medium,Control,58.3,45.0,13.3,Responder
9861,29,58,Female,Severe,High,Control,67.5,58.5,9.0,Non-Responder
9862,22,63,Female,Severe,Low,Treatment,60.4,62.0,-1.6,Non-Responder
9863,22,36,Male,Mild,Low,Treatment,50.9,49.1,1.8,Non-Responder
9864,7,37,Female,Severe,Low,Control,64.7,52.7,12.0,Responder
9865,40,47,Male,Moderate,Low,Control,61.2,60.9,0.3,Non-Responder
9866,32,57,Male,Moderate,Low,Treatment,66.1,44.1,22.0,Responder
9867,29,73,Female,Mild,High,Control,62.2,44.3,17.9,Responder
9868,39,54,Female,Moderate,High,Treatment,66.5,52.7,13.8,Responder
9869,40,59,Male,Severe,Medium,Control,57.3,29.1,28.2,Responder
9870,17,63,Female,Severe,High,Treatment,66.8,50.8,16.0,Responder
9871,34,42,Male,Severe,Medium,Treatment,70.7,61.4,9.3,Non-Responder
9872,9,61,Female,Moderate,Medium,Treatment,71.3,55.4,15.9,Responder
9873,30,50,Female,Mild,Medium,Control,53.0,37.8,15.2,Responder
9874,20,46,Female,Severe,Low,Control,76.7,70.1,6.6,Non-Responder
9875,8,67,Male,Mild,Medium,Treatment,59.5,51.6,7.9,Non-Responder
9876,28,69,Male,Severe,Low,Treatment,56.0,44.7,11.3,Responder
9877,38,59,Male,Moderate,Low,Control,54.7,42.3,12.4,Responder
9878,9,51,Male,Mild,Low,Control,42.7,46.5,-3.8,Non-Responder
9879,32,63,Female,Moderate,Medium,Control,67.1,52.9,14.2,Responder
9880,31,49,Female,Moderate,Medium,Control,83.3,67.5,15.8,Responder
9881,20,61,Male,Severe,Medium,Treatment,76.0,65.6,10.4,Responder
9882,19,46,Female,Mild,High,Control,59.2,48.0,11.2,Responder
9883,9,58,Male,Moderate,Low,Control,73.4,63.0,10.4,Responder
9884,30,49,Male,Moderate,Low,Control,67.2,73.0,-5.8,Non-Responder
9885,34,53,Male,Moderate,Low,Treatment,56.4,40.4,16.0,Responder
9886,30,36,Male,Mild,Medium,Control,65.8,40.0,25.8,Responder
9887,24,60,Male,Mild,Medium,Control,50.2,35.2,15.0,Responder
9888,3,56,Female,Moderate,Medium,Treatment,40.5,11.8,28.7,Responder
9889,31,59,Female,Mild,Medium,Treatment,62.7,32.5,30.2,Responder
9890,39,64,Male,Moderate,Medium,Treatment,48.6,21.6,27.0,Responder
9891,18,48,Male,Moderate,Medium,Control,60.0,48.4,11.6,Responder
9892,20,53,Male,Severe,Medium,Treatment,69.6,59.3,10.3,Responder
9893,40,68,Male,Moderate,Low,Treatment,75.7,56.6,19.1,Responder
9894,2,45,Female,Moderate,Medium,Treatment,60.4,45.4,15.0,Responder
9895,32,48,Female,Moderate,Low,Treatment,57.9,51.6,6.3,Non-Responder
9896,31,45,Female,Severe,Unknown,Treatment,75.7,50.4,25.3,Responder
9897,39,54,Male,Mild,Low,Treatment,65.1,55.3,9.8,Non-Responder
9898,23,79,Male,Moderate,Low,Control,66.7,54.0,12.7,Responder
9899,37,47,Female,Moderate,Low,Control,51.8,48.5,3.3,Non-Responder
9900,35,43,Female,Severe,Medium,Control,58.7,51.9,6.8,Non-Responder
9901,38,48,Male,Moderate,Low,Treatment,79.2,51.6,27.6,Responder
9902,3,54,Female,Moderate,High,Control,63.7,54.3,9.4,Non-Responder
9903,11,61,Male,Mild,Low,Control,47.4,37.7,9.7,Non-Responder
9904,13,54,Female,Moderate,Low,Treatment,90.7,82.6,8.1,Non-Responder
9905,36,48,Female,Moderate,Medium,Treatment,50.4,38.2,12.2,Responder
9906,8,49,Male,Moderate,Low,Treatment,32.8,19.5,13.3,Responder
9907,12,58,Female,Mild,Low,Control,54.0,42.6,11.4,Responder
9908,22,35,Male,Mild,Low,Control,47.3,33.8,13.5,Responder
9909,35,57,Male,Mild,Medium,Control,46.2,20.7,25.5,Responder
9910,9,34,Male,Severe,Low,Control,78.6,81.6,-3.0,Non-Responder
9911,29,54,Male,Moderate,High,Treatment,69.8,46.8,23.0,Responder
9912,29,46,Male,Moderate,Medium,Treatment,55.9,32.9,23.0,Responder
9913,24,36,Female,Mild,Medium,Treatment,66.4,54.1,12.3,Responder
9914,33,54,Female,Mild,Medium,Treatment,51.9,35.0,16.9,Responder
9915,1,79,Male,Mild,Low,Treatment,68.3,52.6,15.7,Responder
9916,14,36,Female,Mild,Low,Control,65.8,69.1,-3.3,Non-Responder
9917,38,66,Female,Mild,Low,Treatment,55.3,40.0,15.3,Responder
9918,15,62,Male,Severe,Low,Control,85.4,73.6,11.8,Responder
9919,14,46,Female,Moderate,Medium,Treatment,72.8,68.9,3.9,Non-Responder
9920,7,68,Female,Moderate,Low,Control,65.4,50.1,15.3,Responder
9921,40,53,Female,Moderate,Low,Treatment,73.5,65.0,8.5,Non-Responder
9922,17,44,Female,Severe,Low,Treatment,91.7,76.3,15.4,Responder
9923,17,44,Male,Moderate,Medium,Control,64.6,68.4,-3.8,Non-Responder
9924,20,47,Male,Moderate,Medium,Treatment,64.7,48.4,16.3,Responder
9925,20,57,Female,Moderate,High,Control,69.6,76.9,-7.3,Non-Responder
9926,17,77,Female,Severe,Medium,Treatment,59.1,42.1,17.0,Responder
9927,12,43,Male,Mild,Low,Control,38.2,33.6,4.6,Non-Responder
9928,15,51,Female,Mild,Low,Treatment,53.7,37.8,15.9,Responder
9929,26,63,Female,Moderate,High,Treatment,59.1,47.1,12.0,Responder
9930,33,59,Male,Severe,Low,Treatment,72.3,46.5,25.8,Responder
9931,26,59,Male,Severe,Low,Control,61.9,59.2,2.7,Non-Responder
9932,19,58,Male,Moderate,Low,Treatment,72.2,54.4,17.8,Responder
9933,17,34,Female,Moderate,High,Treatment,56.5,33.5,23.0,Responder
9934,7,48,Male,Severe,Medium,Control,54.8,37.9,16.9,Responder
9935,8,59,Male,Severe,Medium,Control,61.8,50.2,11.6,Responder
9936,9,61,Female,Moderate,High,Control,58.5,47.1,11.4,Responder
9937,38,45,Female,Severe,Low,Control,87.3,68.3,19.0,Responder
9938,30,29,Female,Moderate,Low,Treatment,45.8,25.2,20.6,Responder
9939,18,57,Male,Moderate,Low,Control,59.5,41.5,18.0,Responder
9940,36,34,Female,Mild,Medium,Control,53.6,53.3,0.3,Non-Responder
9941,4,45,Male,Severe,Low,Control,74.3,66.0,8.3,Non-Responder
9942,11,57,Male,Mild,Low,Control,70.1,58.7,11.4,Responder
9943,7,27,Male,Moderate,Medium,Control,40.5,28.9,11.6,Responder
9944,16,57,Male,Moderate,Medium,Control,55.0,63.8,-8.8,Non-Responder
9945,40,62,Male,Moderate,Low,Treatment,65.3,36.3,29.0,Responder
9946,9,27,Male,Moderate,Low,Control,72.5,67.1,5.4,Non-Responder
9947,2,45,Female,Moderate,High,Treatment,70.3,53.1,17.2,Responder
9948,36,48,Female,Moderate,Low,Treatment,50.3,35.8,14.5,Responder
9949,37,62,Female,Moderate,Medium,Treatment,47.7,38.9,8.8,Non-Responder
9950,28,47,Male,Mild,High,Control,66.5,51.9,14.6,Responder
9951,15,40,Female,Moderate,Low,Control,66.1,58.7,7.4,Non-Responder
9952,22,57,Female,Mild,Medium,Control,55.6,47.1,8.5,Non-Responder
9953,17,54,Female,Severe,Low,Treatment,70.5,51.5,19.0,Responder
9954,18,28,Female,Moderate,Low,Treatment,57.4,54.5,2.9,Non-Responder
9955,14,59,Female,Moderate,Medium,Treatment,58.5,51.7,6.8,Non-Responder
9956,20,46,Female,Mild,Low,Treatment,45.4,25.6,19.8,Responder
9957,22,60,Male,Moderate,Medium,Treatment,72.7,55.8,16.9,Responder
9958,6,51,Female,Mild,Medium,Control,32.7,26.0,6.7,Non-Responder
9959,1,25,Male,Moderate,Medium,Treatment,68.3,63.0,5.3,Non-Responder
9960,15,57,Female,Mild,Medium,Control,55.5,50.4,5.1,Non-Responder
9961,7,69,Female,Severe,High,Treatment,52.3,34.8,17.5,Responder
9962,12,42,Male,Mild,Medium,Control,57.5,57.3,0.2,Non-Responder
9963,38,64,Male,Severe,High,Control,83.2,80.0,3.2,Non-Responder
9964,13,55,Male,Mild,Medium,Control,73.3,57.9,15.4,Responder
9965,26,50,Female,Moderate,Medium,Control,54.8,27.1,27.7,Responder
9966,17,73,Male,Moderate,Low,Control,70.3,58.8,11.5,Responder
9967,8,33,Male,Moderate,Medium,Treatment,68.5,58.2,10.3,Responder
9968,3,50,Male,Mild,Medium,Control,65.3,61.3,4.0,Non-Responder
9969,8,44,Female,Moderate,Low,Control,70.1,44.0,26.1,Responder
9970,31,70,Male,Mild,Medium,Control,46.2,24.7,21.5,Responder
9971,10,63,Female,Mild,Low,Treatment,49.3,36.4,12.9,Responder
9972,4,38,Male,Moderate,Low,Treatment,62.5,40.4,22.1,Responder
9973,15,40,Female,Severe,Low,Control,90.1,81.4,8.7,Non-Responder
9974,12,42,Male,Mild,Medium,Control,49.2,43.5,5.7,Non-Responder
9975,40,72,Female,Mild,Medium,Control,52.1,35.8,16.3,Responder
9976,25,53,Female,Moderate,Medium,Control,54.4,43.1,11.3,Responder
9977,16,23,Male,Mild,Low,Treatment,49.8,33.9,15.9,Responder
9978,35,18,Male,Mild,Low,Treatment,53.6,41.3,12.3,Responder
9979,33,31,Male,Moderate,Medium,Control,73.2,43.6,29.6,Responder
9980,32,52,Female,Mild,High,Treatment,70.6,71.3,-0.7,Non-Responder
9981,9,40,Male,Moderate,Low,Control,55.6,53.2,2.4,Non-Responder
9982,23,60,Female,Severe,Medium,Treatment,77.0,56.8,20.2,Responder
9983,26,45,Male,Moderate,Medium,Treatment,72.3,63.6,8.7,Non-Responder
9984,25,54,Female,Severe,Medium,Control,70.2,60.2,10.0,Responder
9985,9,44,Female,Severe,Medium,Treatment,74.5,49.2,25.3,Responder
9986,27,73,Male,Mild,Medium,Control,62.9,53.4,9.5,Non-Responder
9987,12,25,Female,Mild,Low,Control,60.0,50.4,9.6,Non-Responder
9988,5,57,Male,Moderate,Medium,Control,61.4,44.2,17.2,Responder
9989,23,67,Female,Moderate,Low,Treatment,51.0,29.4,21.6,Responder
9990,10,67,Male,Moderate,Medium,Control,82.0,77.1,4.9,Non-Responder
9991,30,63,Female,Severe,Medium,Treatment,59.1,48.1,11.0,Responder
9992,5,55,Male,Mild,Low,Control,66.5,48.1,18.4,Responder
9993,40,49,Male,Mild,Low,Treatment,65.1,49.2,15.9,Responder
9994,20,69,Male,Mild,Low,Control,46.7,45.6,1.1,Non-Responder
9995,38,73,Female,Moderate,Medium,Control,66.1,64.1,2.0,Non-Responder
9996,32,62,Female,Moderate,Low,Control,54.8,48.8,6.0,Non-Responder
9997,3,58,Female,Moderate,Medium,Control,68.0,58.2,9.8,Non-Responder
9998,6,51,Female,Moderate,Medium,Control,74.2,54.9,19.3,Responder
9999,30,51,Male,Mild,Medium,Control,55.1,50.4,4.7,Non-Responder
10000,19,58,Female,Moderate,Medium,Treatment,59.9,32.4,27.5,Responder
