Participant_ID,Treatment_Arm,Randomization_Date,Product_Code
1,Control,2024-04-22,CONTROL
2,Treatment,2024-03-29,PROD-A
3,Control,2024-02-19,CONTROL
4,Control,2024-06-09,CONTROL
5,Control,2024-06-03,CONTROL
6,Treatment,2024-03-27,PROD-A
7,Treatment,2024-03-14,PROD-A
8,Control,2024-03-21,CONTROL
9,Control,2024-02-13,CONTROL
10,Control,2024-01-18,CONTROL
11,Control,2024-01-06,CONTROL
12,Treatment,2024-01-09,PROD-A
13,Treatment,2024-03-21,PROD-A
14,Treatment,2024-05-13,PROD-A
15,Control,2024-02-02,CONTROL
16,Treatment,2024-01-03,PROD-A
17,Control,2024-03-27,CONTROL
18,Control,2024-05-02,CONTROL
19,Control,2024-03-16,CONTROL
20,Treatment,2024-06-27,PROD-A
21,Control,2024-03-25,CONTROL
22,Control,2024-05-24,CONTROL
23,Control,2024-03-03,CONTROL
24,Control,2024-05-22,CONTROL
25,Treatment,2024-04-23,PROD-A
26,Control,2024-01-27,CONTROL
27,Control,2024-03-30,CONTROL
28,Control,2024-03-26,CONTROL
29,Treatment,2024-05-06,PROD-A
30,Control,2024-02-08,CONTROL
31,Control,2024-06-11,CONTROL
32,Control,2024-03-10,CONTROL
33,Control,2024-04-29,CONTROL
34,Treatment,2024-02-03,PROD-A
35,Treatment,2024-03-01,PROD-A
36,Treatment,2024-04-03,PROD-A
37,Treatment,2024-01-04,PROD-A
38,Treatment,2024-06-01,PROD-A
39,Control,2024-05-01,CONTROL
40,Control,2024-03-03,CONTROL
41,Treatment,2024-04-23,PROD-A
42,Control,2024-05-24,CONTROL
43,Treatment,2024-03-01,PROD-A
44,Control,2024-05-24,CONTROL
45,Control,2024-06-02,CONTROL
46,Treatment,2024-04-25,PROD-A
47,Treatment,2024-04-22,PROD-A
48,Control,2024-02-22,CONTROL
49,Treatment,2024-02-05,PROD-A
50,Control,2024-05-05,CONTROL
51,Control,2024-03-04,CONTROL
52,Control,2024-03-14,CONTROL
53,Treatment,2024-05-10,PROD-A
54,Control,2024-04-18,CONTROL
55,Control,2024-01-12,CONTROL
56,Treatment,2024-06-03,PROD-A
57,Treatment,2024-03-21,PROD-A
58,Control,2024-02-13,CONTROL
59,Treatment,2024-05-29,PROD-A
60,Control,2024-04-10,CONTROL
61,Treatment,2024-06-18,PROD-A
62,Control,2024-06-03,CONTROL
63,Treatment,2024-01-12,PROD-A
64,Control,2024-04-12,CONTROL
65,Control,2024-05-26,CONTROL
66,Treatment,2024-06-28,PROD-A
67,Control,2024-02-27,CONTROL
68,Treatment,2024-03-20,PROD-A
69,Treatment,2024-06-17,PROD-A
70,Treatment,2024-01-30,PROD-A
71,Control,2024-01-30,CONTROL
72,Treatment,2024-04-11,PROD-A
73,Control,2024-06-21,CONTROL
74,Treatment,2024-05-09,PROD-A
75,Control,2024-06-28,CONTROL
76,Treatment,2024-02-05,PROD-A
77,Treatment,2024-04-10,PROD-A
78,Control,2024-06-02,CONTROL
79,Treatment,2024-05-08,PROD-A
80,Control,2024-01-10,CONTROL
81,Treatment,2024-02-22,PROD-A
82,Treatment,2024-05-31,PROD-A
83,Control,2024-03-11,CONTROL
84,Treatment,2024-02-08,PROD-A
85,Treatment,2024-05-18,PROD-A
86,Control,2024-03-01,CONTROL
87,Control,2024-05-21,CONTROL
88,Control,2024-05-04,CONTROL
89,Control,2024-05-03,CONTROL
90,Treatment,2024-06-06,PROD-A
91,Control,2024-02-23,CONTROL
92,Treatment,2024-01-25,PROD-A
93,Treatment,2024-04-16,PROD-A
94,Control,2024-01-30,CONTROL
95,Treatment,2024-04-17,PROD-A
96,Treatment,2024-06-07,PROD-A
97,Treatment,2024-02-08,PROD-A
98,Treatment,2024-05-01,PROD-A
99,Treatment,2024-05-31,PROD-A
100,Treatment,2024-06-13,PROD-A
101,Treatment,2024-01-02,PROD-A
102,Treatment,2024-02-25,PROD-A
103,Control,2024-01-11,CONTROL
104,Control,2024-03-11,CONTROL
105,Treatment,2024-01-14,PROD-A
106,Control,2024-05-26,CONTROL
107,Treatment,2024-02-25,PROD-A
108,Control,2024-05-30,CONTROL
109,Treatment,2024-02-13,PROD-A
110,Control,2024-02-20,CONTROL
111,Control,2024-05-22,CONTROL
112,Treatment,2024-03-17,PROD-A
113,Treatment,2024-03-12,PROD-A
114,Treatment,2024-06-07,PROD-A
115,Treatment,2024-02-05,PROD-A
116,Control,2024-04-30,CONTROL
117,Treatment,2024-05-06,PROD-A
118,Control,2024-04-20,CONTROL
119,Control,2024-05-18,CONTROL
120,Treatment,2024-04-29,PROD-A
121,Treatment,2024-02-27,PROD-A
122,Treatment,2024-05-03,PROD-A
123,Treatment,2024-04-16,PROD-A
124,Treatment,2024-01-06,PROD-A
125,Treatment,2024-06-08,PROD-A
126,Control,2024-02-01,CONTROL
127,Treatment,2024-04-27,PROD-A
128,Treatment,2024-06-13,PROD-A
129,Control,2024-05-12,CONTROL
130,Control,2024-02-17,CONTROL
131,Control,2024-05-14,CONTROL
132,Treatment,2024-04-29,PROD-A
133,Control,2024-04-28,CONTROL
134,Control,2024-03-07,CONTROL
135,Treatment,2024-03-22,PROD-A
136,Control,2024-02-07,CONTROL
137,Control,2024-04-08,CONTROL
138,Treatment,2024-06-20,PROD-A
139,Control,2024-02-06,CONTROL
140,Control,2024-03-03,CONTROL
141,Treatment,2024-01-07,PROD-A
142,Treatment,2024-06-08,PROD-A
143,Control,2024-04-14,CONTROL
144,Control,2024-05-19,CONTROL
145,Treatment,2024-03-21,PROD-A
146,Treatment,2024-05-26,PROD-A
147,Treatment,2024-02-26,PROD-A
148,Treatment,2024-02-18,PROD-A
149,Treatment,2024-02-01,PROD-A
150,Treatment,2024-05-08,PROD-A
151,Control,2024-03-22,CONTROL
152,Treatment,2024-03-05,PROD-A
153,Control,2024-06-01,CONTROL
154,Treatment,2024-03-17,PROD-A
155,Treatment,2024-04-19,PROD-A
156,Treatment,2024-05-24,PROD-A
157,Treatment,2024-04-16,PROD-A
158,Control,2024-04-27,CONTROL
159,Control,2024-02-14,CONTROL
160,Treatment,2024-01-21,PROD-A
161,Control,2024-06-28,CONTROL
162,Treatment,2024-01-02,PROD-A
163,Treatment,2024-04-07,PROD-A
164,Control,2024-01-03,CONTROL
165,Treatment,2024-04-17,PROD-A
166,Control,2024-06-28,CONTROL
167,Treatment,2024-03-31,PROD-A
168,Control,2024-04-01,CONTROL
169,Treatment,2024-03-30,PROD-A
170,Treatment,2024-05-04,PROD-A
171,Control,2024-06-18,CONTROL
172,Treatment,2024-02-15,PROD-A
173,Control,2024-03-16,CONTROL
174,Treatment,2024-05-07,PROD-A
175,Treatment,2024-06-03,PROD-A
176,Treatment,2024-06-07,PROD-A
177,Treatment,2024-03-01,PROD-A
178,Control,2024-01-22,CONTROL
179,Treatment,2024-05-23,PROD-A
180,Treatment,2024-01-26,PROD-A
181,Treatment,2024-04-09,PROD-A
182,Control,2024-05-17,CONTROL
183,Control,2024-02-17,CONTROL
184,Control,2024-03-14,CONTROL
185,Treatment,2024-01-03,PROD-A
186,Treatment,2024-06-15,PROD-A
187,Treatment,2024-01-11,PROD-A
188,Control,2024-03-10,CONTROL
189,Control,2024-04-16,CONTROL
190,Control,2024-02-23,CONTROL
191,Control,2024-01-23,CONTROL
192,Treatment,2024-04-10,PROD-A
193,Treatment,2024-02-08,PROD-A
194,Control,2024-03-19,CONTROL
195,Control,2024-04-21,CONTROL
196,Control,2024-05-09,CONTROL
197,Control,2024-01-24,CONTROL
198,Treatment,2024-04-28,PROD-A
199,Treatment,2024-03-01,PROD-A
200,Treatment,2024-03-17,PROD-A
201,Control,2024-03-08,CONTROL
202,Treatment,2024-01-12,PROD-A
203,Control,2024-01-06,CONTROL
204,Control,2024-05-18,CONTROL
205,Control,2024-01-13,CONTROL
206,Control,2024-04-22,CONTROL
207,Control,2024-01-06,CONTROL
208,Control,2024-03-25,CONTROL
209,Treatment,2024-04-20,PROD-A
210,Treatment,2024-06-24,PROD-A
211,Treatment,2024-05-26,PROD-A
212,Control,2024-03-25,CONTROL
213,Control,2024-03-04,CONTROL
214,Treatment,2024-01-10,PROD-A
215,Control,2024-03-22,CONTROL
216,Control,2024-04-21,CONTROL
217,Treatment,2024-03-09,PROD-A
218,Control,2024-01-07,CONTROL
219,Control,2024-03-28,CONTROL
220,Treatment,2024-02-29,PROD-A
221,Control,2024-05-15,CONTROL
222,Treatment,2024-06-21,PROD-A
223,Control,2024-05-01,CONTROL
224,Control,2024-04-20,CONTROL
225,Treatment,2024-06-27,PROD-A
226,Treatment,2024-05-31,PROD-A
227,Treatment,2024-03-17,PROD-A
228,Treatment,2024-05-20,PROD-A
229,Treatment,2024-06-05,PROD-A
230,Treatment,2024-05-04,PROD-A
231,Treatment,2024-06-09,PROD-A
232,Treatment,2024-03-11,PROD-A
233,Treatment,2024-01-03,PROD-A
234,Treatment,2024-04-27,PROD-A
235,Control,2024-05-07,CONTROL
236,Control,2024-02-29,CONTROL
237,Control,2024-01-31,CONTROL
238,Control,2024-06-24,CONTROL
239,Control,2024-02-10,CONTROL
240,Treatment,2024-04-13,PROD-A
241,Control,2024-04-28,CONTROL
242,Treatment,2024-06-03,PROD-A
243,Control,2024-05-03,CONTROL
244,Control,2024-02-01,CONTROL
245,Treatment,2024-06-06,PROD-A
246,Treatment,2024-01-10,PROD-A
247,Treatment,2024-06-28,PROD-A
248,Control,2024-05-15,CONTROL
249,Control,2024-05-19,CONTROL
250,Control,2024-03-04,CONTROL
251,Control,2024-05-23,CONTROL
252,Treatment,2024-03-26,PROD-A
253,Treatment,2024-01-24,PROD-A
254,Treatment,2024-02-28,PROD-A
255,Control,2024-01-02,CONTROL
256,Treatment,2024-01-09,PROD-A
257,Control,2024-06-06,CONTROL
258,Treatment,2024-02-19,PROD-A
259,Treatment,2024-05-10,PROD-A
260,Control,2024-03-12,CONTROL
261,Treatment,2024-02-08,PROD-A
262,Control,2024-04-22,CONTROL
263,Treatment,2024-05-10,PROD-A
264,Treatment,2024-05-20,PROD-A
265,Treatment,2024-06-16,PROD-A
266,Control,2024-03-01,CONTROL
267,Treatment,2024-06-23,PROD-A
268,Treatment,2024-01-13,PROD-A
269,Treatment,2024-05-31,PROD-A
270,Control,2024-05-21,CONTROL
271,Treatment,2024-03-30,PROD-A
272,Control,2024-03-07,CONTROL
273,Treatment,2024-05-13,PROD-A
274,Treatment,2024-04-11,PROD-A
275,Control,2024-03-07,CONTROL
276,Control,2024-05-23,CONTROL
277,Treatment,2024-04-16,PROD-A
278,Treatment,2024-02-16,PROD-A
279,Control,2024-05-16,CONTROL
280,Control,2024-06-16,CONTROL
281,Control,2024-03-08,CONTROL
282,Control,2024-01-23,CONTROL
283,Treatment,2024-01-26,PROD-A
284,Control,2024-03-12,CONTROL
285,Control,2024-03-14,CONTROL
286,Control,2024-03-02,CONTROL
287,Control,2024-03-06,CONTROL
288,Control,2024-02-22,CONTROL
289,Treatment,2024-02-24,PROD-A
290,Control,2024-02-24,CONTROL
291,Treatment,2024-03-04,PROD-A
292,Control,2024-03-20,CONTROL
293,Treatment,2024-02-18,PROD-A
294,Treatment,2024-05-19,PROD-A
295,Treatment,2024-02-01,PROD-A
296,Control,2024-04-12,CONTROL
297,Control,2024-05-09,CONTROL
298,Control,2024-01-05,CONTROL
299,Treatment,2024-04-11,PROD-A
300,Control,2024-03-16,CONTROL
301,Treatment,2024-03-31,PROD-A
302,Treatment,2024-04-07,PROD-A
303,Treatment,2024-05-05,PROD-A
304,Control,2024-03-31,CONTROL
305,Control,2024-01-06,CONTROL
306,Control,2024-03-25,CONTROL
307,Treatment,2024-04-23,PROD-A
308,Treatment,2024-04-22,PROD-A
309,Control,2024-01-23,CONTROL
310,Treatment,2024-04-21,PROD-A
311,Control,2024-04-01,CONTROL
312,Treatment,2024-03-03,PROD-A
313,Treatment,2024-01-05,PROD-A
314,Treatment,2024-04-16,PROD-A
315,Control,2024-02-09,CONTROL
316,Control,2024-01-20,CONTROL
317,Treatment,2024-04-28,PROD-A
318,Treatment,2024-04-14,PROD-A
319,Control,2024-05-01,CONTROL
320,Treatment,2024-03-01,PROD-A
321,Control,2024-06-06,CONTROL
322,Control,2024-01-14,CONTROL
323,Treatment,2024-05-06,PROD-A
324,Treatment,2024-02-24,PROD-A
325,Treatment,2024-02-29,PROD-A
326,Treatment,2024-01-11,PROD-A
327,Treatment,2024-05-20,PROD-A
328,Treatment,2024-05-04,PROD-A
329,Treatment,2024-03-02,PROD-A
330,Treatment,2024-06-18,PROD-A
331,Control,2024-03-26,CONTROL
332,Treatment,2024-01-01,PROD-A
333,Control,2024-01-27,CONTROL
334,Treatment,2024-02-19,PROD-A
335,Treatment,2024-04-18,PROD-A
336,Control,2024-05-13,CONTROL
337,Treatment,2024-03-25,PROD-A
338,Treatment,2024-01-08,PROD-A
339,Treatment,2024-05-14,PROD-A
340,Control,2024-05-15,CONTROL
341,Treatment,2024-05-25,PROD-A
342,Treatment,2024-05-25,PROD-A
343,Treatment,2024-04-24,PROD-A
344,Control,2024-02-10,CONTROL
345,Treatment,2024-01-26,PROD-A
346,Control,2024-05-29,CONTROL
347,Control,2024-05-01,CONTROL
348,Treatment,2024-01-17,PROD-A
349,Treatment,2024-01-08,PROD-A
350,Treatment,2024-01-23,PROD-A
351,Treatment,2024-02-01,PROD-A
352,Treatment,2024-01-07,PROD-A
353,Control,2024-01-06,CONTROL
354,Control,2024-05-27,CONTROL
355,Treatment,2024-04-19,PROD-A
356,Treatment,2024-05-29,PROD-A
357,Control,2024-03-27,CONTROL
358,Treatment,2024-04-17,PROD-A
359,Treatment,2024-02-08,PROD-A
360,Treatment,2024-04-12,PROD-A
361,Treatment,2024-01-08,PROD-A
362,Treatment,2024-05-09,PROD-A
363,Treatment,2024-05-10,PROD-A
364,Treatment,2024-06-20,PROD-A
365,Control,2024-05-27,CONTROL
366,Control,2024-01-23,CONTROL
367,Control,2024-05-03,CONTROL
368,Control,2024-04-17,CONTROL
369,Control,2024-04-06,CONTROL
370,Control,2024-06-24,CONTROL
371,Control,2024-04-06,CONTROL
372,Control,2024-05-27,CONTROL
373,Treatment,2024-02-04,PROD-A
374,Treatment,2024-02-13,PROD-A
375,Control,2024-04-29,CONTROL
376,Control,2024-06-12,CONTROL
377,Control,2024-03-02,CONTROL
378,Treatment,2024-01-19,PROD-A
379,Control,2024-02-28,CONTROL
380,Control,2024-03-21,CONTROL
381,Treatment,2024-04-21,PROD-A
382,Control,2024-03-26,CONTROL
383,Treatment,2024-05-15,PROD-A
384,Control,2024-02-26,CONTROL
385,Treatment,2024-06-17,PROD-A
386,Control,2024-01-12,CONTROL
387,Control,2024-03-20,CONTROL
388,Treatment,2024-04-19,PROD-A
389,Control,2024-01-03,CONTROL
390,Control,2024-06-09,CONTROL
391,Control,2024-05-10,CONTROL
392,Control,2024-06-05,CONTROL
393,Treatment,2024-02-07,PROD-A
394,Treatment,2024-04-28,PROD-A
395,Control,2024-02-03,CONTROL
396,Treatment,2024-03-26,PROD-A
397,Treatment,2024-04-03,PROD-A
398,Treatment,2024-05-29,PROD-A
399,Control,2024-04-18,CONTROL
400,Control,2024-05-21,CONTROL
401,Treatment,2024-06-01,PROD-A
402,Treatment,2024-04-24,PROD-A
403,Treatment,2024-02-20,PROD-A
404,Treatment,2024-01-24,PROD-A
405,Control,2024-03-14,CONTROL
406,Control,2024-05-07,CONTROL
407,Treatment,2024-03-17,PROD-A
408,Control,2024-01-11,CONTROL
409,Control,2024-02-07,CONTROL
410,Control,2024-03-09,CONTROL
411,Treatment,2024-05-23,PROD-A
412,Control,2024-01-19,CONTROL
413,Control,2024-04-09,CONTROL
414,Treatment,2024-05-04,PROD-A
415,Treatment,2024-05-03,PROD-A
416,Control,2024-02-01,CONTROL
417,Control,2024-03-08,CONTROL
418,Treatment,2024-05-04,PROD-A
419,Treatment,2024-06-21,PROD-A
420,Control,2024-04-16,CONTROL
421,Control,2024-06-28,CONTROL
422,Treatment,2024-06-24,PROD-A
423,Treatment,2024-01-07,PROD-A
424,Treatment,2024-01-27,PROD-A
425,Treatment,2024-02-02,PROD-A
426,Treatment,2024-03-10,PROD-A
427,Control,2024-03-03,CONTROL
428,Control,2024-04-07,CONTROL
429,Control,2024-02-27,CONTROL
430,Control,2024-03-17,CONTROL
431,Treatment,2024-02-20,PROD-A
432,Treatment,2024-03-13,PROD-A
433,Control,2024-06-11,CONTROL
434,Treatment,2024-02-14,PROD-A
435,Treatment,2024-01-10,PROD-A
436,Treatment,2024-04-10,PROD-A
437,Treatment,2024-04-19,PROD-A
438,Treatment,2024-03-28,PROD-A
439,Control,2024-01-15,CONTROL
440,Treatment,2024-01-03,PROD-A
441,Control,2024-01-04,CONTROL
442,Treatment,2024-04-25,PROD-A
443,Treatment,2024-05-10,PROD-A
444,Control,2024-02-18,CONTROL
445,Treatment,2024-03-28,PROD-A
446,Treatment,2024-03-26,PROD-A
447,Control,2024-05-30,CONTROL
448,Treatment,2024-05-10,PROD-A
449,Treatment,2024-04-12,PROD-A
450,Control,2024-02-26,CONTROL
451,Treatment,2024-01-15,PROD-A
452,Control,2024-03-27,CONTROL
453,Treatment,2024-01-30,PROD-A
454,Treatment,2024-01-26,PROD-A
455,Treatment,2024-01-26,PROD-A
456,Treatment,2024-04-02,PROD-A
457,Treatment,2024-04-27,PROD-A
458,Control,2024-01-31,CONTROL
459,Treatment,2024-05-03,PROD-A
460,Control,2024-01-05,CONTROL
461,Treatment,2024-06-05,PROD-A
462,Treatment,2024-03-18,PROD-A
463,Control,2024-01-16,CONTROL
464,Treatment,2024-05-18,PROD-A
465,Treatment,2024-06-02,PROD-A
466,Control,2024-06-14,CONTROL
467,Treatment,2024-01-07,PROD-A
468,Treatment,2024-04-19,PROD-A
469,Control,2024-04-26,CONTROL
470,Treatment,2024-02-10,PROD-A
471,Control,2024-06-01,CONTROL
472,Control,2024-06-08,CONTROL
473,Control,2024-01-17,CONTROL
474,Control,2024-02-16,CONTROL
475,Treatment,2024-02-24,PROD-A
476,Control,2024-06-05,CONTROL
477,Treatment,2024-04-14,PROD-A
478,Treatment,2024-01-08,PROD-A
479,Treatment,2024-01-07,PROD-A
480,Treatment,2024-06-28,PROD-A
481,Treatment,2024-04-09,PROD-A
482,Control,2024-03-16,CONTROL
483,Treatment,2024-06-21,PROD-A
484,Control,2024-02-26,CONTROL
485,Control,2024-05-05,CONTROL
486,Treatment,2024-01-04,PROD-A
487,Control,2024-01-10,CONTROL
488,Control,2024-04-02,CONTROL
489,Control,2024-01-18,CONTROL
490,Control,2024-06-06,CONTROL
491,Control,2024-01-30,CONTROL
492,Control,2024-03-10,CONTROL
493,Treatment,2024-06-10,PROD-A
494,Treatment,2024-06-02,PROD-A
495,Treatment,2024-02-22,PROD-A
496,Control,2024-01-23,CONTROL
497,Treatment,2024-01-09,PROD-A
498,Treatment,2024-03-24,PROD-A
499,Control,2024-06-26,CONTROL
500,Control,2024-06-23,CONTROL
501,Treatment,2024-05-30,PROD-A
502,Treatment,2024-01-30,PROD-A
503,Treatment,2024-02-24,PROD-A
504,Control,2024-04-04,CONTROL
505,Treatment,2024-01-09,PROD-A
506,Treatment,2024-03-27,PROD-A
507,Treatment,2024-03-19,PROD-A
508,Treatment,2024-04-21,PROD-A
509,Treatment,2024-01-26,PROD-A
510,Treatment,2024-03-07,PROD-A
511,Treatment,2024-03-28,PROD-A
512,Control,2024-01-07,CONTROL
513,Control,2024-01-27,CONTROL
514,Control,2024-05-03,CONTROL
515,Treatment,2024-05-10,PROD-A
516,Treatment,2024-03-20,PROD-A
517,Control,2024-05-09,CONTROL
518,Control,2024-02-13,CONTROL
519,Control,2024-02-26,CONTROL
520,Control,2024-01-11,CONTROL
521,Control,2024-03-18,CONTROL
522,Treatment,2024-04-21,PROD-A
523,Control,2024-05-30,CONTROL
524,Treatment,2024-04-20,PROD-A
525,Treatment,2024-01-26,PROD-A
526,Treatment,2024-02-08,PROD-A
527,Treatment,2024-05-30,PROD-A
528,Control,2024-05-31,CONTROL
529,Treatment,2024-05-23,PROD-A
530,Treatment,2024-02-18,PROD-A
531,Treatment,2024-03-12,PROD-A
532,Control,2024-06-24,CONTROL
533,Control,2024-02-06,CONTROL
534,Control,2024-05-22,CONTROL
535,Treatment,2024-01-28,PROD-A
536,Control,2024-02-08,CONTROL
537,Treatment,2024-05-21,PROD-A
538,Treatment,2024-05-27,PROD-A
539,Control,2024-06-26,CONTROL
540,Control,2024-01-19,CONTROL
541,Treatment,2024-06-27,PROD-A
542,Treatment,2024-05-27,PROD-A
543,Treatment,2024-06-27,PROD-A
544,Treatment,2024-03-13,PROD-A
545,Treatment,2024-04-12,PROD-A
546,Treatment,2024-01-14,PROD-A
547,Treatment,2024-05-28,PROD-A
548,Treatment,2024-02-07,PROD-A
549,Control,2024-05-15,CONTROL
550,Treatment,2024-03-23,PROD-A
551,Treatment,2024-05-15,PROD-A
552,Control,2024-03-28,CONTROL
553,Treatment,2024-02-11,PROD-A
554,Treatment,2024-03-03,PROD-A
555,Treatment,2024-01-03,PROD-A
556,Control,2024-03-03,CONTROL
557,Treatment,2024-04-03,PROD-A
558,Treatment,2024-01-11,PROD-A
559,Treatment,2024-03-29,PROD-A
560,Control,2024-03-19,CONTROL
561,Treatment,2024-05-30,PROD-A
562,Treatment,2024-04-24,PROD-A
563,Treatment,2024-02-12,PROD-A
564,Control,2024-03-23,CONTROL
565,Treatment,2024-02-12,PROD-A
566,Control,2024-06-25,CONTROL
567,Control,2024-06-09,CONTROL
568,Treatment,2024-05-14,PROD-A
569,Control,2024-05-07,CONTROL
570,Control,2024-06-17,CONTROL
571,Control,2024-01-18,CONTROL
572,Control,2024-03-11,CONTROL
573,Control,2024-01-03,CONTROL
574,Treatment,2024-03-09,PROD-A
575,Treatment,2024-01-03,PROD-A
576,Control,2024-04-13,CONTROL
577,Treatment,2024-04-30,PROD-A
578,Treatment,2024-03-07,PROD-A
579,Treatment,2024-05-30,PROD-A
580,Control,2024-01-29,CONTROL
581,Treatment,2024-02-12,PROD-A
582,Treatment,2024-04-11,PROD-A
583,Control,2024-03-07,CONTROL
584,Treatment,2024-05-13,PROD-A
585,Treatment,2024-01-15,PROD-A
586,Treatment,2024-05-01,PROD-A
587,Treatment,2024-03-31,PROD-A
588,Control,2024-06-18,CONTROL
589,Treatment,2024-02-05,PROD-A
590,Control,2024-03-10,CONTROL
591,Control,2024-01-16,CONTROL
592,Control,2024-03-21,CONTROL
593,Treatment,2024-05-13,PROD-A
594,Treatment,2024-06-05,PROD-A
595,Control,2024-06-23,CONTROL
596,Control,2024-02-17,CONTROL
597,Treatment,2024-02-29,PROD-A
598,Treatment,2024-04-01,PROD-A
599,Control,2024-04-15,CONTROL
600,Control,2024-04-01,CONTROL
601,Treatment,2024-03-02,PROD-A
602,Treatment,2024-01-16,PROD-A
603,Control,2024-04-22,CONTROL
604,Treatment,2024-05-30,PROD-A
605,Treatment,2024-04-02,PROD-A
606,Treatment,2024-01-16,PROD-A
607,Control,2024-03-26,CONTROL
608,Treatment,2024-03-13,PROD-A
609,Treatment,2024-03-12,PROD-A
610,Control,2024-06-07,CONTROL
611,Treatment,2024-04-07,PROD-A
612,Treatment,2024-03-30,PROD-A
613,Control,2024-03-02,CONTROL
614,Control,2024-04-14,CONTROL
615,Treatment,2024-02-15,PROD-A
616,Treatment,2024-01-15,PROD-A
617,Treatment,2024-06-03,PROD-A
618,Control,2024-04-09,CONTROL
619,Control,2024-05-19,CONTROL
620,Control,2024-02-15,CONTROL
621,Treatment,2024-04-18,PROD-A
622,Treatment,2024-04-08,PROD-A
623,Treatment,2024-02-01,PROD-A
624,Treatment,2024-02-17,PROD-A
625,Control,2024-01-31,CONTROL
626,Control,2024-03-26,CONTROL
627,Treatment,2024-01-03,PROD-A
628,Treatment,2024-04-21,PROD-A
629,Treatment,2024-02-19,PROD-A
630,Control,2024-02-24,CONTROL
631,Treatment,2024-03-30,PROD-A
632,Control,2024-06-05,CONTROL
633,Control,2024-02-05,CONTROL
634,Control,2024-03-29,CONTROL
635,Treatment,2024-06-23,PROD-A
636,Treatment,2024-03-11,PROD-A
637,Control,2024-06-06,CONTROL
638,Treatment,2024-02-08,PROD-A
639,Control,2024-04-06,CONTROL
640,Treatment,2024-03-12,PROD-A
641,Treatment,2024-05-18,PROD-A
642,Control,2024-02-16,CONTROL
643,Control,2024-02-11,CONTROL
644,Treatment,2024-04-25,PROD-A
645,Treatment,2024-06-11,PROD-A
646,Control,2024-03-13,CONTROL
647,Control,2024-01-05,CONTROL
648,Control,2024-06-14,CONTROL
649,Treatment,2024-06-21,PROD-A
650,Treatment,2024-06-20,PROD-A
651,Control,2024-05-22,CONTROL
652,Control,2024-01-21,CONTROL
653,Treatment,2024-06-13,PROD-A
654,Control,2024-06-11,CONTROL
655,Control,2024-05-18,CONTROL
656,Treatment,2024-06-20,PROD-A
657,Treatment,2024-06-01,PROD-A
658,Control,2024-02-14,CONTROL
659,Treatment,2024-03-30,PROD-A
660,Treatment,2024-05-14,PROD-A
661,Treatment,2024-05-22,PROD-A
662,Control,2024-01-15,CONTROL
663,Treatment,2024-02-02,PROD-A
664,Treatment,2024-05-31,PROD-A
665,Treatment,2024-02-16,PROD-A
666,Control,2024-01-26,CONTROL
667,Control,2024-03-07,CONTROL
668,Control,2024-01-06,CONTROL
669,Control,2024-01-22,CONTROL
670,Treatment,2024-05-07,PROD-A
671,Treatment,2024-01-11,PROD-A
672,Treatment,2024-06-04,PROD-A
673,Control,2024-04-19,CONTROL
674,Treatment,2024-06-12,PROD-A
675,Control,2024-03-05,CONTROL
676,Treatment,2024-01-19,PROD-A
677,Control,2024-05-23,CONTROL
678,Control,2024-03-31,CONTROL
679,Treatment,2024-02-26,PROD-A
680,Control,2024-03-08,CONTROL
681,Control,2024-01-24,CONTROL
682,Control,2024-04-04,CONTROL
683,Control,2024-02-24,CONTROL
684,Control,2024-06-27,CONTROL
685,Control,2024-05-29,CONTROL
686,Control,2024-01-22,CONTROL
687,Treatment,2024-04-09,PROD-A
688,Treatment,2024-03-16,PROD-A
689,Treatment,2024-03-08,PROD-A
690,Control,2024-05-03,CONTROL
691,Control,2024-06-01,CONTROL
692,Control,2024-04-16,CONTROL
693,Treatment,2024-02-07,PROD-A
694,Treatment,2024-06-09,PROD-A
695,Control,2024-05-11,CONTROL
696,Treatment,2024-04-06,PROD-A
697,Control,2024-04-26,CONTROL
698,Treatment,2024-02-09,PROD-A
699,Control,2024-06-10,CONTROL
700,Treatment,2024-06-05,PROD-A
701,Treatment,2024-01-16,PROD-A
702,Control,2024-03-13,CONTROL
703,Control,2024-06-15,CONTROL
704,Treatment,2024-03-08,PROD-A
705,Treatment,2024-01-29,PROD-A
706,Control,2024-04-02,CONTROL
707,Treatment,2024-04-17,PROD-A
708,Control,2024-06-16,CONTROL
709,Control,2024-02-04,CONTROL
710,Treatment,2024-02-07,PROD-A
711,Control,2024-01-01,CONTROL
712,Control,2024-03-03,CONTROL
713,Treatment,2024-02-23,PROD-A
714,Treatment,2024-01-10,PROD-A
715,Treatment,2024-03-13,PROD-A
716,Treatment,2024-06-25,PROD-A
717,Control,2024-05-28,CONTROL
718,Control,2024-04-26,CONTROL
719,Control,2024-06-01,CONTROL
720,Control,2024-05-15,CONTROL
721,Treatment,2024-01-12,PROD-A
722,Control,2024-01-01,CONTROL
723,Control,2024-06-09,CONTROL
724,Control,2024-04-29,CONTROL
725,Treatment,2024-03-15,PROD-A
726,Treatment,2024-02-23,PROD-A
727,Control,2024-04-12,CONTROL
728,Control,2024-02-23,CONTROL
729,Control,2024-04-06,CONTROL
730,Treatment,2024-04-12,PROD-A
731,Control,2024-03-30,CONTROL
732,Treatment,2024-02-07,PROD-A
733,Treatment,2024-03-14,PROD-A
734,Control,2024-05-11,CONTROL
735,Treatment,2024-03-02,PROD-A
736,Treatment,2024-03-15,PROD-A
737,Treatment,2024-02-24,PROD-A
738,Control,2024-03-08,CONTROL
739,Treatment,2024-05-12,PROD-A
740,Control,2024-02-24,CONTROL
741,Control,2024-01-29,CONTROL
742,Control,2024-04-08,CONTROL
743,Treatment,2024-05-29,PROD-A
744,Treatment,2024-04-25,PROD-A
745,Treatment,2024-02-08,PROD-A
746,Treatment,2024-06-13,PROD-A
747,Control,2024-03-25,CONTROL
748,Treatment,2024-03-30,PROD-A
749,Treatment,2024-04-28,PROD-A
750,Control,2024-06-02,CONTROL
751,Treatment,2024-02-28,PROD-A
752,Control,2024-02-12,CONTROL
753,Treatment,2024-04-15,PROD-A
754,Treatment,2024-02-09,PROD-A
755,Control,2024-01-28,CONTROL
756,Treatment,2024-04-19,PROD-A
757,Treatment,2024-01-10,PROD-A
758,Treatment,2024-01-25,PROD-A
759,Control,2024-01-03,CONTROL
760,Treatment,2024-04-08,PROD-A
761,Control,2024-02-27,CONTROL
762,Control,2024-05-05,CONTROL
763,Treatment,2024-04-15,PROD-A
764,Treatment,2024-02-20,PROD-A
765,Control,2024-04-12,CONTROL
766,Treatment,2024-03-23,PROD-A
767,Control,2024-06-24,CONTROL
768,Control,2024-01-26,CONTROL
769,Treatment,2024-01-19,PROD-A
770,Control,2024-06-09,CONTROL
771,Treatment,2024-02-18,PROD-A
772,Control,2024-02-03,CONTROL
773,Treatment,2024-06-01,PROD-A
774,Treatment,2024-03-13,PROD-A
775,Control,2024-05-04,CONTROL
776,Treatment,2024-03-02,PROD-A
777,Control,2024-06-04,CONTROL
778,Control,2024-05-09,CONTROL
779,Control,2024-05-13,CONTROL
780,Control,2024-02-26,CONTROL
781,Treatment,2024-02-02,PROD-A
782,Treatment,2024-04-15,PROD-A
783,Treatment,2024-01-16,PROD-A
784,Treatment,2024-04-24,PROD-A
785,Treatment,2024-03-03,PROD-A
786,Treatment,2024-04-05,PROD-A
787,Treatment,2024-04-16,PROD-A
788,Treatment,2024-05-30,PROD-A
789,Control,2024-01-07,CONTROL
790,Control,2024-05-25,CONTROL
791,Control,2024-03-01,CONTROL
792,Control,2024-04-14,CONTROL
793,Treatment,2024-04-16,PROD-A
794,Control,2024-04-27,CONTROL
795,Control,2024-04-12,CONTROL
796,Treatment,2024-01-13,PROD-A
797,Control,2024-01-13,CONTROL
798,Treatment,2024-02-22,PROD-A
799,Treatment,2024-04-16,PROD-A
800,Treatment,2024-06-20,PROD-A
801,Control,2024-06-16,CONTROL
802,Control,2024-06-28,CONTROL
803,Control,2024-01-21,CONTROL
804,Treatment,2024-05-14,PROD-A
805,Treatment,2024-04-30,PROD-A
806,Control,2024-04-22,CONTROL
807,Control,2024-06-02,CONTROL
808,Control,2024-01-16,CONTROL
809,Treatment,2024-01-31,PROD-A
810,Control,2024-03-19,CONTROL
811,Treatment,2024-01-01,PROD-A
812,Treatment,2024-02-09,PROD-A
813,Treatment,2024-05-27,PROD-A
814,Treatment,2024-03-15,PROD-A
815,Control,2024-06-15,CONTROL
816,Control,2024-06-12,CONTROL
817,Treatment,2024-02-04,PROD-A
818,Treatment,2024-03-24,PROD-A
819,Treatment,2024-05-24,PROD-A
820,Control,2024-01-12,CONTROL
821,Control,2024-01-22,CONTROL
822,Treatment,2024-02-23,PROD-A
823,Control,2024-05-04,CONTROL
824,Treatment,2024-03-02,PROD-A
825,Control,2024-06-05,CONTROL
826,Control,2024-02-20,CONTROL
827,Treatment,2024-03-18,PROD-A
828,Treatment,2024-06-03,PROD-A
829,Control,2024-04-24,CONTROL
830,Treatment,2024-06-18,PROD-A
831,Control,2024-06-18,CONTROL
832,Control,2024-03-02,CONTROL
833,Treatment,2024-01-29,PROD-A
834,Treatment,2024-01-04,PROD-A
835,Control,2024-02-05,CONTROL
836,Control,2024-02-28,CONTROL
837,Treatment,2024-02-07,PROD-A
838,Control,2024-06-16,CONTROL
839,Control,2024-02-15,CONTROL
840,Treatment,2024-03-23,PROD-A
841,Treatment,2024-03-23,PROD-A
842,Control,2024-06-06,CONTROL
843,Control,2024-02-03,CONTROL
844,Treatment,2024-02-20,PROD-A
845,Control,2024-02-06,CONTROL
846,Control,2024-01-06,CONTROL
847,Control,2024-01-14,CONTROL
848,Treatment,2024-04-02,PROD-A
849,Control,2024-03-24,CONTROL
850,Treatment,2024-03-01,PROD-A
851,Treatment,2024-04-10,PROD-A
852,Control,2024-06-18,CONTROL
853,Treatment,2024-03-07,PROD-A
854,Control,2024-03-31,CONTROL
855,Control,2024-03-20,CONTROL
856,Control,2024-06-14,CONTROL
857,Control,2024-05-03,CONTROL
858,Control,2024-06-11,CONTROL
859,Treatment,2024-02-01,PROD-A
860,Control,2024-02-28,CONTROL
861,Treatment,2024-03-03,PROD-A
862,Control,2024-06-05,CONTROL
863,Control,2024-05-31,CONTROL
864,Control,2024-03-03,CONTROL
865,Control,2024-06-08,CONTROL
866,Control,2024-05-17,CONTROL
867,Control,2024-01-21,CONTROL
868,Treatment,2024-02-19,PROD-A
869,Treatment,2024-03-15,PROD-A
870,Treatment,2024-03-13,PROD-A
871,Control,2024-02-21,CONTROL
872,Control,2024-03-30,CONTROL
873,Control,2024-03-29,CONTROL
874,Treatment,2024-06-01,PROD-A
875,Control,2024-01-01,CONTROL
876,Treatment,2024-02-14,PROD-A
877,Treatment,2024-04-09,PROD-A
878,Treatment,2024-03-29,PROD-A
879,Control,2024-03-14,CONTROL
880,Control,2024-02-05,CONTROL
881,Control,2024-03-17,CONTROL
882,Treatment,2024-04-12,PROD-A
883,Control,2024-03-08,CONTROL
884,Control,2024-04-29,CONTROL
885,Control,2024-01-12,CONTROL
886,Control,2024-02-19,CONTROL
887,Treatment,2024-04-27,PROD-A
888,Treatment,2024-02-29,PROD-A
889,Treatment,2024-01-31,PROD-A
890,Control,2024-02-01,CONTROL
891,Treatment,2024-02-24,PROD-A
892,Control,2024-02-28,CONTROL
893,Treatment,2024-01-10,PROD-A
894,Control,2024-04-05,CONTROL
895,Treatment,2024-04-14,PROD-A
896,Control,2024-04-23,CONTROL
897,Control,2024-01-07,CONTROL
898,Treatment,2024-02-18,PROD-A
899,Treatment,2024-05-27,PROD-A
900,Control,2024-05-20,CONTROL
901,Treatment,2024-03-12,PROD-A
902,Control,2024-04-17,CONTROL
903,Treatment,2024-02-16,PROD-A
904,Treatment,2024-01-28,PROD-A
905,Treatment,2024-04-20,PROD-A
906,Treatment,2024-03-24,PROD-A
907,Control,2024-01-18,CONTROL
908,Control,2024-04-25,CONTROL
909,Control,2024-03-18,CONTROL
910,Control,2024-03-15,CONTROL
911,Control,2024-01-01,CONTROL
912,Treatment,2024-06-15,PROD-A
913,Control,2024-04-01,CONTROL
914,Treatment,2024-06-13,PROD-A
915,Control,2024-03-15,CONTROL
916,Treatment,2024-03-25,PROD-A
917,Treatment,2024-05-27,PROD-A
918,Control,2024-02-08,CONTROL
919,Treatment,2024-04-09,PROD-A
920,Treatment,2024-04-12,PROD-A
921,Control,2024-05-17,CONTROL
922,Control,2024-02-03,CONTROL
923,Control,2024-06-19,CONTROL
924,Control,2024-03-05,CONTROL
925,Control,2024-04-11,CONTROL
926,Control,2024-01-11,CONTROL
927,Control,2024-06-16,CONTROL
928,Control,2024-06-14,CONTROL
929,Control,2024-02-17,CONTROL
930,Treatment,2024-06-18,PROD-A
931,Control,2024-05-07,CONTROL
932,Control,2024-02-04,CONTROL
933,Treatment,2024-04-19,PROD-A
934,Control,2024-02-08,CONTROL
935,Control,2024-02-19,CONTROL
936,Treatment,2024-03-03,PROD-A
937,Control,2024-02-04,CONTROL
938,Control,2024-04-24,CONTROL
939,Control,2024-02-18,CONTROL
940,Treatment,2024-01-27,PROD-A
941,Control,2024-02-03,CONTROL
942,Treatment,2024-04-06,PROD-A
943,Control,2024-01-28,CONTROL
944,Control,2024-05-28,CONTROL
945,Treatment,2024-03-15,PROD-A
946,Treatment,2024-04-15,PROD-A
947,Control,2024-02-18,CONTROL
948,Control,2024-03-07,CONTROL
949,Control,2024-06-25,CONTROL
950,Control,2024-01-31,CONTROL
951,Control,2024-02-23,CONTROL
952,Control,2024-01-20,CONTROL
953,Treatment,2024-04-26,PROD-A
954,Treatment,2024-03-20,PROD-A
955,Control,2024-06-21,CONTROL
956,Treatment,2024-01-03,PROD-A
957,Control,2024-04-16,CONTROL
958,Control,2024-01-01,CONTROL
959,Treatment,2024-06-16,PROD-A
960,Treatment,2024-03-07,PROD-A
961,Control,2024-02-02,CONTROL
962,Control,2024-02-14,CONTROL
963,Treatment,2024-06-07,PROD-A
964,Control,2024-05-27,CONTROL
965,Control,2024-02-06,CONTROL
966,Control,2024-01-05,CONTROL
967,Control,2024-05-07,CONTROL
968,Control,2024-03-03,CONTROL
969,Treatment,2024-02-17,PROD-A
970,Control,2024-03-16,CONTROL
971,Treatment,2024-01-07,PROD-A
972,Treatment,2024-04-18,PROD-A
973,Treatment,2024-06-28,PROD-A
974,Control,2024-01-06,CONTROL
975,Control,2024-05-26,CONTROL
976,Treatment,2024-01-25,PROD-A
977,Control,2024-04-22,CONTROL
978,Treatment,2024-06-03,PROD-A
979,Control,2024-03-28,CONTROL
980,Treatment,2024-04-20,PROD-A
981,Treatment,2024-01-30,PROD-A
982,Control,2024-01-12,CONTROL
983,Control,2024-06-01,CONTROL
984,Control,2024-05-21,CONTROL
985,Control,2024-05-31,CONTROL
986,Treatment,2024-01-15,PROD-A
987,Treatment,2024-04-23,PROD-A
988,Control,2024-01-17,CONTROL
989,Control,2024-02-12,CONTROL
990,Control,2024-01-24,CONTROL
991,Control,2024-04-29,CONTROL
992,Control,2024-04-05,CONTROL
993,Treatment,2024-01-08,PROD-A
994,Treatment,2024-06-06,PROD-A
995,Treatment,2024-05-31,PROD-A
996,Control,2024-01-16,CONTROL
997,Treatment,2024-04-07,PROD-A
998,Control,2024-04-30,CONTROL
999,Treatment,2024-06-24,PROD-A
1000,Control,2024-02-29,CONTROL
1001,Treatment,2024-06-24,PROD-A
1002,Control,2024-02-07,CONTROL
1003,Treatment,2024-01-16,PROD-A
1004,Treatment,2024-05-20,PROD-A
1005,Treatment,2024-04-23,PROD-A
1006,Treatment,2024-04-08,PROD-A
1007,Treatment,2024-05-26,PROD-A
1008,Control,2024-01-31,CONTROL
1009,Treatment,2024-06-27,PROD-A
1010,Treatment,2024-03-13,PROD-A
1011,Treatment,2024-04-20,PROD-A
1012,Treatment,2024-05-18,PROD-A
1013,Treatment,2024-05-12,PROD-A
1014,Control,2024-03-12,CONTROL
1015,Control,2024-01-19,CONTROL
1016,Control,2024-06-13,CONTROL
1017,Control,2024-03-13,CONTROL
1018,Treatment,2024-06-01,PROD-A
1019,Treatment,2024-04-02,PROD-A
1020,Control,2024-05-13,CONTROL
1021,Control,2024-05-14,CONTROL
1022,Control,2024-02-03,CONTROL
1023,Control,2024-06-17,CONTROL
1024,Control,2024-03-22,CONTROL
1025,Treatment,2024-01-30,PROD-A
1026,Control,2024-02-16,CONTROL
1027,Treatment,2024-01-09,PROD-A
1028,Treatment,2024-01-29,PROD-A
1029,Treatment,2024-03-27,PROD-A
1030,Control,2024-05-19,CONTROL
1031,Treatment,2024-01-04,PROD-A
1032,Treatment,2024-05-28,PROD-A
1033,Control,2024-05-14,CONTROL
1034,Treatment,2024-01-25,PROD-A
1035,Treatment,2024-01-30,PROD-A
1036,Treatment,2024-06-09,PROD-A
1037,Treatment,2024-06-28,PROD-A
1038,Control,2024-01-11,CONTROL
1039,Control,2024-02-26,CONTROL
1040,Control,2024-01-12,CONTROL
1041,Control,2024-06-27,CONTROL
1042,Control,2024-05-18,CONTROL
1043,Treatment,2024-02-11,PROD-A
1044,Treatment,2024-05-28,PROD-A
1045,Control,2024-02-09,CONTROL
1046,Treatment,2024-02-09,PROD-A
1047,Control,2024-05-23,CONTROL
1048,Control,2024-03-01,CONTROL
1049,Control,2024-05-06,CONTROL
1050,Control,2024-04-07,CONTROL
1051,Control,2024-02-10,CONTROL
1052,Treatment,2024-04-14,PROD-A
1053,Control,2024-05-04,CONTROL
1054,Control,2024-06-11,CONTROL
1055,Treatment,2024-02-15,PROD-A
1056,Control,2024-06-21,CONTROL
1057,Control,2024-06-05,CONTROL
1058,Treatment,2024-03-31,PROD-A
1059,Control,2024-06-10,CONTROL
1060,Treatment,2024-05-08,PROD-A
1061,Control,2024-04-22,CONTROL
1062,Treatment,2024-02-21,PROD-A
1063,Treatment,2024-04-20,PROD-A
1064,Control,2024-01-02,CONTROL
1065,Control,2024-05-25,CONTROL
1066,Treatment,2024-03-27,PROD-A
1067,Control,2024-05-21,CONTROL
1068,Treatment,2024-01-27,PROD-A
1069,Treatment,2024-01-14,PROD-A
1070,Treatment,2024-02-21,PROD-A
1071,Control,2024-04-29,CONTROL
1072,Control,2024-05-11,CONTROL
1073,Treatment,2024-02-11,PROD-A
1074,Control,2024-06-11,CONTROL
1075,Control,2024-02-08,CONTROL
1076,Control,2024-04-29,CONTROL
1077,Control,2024-02-13,CONTROL
1078,Treatment,2024-06-05,PROD-A
1079,Control,2024-04-15,CONTROL
1080,Control,2024-06-28,CONTROL
1081,Control,2024-04-23,CONTROL
1082,Treatment,2024-04-08,PROD-A
1083,Control,2024-06-17,CONTROL
1084,Control,2024-03-24,CONTROL
1085,Treatment,2024-03-16,PROD-A
1086,Treatment,2024-01-13,PROD-A
1087,Treatment,2024-02-01,PROD-A
1088,Treatment,2024-06-12,PROD-A
1089,Control,2024-05-05,CONTROL
1090,Control,2024-02-15,CONTROL
1091,Treatment,2024-05-21,PROD-A
1092,Control,2024-03-19,CONTROL
1093,Treatment,2024-03-29,PROD-A
1094,Treatment,2024-03-12,PROD-A
1095,Control,2024-05-22,CONTROL
1096,Treatment,2024-06-05,PROD-A
1097,Treatment,2024-04-05,PROD-A
1098,Control,2024-03-06,CONTROL
1099,Control,2024-03-30,CONTROL
1100,Treatment,2024-04-28,PROD-A
1101,Control,2024-05-19,CONTROL
1102,Control,2024-06-24,CONTROL
1103,Treatment,2024-02-06,PROD-A
1104,Treatment,2024-03-23,PROD-A
1105,Control,2024-01-26,CONTROL
1106,Treatment,2024-01-19,PROD-A
1107,Treatment,2024-04-03,PROD-A
1108,Control,2024-03-11,CONTROL
1109,Treatment,2024-05-30,PROD-A
1110,Control,2024-04-25,CONTROL
1111,Control,2024-02-10,CONTROL
1112,Treatment,2024-02-23,PROD-A
1113,Treatment,2024-01-22,PROD-A
1114,Control,2024-05-11,CONTROL
1115,Treatment,2024-03-31,PROD-A
1116,Control,2024-06-22,CONTROL
1117,Treatment,2024-01-16,PROD-A
1118,Treatment,2024-04-30,PROD-A
1119,Control,2024-04-16,CONTROL
1120,Control,2024-04-20,CONTROL
1121,Treatment,2024-02-21,PROD-A
1122,Control,2024-05-12,CONTROL
1123,Control,2024-02-16,CONTROL
1124,Control,2024-05-01,CONTROL
1125,Control,2024-03-12,CONTROL
1126,Control,2024-04-07,CONTROL
1127,Control,2024-06-21,CONTROL
1128,Treatment,2024-05-03,PROD-A
1129,Control,2024-03-01,CONTROL
1130,Control,2024-01-14,CONTROL
1131,Treatment,2024-05-02,PROD-A
1132,Treatment,2024-02-09,PROD-A
1133,Control,2024-03-07,CONTROL
1134,Treatment,2024-03-19,PROD-A
1135,Treatment,2024-06-16,PROD-A
1136,Control,2024-06-12,CONTROL
1137,Treatment,2024-01-21,PROD-A
1138,Treatment,2024-06-23,PROD-A
1139,Control,2024-01-25,CONTROL
1140,Treatment,2024-03-07,PROD-A
1141,Control,2024-03-18,CONTROL
1142,Control,2024-06-19,CONTROL
1143,Treatment,2024-06-18,PROD-A
1144,Treatment,2024-02-11,PROD-A
1145,Treatment,2024-01-23,PROD-A
1146,Control,2024-04-26,CONTROL
1147,Treatment,2024-02-04,PROD-A
1148,Control,2024-05-02,CONTROL
1149,Treatment,2024-03-04,PROD-A
1150,Control,2024-02-25,CONTROL
1151,Control,2024-01-27,CONTROL
1152,Control,2024-02-25,CONTROL
1153,Control,2024-06-04,CONTROL
1154,Treatment,2024-02-07,PROD-A
1155,Treatment,2024-06-03,PROD-A
1156,Control,2024-02-19,CONTROL
1157,Control,2024-03-24,CONTROL
1158,Control,2024-02-01,CONTROL
1159,Treatment,2024-02-09,PROD-A
1160,Treatment,2024-05-02,PROD-A
1161,Treatment,2024-02-25,PROD-A
1162,Control,2024-03-10,CONTROL
1163,Control,2024-03-27,CONTROL
1164,Treatment,2024-04-17,PROD-A
1165,Control,2024-03-23,CONTROL
1166,Treatment,2024-05-04,PROD-A
1167,Control,2024-04-05,CONTROL
1168,Control,2024-03-25,CONTROL
1169,Control,2024-02-04,CONTROL
1170,Control,2024-04-26,CONTROL
1171,Control,2024-03-19,CONTROL
1172,Control,2024-01-21,CONTROL
1173,Treatment,2024-04-21,PROD-A
1174,Treatment,2024-04-27,PROD-A
1175,Control,2024-01-07,CONTROL
1176,Treatment,2024-05-17,PROD-A
1177,Control,2024-02-24,CONTROL
1178,Treatment,2024-02-24,PROD-A
1179,Control,2024-01-22,CONTROL
1180,Control,2024-06-02,CONTROL
1181,Control,2024-03-08,CONTROL
1182,Treatment,2024-03-05,PROD-A
1183,Control,2024-01-11,CONTROL
1184,Treatment,2024-02-15,PROD-A
1185,Treatment,2024-06-10,PROD-A
1186,Treatment,2024-06-14,PROD-A
1187,Control,2024-01-16,CONTROL
1188,Control,2024-06-02,CONTROL
1189,Control,2024-04-16,CONTROL
1190,Treatment,2024-05-21,PROD-A
1191,Treatment,2024-06-15,PROD-A
1192,Treatment,2024-03-06,PROD-A
1193,Treatment,2024-04-15,PROD-A
1194,Treatment,2024-03-27,PROD-A
1195,Control,2024-04-09,CONTROL
1196,Control,2024-04-21,CONTROL
1197,Control,2024-05-06,CONTROL
1198,Treatment,2024-05-09,PROD-A
1199,Control,2024-06-06,CONTROL
1200,Treatment,2024-03-01,PROD-A
1201,Control,2024-02-11,CONTROL
1202,Treatment,2024-02-20,PROD-A
1203,Control,2024-06-10,CONTROL
1204,Control,2024-01-20,CONTROL
1205,Control,2024-03-16,CONTROL
1206,Treatment,2024-01-21,PROD-A
1207,Control,2024-04-02,CONTROL
1208,Treatment,2024-01-09,PROD-A
1209,Treatment,2024-03-30,PROD-A
1210,Control,2024-02-21,CONTROL
1211,Treatment,2024-03-03,PROD-A
1212,Treatment,2024-03-04,PROD-A
1213,Control,2024-06-17,CONTROL
1214,Treatment,2024-06-14,PROD-A
1215,Treatment,2024-01-20,PROD-A
1216,Treatment,2024-04-14,PROD-A
1217,Control,2024-01-14,CONTROL
1218,Treatment,2024-05-10,PROD-A
1219,Control,2024-02-10,CONTROL
1220,Treatment,2024-02-18,PROD-A
1221,Control,2024-02-27,CONTROL
1222,Control,2024-03-08,CONTROL
1223,Treatment,2024-02-29,PROD-A
1224,Treatment,2024-04-19,PROD-A
1225,Treatment,2024-06-02,PROD-A
1226,Treatment,2024-03-31,PROD-A
1227,Treatment,2024-02-28,PROD-A
1228,Treatment,2024-01-19,PROD-A
1229,Control,2024-01-19,CONTROL
1230,Treatment,2024-04-16,PROD-A
1231,Control,2024-03-07,CONTROL
1232,Control,2024-03-29,CONTROL
1233,Treatment,2024-05-06,PROD-A
1234,Treatment,2024-03-13,PROD-A
1235,Control,2024-04-25,CONTROL
1236,Treatment,2024-05-27,PROD-A
1237,Treatment,2024-05-11,PROD-A
1238,Treatment,2024-01-25,PROD-A
1239,Treatment,2024-06-20,PROD-A
1240,Control,2024-02-02,CONTROL
1241,Treatment,2024-02-26,PROD-A
1242,Treatment,2024-03-23,PROD-A
1243,Treatment,2024-05-10,PROD-A
1244,Control,2024-04-24,CONTROL
1245,Treatment,2024-05-05,PROD-A
1246,Control,2024-05-03,CONTROL
1247,Control,2024-06-03,CONTROL
1248,Control,2024-03-06,CONTROL
1249,Treatment,2024-05-02,PROD-A
1250,Treatment,2024-03-24,PROD-A
1251,Control,2024-04-02,CONTROL
1252,Control,2024-01-20,CONTROL
1253,Control,2024-03-29,CONTROL
1254,Control,2024-03-09,CONTROL
1255,Control,2024-04-25,CONTROL
1256,Treatment,2024-04-29,PROD-A
1257,Control,2024-02-08,CONTROL
1258,Treatment,2024-05-21,PROD-A
1259,Control,2024-01-15,CONTROL
1260,Treatment,2024-04-29,PROD-A
1261,Control,2024-05-22,CONTROL
1262,Treatment,2024-02-28,PROD-A
1263,Treatment,2024-02-25,PROD-A
1264,Control,2024-05-13,CONTROL
1265,Treatment,2024-06-20,PROD-A
1266,Control,2024-01-08,CONTROL
1267,Control,2024-02-15,CONTROL
1268,Control,2024-02-17,CONTROL
1269,Treatment,2024-03-12,PROD-A
1270,Control,2024-03-28,CONTROL
1271,Control,2024-01-10,CONTROL
1272,Control,2024-05-15,CONTROL
1273,Treatment,2024-02-29,PROD-A
1274,Treatment,2024-06-04,PROD-A
1275,Treatment,2024-02-26,PROD-A
1276,Treatment,2024-04-15,PROD-A
1277,Treatment,2024-03-24,PROD-A
1278,Treatment,2024-04-02,PROD-A
1279,Treatment,2024-02-07,PROD-A
1280,Control,2024-04-03,CONTROL
1281,Treatment,2024-04-24,PROD-A
1282,Treatment,2024-04-06,PROD-A
1283,Control,2024-03-08,CONTROL
1284,Control,2024-06-02,CONTROL
1285,Treatment,2024-02-27,PROD-A
1286,Control,2024-01-20,CONTROL
1287,Treatment,2024-05-29,PROD-A
1288,Treatment,2024-05-11,PROD-A
1289,Treatment,2024-01-16,PROD-A
1290,Treatment,2024-04-30,PROD-A
1291,Control,2024-03-27,CONTROL
1292,Control,2024-06-15,CONTROL
1293,Control,2024-01-11,CONTROL
1294,Control,2024-01-25,CONTROL
1295,Control,2024-02-09,CONTROL
1296,Control,2024-02-11,CONTROL
1297,Treatment,2024-06-18,PROD-A
1298,Treatment,2024-06-25,PROD-A
1299,Treatment,2024-02-02,PROD-A
1300,Control,2024-01-05,CONTROL
1301,Treatment,2024-06-19,PROD-A
1302,Treatment,2024-02-07,PROD-A
1303,Treatment,2024-05-31,PROD-A
1304,Control,2024-02-06,CONTROL
1305,Treatment,2024-02-07,PROD-A
1306,Control,2024-06-02,CONTROL
1307,Treatment,2024-06-07,PROD-A
1308,Treatment,2024-01-25,PROD-A
1309,Treatment,2024-03-20,PROD-A
1310,Treatment,2024-03-26,PROD-A
1311,Control,2024-04-18,CONTROL
1312,Control,2024-03-05,CONTROL
1313,Treatment,2024-06-05,PROD-A
1314,Treatment,2024-03-19,PROD-A
1315,Treatment,2024-06-25,PROD-A
1316,Treatment,2024-05-23,PROD-A
1317,Control,2024-06-13,CONTROL
1318,Treatment,2024-05-07,PROD-A
1319,Control,2024-02-11,CONTROL
1320,Treatment,2024-04-20,PROD-A
1321,Control,2024-01-26,CONTROL
1322,Treatment,2024-06-12,PROD-A
1323,Treatment,2024-05-16,PROD-A
1324,Treatment,2024-05-11,PROD-A
1325,Control,2024-01-26,CONTROL
1326,Control,2024-03-26,CONTROL
1327,Control,2024-05-07,CONTROL
1328,Treatment,2024-05-02,PROD-A
1329,Treatment,2024-05-19,PROD-A
1330,Control,2024-01-16,CONTROL
1331,Treatment,2024-03-30,PROD-A
1332,Control,2024-05-17,CONTROL
1333,Treatment,2024-05-20,PROD-A
1334,Treatment,2024-03-17,PROD-A
1335,Control,2024-02-27,CONTROL
1336,Control,2024-02-07,CONTROL
1337,Control,2024-01-06,CONTROL
1338,Treatment,2024-06-17,PROD-A
1339,Control,2024-02-27,CONTROL
1340,Treatment,2024-04-03,PROD-A
1341,Control,2024-04-26,CONTROL
1342,Treatment,2024-06-16,PROD-A
1343,Control,2024-05-31,CONTROL
1344,Control,2024-04-27,CONTROL
1345,Control,2024-02-16,CONTROL
1346,Treatment,2024-06-20,PROD-A
1347,Control,2024-04-29,CONTROL
1348,Treatment,2024-04-25,PROD-A
1349,Treatment,2024-03-16,PROD-A
1350,Control,2024-02-02,CONTROL
1351,Treatment,2024-02-17,PROD-A
1352,Treatment,2024-06-03,PROD-A
1353,Treatment,2024-04-14,PROD-A
1354,Control,2024-06-18,CONTROL
1355,Treatment,2024-06-16,PROD-A
1356,Control,2024-03-12,CONTROL
1357,Control,2024-01-01,CONTROL
1358,Treatment,2024-06-10,PROD-A
1359,Control,2024-02-03,CONTROL
1360,Treatment,2024-01-22,PROD-A
1361,Treatment,2024-05-14,PROD-A
1362,Control,2024-02-15,CONTROL
1363,Treatment,2024-04-04,PROD-A
1364,Treatment,2024-04-11,PROD-A
1365,Control,2024-04-30,CONTROL
1366,Control,2024-02-29,CONTROL
1367,Treatment,2024-06-01,PROD-A
1368,Treatment,2024-06-20,PROD-A
1369,Control,2024-06-06,CONTROL
1370,Treatment,2024-05-30,PROD-A
1371,Treatment,2024-05-19,PROD-A
1372,Control,2024-05-18,CONTROL
1373,Treatment,2024-01-22,PROD-A
1374,Treatment,2024-03-25,PROD-A
1375,Treatment,2024-04-04,PROD-A
1376,Treatment,2024-02-16,PROD-A
1377,Treatment,2024-01-02,PROD-A
1378,Treatment,2024-02-27,PROD-A
1379,Treatment,2024-03-01,PROD-A
1380,Treatment,2024-05-01,PROD-A
1381,Treatment,2024-05-03,PROD-A
1382,Control,2024-02-07,CONTROL
1383,Control,2024-03-12,CONTROL
1384,Control,2024-04-03,CONTROL
1385,Treatment,2024-04-01,PROD-A
1386,Control,2024-03-11,CONTROL
1387,Control,2024-06-20,CONTROL
1388,Control,2024-04-04,CONTROL
1389,Control,2024-03-11,CONTROL
1390,Treatment,2024-05-04,PROD-A
1391,Treatment,2024-03-19,PROD-A
1392,Treatment,2024-05-09,PROD-A
1393,Treatment,2024-03-03,PROD-A
1394,Control,2024-01-29,CONTROL
1395,Control,2024-04-03,CONTROL
1396,Control,2024-01-31,CONTROL
1397,Treatment,2024-02-02,PROD-A
1398,Treatment,2024-01-09,PROD-A
1399,Treatment,2024-05-11,PROD-A
1400,Control,2024-06-11,CONTROL
1401,Treatment,2024-06-13,PROD-A
1402,Treatment,2024-03-18,PROD-A
1403,Treatment,2024-05-14,PROD-A
1404,Control,2024-05-30,CONTROL
1405,Treatment,2024-05-06,PROD-A
1406,Treatment,2024-01-20,PROD-A
1407,Treatment,2024-04-22,PROD-A
1408,Control,2024-05-13,CONTROL
1409,Treatment,2024-05-10,PROD-A
1410,Treatment,2024-03-21,PROD-A
1411,Treatment,2024-01-28,PROD-A
1412,Treatment,2024-04-14,PROD-A
1413,Treatment,2024-03-11,PROD-A
1414,Control,2024-06-12,CONTROL
1415,Treatment,2024-04-24,PROD-A
1416,Control,2024-03-25,CONTROL
1417,Control,2024-02-28,CONTROL
1418,Treatment,2024-06-24,PROD-A
1419,Treatment,2024-04-01,PROD-A
1420,Control,2024-06-01,CONTROL
1421,Treatment,2024-03-03,PROD-A
1422,Control,2024-01-16,CONTROL
1423,Control,2024-04-12,CONTROL
1424,Treatment,2024-02-05,PROD-A
1425,Control,2024-03-22,CONTROL
1426,Treatment,2024-05-23,PROD-A
1427,Treatment,2024-03-20,PROD-A
1428,Treatment,2024-06-19,PROD-A
1429,Control,2024-03-11,CONTROL
1430,Control,2024-01-09,CONTROL
1431,Control,2024-06-16,CONTROL
1432,Treatment,2024-01-16,PROD-A
1433,Control,2024-06-28,CONTROL
1434,Control,2024-06-05,CONTROL
1435,Control,2024-03-24,CONTROL
1436,Treatment,2024-04-25,PROD-A
1437,Treatment,2024-01-18,PROD-A
1438,Treatment,2024-02-10,PROD-A
1439,Treatment,2024-02-26,PROD-A
1440,Treatment,2024-03-02,PROD-A
1441,Treatment,2024-03-03,PROD-A
1442,Control,2024-03-22,CONTROL
1443,Control,2024-03-17,CONTROL
1444,Control,2024-03-07,CONTROL
1445,Treatment,2024-01-01,PROD-A
1446,Control,2024-03-30,CONTROL
1447,Control,2024-03-24,CONTROL
1448,Treatment,2024-03-13,PROD-A
1449,Treatment,2024-05-12,PROD-A
1450,Control,2024-01-23,CONTROL
1451,Control,2024-03-19,CONTROL
1452,Control,2024-02-17,CONTROL
1453,Treatment,2024-05-12,PROD-A
1454,Treatment,2024-06-01,PROD-A
1455,Treatment,2024-01-12,PROD-A
1456,Control,2024-06-11,CONTROL
1457,Control,2024-05-17,CONTROL
1458,Treatment,2024-03-31,PROD-A
1459,Treatment,2024-05-09,PROD-A
1460,Treatment,2024-02-05,PROD-A
1461,Control,2024-01-04,CONTROL
1462,Treatment,2024-03-24,PROD-A
1463,Treatment,2024-06-19,PROD-A
1464,Treatment,2024-04-15,PROD-A
1465,Treatment,2024-06-06,PROD-A
1466,Treatment,2024-05-18,PROD-A
1467,Control,2024-05-30,CONTROL
1468,Control,2024-01-01,CONTROL
1469,Control,2024-04-28,CONTROL
1470,Treatment,2024-04-03,PROD-A
1471,Control,2024-01-02,CONTROL
1472,Control,2024-06-13,CONTROL
1473,Control,2024-06-27,CONTROL
1474,Control,2024-05-06,CONTROL
1475,Control,2024-05-09,CONTROL
1476,Control,2024-02-10,CONTROL
1477,Control,2024-06-17,CONTROL
1478,Control,2024-01-26,CONTROL
1479,Treatment,2024-05-23,PROD-A
1480,Control,2024-04-30,CONTROL
1481,Control,2024-01-11,CONTROL
1482,Treatment,2024-04-15,PROD-A
1483,Control,2024-02-26,CONTROL
1484,Control,2024-05-08,CONTROL
1485,Treatment,2024-01-09,PROD-A
1486,Control,2024-04-04,CONTROL
1487,Treatment,2024-03-16,PROD-A
1488,Control,2024-04-04,CONTROL
1489,Control,2024-03-27,CONTROL
1490,Treatment,2024-03-12,PROD-A
1491,Treatment,2024-03-18,PROD-A
1492,Control,2024-04-10,CONTROL
1493,Control,2024-03-13,CONTROL
1494,Treatment,2024-06-18,PROD-A
1495,Control,2024-05-14,CONTROL
1496,Treatment,2024-05-26,PROD-A
1497,Treatment,2024-03-05,PROD-A
1498,Treatment,2024-06-27,PROD-A
1499,Treatment,2024-05-19,PROD-A
1500,Treatment,2024-04-27,PROD-A
1501,Control,2024-04-25,CONTROL
1502,Treatment,2024-04-09,PROD-A
1503,Control,2024-04-03,CONTROL
1504,Control,2024-05-18,CONTROL
1505,Treatment,2024-02-09,PROD-A
1506,Control,2024-01-24,CONTROL
1507,Control,2024-05-23,CONTROL
1508,Treatment,2024-01-05,PROD-A
1509,Control,2024-01-01,CONTROL
1510,Treatment,2024-06-19,PROD-A
1511,Control,2024-04-16,CONTROL
1512,Treatment,2024-02-03,PROD-A
1513,Treatment,2024-06-19,PROD-A
1514,Treatment,2024-04-17,PROD-A
1515,Control,2024-03-01,CONTROL
1516,Control,2024-01-30,CONTROL
1517,Treatment,2024-02-05,PROD-A
1518,Control,2024-05-09,CONTROL
1519,Control,2024-03-27,CONTROL
1520,Treatment,2024-05-24,PROD-A
1521,Treatment,2024-06-03,PROD-A
1522,Treatment,2024-06-07,PROD-A
1523,Control,2024-04-15,CONTROL
1524,Treatment,2024-06-17,PROD-A
1525,Treatment,2024-06-05,PROD-A
1526,Control,2024-04-08,CONTROL
1527,Treatment,2024-01-28,PROD-A
1528,Treatment,2024-03-13,PROD-A
1529,Control,2024-06-04,CONTROL
1530,Control,2024-03-11,CONTROL
1531,Control,2024-02-13,CONTROL
1532,Treatment,2024-02-02,PROD-A
1533,Control,2024-01-08,CONTROL
1534,Treatment,2024-05-26,PROD-A
1535,Treatment,2024-01-19,PROD-A
1536,Treatment,2024-04-14,PROD-A
1537,Control,2024-01-23,CONTROL
1538,Control,2024-01-31,CONTROL
1539,Control,2024-01-24,CONTROL
1540,Control,2024-06-08,CONTROL
1541,Treatment,2024-03-20,PROD-A
1542,Control,2024-05-08,CONTROL
1543,Control,2024-05-10,CONTROL
1544,Control,2024-01-19,CONTROL
1545,Treatment,2024-03-10,PROD-A
1546,Treatment,2024-01-24,PROD-A
1547,Treatment,2024-06-03,PROD-A
1548,Treatment,2024-05-19,PROD-A
1549,Treatment,2024-03-27,PROD-A
1550,Control,2024-06-26,CONTROL
1551,Control,2024-06-01,CONTROL
1552,Control,2024-05-20,CONTROL
1553,Treatment,2024-06-11,PROD-A
1554,Control,2024-01-09,CONTROL
1555,Control,2024-06-15,CONTROL
1556,Treatment,2024-05-18,PROD-A
1557,Control,2024-02-28,CONTROL
1558,Control,2024-03-28,CONTROL
1559,Treatment,2024-05-21,PROD-A
1560,Control,2024-01-04,CONTROL
1561,Treatment,2024-02-05,PROD-A
1562,Treatment,2024-04-04,PROD-A
1563,Control,2024-03-16,CONTROL
1564,Treatment,2024-01-04,PROD-A
1565,Treatment,2024-01-26,PROD-A
1566,Control,2024-05-23,CONTROL
1567,Treatment,2024-06-03,PROD-A
1568,Control,2024-04-10,CONTROL
1569,Treatment,2024-01-12,PROD-A
1570,Treatment,2024-05-12,PROD-A
1571,Treatment,2024-06-21,PROD-A
1572,Control,2024-02-26,CONTROL
1573,Treatment,2024-05-31,PROD-A
1574,Control,2024-05-17,CONTROL
1575,Treatment,2024-01-04,PROD-A
1576,Treatment,2024-05-06,PROD-A
1577,Control,2024-04-28,CONTROL
1578,Treatment,2024-04-16,PROD-A
1579,Treatment,2024-06-17,PROD-A
1580,Treatment,2024-03-14,PROD-A
1581,Control,2024-05-23,CONTROL
1582,Treatment,2024-06-14,PROD-A
1583,Treatment,2024-03-25,PROD-A
1584,Control,2024-03-23,CONTROL
1585,Treatment,2024-02-13,PROD-A
1586,Control,2024-06-03,CONTROL
1587,Control,2024-05-25,CONTROL
1588,Treatment,2024-06-19,PROD-A
1589,Control,2024-02-07,CONTROL
1590,Control,2024-06-08,CONTROL
1591,Treatment,2024-05-30,PROD-A
1592,Control,2024-03-08,CONTROL
1593,Control,2024-04-27,CONTROL
1594,Treatment,2024-05-01,PROD-A
1595,Treatment,2024-05-10,PROD-A
1596,Control,2024-05-12,CONTROL
1597,Control,2024-01-31,CONTROL
1598,Control,2024-05-04,CONTROL
1599,Control,2024-01-08,CONTROL
1600,Control,2024-03-17,CONTROL
1601,Treatment,2024-05-22,PROD-A
1602,Control,2024-01-18,CONTROL
1603,Control,2024-03-07,CONTROL
1604,Treatment,2024-06-08,PROD-A
1605,Treatment,2024-04-26,PROD-A
1606,Treatment,2024-03-20,PROD-A
1607,Control,2024-02-02,CONTROL
1608,Control,2024-05-08,CONTROL
1609,Control,2024-03-28,CONTROL
1610,Treatment,2024-06-28,PROD-A
1611,Control,2024-03-30,CONTROL
1612,Control,2024-01-12,CONTROL
1613,Treatment,2024-05-15,PROD-A
1614,Control,2024-04-20,CONTROL
1615,Control,2024-05-31,CONTROL
1616,Control,2024-03-04,CONTROL
1617,Control,2024-04-07,CONTROL
1618,Treatment,2024-04-14,PROD-A
1619,Treatment,2024-01-06,PROD-A
1620,Control,2024-02-15,CONTROL
1621,Treatment,2024-01-31,PROD-A
1622,Treatment,2024-01-09,PROD-A
1623,Treatment,2024-06-02,PROD-A
1624,Control,2024-06-01,CONTROL
1625,Control,2024-01-30,CONTROL
1626,Treatment,2024-02-13,PROD-A
1627,Treatment,2024-02-09,PROD-A
1628,Treatment,2024-03-06,PROD-A
1629,Control,2024-03-24,CONTROL
1630,Control,2024-03-25,CONTROL
1631,Treatment,2024-03-30,PROD-A
1632,Control,2024-01-25,CONTROL
1633,Control,2024-06-15,CONTROL
1634,Treatment,2024-05-26,PROD-A
1635,Control,2024-04-06,CONTROL
1636,Treatment,2024-05-31,PROD-A
1637,Control,2024-04-18,CONTROL
1638,Treatment,2024-03-12,PROD-A
1639,Treatment,2024-05-23,PROD-A
1640,Treatment,2024-05-15,PROD-A
1641,Treatment,2024-01-13,PROD-A
1642,Control,2024-02-17,CONTROL
1643,Control,2024-01-04,CONTROL
1644,Control,2024-05-08,CONTROL
1645,Control,2024-04-30,CONTROL
1646,Treatment,2024-05-03,PROD-A
1647,Control,2024-06-09,CONTROL
1648,Treatment,2024-03-15,PROD-A
1649,Control,2024-06-23,CONTROL
1650,Treatment,2024-06-08,PROD-A
1651,Control,2024-05-19,CONTROL
1652,Control,2024-04-23,CONTROL
1653,Control,2024-05-02,CONTROL
1654,Treatment,2024-03-19,PROD-A
1655,Treatment,2024-05-14,PROD-A
1656,Control,2024-03-15,CONTROL
1657,Control,2024-02-04,CONTROL
1658,Control,2024-06-09,CONTROL
1659,Treatment,2024-05-20,PROD-A
1660,Control,2024-04-18,CONTROL
1661,Treatment,2024-01-24,PROD-A
1662,Control,2024-02-05,CONTROL
1663,Control,2024-05-31,CONTROL
1664,Control,2024-06-14,CONTROL
1665,Control,2024-04-29,CONTROL
1666,Treatment,2024-03-10,PROD-A
1667,Control,2024-05-09,CONTROL
1668,Treatment,2024-05-16,PROD-A
1669,Treatment,2024-04-17,PROD-A
1670,Treatment,2024-03-04,PROD-A
1671,Treatment,2024-03-11,PROD-A
1672,Treatment,2024-02-21,PROD-A
1673,Control,2024-03-13,CONTROL
1674,Treatment,2024-03-06,PROD-A
1675,Treatment,2024-05-25,PROD-A
1676,Control,2024-05-18,CONTROL
1677,Control,2024-02-08,CONTROL
1678,Control,2024-04-13,CONTROL
1679,Treatment,2024-04-21,PROD-A
1680,Treatment,2024-04-14,PROD-A
1681,Control,2024-01-02,CONTROL
1682,Control,2024-03-28,CONTROL
1683,Control,2024-04-28,CONTROL
1684,Control,2024-05-06,CONTROL
1685,Control,2024-03-22,CONTROL
1686,Treatment,2024-02-06,PROD-A
1687,Control,2024-04-12,CONTROL
1688,Treatment,2024-02-21,PROD-A
1689,Control,2024-06-03,CONTROL
1690,Treatment,2024-02-27,PROD-A
1691,Control,2024-01-06,CONTROL
1692,Control,2024-02-23,CONTROL
1693,Treatment,2024-03-03,PROD-A
1694,Control,2024-01-11,CONTROL
1695,Treatment,2024-06-04,PROD-A
1696,Treatment,2024-04-03,PROD-A
1697,Treatment,2024-05-25,PROD-A
1698,Treatment,2024-01-09,PROD-A
1699,Treatment,2024-02-18,PROD-A
1700,Treatment,2024-02-05,PROD-A
1701,Treatment,2024-02-21,PROD-A
1702,Treatment,2024-04-15,PROD-A
1703,Control,2024-02-06,CONTROL
1704,Control,2024-04-23,CONTROL
1705,Treatment,2024-04-12,PROD-A
1706,Control,2024-03-11,CONTROL
1707,Control,2024-05-19,CONTROL
1708,Treatment,2024-04-12,PROD-A
1709,Treatment,2024-02-24,PROD-A
1710,Control,2024-03-14,CONTROL
1711,Treatment,2024-05-04,PROD-A
1712,Treatment,2024-01-08,PROD-A
1713,Control,2024-03-17,CONTROL
1714,Control,2024-01-24,CONTROL
1715,Control,2024-02-04,CONTROL
1716,Treatment,2024-03-30,PROD-A
1717,Control,2024-02-14,CONTROL
1718,Treatment,2024-06-28,PROD-A
1719,Control,2024-03-02,CONTROL
1720,Control,2024-02-12,CONTROL
1721,Treatment,2024-01-05,PROD-A
1722,Treatment,2024-03-25,PROD-A
1723,Treatment,2024-05-14,PROD-A
1724,Control,2024-01-03,CONTROL
1725,Treatment,2024-04-14,PROD-A
1726,Control,2024-04-23,CONTROL
1727,Control,2024-06-19,CONTROL
1728,Treatment,2024-04-22,PROD-A
1729,Treatment,2024-03-03,PROD-A
1730,Control,2024-06-28,CONTROL
1731,Control,2024-03-29,CONTROL
1732,Control,2024-01-29,CONTROL
1733,Treatment,2024-04-29,PROD-A
1734,Control,2024-06-01,CONTROL
1735,Treatment,2024-05-09,PROD-A
1736,Control,2024-05-15,CONTROL
1737,Control,2024-01-30,CONTROL
1738,Treatment,2024-02-04,PROD-A
1739,Control,2024-01-17,CONTROL
1740,Control,2024-03-11,CONTROL
1741,Control,2024-04-23,CONTROL
1742,Control,2024-06-02,CONTROL
1743,Treatment,2024-01-18,PROD-A
1744,Control,2024-02-24,CONTROL
1745,Treatment,2024-03-15,PROD-A
1746,Control,2024-06-24,CONTROL
1747,Treatment,2024-01-21,PROD-A
1748,Treatment,2024-02-17,PROD-A
1749,Control,2024-02-09,CONTROL
1750,Control,2024-05-07,CONTROL
1751,Treatment,2024-06-23,PROD-A
1752,Treatment,2024-03-27,PROD-A
1753,Control,2024-05-25,CONTROL
1754,Treatment,2024-01-01,PROD-A
1755,Control,2024-01-09,CONTROL
1756,Treatment,2024-05-28,PROD-A
1757,Control,2024-03-21,CONTROL
1758,Treatment,2024-04-30,PROD-A
1759,Control,2024-02-06,CONTROL
1760,Control,2024-06-25,CONTROL
1761,Treatment,2024-02-24,PROD-A
1762,Control,2024-02-28,CONTROL
1763,Treatment,2024-05-21,PROD-A
1764,Treatment,2024-01-31,PROD-A
1765,Treatment,2024-02-19,PROD-A
1766,Control,2024-03-18,CONTROL
1767,Control,2024-06-18,CONTROL
1768,Treatment,2024-06-27,PROD-A
1769,Control,2024-06-08,CONTROL
1770,Control,2024-06-15,CONTROL
1771,Control,2024-01-31,CONTROL
1772,Treatment,2024-02-12,PROD-A
1773,Treatment,2024-04-10,PROD-A
1774,Treatment,2024-03-14,PROD-A
1775,Control,2024-04-20,CONTROL
1776,Treatment,2024-05-17,PROD-A
1777,Treatment,2024-01-13,PROD-A
1778,Treatment,2024-04-15,PROD-A
1779,Treatment,2024-05-02,PROD-A
1780,Treatment,2024-01-25,PROD-A
1781,Control,2024-04-26,CONTROL
1782,Control,2024-03-26,CONTROL
1783,Control,2024-06-02,CONTROL
1784,Control,2024-01-20,CONTROL
1785,Control,2024-01-12,CONTROL
1786,Treatment,2024-01-20,PROD-A
1787,Treatment,2024-01-12,PROD-A
1788,Control,2024-05-06,CONTROL
1789,Treatment,2024-03-08,PROD-A
1790,Control,2024-06-16,CONTROL
1791,Treatment,2024-01-04,PROD-A
1792,Control,2024-02-26,CONTROL
1793,Control,2024-03-22,CONTROL
1794,Treatment,2024-06-02,PROD-A
1795,Treatment,2024-01-29,PROD-A
1796,Treatment,2024-06-06,PROD-A
1797,Control,2024-02-25,CONTROL
1798,Treatment,2024-06-27,PROD-A
1799,Control,2024-05-27,CONTROL
1800,Control,2024-03-03,CONTROL
1801,Control,2024-04-08,CONTROL
1802,Treatment,2024-01-24,PROD-A
1803,Control,2024-06-21,CONTROL
1804,Control,2024-01-19,CONTROL
1805,Control,2024-03-09,CONTROL
1806,Control,2024-01-26,CONTROL
1807,Treatment,2024-06-11,PROD-A
1808,Treatment,2024-06-24,PROD-A
1809,Treatment,2024-04-08,PROD-A
1810,Treatment,2024-03-25,PROD-A
1811,Control,2024-03-20,CONTROL
1812,Control,2024-03-23,CONTROL
1813,Treatment,2024-05-10,PROD-A
1814,Treatment,2024-04-10,PROD-A
1815,Control,2024-02-24,CONTROL
1816,Control,2024-01-12,CONTROL
1817,Control,2024-06-13,CONTROL
1818,Treatment,2024-02-20,PROD-A
1819,Control,2024-04-17,CONTROL
1820,Treatment,2024-05-13,PROD-A
1821,Treatment,2024-01-25,PROD-A
1822,Control,2024-06-22,CONTROL
1823,Treatment,2024-02-28,PROD-A
1824,Control,2024-03-01,CONTROL
1825,Treatment,2024-04-18,PROD-A
1826,Treatment,2024-05-16,PROD-A
1827,Control,2024-06-11,CONTROL
1828,Treatment,2024-02-17,PROD-A
1829,Treatment,2024-06-28,PROD-A
1830,Control,2024-06-07,CONTROL
1831,Treatment,2024-03-05,PROD-A
1832,Control,2024-04-12,CONTROL
1833,Control,2024-01-07,CONTROL
1834,Control,2024-05-13,CONTROL
1835,Treatment,2024-02-19,PROD-A
1836,Control,2024-05-19,CONTROL
1837,Treatment,2024-02-17,PROD-A
1838,Treatment,2024-04-27,PROD-A
1839,Control,2024-01-30,CONTROL
1840,Treatment,2024-04-05,PROD-A
1841,Control,2024-06-25,CONTROL
1842,Control,2024-03-19,CONTROL
1843,Treatment,2024-06-10,PROD-A
1844,Treatment,2024-02-21,PROD-A
1845,Control,2024-02-27,CONTROL
1846,Control,2024-04-19,CONTROL
1847,Control,2024-01-11,CONTROL
1848,Treatment,2024-03-22,PROD-A
1849,Treatment,2024-05-16,PROD-A
1850,Control,2024-03-22,CONTROL
1851,Treatment,2024-04-07,PROD-A
1852,Treatment,2024-06-17,PROD-A
1853,Treatment,2024-05-21,PROD-A
1854,Treatment,2024-04-22,PROD-A
1855,Control,2024-03-29,CONTROL
1856,Control,2024-04-09,CONTROL
1857,Control,2024-01-20,CONTROL
1858,Control,2024-03-11,CONTROL
1859,Treatment,2024-05-16,PROD-A
1860,Treatment,2024-02-11,PROD-A
1861,Treatment,2024-04-25,PROD-A
1862,Treatment,2024-05-21,PROD-A
1863,Control,2024-04-04,CONTROL
1864,Control,2024-05-09,CONTROL
1865,Treatment,2024-01-12,PROD-A
1866,Control,2024-01-02,CONTROL
1867,Control,2024-04-10,CONTROL
1868,Treatment,2024-06-02,PROD-A
1869,Treatment,2024-03-11,PROD-A
1870,Control,2024-03-05,CONTROL
1871,Treatment,2024-03-21,PROD-A
1872,Treatment,2024-03-13,PROD-A
1873,Control,2024-04-06,CONTROL
1874,Treatment,2024-05-29,PROD-A
1875,Treatment,2024-02-24,PROD-A
1876,Control,2024-03-20,CONTROL
1877,Control,2024-05-31,CONTROL
1878,Control,2024-03-07,CONTROL
1879,Control,2024-05-06,CONTROL
1880,Treatment,2024-06-06,PROD-A
1881,Treatment,2024-03-06,PROD-A
1882,Treatment,2024-03-10,PROD-A
1883,Treatment,2024-01-28,PROD-A
1884,Control,2024-04-15,CONTROL
1885,Treatment,2024-06-15,PROD-A
1886,Control,2024-01-26,CONTROL
1887,Control,2024-03-01,CONTROL
1888,Treatment,2024-01-14,PROD-A
1889,Treatment,2024-03-27,PROD-A
1890,Treatment,2024-04-29,PROD-A
1891,Treatment,2024-01-12,PROD-A
1892,Treatment,2024-04-27,PROD-A
1893,Control,2024-03-26,CONTROL
1894,Treatment,2024-04-11,PROD-A
1895,Treatment,2024-03-16,PROD-A
1896,Control,2024-05-21,CONTROL
1897,Control,2024-04-10,CONTROL
1898,Control,2024-01-31,CONTROL
1899,Treatment,2024-05-19,PROD-A
1900,Treatment,2024-01-05,PROD-A
1901,Control,2024-03-16,CONTROL
1902,Treatment,2024-01-27,PROD-A
1903,Control,2024-05-21,CONTROL
1904,Control,2024-02-17,CONTROL
1905,Treatment,2024-02-19,PROD-A
1906,Control,2024-03-19,CONTROL
1907,Control,2024-04-01,CONTROL
1908,Control,2024-02-14,CONTROL
1909,Control,2024-02-23,CONTROL
1910,Control,2024-03-28,CONTROL
1911,Control,2024-05-06,CONTROL
1912,Treatment,2024-05-08,PROD-A
1913,Treatment,2024-04-03,PROD-A
1914,Treatment,2024-03-03,PROD-A
1915,Control,2024-04-03,CONTROL
1916,Treatment,2024-03-16,PROD-A
1917,Treatment,2024-05-20,PROD-A
1918,Control,2024-03-02,CONTROL
1919,Control,2024-02-23,CONTROL
1920,Control,2024-03-02,CONTROL
1921,Control,2024-05-04,CONTROL
1922,Control,2024-04-04,CONTROL
1923,Treatment,2024-06-03,PROD-A
1924,Control,2024-02-01,CONTROL
1925,Treatment,2024-04-07,PROD-A
1926,Control,2024-04-07,CONTROL
1927,Control,2024-05-10,CONTROL
1928,Control,2024-05-06,CONTROL
1929,Control,2024-03-18,CONTROL
1930,Treatment,2024-03-11,PROD-A
1931,Control,2024-02-26,CONTROL
1932,Control,2024-01-17,CONTROL
1933,Control,2024-04-03,CONTROL
1934,Treatment,2024-03-28,PROD-A
1935,Treatment,2024-02-12,PROD-A
1936,Treatment,2024-05-17,PROD-A
1937,Treatment,2024-06-15,PROD-A
1938,Treatment,2024-01-05,PROD-A
1939,Treatment,2024-03-22,PROD-A
1940,Treatment,2024-03-25,PROD-A
1941,Treatment,2024-06-02,PROD-A
1942,Treatment,2024-05-13,PROD-A
1943,Control,2024-02-11,CONTROL
1944,Treatment,2024-03-01,PROD-A
1945,Control,2024-05-05,CONTROL
1946,Treatment,2024-04-03,PROD-A
1947,Treatment,2024-03-10,PROD-A
1948,Control,2024-01-06,CONTROL
1949,Control,2024-03-02,CONTROL
1950,Control,2024-05-14,CONTROL
1951,Treatment,2024-02-02,PROD-A
1952,Control,2024-05-12,CONTROL
1953,Control,2024-06-12,CONTROL
1954,Control,2024-01-30,CONTROL
1955,Control,2024-06-26,CONTROL
1956,Control,2024-04-27,CONTROL
1957,Treatment,2024-05-03,PROD-A
1958,Control,2024-03-25,CONTROL
1959,Control,2024-02-08,CONTROL
1960,Control,2024-03-27,CONTROL
1961,Control,2024-03-07,CONTROL
1962,Control,2024-04-09,CONTROL
1963,Control,2024-03-30,CONTROL
1964,Control,2024-06-10,CONTROL
1965,Control,2024-03-17,CONTROL
1966,Control,2024-03-05,CONTROL
1967,Control,2024-02-15,CONTROL
1968,Control,2024-03-22,CONTROL
1969,Treatment,2024-04-22,PROD-A
1970,Treatment,2024-03-07,PROD-A
1971,Control,2024-04-24,CONTROL
1972,Treatment,2024-04-15,PROD-A
1973,Control,2024-03-20,CONTROL
1974,Treatment,2024-02-18,PROD-A
1975,Control,2024-02-04,CONTROL
1976,Control,2024-02-14,CONTROL
1977,Treatment,2024-02-29,PROD-A
1978,Treatment,2024-05-16,PROD-A
1979,Treatment,2024-05-20,PROD-A
1980,Treatment,2024-05-10,PROD-A
1981,Control,2024-06-08,CONTROL
1982,Control,2024-03-09,CONTROL
1983,Treatment,2024-04-11,PROD-A
1984,Control,2024-05-28,CONTROL
1985,Treatment,2024-04-13,PROD-A
1986,Treatment,2024-06-01,PROD-A
1987,Treatment,2024-06-27,PROD-A
1988,Control,2024-02-06,CONTROL
1989,Treatment,2024-06-08,PROD-A
1990,Control,2024-05-13,CONTROL
1991,Control,2024-02-11,CONTROL
1992,Treatment,2024-06-28,PROD-A
1993,Control,2024-05-29,CONTROL
1994,Treatment,2024-02-20,PROD-A
1995,Treatment,2024-06-09,PROD-A
1996,Control,2024-06-07,CONTROL
1997,Treatment,2024-02-01,PROD-A
1998,Treatment,2024-06-06,PROD-A
1999,Treatment,2024-03-14,PROD-A
2000,Control,2024-05-21,CONTROL
2001,Control,2024-03-19,CONTROL
2002,Control,2024-05-29,CONTROL
2003,Control,2024-05-14,CONTROL
2004,Control,2024-03-17,CONTROL
2005,Treatment,2024-05-25,PROD-A
2006,Control,2024-04-21,CONTROL
2007,Treatment,2024-01-28,PROD-A
2008,Control,2024-04-22,CONTROL
2009,Control,2024-06-22,CONTROL
2010,Treatment,2024-01-13,PROD-A
2011,Control,2024-02-18,CONTROL
2012,Treatment,2024-02-27,PROD-A
2013,Control,2024-02-25,CONTROL
2014,Control,2024-01-15,CONTROL
2015,Control,2024-05-05,CONTROL
2016,Treatment,2024-03-26,PROD-A
2017,Treatment,2024-01-23,PROD-A
2018,Control,2024-06-16,CONTROL
2019,Control,2024-02-18,CONTROL
2020,Control,2024-02-09,CONTROL
2021,Treatment,2024-01-02,PROD-A
2022,Control,2024-04-01,CONTROL
2023,Treatment,2024-02-10,PROD-A
2024,Treatment,2024-03-24,PROD-A
2025,Control,2024-06-04,CONTROL
2026,Treatment,2024-04-28,PROD-A
2027,Control,2024-04-30,CONTROL
2028,Treatment,2024-05-28,PROD-A
2029,Control,2024-04-24,CONTROL
2030,Treatment,2024-06-25,PROD-A
2031,Control,2024-05-12,CONTROL
2032,Treatment,2024-02-29,PROD-A
2033,Control,2024-02-03,CONTROL
2034,Control,2024-02-12,CONTROL
2035,Treatment,2024-01-13,PROD-A
2036,Control,2024-03-06,CONTROL
2037,Treatment,2024-06-15,PROD-A
2038,Treatment,2024-04-29,PROD-A
2039,Treatment,2024-04-10,PROD-A
2040,Control,2024-06-19,CONTROL
2041,Treatment,2024-01-14,PROD-A
2042,Control,2024-02-26,CONTROL
2043,Control,2024-06-23,CONTROL
2044,Treatment,2024-05-15,PROD-A
2045,Control,2024-04-11,CONTROL
2046,Treatment,2024-04-02,PROD-A
2047,Treatment,2024-03-07,PROD-A
2048,Control,2024-03-01,CONTROL
2049,Control,2024-04-21,CONTROL
2050,Control,2024-03-01,CONTROL
2051,Control,2024-01-20,CONTROL
2052,Treatment,2024-01-18,PROD-A
2053,Control,2024-05-24,CONTROL
2054,Control,2024-04-10,CONTROL
2055,Treatment,2024-05-03,PROD-A
2056,Treatment,2024-01-23,PROD-A
2057,Control,2024-02-02,CONTROL
2058,Treatment,2024-05-11,PROD-A
2059,Control,2024-06-17,CONTROL
2060,Treatment,2024-06-18,PROD-A
2061,Treatment,2024-03-24,PROD-A
2062,Control,2024-02-08,CONTROL
2063,Treatment,2024-03-05,PROD-A
2064,Control,2024-04-24,CONTROL
2065,Treatment,2024-01-06,PROD-A
2066,Control,2024-01-20,CONTROL
2067,Treatment,2024-06-26,PROD-A
2068,Control,2024-06-06,CONTROL
2069,Treatment,2024-02-02,PROD-A
2070,Treatment,2024-03-04,PROD-A
2071,Treatment,2024-03-12,PROD-A
2072,Control,2024-02-05,CONTROL
2073,Treatment,2024-06-06,PROD-A
2074,Control,2024-02-22,CONTROL
2075,Control,2024-03-18,CONTROL
2076,Control,2024-02-11,CONTROL
2077,Control,2024-05-25,CONTROL
2078,Treatment,2024-04-13,PROD-A
2079,Treatment,2024-02-13,PROD-A
2080,Control,2024-04-29,CONTROL
2081,Control,2024-03-03,CONTROL
2082,Treatment,2024-06-02,PROD-A
2083,Control,2024-06-13,CONTROL
2084,Treatment,2024-01-04,PROD-A
2085,Control,2024-04-05,CONTROL
2086,Control,2024-03-07,CONTROL
2087,Control,2024-02-20,CONTROL
2088,Control,2024-01-10,CONTROL
2089,Control,2024-06-15,CONTROL
2090,Treatment,2024-03-29,PROD-A
2091,Treatment,2024-03-22,PROD-A
2092,Control,2024-04-06,CONTROL
2093,Control,2024-04-18,CONTROL
2094,Control,2024-01-05,CONTROL
2095,Control,2024-02-10,CONTROL
2096,Treatment,2024-01-06,PROD-A
2097,Control,2024-01-11,CONTROL
2098,Control,2024-05-24,CONTROL
2099,Treatment,2024-05-14,PROD-A
2100,Control,2024-06-22,CONTROL
2101,Treatment,2024-03-01,PROD-A
2102,Treatment,2024-01-28,PROD-A
2103,Treatment,2024-03-30,PROD-A
2104,Control,2024-03-31,CONTROL
2105,Treatment,2024-06-14,PROD-A
2106,Treatment,2024-06-23,PROD-A
2107,Control,2024-02-12,CONTROL
2108,Treatment,2024-02-09,PROD-A
2109,Control,2024-05-13,CONTROL
2110,Treatment,2024-01-06,PROD-A
2111,Control,2024-04-15,CONTROL
2112,Control,2024-02-16,CONTROL
2113,Treatment,2024-05-08,PROD-A
2114,Control,2024-02-28,CONTROL
2115,Control,2024-02-12,CONTROL
2116,Treatment,2024-03-12,PROD-A
2117,Treatment,2024-05-29,PROD-A
2118,Treatment,2024-06-16,PROD-A
2119,Control,2024-06-01,CONTROL
2120,Treatment,2024-02-01,PROD-A
2121,Control,2024-02-21,CONTROL
2122,Treatment,2024-01-29,PROD-A
2123,Treatment,2024-06-19,PROD-A
2124,Treatment,2024-01-02,PROD-A
2125,Control,2024-02-23,CONTROL
2126,Treatment,2024-06-11,PROD-A
2127,Control,2024-06-19,CONTROL
2128,Control,2024-01-26,CONTROL
2129,Control,2024-04-22,CONTROL
2130,Control,2024-04-03,CONTROL
2131,Treatment,2024-03-23,PROD-A
2132,Control,2024-04-30,CONTROL
2133,Treatment,2024-01-24,PROD-A
2134,Control,2024-02-14,CONTROL
2135,Control,2024-01-02,CONTROL
2136,Treatment,2024-04-20,PROD-A
2137,Control,2024-04-30,CONTROL
2138,Treatment,2024-05-07,PROD-A
2139,Control,2024-02-18,CONTROL
2140,Control,2024-05-23,CONTROL
2141,Treatment,2024-05-31,PROD-A
2142,Control,2024-04-07,CONTROL
2143,Control,2024-01-23,CONTROL
2144,Treatment,2024-02-18,PROD-A
2145,Treatment,2024-03-27,PROD-A
2146,Control,2024-02-19,CONTROL
2147,Treatment,2024-05-18,PROD-A
2148,Control,2024-06-26,CONTROL
2149,Control,2024-01-02,CONTROL
2150,Control,2024-06-02,CONTROL
2151,Control,2024-02-04,CONTROL
2152,Control,2024-01-29,CONTROL
2153,Treatment,2024-02-15,PROD-A
2154,Treatment,2024-03-28,PROD-A
2155,Treatment,2024-06-07,PROD-A
2156,Control,2024-04-07,CONTROL
2157,Control,2024-04-15,CONTROL
2158,Treatment,2024-06-28,PROD-A
2159,Control,2024-04-01,CONTROL
2160,Treatment,2024-02-16,PROD-A
2161,Control,2024-05-16,CONTROL
2162,Control,2024-06-14,CONTROL
2163,Treatment,2024-04-17,PROD-A
2164,Control,2024-04-21,CONTROL
2165,Control,2024-05-23,CONTROL
2166,Control,2024-05-26,CONTROL
2167,Treatment,2024-02-21,PROD-A
2168,Treatment,2024-04-09,PROD-A
2169,Control,2024-01-01,CONTROL
2170,Treatment,2024-02-21,PROD-A
2171,Control,2024-04-15,CONTROL
2172,Treatment,2024-01-27,PROD-A
2173,Treatment,2024-03-08,PROD-A
2174,Control,2024-02-16,CONTROL
2175,Treatment,2024-02-08,PROD-A
2176,Treatment,2024-02-18,PROD-A
2177,Treatment,2024-02-12,PROD-A
2178,Treatment,2024-05-12,PROD-A
2179,Treatment,2024-03-06,PROD-A
2180,Treatment,2024-03-29,PROD-A
2181,Control,2024-02-27,CONTROL
2182,Treatment,2024-03-12,PROD-A
2183,Control,2024-04-20,CONTROL
2184,Treatment,2024-02-15,PROD-A
2185,Control,2024-04-26,CONTROL
2186,Treatment,2024-01-06,PROD-A
2187,Control,2024-05-06,CONTROL
2188,Control,2024-04-19,CONTROL
2189,Treatment,2024-05-08,PROD-A
2190,Treatment,2024-01-24,PROD-A
2191,Control,2024-02-08,CONTROL
2192,Treatment,2024-05-02,PROD-A
2193,Control,2024-05-08,CONTROL
2194,Control,2024-03-21,CONTROL
2195,Control,2024-06-16,CONTROL
2196,Control,2024-03-07,CONTROL
2197,Control,2024-03-05,CONTROL
2198,Control,2024-05-25,CONTROL
2199,Control,2024-06-08,CONTROL
2200,Treatment,2024-01-06,PROD-A
2201,Control,2024-06-06,CONTROL
2202,Treatment,2024-06-10,PROD-A
2203,Control,2024-03-19,CONTROL
2204,Treatment,2024-02-09,PROD-A
2205,Control,2024-01-31,CONTROL
2206,Treatment,2024-03-27,PROD-A
2207,Treatment,2024-04-07,PROD-A
2208,Treatment,2024-06-04,PROD-A
2209,Control,2024-04-01,CONTROL
2210,Treatment,2024-06-13,PROD-A
2211,Control,2024-03-27,CONTROL
2212,Control,2024-01-11,CONTROL
2213,Control,2024-04-27,CONTROL
2214,Control,2024-06-21,CONTROL
2215,Treatment,2024-04-07,PROD-A
2216,Treatment,2024-06-09,PROD-A
2217,Control,2024-04-12,CONTROL
2218,Control,2024-05-29,CONTROL
2219,Control,2024-01-11,CONTROL
2220,Treatment,2024-05-15,PROD-A
2221,Control,2024-04-02,CONTROL
2222,Control,2024-01-04,CONTROL
2223,Control,2024-02-01,CONTROL
2224,Control,2024-05-21,CONTROL
2225,Treatment,2024-02-06,PROD-A
2226,Treatment,2024-01-25,PROD-A
2227,Treatment,2024-01-22,PROD-A
2228,Treatment,2024-03-13,PROD-A
2229,Control,2024-05-03,CONTROL
2230,Treatment,2024-03-30,PROD-A
2231,Control,2024-06-05,CONTROL
2232,Treatment,2024-03-05,PROD-A
2233,Treatment,2024-05-03,PROD-A
2234,Control,2024-03-20,CONTROL
2235,Control,2024-05-10,CONTROL
2236,Treatment,2024-01-18,PROD-A
2237,Control,2024-05-21,CONTROL
2238,Treatment,2024-03-13,PROD-A
2239,Treatment,2024-01-15,PROD-A
2240,Control,2024-04-28,CONTROL
2241,Control,2024-03-16,CONTROL
2242,Treatment,2024-03-20,PROD-A
2243,Control,2024-03-06,CONTROL
2244,Treatment,2024-04-04,PROD-A
2245,Control,2024-05-01,CONTROL
2246,Control,2024-03-19,CONTROL
2247,Treatment,2024-03-31,PROD-A
2248,Control,2024-06-19,CONTROL
2249,Control,2024-04-15,CONTROL
2250,Treatment,2024-01-13,PROD-A
2251,Control,2024-01-05,CONTROL
2252,Control,2024-05-02,CONTROL
2253,Treatment,2024-04-28,PROD-A
2254,Treatment,2024-03-17,PROD-A
2255,Treatment,2024-06-11,PROD-A
2256,Treatment,2024-03-02,PROD-A
2257,Treatment,2024-03-13,PROD-A
2258,Treatment,2024-01-20,PROD-A
2259,Treatment,2024-04-09,PROD-A
2260,Control,2024-03-02,CONTROL
2261,Treatment,2024-05-25,PROD-A
2262,Control,2024-03-09,CONTROL
2263,Control,2024-04-05,CONTROL
2264,Treatment,2024-06-24,PROD-A
2265,Control,2024-01-25,CONTROL
2266,Treatment,2024-02-26,PROD-A
2267,Treatment,2024-03-05,PROD-A
2268,Control,2024-01-31,CONTROL
2269,Control,2024-03-20,CONTROL
2270,Control,2024-03-14,CONTROL
2271,Control,2024-02-27,CONTROL
2272,Control,2024-04-14,CONTROL
2273,Control,2024-02-26,CONTROL
2274,Treatment,2024-01-08,PROD-A
2275,Treatment,2024-01-05,PROD-A
2276,Control,2024-05-08,CONTROL
2277,Treatment,2024-04-28,PROD-A
2278,Treatment,2024-04-29,PROD-A
2279,Control,2024-04-01,CONTROL
2280,Treatment,2024-02-11,PROD-A
2281,Control,2024-04-01,CONTROL
2282,Treatment,2024-03-24,PROD-A
2283,Control,2024-06-23,CONTROL
2284,Control,2024-04-08,CONTROL
2285,Treatment,2024-02-27,PROD-A
2286,Treatment,2024-03-14,PROD-A
2287,Control,2024-05-09,CONTROL
2288,Control,2024-02-03,CONTROL
2289,Control,2024-02-02,CONTROL
2290,Control,2024-01-10,CONTROL
2291,Treatment,2024-05-31,PROD-A
2292,Control,2024-01-29,CONTROL
2293,Control,2024-06-03,CONTROL
2294,Treatment,2024-03-16,PROD-A
2295,Control,2024-05-11,CONTROL
2296,Treatment,2024-05-16,PROD-A
2297,Control,2024-03-22,CONTROL
2298,Treatment,2024-06-23,PROD-A
2299,Treatment,2024-01-11,PROD-A
2300,Control,2024-01-12,CONTROL
2301,Treatment,2024-05-24,PROD-A
2302,Treatment,2024-01-20,PROD-A
2303,Treatment,2024-04-24,PROD-A
2304,Treatment,2024-06-07,PROD-A
2305,Treatment,2024-04-09,PROD-A
2306,Control,2024-03-05,CONTROL
2307,Treatment,2024-06-17,PROD-A
2308,Treatment,2024-06-26,PROD-A
2309,Treatment,2024-01-18,PROD-A
2310,Control,2024-02-29,CONTROL
2311,Control,2024-02-28,CONTROL
2312,Control,2024-06-10,CONTROL
2313,Control,2024-01-29,CONTROL
2314,Treatment,2024-03-21,PROD-A
2315,Control,2024-03-14,CONTROL
2316,Control,2024-04-29,CONTROL
2317,Treatment,2024-01-28,PROD-A
2318,Control,2024-02-13,CONTROL
2319,Control,2024-01-19,CONTROL
2320,Treatment,2024-01-12,PROD-A
2321,Control,2024-01-31,CONTROL
2322,Treatment,2024-06-18,PROD-A
2323,Treatment,2024-04-05,PROD-A
2324,Control,2024-04-22,CONTROL
2325,Control,2024-05-22,CONTROL
2326,Treatment,2024-05-16,PROD-A
2327,Treatment,2024-03-20,PROD-A
2328,Control,2024-04-11,CONTROL
2329,Control,2024-06-08,CONTROL
2330,Treatment,2024-05-22,PROD-A
2331,Treatment,2024-05-05,PROD-A
2332,Control,2024-01-07,CONTROL
2333,Treatment,2024-04-03,PROD-A
2334,Control,2024-04-12,CONTROL
2335,Control,2024-03-19,CONTROL
2336,Treatment,2024-01-05,PROD-A
2337,Treatment,2024-02-09,PROD-A
2338,Control,2024-01-03,CONTROL
2339,Treatment,2024-01-19,PROD-A
2340,Treatment,2024-03-02,PROD-A
2341,Treatment,2024-06-22,PROD-A
2342,Control,2024-01-16,CONTROL
2343,Control,2024-04-10,CONTROL
2344,Control,2024-04-21,CONTROL
2345,Control,2024-04-30,CONTROL
2346,Control,2024-03-17,CONTROL
2347,Control,2024-01-10,CONTROL
2348,Control,2024-03-13,CONTROL
2349,Control,2024-01-25,CONTROL
2350,Treatment,2024-02-06,PROD-A
2351,Treatment,2024-02-25,PROD-A
2352,Control,2024-04-27,CONTROL
2353,Treatment,2024-04-26,PROD-A
2354,Treatment,2024-06-01,PROD-A
2355,Control,2024-02-14,CONTROL
2356,Control,2024-04-04,CONTROL
2357,Control,2024-05-05,CONTROL
2358,Control,2024-06-08,CONTROL
2359,Control,2024-05-28,CONTROL
2360,Treatment,2024-03-04,PROD-A
2361,Control,2024-05-09,CONTROL
2362,Treatment,2024-03-05,PROD-A
2363,Treatment,2024-04-25,PROD-A
2364,Control,2024-05-20,CONTROL
2365,Treatment,2024-03-23,PROD-A
2366,Control,2024-04-22,CONTROL
2367,Treatment,2024-03-15,PROD-A
2368,Treatment,2024-05-04,PROD-A
2369,Control,2024-04-20,CONTROL
2370,Treatment,2024-04-10,PROD-A
2371,Control,2024-02-04,CONTROL
2372,Control,2024-01-25,CONTROL
2373,Control,2024-01-04,CONTROL
2374,Control,2024-03-11,CONTROL
2375,Treatment,2024-03-29,PROD-A
2376,Control,2024-02-05,CONTROL
2377,Control,2024-04-07,CONTROL
2378,Treatment,2024-01-18,PROD-A
2379,Control,2024-02-05,CONTROL
2380,Treatment,2024-02-04,PROD-A
2381,Treatment,2024-05-31,PROD-A
2382,Treatment,2024-04-17,PROD-A
2383,Treatment,2024-04-14,PROD-A
2384,Control,2024-01-28,CONTROL
2385,Control,2024-02-07,CONTROL
2386,Control,2024-06-24,CONTROL
2387,Treatment,2024-05-13,PROD-A
2388,Control,2024-06-10,CONTROL
2389,Control,2024-04-29,CONTROL
2390,Treatment,2024-02-16,PROD-A
2391,Treatment,2024-03-24,PROD-A
2392,Control,2024-05-23,CONTROL
2393,Control,2024-06-18,CONTROL
2394,Treatment,2024-05-04,PROD-A
2395,Control,2024-03-18,CONTROL
2396,Control,2024-04-14,CONTROL
2397,Control,2024-05-24,CONTROL
2398,Treatment,2024-02-21,PROD-A
2399,Control,2024-04-15,CONTROL
2400,Control,2024-01-20,CONTROL
2401,Treatment,2024-02-06,PROD-A
2402,Treatment,2024-01-19,PROD-A
2403,Control,2024-01-17,CONTROL
2404,Treatment,2024-06-18,PROD-A
2405,Treatment,2024-06-07,PROD-A
2406,Control,2024-03-28,CONTROL
2407,Control,2024-05-21,CONTROL
2408,Treatment,2024-02-26,PROD-A
2409,Treatment,2024-02-18,PROD-A
2410,Treatment,2024-02-13,PROD-A
2411,Control,2024-02-06,CONTROL
2412,Control,2024-04-26,CONTROL
2413,Treatment,2024-02-15,PROD-A
2414,Control,2024-01-31,CONTROL
2415,Control,2024-04-18,CONTROL
2416,Control,2024-05-20,CONTROL
2417,Treatment,2024-03-25,PROD-A
2418,Treatment,2024-05-24,PROD-A
2419,Control,2024-03-29,CONTROL
2420,Control,2024-02-01,CONTROL
2421,Treatment,2024-05-24,PROD-A
2422,Control,2024-04-30,CONTROL
2423,Control,2024-01-29,CONTROL
2424,Treatment,2024-01-08,PROD-A
2425,Control,2024-06-18,CONTROL
2426,Treatment,2024-05-11,PROD-A
2427,Treatment,2024-03-08,PROD-A
2428,Control,2024-01-29,CONTROL
2429,Treatment,2024-03-14,PROD-A
2430,Control,2024-04-16,CONTROL
2431,Control,2024-03-19,CONTROL
2432,Treatment,2024-03-17,PROD-A
2433,Treatment,2024-03-13,PROD-A
2434,Treatment,2024-02-03,PROD-A
2435,Treatment,2024-05-27,PROD-A
2436,Control,2024-01-30,CONTROL
2437,Treatment,2024-02-12,PROD-A
2438,Treatment,2024-05-06,PROD-A
2439,Control,2024-01-15,CONTROL
2440,Control,2024-06-25,CONTROL
2441,Treatment,2024-03-22,PROD-A
2442,Treatment,2024-03-29,PROD-A
2443,Treatment,2024-03-10,PROD-A
2444,Treatment,2024-01-03,PROD-A
2445,Treatment,2024-04-06,PROD-A
2446,Treatment,2024-05-22,PROD-A
2447,Control,2024-03-25,CONTROL
2448,Control,2024-05-28,CONTROL
2449,Treatment,2024-04-08,PROD-A
2450,Control,2024-06-15,CONTROL
2451,Treatment,2024-01-08,PROD-A
2452,Treatment,2024-04-18,PROD-A
2453,Control,2024-01-01,CONTROL
2454,Control,2024-01-20,CONTROL
2455,Control,2024-04-26,CONTROL
2456,Control,2024-03-13,CONTROL
2457,Treatment,2024-02-25,PROD-A
2458,Treatment,2024-03-18,PROD-A
2459,Treatment,2024-03-27,PROD-A
2460,Control,2024-06-09,CONTROL
2461,Treatment,2024-04-13,PROD-A
2462,Control,2024-02-12,CONTROL
2463,Treatment,2024-05-27,PROD-A
2464,Control,2024-02-08,CONTROL
2465,Treatment,2024-02-23,PROD-A
2466,Control,2024-01-29,CONTROL
2467,Control,2024-05-11,CONTROL
2468,Treatment,2024-01-01,PROD-A
2469,Control,2024-04-23,CONTROL
2470,Treatment,2024-02-15,PROD-A
2471,Treatment,2024-06-05,PROD-A
2472,Treatment,2024-04-06,PROD-A
2473,Control,2024-03-17,CONTROL
2474,Treatment,2024-01-27,PROD-A
2475,Treatment,2024-03-07,PROD-A
2476,Control,2024-04-23,CONTROL
2477,Treatment,2024-04-25,PROD-A
2478,Treatment,2024-04-08,PROD-A
2479,Treatment,2024-02-19,PROD-A
2480,Control,2024-05-28,CONTROL
2481,Control,2024-01-09,CONTROL
2482,Treatment,2024-02-04,PROD-A
2483,Treatment,2024-01-26,PROD-A
2484,Control,2024-04-28,CONTROL
2485,Treatment,2024-05-14,PROD-A
2486,Control,2024-02-13,CONTROL
2487,Control,2024-06-15,CONTROL
2488,Control,2024-01-26,CONTROL
2489,Control,2024-05-09,CONTROL
2490,Control,2024-02-20,CONTROL
2491,Control,2024-05-14,CONTROL
2492,Treatment,2024-06-24,PROD-A
2493,Treatment,2024-06-20,PROD-A
2494,Control,2024-03-13,CONTROL
2495,Control,2024-01-16,CONTROL
2496,Control,2024-01-29,CONTROL
2497,Treatment,2024-05-27,PROD-A
2498,Treatment,2024-04-20,PROD-A
2499,Treatment,2024-03-12,PROD-A
2500,Treatment,2024-04-28,PROD-A
2501,Control,2024-05-21,CONTROL
2502,Treatment,2024-01-01,PROD-A
2503,Treatment,2024-04-01,PROD-A
2504,Treatment,2024-06-19,PROD-A
2505,Treatment,2024-06-25,PROD-A
2506,Treatment,2024-06-01,PROD-A
2507,Treatment,2024-03-13,PROD-A
2508,Treatment,2024-04-08,PROD-A
2509,Treatment,2024-05-10,PROD-A
2510,Treatment,2024-06-22,PROD-A
2511,Control,2024-05-10,CONTROL
2512,Treatment,2024-02-01,PROD-A
2513,Control,2024-04-29,CONTROL
2514,Treatment,2024-06-13,PROD-A
2515,Treatment,2024-05-07,PROD-A
2516,Control,2024-02-11,CONTROL
2517,Control,2024-05-25,CONTROL
2518,Treatment,2024-03-26,PROD-A
2519,Control,2024-06-17,CONTROL
2520,Treatment,2024-05-10,PROD-A
2521,Treatment,2024-03-05,PROD-A
2522,Control,2024-02-27,CONTROL
2523,Treatment,2024-06-24,PROD-A
2524,Treatment,2024-02-23,PROD-A
2525,Treatment,2024-03-08,PROD-A
2526,Treatment,2024-05-22,PROD-A
2527,Treatment,2024-02-22,PROD-A
2528,Treatment,2024-06-28,PROD-A
2529,Control,2024-04-17,CONTROL
2530,Control,2024-03-16,CONTROL
2531,Control,2024-02-15,CONTROL
2532,Control,2024-06-26,CONTROL
2533,Control,2024-06-09,CONTROL
2534,Treatment,2024-06-23,PROD-A
2535,Treatment,2024-05-27,PROD-A
2536,Treatment,2024-01-15,PROD-A
2537,Control,2024-05-13,CONTROL
2538,Treatment,2024-06-28,PROD-A
2539,Control,2024-05-12,CONTROL
2540,Treatment,2024-06-23,PROD-A
2541,Control,2024-06-24,CONTROL
2542,Treatment,2024-06-07,PROD-A
2543,Treatment,2024-05-17,PROD-A
2544,Control,2024-04-11,CONTROL
2545,Treatment,2024-04-26,PROD-A
2546,Control,2024-02-16,CONTROL
2547,Treatment,2024-02-10,PROD-A
2548,Control,2024-01-18,CONTROL
2549,Control,2024-01-01,CONTROL
2550,Treatment,2024-05-28,PROD-A
2551,Treatment,2024-04-13,PROD-A
2552,Treatment,2024-01-28,PROD-A
2553,Control,2024-06-02,CONTROL
2554,Treatment,2024-04-07,PROD-A
2555,Control,2024-04-19,CONTROL
2556,Treatment,2024-02-12,PROD-A
2557,Treatment,2024-03-01,PROD-A
2558,Treatment,2024-04-11,PROD-A
2559,Control,2024-02-20,CONTROL
2560,Control,2024-05-05,CONTROL
2561,Control,2024-03-23,CONTROL
2562,Treatment,2024-02-23,PROD-A
2563,Treatment,2024-03-08,PROD-A
2564,Treatment,2024-06-07,PROD-A
2565,Treatment,2024-06-02,PROD-A
2566,Treatment,2024-02-15,PROD-A
2567,Treatment,2024-01-31,PROD-A
2568,Treatment,2024-01-24,PROD-A
2569,Control,2024-04-13,CONTROL
2570,Treatment,2024-03-05,PROD-A
2571,Control,2024-06-04,CONTROL
2572,Treatment,2024-03-19,PROD-A
2573,Treatment,2024-05-12,PROD-A
2574,Control,2024-02-13,CONTROL
2575,Treatment,2024-06-09,PROD-A
2576,Treatment,2024-03-05,PROD-A
2577,Treatment,2024-02-01,PROD-A
2578,Control,2024-01-03,CONTROL
2579,Treatment,2024-03-30,PROD-A
2580,Control,2024-05-05,CONTROL
2581,Treatment,2024-02-02,PROD-A
2582,Treatment,2024-03-19,PROD-A
2583,Treatment,2024-06-02,PROD-A
2584,Treatment,2024-05-23,PROD-A
2585,Control,2024-05-30,CONTROL
2586,Control,2024-06-01,CONTROL
2587,Treatment,2024-03-03,PROD-A
2588,Control,2024-02-03,CONTROL
2589,Treatment,2024-03-10,PROD-A
2590,Treatment,2024-04-06,PROD-A
2591,Control,2024-06-03,CONTROL
2592,Control,2024-05-21,CONTROL
2593,Control,2024-03-24,CONTROL
2594,Control,2024-02-07,CONTROL
2595,Treatment,2024-04-05,PROD-A
2596,Treatment,2024-01-04,PROD-A
2597,Treatment,2024-04-29,PROD-A
2598,Control,2024-04-05,CONTROL
2599,Control,2024-02-23,CONTROL
2600,Treatment,2024-01-27,PROD-A
2601,Control,2024-06-16,CONTROL
2602,Treatment,2024-06-06,PROD-A
2603,Control,2024-06-16,CONTROL
2604,Treatment,2024-02-07,PROD-A
2605,Control,2024-01-26,CONTROL
2606,Treatment,2024-02-10,PROD-A
2607,Control,2024-03-19,CONTROL
2608,Control,2024-02-24,CONTROL
2609,Control,2024-03-30,CONTROL
2610,Control,2024-03-20,CONTROL
2611,Treatment,2024-01-24,PROD-A
2612,Treatment,2024-03-08,PROD-A
2613,Treatment,2024-05-30,PROD-A
2614,Control,2024-06-04,CONTROL
2615,Treatment,2024-06-23,PROD-A
2616,Control,2024-06-07,CONTROL
2617,Control,2024-03-18,CONTROL
2618,Treatment,2024-03-07,PROD-A
2619,Control,2024-05-03,CONTROL
2620,Treatment,2024-04-26,PROD-A
2621,Treatment,2024-04-21,PROD-A
2622,Control,2024-06-08,CONTROL
2623,Control,2024-02-15,CONTROL
2624,Control,2024-06-23,CONTROL
2625,Control,2024-06-26,CONTROL
2626,Control,2024-04-04,CONTROL
2627,Treatment,2024-03-06,PROD-A
2628,Control,2024-05-11,CONTROL
2629,Control,2024-03-21,CONTROL
2630,Treatment,2024-05-24,PROD-A
2631,Control,2024-02-06,CONTROL
2632,Treatment,2024-02-08,PROD-A
2633,Control,2024-05-11,CONTROL
2634,Treatment,2024-03-31,PROD-A
2635,Control,2024-04-30,CONTROL
2636,Control,2024-01-23,CONTROL
2637,Treatment,2024-06-27,PROD-A
2638,Control,2024-04-15,CONTROL
2639,Control,2024-02-12,CONTROL
2640,Treatment,2024-02-12,PROD-A
2641,Control,2024-01-18,CONTROL
2642,Control,2024-06-22,CONTROL
2643,Treatment,2024-06-10,PROD-A
2644,Treatment,2024-06-18,PROD-A
2645,Treatment,2024-04-26,PROD-A
2646,Treatment,2024-04-28,PROD-A
2647,Treatment,2024-01-11,PROD-A
2648,Treatment,2024-02-20,PROD-A
2649,Control,2024-04-05,CONTROL
2650,Treatment,2024-06-10,PROD-A
2651,Treatment,2024-05-12,PROD-A
2652,Treatment,2024-06-22,PROD-A
2653,Control,2024-01-29,CONTROL
2654,Control,2024-06-05,CONTROL
2655,Control,2024-06-25,CONTROL
2656,Treatment,2024-05-31,PROD-A
2657,Treatment,2024-06-08,PROD-A
2658,Treatment,2024-04-16,PROD-A
2659,Control,2024-03-23,CONTROL
2660,Treatment,2024-01-14,PROD-A
2661,Control,2024-05-24,CONTROL
2662,Control,2024-01-21,CONTROL
2663,Treatment,2024-03-10,PROD-A
2664,Treatment,2024-02-12,PROD-A
2665,Treatment,2024-04-14,PROD-A
2666,Treatment,2024-03-10,PROD-A
2667,Control,2024-02-14,CONTROL
2668,Treatment,2024-03-23,PROD-A
2669,Treatment,2024-01-10,PROD-A
2670,Control,2024-02-20,CONTROL
2671,Treatment,2024-05-11,PROD-A
2672,Treatment,2024-06-02,PROD-A
2673,Treatment,2024-02-14,PROD-A
2674,Control,2024-05-17,CONTROL
2675,Treatment,2024-03-30,PROD-A
2676,Treatment,2024-01-27,PROD-A
2677,Treatment,2024-04-24,PROD-A
2678,Control,2024-01-03,CONTROL
2679,Treatment,2024-01-24,PROD-A
2680,Control,2024-02-13,CONTROL
2681,Treatment,2024-01-22,PROD-A
2682,Treatment,2024-03-12,PROD-A
2683,Control,2024-05-20,CONTROL
2684,Treatment,2024-05-30,PROD-A
2685,Treatment,2024-05-21,PROD-A
2686,Treatment,2024-05-28,PROD-A
2687,Treatment,2024-04-01,PROD-A
2688,Control,2024-05-29,CONTROL
2689,Control,2024-02-23,CONTROL
2690,Treatment,2024-06-22,PROD-A
2691,Control,2024-02-09,CONTROL
2692,Treatment,2024-05-16,PROD-A
2693,Treatment,2024-03-14,PROD-A
2694,Control,2024-02-18,CONTROL
2695,Control,2024-01-21,CONTROL
2696,Treatment,2024-05-02,PROD-A
2697,Control,2024-02-12,CONTROL
2698,Control,2024-01-14,CONTROL
2699,Control,2024-06-03,CONTROL
2700,Treatment,2024-06-18,PROD-A
2701,Control,2024-03-22,CONTROL
2702,Control,2024-01-23,CONTROL
2703,Treatment,2024-03-20,PROD-A
2704,Control,2024-03-01,CONTROL
2705,Control,2024-03-05,CONTROL
2706,Control,2024-04-15,CONTROL
2707,Control,2024-03-26,CONTROL
2708,Treatment,2024-04-08,PROD-A
2709,Control,2024-01-08,CONTROL
2710,Control,2024-02-18,CONTROL
2711,Treatment,2024-03-13,PROD-A
2712,Control,2024-02-10,CONTROL
2713,Control,2024-06-13,CONTROL
2714,Control,2024-06-23,CONTROL
2715,Treatment,2024-03-15,PROD-A
2716,Treatment,2024-05-31,PROD-A
2717,Control,2024-03-13,CONTROL
2718,Control,2024-05-24,CONTROL
2719,Treatment,2024-04-11,PROD-A
2720,Control,2024-01-16,CONTROL
2721,Treatment,2024-05-08,PROD-A
2722,Control,2024-05-23,CONTROL
2723,Control,2024-05-02,CONTROL
2724,Treatment,2024-02-18,PROD-A
2725,Control,2024-05-26,CONTROL
2726,Control,2024-01-05,CONTROL
2727,Control,2024-06-05,CONTROL
2728,Control,2024-06-14,CONTROL
2729,Control,2024-01-25,CONTROL
2730,Treatment,2024-06-28,PROD-A
2731,Treatment,2024-03-28,PROD-A
2732,Control,2024-01-05,CONTROL
2733,Treatment,2024-01-18,PROD-A
2734,Control,2024-02-26,CONTROL
2735,Treatment,2024-02-07,PROD-A
2736,Treatment,2024-03-19,PROD-A
2737,Treatment,2024-04-14,PROD-A
2738,Control,2024-01-03,CONTROL
2739,Control,2024-04-19,CONTROL
2740,Treatment,2024-04-17,PROD-A
2741,Control,2024-03-24,CONTROL
2742,Treatment,2024-06-24,PROD-A
2743,Treatment,2024-04-22,PROD-A
2744,Treatment,2024-06-01,PROD-A
2745,Control,2024-05-12,CONTROL
2746,Treatment,2024-05-08,PROD-A
2747,Treatment,2024-05-02,PROD-A
2748,Control,2024-05-03,CONTROL
2749,Treatment,2024-05-11,PROD-A
2750,Treatment,2024-01-26,PROD-A
2751,Control,2024-02-25,CONTROL
2752,Control,2024-06-27,CONTROL
2753,Control,2024-06-19,CONTROL
2754,Treatment,2024-04-13,PROD-A
2755,Control,2024-06-24,CONTROL
2756,Treatment,2024-05-29,PROD-A
2757,Control,2024-03-26,CONTROL
2758,Treatment,2024-04-16,PROD-A
2759,Control,2024-02-22,CONTROL
2760,Control,2024-05-03,CONTROL
2761,Treatment,2024-05-28,PROD-A
2762,Treatment,2024-01-26,PROD-A
2763,Control,2024-03-23,CONTROL
2764,Control,2024-06-09,CONTROL
2765,Control,2024-03-20,CONTROL
2766,Control,2024-06-01,CONTROL
2767,Control,2024-05-29,CONTROL
2768,Treatment,2024-01-05,PROD-A
2769,Treatment,2024-03-10,PROD-A
2770,Treatment,2024-06-17,PROD-A
2771,Control,2024-03-26,CONTROL
2772,Treatment,2024-02-29,PROD-A
2773,Control,2024-01-06,CONTROL
2774,Control,2024-05-07,CONTROL
2775,Control,2024-05-19,CONTROL
2776,Control,2024-04-03,CONTROL
2777,Control,2024-05-23,CONTROL
2778,Treatment,2024-05-24,PROD-A
2779,Control,2024-04-22,CONTROL
2780,Treatment,2024-03-11,PROD-A
2781,Control,2024-05-13,CONTROL
2782,Treatment,2024-06-06,PROD-A
2783,Control,2024-01-16,CONTROL
2784,Treatment,2024-01-05,PROD-A
2785,Control,2024-01-20,CONTROL
2786,Treatment,2024-03-28,PROD-A
2787,Treatment,2024-02-04,PROD-A
2788,Control,2024-01-25,CONTROL
2789,Control,2024-02-06,CONTROL
2790,Treatment,2024-01-30,PROD-A
2791,Control,2024-04-12,CONTROL
2792,Control,2024-03-04,CONTROL
2793,Control,2024-03-17,CONTROL
2794,Treatment,2024-04-27,PROD-A
2795,Treatment,2024-04-20,PROD-A
2796,Control,2024-03-02,CONTROL
2797,Control,2024-01-16,CONTROL
2798,Control,2024-02-08,CONTROL
2799,Treatment,2024-06-12,PROD-A
2800,Treatment,2024-01-15,PROD-A
2801,Treatment,2024-03-08,PROD-A
2802,Control,2024-01-26,CONTROL
2803,Control,2024-03-02,CONTROL
2804,Treatment,2024-04-14,PROD-A
2805,Treatment,2024-01-02,PROD-A
2806,Treatment,2024-04-16,PROD-A
2807,Control,2024-03-15,CONTROL
2808,Treatment,2024-01-10,PROD-A
2809,Treatment,2024-03-10,PROD-A
2810,Control,2024-01-26,CONTROL
2811,Control,2024-06-06,CONTROL
2812,Control,2024-03-13,CONTROL
2813,Treatment,2024-01-11,PROD-A
2814,Control,2024-05-07,CONTROL
2815,Control,2024-01-08,CONTROL
2816,Control,2024-01-24,CONTROL
2817,Control,2024-02-03,CONTROL
2818,Control,2024-02-20,CONTROL
2819,Treatment,2024-06-02,PROD-A
2820,Control,2024-02-13,CONTROL
2821,Treatment,2024-04-09,PROD-A
2822,Treatment,2024-04-26,PROD-A
2823,Control,2024-05-12,CONTROL
2824,Treatment,2024-02-26,PROD-A
2825,Treatment,2024-01-05,PROD-A
2826,Treatment,2024-03-06,PROD-A
2827,Control,2024-04-30,CONTROL
2828,Control,2024-03-26,CONTROL
2829,Control,2024-06-02,CONTROL
2830,Control,2024-01-04,CONTROL
2831,Control,2024-04-08,CONTROL
2832,Treatment,2024-01-08,PROD-A
2833,Treatment,2024-03-12,PROD-A
2834,Treatment,2024-06-25,PROD-A
2835,Treatment,2024-03-11,PROD-A
2836,Control,2024-03-20,CONTROL
2837,Treatment,2024-05-10,PROD-A
2838,Control,2024-04-30,CONTROL
2839,Treatment,2024-05-09,PROD-A
2840,Treatment,2024-04-10,PROD-A
2841,Treatment,2024-01-16,PROD-A
2842,Treatment,2024-02-08,PROD-A
2843,Treatment,2024-01-18,PROD-A
2844,Treatment,2024-02-26,PROD-A
2845,Treatment,2024-02-01,PROD-A
2846,Treatment,2024-01-09,PROD-A
2847,Treatment,2024-03-01,PROD-A
2848,Control,2024-01-01,CONTROL
2849,Treatment,2024-06-07,PROD-A
2850,Treatment,2024-01-16,PROD-A
2851,Treatment,2024-01-27,PROD-A
2852,Treatment,2024-06-07,PROD-A
2853,Control,2024-05-02,CONTROL
2854,Control,2024-06-16,CONTROL
2855,Treatment,2024-03-09,PROD-A
2856,Treatment,2024-02-17,PROD-A
2857,Control,2024-02-23,CONTROL
2858,Treatment,2024-04-14,PROD-A
2859,Control,2024-05-06,CONTROL
2860,Control,2024-03-10,CONTROL
2861,Control,2024-04-11,CONTROL
2862,Control,2024-03-18,CONTROL
2863,Control,2024-01-04,CONTROL
2864,Treatment,2024-01-24,PROD-A
2865,Control,2024-04-21,CONTROL
2866,Control,2024-04-16,CONTROL
2867,Control,2024-03-05,CONTROL
2868,Control,2024-05-10,CONTROL
2869,Control,2024-02-02,CONTROL
2870,Treatment,2024-02-19,PROD-A
2871,Treatment,2024-01-29,PROD-A
2872,Control,2024-06-22,CONTROL
2873,Treatment,2024-06-27,PROD-A
2874,Control,2024-02-29,CONTROL
2875,Control,2024-02-12,CONTROL
2876,Control,2024-03-09,CONTROL
2877,Control,2024-04-21,CONTROL
2878,Treatment,2024-01-17,PROD-A
2879,Treatment,2024-01-23,PROD-A
2880,Control,2024-04-27,CONTROL
2881,Treatment,2024-01-08,PROD-A
2882,Control,2024-05-14,CONTROL
2883,Treatment,2024-05-02,PROD-A
2884,Treatment,2024-04-15,PROD-A
2885,Control,2024-04-18,CONTROL
2886,Control,2024-01-26,CONTROL
2887,Treatment,2024-04-18,PROD-A
2888,Treatment,2024-04-25,PROD-A
2889,Control,2024-01-24,CONTROL
2890,Treatment,2024-06-14,PROD-A
2891,Treatment,2024-05-08,PROD-A
2892,Control,2024-06-27,CONTROL
2893,Control,2024-03-27,CONTROL
2894,Control,2024-04-12,CONTROL
2895,Control,2024-03-15,CONTROL
2896,Treatment,2024-05-29,PROD-A
2897,Control,2024-01-14,CONTROL
2898,Control,2024-05-31,CONTROL
2899,Control,2024-06-28,CONTROL
2900,Control,2024-02-28,CONTROL
2901,Control,2024-03-09,CONTROL
2902,Control,2024-04-05,CONTROL
2903,Control,2024-02-05,CONTROL
2904,Treatment,2024-05-07,PROD-A
2905,Treatment,2024-05-06,PROD-A
2906,Treatment,2024-03-28,PROD-A
2907,Treatment,2024-02-25,PROD-A
2908,Control,2024-04-13,CONTROL
2909,Treatment,2024-03-21,PROD-A
2910,Control,2024-02-03,CONTROL
2911,Control,2024-01-27,CONTROL
2912,Control,2024-01-29,CONTROL
2913,Treatment,2024-01-07,PROD-A
2914,Treatment,2024-02-11,PROD-A
2915,Control,2024-06-13,CONTROL
2916,Treatment,2024-02-18,PROD-A
2917,Treatment,2024-04-19,PROD-A
2918,Control,2024-06-13,CONTROL
2919,Treatment,2024-01-05,PROD-A
2920,Control,2024-05-12,CONTROL
2921,Treatment,2024-01-21,PROD-A
2922,Treatment,2024-04-27,PROD-A
2923,Treatment,2024-02-11,PROD-A
2924,Treatment,2024-05-08,PROD-A
2925,Treatment,2024-05-02,PROD-A
2926,Control,2024-01-04,CONTROL
2927,Treatment,2024-01-27,PROD-A
2928,Control,2024-01-04,CONTROL
2929,Control,2024-02-14,CONTROL
2930,Treatment,2024-01-16,PROD-A
2931,Control,2024-02-20,CONTROL
2932,Treatment,2024-01-01,PROD-A
2933,Treatment,2024-02-27,PROD-A
2934,Control,2024-04-23,CONTROL
2935,Treatment,2024-01-17,PROD-A
2936,Control,2024-03-24,CONTROL
2937,Control,2024-02-26,CONTROL
2938,Treatment,2024-03-14,PROD-A
2939,Control,2024-04-13,CONTROL
2940,Treatment,2024-04-01,PROD-A
2941,Treatment,2024-01-24,PROD-A
2942,Treatment,2024-05-24,PROD-A
2943,Treatment,2024-04-10,PROD-A
2944,Control,2024-02-23,CONTROL
2945,Treatment,2024-05-12,PROD-A
2946,Control,2024-04-18,CONTROL
2947,Treatment,2024-05-24,PROD-A
2948,Treatment,2024-03-12,PROD-A
2949,Treatment,2024-01-30,PROD-A
2950,Treatment,2024-04-14,PROD-A
2951,Treatment,2024-06-26,PROD-A
2952,Treatment,2024-02-26,PROD-A
2953,Control,2024-03-05,CONTROL
2954,Control,2024-05-09,CONTROL
2955,Treatment,2024-02-17,PROD-A
2956,Control,2024-05-03,CONTROL
2957,Treatment,2024-02-15,PROD-A
2958,Control,2024-05-12,CONTROL
2959,Treatment,2024-03-04,PROD-A
2960,Control,2024-03-08,CONTROL
2961,Control,2024-05-28,CONTROL
2962,Treatment,2024-05-19,PROD-A
2963,Treatment,2024-02-03,PROD-A
2964,Control,2024-05-23,CONTROL
2965,Control,2024-04-07,CONTROL
2966,Treatment,2024-02-19,PROD-A
2967,Control,2024-05-08,CONTROL
2968,Control,2024-05-27,CONTROL
2969,Control,2024-04-01,CONTROL
2970,Treatment,2024-04-01,PROD-A
2971,Treatment,2024-01-22,PROD-A
2972,Control,2024-02-20,CONTROL
2973,Control,2024-05-23,CONTROL
2974,Treatment,2024-02-18,PROD-A
2975,Control,2024-02-15,CONTROL
2976,Control,2024-03-18,CONTROL
2977,Treatment,2024-02-01,PROD-A
2978,Treatment,2024-01-05,PROD-A
2979,Treatment,2024-05-23,PROD-A
2980,Control,2024-05-27,CONTROL
2981,Control,2024-01-22,CONTROL
2982,Control,2024-01-31,CONTROL
2983,Control,2024-06-28,CONTROL
2984,Control,2024-02-22,CONTROL
2985,Treatment,2024-03-09,PROD-A
2986,Control,2024-02-28,CONTROL
2987,Control,2024-01-11,CONTROL
2988,Treatment,2024-05-19,PROD-A
2989,Treatment,2024-03-19,PROD-A
2990,Treatment,2024-03-28,PROD-A
2991,Treatment,2024-05-21,PROD-A
2992,Treatment,2024-06-01,PROD-A
2993,Control,2024-01-28,CONTROL
2994,Treatment,2024-05-27,PROD-A
2995,Treatment,2024-02-15,PROD-A
2996,Control,2024-05-04,CONTROL
2997,Treatment,2024-03-05,PROD-A
2998,Treatment,2024-05-27,PROD-A
2999,Treatment,2024-01-15,PROD-A
3000,Control,2024-06-20,CONTROL
3001,Control,2024-05-24,CONTROL
3002,Control,2024-01-05,CONTROL
3003,Control,2024-01-01,CONTROL
3004,Control,2024-05-06,CONTROL
3005,Control,2024-04-14,CONTROL
3006,Control,2024-01-15,CONTROL
3007,Treatment,2024-06-20,PROD-A
3008,Treatment,2024-02-26,PROD-A
3009,Treatment,2024-01-28,PROD-A
3010,Control,2024-04-23,CONTROL
3011,Control,2024-01-21,CONTROL
3012,Treatment,2024-02-16,PROD-A
3013,Control,2024-05-07,CONTROL
3014,Treatment,2024-05-12,PROD-A
3015,Control,2024-03-15,CONTROL
3016,Control,2024-05-24,CONTROL
3017,Treatment,2024-03-06,PROD-A
3018,Control,2024-05-22,CONTROL
3019,Control,2024-03-22,CONTROL
3020,Treatment,2024-03-15,PROD-A
3021,Treatment,2024-02-14,PROD-A
3022,Treatment,2024-03-02,PROD-A
3023,Control,2024-06-17,CONTROL
3024,Control,2024-04-09,CONTROL
3025,Control,2024-03-01,CONTROL
3026,Control,2024-06-08,CONTROL
3027,Control,2024-05-25,CONTROL
3028,Treatment,2024-05-01,PROD-A
3029,Treatment,2024-05-14,PROD-A
3030,Treatment,2024-01-08,PROD-A
3031,Treatment,2024-02-24,PROD-A
3032,Control,2024-05-28,CONTROL
3033,Treatment,2024-03-28,PROD-A
3034,Treatment,2024-01-15,PROD-A
3035,Treatment,2024-05-14,PROD-A
3036,Treatment,2024-02-09,PROD-A
3037,Control,2024-01-06,CONTROL
3038,Treatment,2024-03-23,PROD-A
3039,Control,2024-02-15,CONTROL
3040,Treatment,2024-05-08,PROD-A
3041,Treatment,2024-02-26,PROD-A
3042,Control,2024-05-14,CONTROL
3043,Control,2024-01-18,CONTROL
3044,Treatment,2024-04-16,PROD-A
3045,Treatment,2024-05-11,PROD-A
3046,Control,2024-06-15,CONTROL
3047,Control,2024-03-01,CONTROL
3048,Treatment,2024-04-07,PROD-A
3049,Control,2024-04-20,CONTROL
3050,Treatment,2024-02-22,PROD-A
3051,Control,2024-04-15,CONTROL
3052,Control,2024-04-24,CONTROL
3053,Control,2024-04-11,CONTROL
3054,Control,2024-01-26,CONTROL
3055,Control,2024-04-22,CONTROL
3056,Treatment,2024-06-10,PROD-A
3057,Control,2024-01-21,CONTROL
3058,Treatment,2024-01-21,PROD-A
3059,Control,2024-03-12,CONTROL
3060,Control,2024-06-04,CONTROL
3061,Control,2024-04-07,CONTROL
3062,Treatment,2024-03-23,PROD-A
3063,Control,2024-05-14,CONTROL
3064,Control,2024-02-21,CONTROL
3065,Control,2024-03-31,CONTROL
3066,Control,2024-04-03,CONTROL
3067,Treatment,2024-04-18,PROD-A
3068,Treatment,2024-06-20,PROD-A
3069,Control,2024-04-02,CONTROL
3070,Treatment,2024-05-09,PROD-A
3071,Control,2024-05-13,CONTROL
3072,Treatment,2024-03-30,PROD-A
3073,Treatment,2024-03-16,PROD-A
3074,Treatment,2024-05-12,PROD-A
3075,Control,2024-01-16,CONTROL
3076,Treatment,2024-01-18,PROD-A
3077,Control,2024-03-26,CONTROL
3078,Treatment,2024-01-04,PROD-A
3079,Treatment,2024-05-18,PROD-A
3080,Control,2024-05-21,CONTROL
3081,Control,2024-02-05,CONTROL
3082,Treatment,2024-03-07,PROD-A
3083,Control,2024-06-12,CONTROL
3084,Treatment,2024-06-01,PROD-A
3085,Treatment,2024-06-08,PROD-A
3086,Treatment,2024-05-01,PROD-A
3087,Control,2024-04-11,CONTROL
3088,Treatment,2024-01-25,PROD-A
3089,Treatment,2024-01-31,PROD-A
3090,Treatment,2024-01-13,PROD-A
3091,Treatment,2024-05-27,PROD-A
3092,Treatment,2024-05-25,PROD-A
3093,Control,2024-05-14,CONTROL
3094,Control,2024-04-10,CONTROL
3095,Control,2024-05-22,CONTROL
3096,Control,2024-02-21,CONTROL
3097,Treatment,2024-05-10,PROD-A
3098,Control,2024-06-12,CONTROL
3099,Control,2024-06-08,CONTROL
3100,Treatment,2024-01-15,PROD-A
3101,Treatment,2024-01-25,PROD-A
3102,Treatment,2024-06-27,PROD-A
3103,Treatment,2024-01-16,PROD-A
3104,Control,2024-03-19,CONTROL
3105,Treatment,2024-03-29,PROD-A
3106,Treatment,2024-05-16,PROD-A
3107,Control,2024-05-20,CONTROL
3108,Treatment,2024-02-20,PROD-A
3109,Treatment,2024-05-22,PROD-A
3110,Treatment,2024-02-18,PROD-A
3111,Control,2024-02-03,CONTROL
3112,Treatment,2024-05-27,PROD-A
3113,Treatment,2024-04-01,PROD-A
3114,Control,2024-06-14,CONTROL
3115,Control,2024-04-28,CONTROL
3116,Treatment,2024-05-22,PROD-A
3117,Treatment,2024-04-30,PROD-A
3118,Control,2024-02-16,CONTROL
3119,Control,2024-05-05,CONTROL
3120,Treatment,2024-02-07,PROD-A
3121,Treatment,2024-03-13,PROD-A
3122,Treatment,2024-01-25,PROD-A
3123,Treatment,2024-05-03,PROD-A
3124,Control,2024-02-13,CONTROL
3125,Treatment,2024-06-10,PROD-A
3126,Treatment,2024-01-25,PROD-A
3127,Control,2024-01-23,CONTROL
3128,Control,2024-02-15,CONTROL
3129,Control,2024-01-26,CONTROL
3130,Treatment,2024-06-12,PROD-A
3131,Control,2024-06-16,CONTROL
3132,Control,2024-06-10,CONTROL
3133,Control,2024-04-28,CONTROL
3134,Treatment,2024-01-18,PROD-A
3135,Treatment,2024-03-23,PROD-A
3136,Control,2024-01-01,CONTROL
3137,Control,2024-02-26,CONTROL
3138,Control,2024-05-20,CONTROL
3139,Control,2024-04-04,CONTROL
3140,Control,2024-05-07,CONTROL
3141,Treatment,2024-05-20,PROD-A
3142,Control,2024-05-10,CONTROL
3143,Treatment,2024-05-26,PROD-A
3144,Treatment,2024-01-16,PROD-A
3145,Control,2024-05-01,CONTROL
3146,Treatment,2024-01-16,PROD-A
3147,Control,2024-05-06,CONTROL
3148,Treatment,2024-01-20,PROD-A
3149,Control,2024-02-13,CONTROL
3150,Control,2024-06-01,CONTROL
3151,Control,2024-06-24,CONTROL
3152,Control,2024-01-13,CONTROL
3153,Control,2024-03-26,CONTROL
3154,Treatment,2024-06-02,PROD-A
3155,Control,2024-05-10,CONTROL
3156,Treatment,2024-06-01,PROD-A
3157,Treatment,2024-05-12,PROD-A
3158,Control,2024-03-29,CONTROL
3159,Treatment,2024-01-01,PROD-A
3160,Control,2024-03-24,CONTROL
3161,Treatment,2024-03-03,PROD-A
3162,Control,2024-05-21,CONTROL
3163,Control,2024-02-03,CONTROL
3164,Control,2024-01-03,CONTROL
3165,Control,2024-06-26,CONTROL
3166,Treatment,2024-01-25,PROD-A
3167,Treatment,2024-02-16,PROD-A
3168,Control,2024-05-07,CONTROL
3169,Treatment,2024-01-09,PROD-A
3170,Control,2024-01-26,CONTROL
3171,Control,2024-02-26,CONTROL
3172,Control,2024-03-29,CONTROL
3173,Treatment,2024-01-08,PROD-A
3174,Control,2024-02-02,CONTROL
3175,Control,2024-06-27,CONTROL
3176,Treatment,2024-01-25,PROD-A
3177,Control,2024-05-31,CONTROL
3178,Treatment,2024-01-17,PROD-A
3179,Treatment,2024-01-26,PROD-A
3180,Treatment,2024-05-16,PROD-A
3181,Control,2024-05-21,CONTROL
3182,Control,2024-02-20,CONTROL
3183,Treatment,2024-02-18,PROD-A
3184,Treatment,2024-01-18,PROD-A
3185,Treatment,2024-06-07,PROD-A
3186,Treatment,2024-03-19,PROD-A
3187,Treatment,2024-02-23,PROD-A
3188,Control,2024-03-09,CONTROL
3189,Control,2024-05-03,CONTROL
3190,Control,2024-02-28,CONTROL
3191,Treatment,2024-05-01,PROD-A
3192,Control,2024-01-31,CONTROL
3193,Control,2024-02-05,CONTROL
3194,Treatment,2024-03-05,PROD-A
3195,Treatment,2024-01-06,PROD-A
3196,Control,2024-05-12,CONTROL
3197,Control,2024-06-15,CONTROL
3198,Treatment,2024-06-23,PROD-A
3199,Control,2024-02-02,CONTROL
3200,Control,2024-04-15,CONTROL
3201,Treatment,2024-05-01,PROD-A
3202,Treatment,2024-04-17,PROD-A
3203,Control,2024-02-21,CONTROL
3204,Treatment,2024-04-05,PROD-A
3205,Control,2024-01-02,CONTROL
3206,Control,2024-04-02,CONTROL
3207,Treatment,2024-04-17,PROD-A
3208,Treatment,2024-03-19,PROD-A
3209,Treatment,2024-06-25,PROD-A
3210,Control,2024-03-08,CONTROL
3211,Control,2024-05-28,CONTROL
3212,Treatment,2024-04-02,PROD-A
3213,Treatment,2024-05-18,PROD-A
3214,Control,2024-03-19,CONTROL
3215,Treatment,2024-05-18,PROD-A
3216,Treatment,2024-04-20,PROD-A
3217,Treatment,2024-06-18,PROD-A
3218,Control,2024-01-23,CONTROL
3219,Treatment,2024-05-20,PROD-A
3220,Control,2024-03-01,CONTROL
3221,Control,2024-04-02,CONTROL
3222,Control,2024-04-28,CONTROL
3223,Treatment,2024-03-30,PROD-A
3224,Control,2024-05-12,CONTROL
3225,Control,2024-03-12,CONTROL
3226,Treatment,2024-01-23,PROD-A
3227,Control,2024-03-10,CONTROL
3228,Treatment,2024-05-15,PROD-A
3229,Treatment,2024-03-04,PROD-A
3230,Control,2024-06-02,CONTROL
3231,Control,2024-01-28,CONTROL
3232,Control,2024-02-01,CONTROL
3233,Control,2024-01-01,CONTROL
3234,Treatment,2024-04-12,PROD-A
3235,Treatment,2024-03-23,PROD-A
3236,Treatment,2024-03-28,PROD-A
3237,Control,2024-04-10,CONTROL
3238,Treatment,2024-02-04,PROD-A
3239,Control,2024-03-03,CONTROL
3240,Control,2024-05-06,CONTROL
3241,Treatment,2024-01-11,PROD-A
3242,Control,2024-01-13,CONTROL
3243,Treatment,2024-03-11,PROD-A
3244,Control,2024-04-28,CONTROL
3245,Treatment,2024-05-09,PROD-A
3246,Control,2024-04-16,CONTROL
3247,Treatment,2024-06-09,PROD-A
3248,Control,2024-06-15,CONTROL
3249,Control,2024-04-12,CONTROL
3250,Treatment,2024-03-02,PROD-A
3251,Control,2024-01-19,CONTROL
3252,Treatment,2024-04-16,PROD-A
3253,Treatment,2024-02-09,PROD-A
3254,Treatment,2024-01-21,PROD-A
3255,Control,2024-03-13,CONTROL
3256,Control,2024-01-02,CONTROL
3257,Treatment,2024-01-13,PROD-A
3258,Treatment,2024-01-03,PROD-A
3259,Control,2024-01-12,CONTROL
3260,Treatment,2024-01-07,PROD-A
3261,Treatment,2024-01-21,PROD-A
3262,Control,2024-02-18,CONTROL
3263,Control,2024-04-18,CONTROL
3264,Treatment,2024-05-21,PROD-A
3265,Control,2024-05-05,CONTROL
3266,Control,2024-05-13,CONTROL
3267,Treatment,2024-03-23,PROD-A
3268,Control,2024-06-21,CONTROL
3269,Control,2024-03-09,CONTROL
3270,Control,2024-05-10,CONTROL
3271,Treatment,2024-06-23,PROD-A
3272,Control,2024-02-12,CONTROL
3273,Control,2024-03-17,CONTROL
3274,Treatment,2024-02-24,PROD-A
3275,Treatment,2024-03-29,PROD-A
3276,Treatment,2024-06-14,PROD-A
3277,Control,2024-06-18,CONTROL
3278,Treatment,2024-01-24,PROD-A
3279,Control,2024-02-06,CONTROL
3280,Control,2024-06-23,CONTROL
3281,Control,2024-03-14,CONTROL
3282,Control,2024-05-23,CONTROL
3283,Treatment,2024-01-18,PROD-A
3284,Control,2024-04-25,CONTROL
3285,Treatment,2024-03-14,PROD-A
3286,Control,2024-03-09,CONTROL
3287,Control,2024-06-18,CONTROL
3288,Treatment,2024-03-26,PROD-A
3289,Treatment,2024-06-28,PROD-A
3290,Control,2024-03-31,CONTROL
3291,Treatment,2024-05-07,PROD-A
3292,Treatment,2024-06-18,PROD-A
3293,Treatment,2024-01-24,PROD-A
3294,Treatment,2024-01-30,PROD-A
3295,Treatment,2024-04-30,PROD-A
3296,Control,2024-03-30,CONTROL
3297,Treatment,2024-01-07,PROD-A
3298,Control,2024-05-28,CONTROL
3299,Treatment,2024-06-05,PROD-A
3300,Control,2024-05-27,CONTROL
3301,Treatment,2024-03-09,PROD-A
3302,Treatment,2024-01-04,PROD-A
3303,Treatment,2024-06-12,PROD-A
3304,Treatment,2024-01-16,PROD-A
3305,Control,2024-04-26,CONTROL
3306,Control,2024-02-03,CONTROL
3307,Treatment,2024-04-06,PROD-A
3308,Treatment,2024-04-13,PROD-A
3309,Treatment,2024-02-07,PROD-A
3310,Control,2024-04-07,CONTROL
3311,Control,2024-01-22,CONTROL
3312,Control,2024-02-26,CONTROL
3313,Treatment,2024-01-15,PROD-A
3314,Treatment,2024-01-21,PROD-A
3315,Treatment,2024-02-10,PROD-A
3316,Control,2024-06-23,CONTROL
3317,Control,2024-03-21,CONTROL
3318,Control,2024-02-07,CONTROL
3319,Treatment,2024-03-21,PROD-A
3320,Control,2024-02-04,CONTROL
3321,Control,2024-04-06,CONTROL
3322,Treatment,2024-04-25,PROD-A
3323,Treatment,2024-03-09,PROD-A
3324,Treatment,2024-02-17,PROD-A
3325,Treatment,2024-01-06,PROD-A
3326,Treatment,2024-06-10,PROD-A
3327,Control,2024-04-28,CONTROL
3328,Treatment,2024-03-08,PROD-A
3329,Control,2024-03-23,CONTROL
3330,Control,2024-04-22,CONTROL
3331,Treatment,2024-06-08,PROD-A
3332,Control,2024-06-05,CONTROL
3333,Control,2024-03-27,CONTROL
3334,Treatment,2024-06-23,PROD-A
3335,Control,2024-05-25,CONTROL
3336,Control,2024-05-30,CONTROL
3337,Control,2024-03-28,CONTROL
3338,Control,2024-04-06,CONTROL
3339,Treatment,2024-05-28,PROD-A
3340,Treatment,2024-06-26,PROD-A
3341,Control,2024-05-10,CONTROL
3342,Control,2024-01-25,CONTROL
3343,Treatment,2024-05-03,PROD-A
3344,Treatment,2024-05-14,PROD-A
3345,Control,2024-02-19,CONTROL
3346,Treatment,2024-03-15,PROD-A
3347,Treatment,2024-03-13,PROD-A
3348,Control,2024-06-20,CONTROL
3349,Treatment,2024-05-10,PROD-A
3350,Treatment,2024-04-21,PROD-A
3351,Control,2024-04-11,CONTROL
3352,Treatment,2024-03-06,PROD-A
3353,Control,2024-01-16,CONTROL
3354,Control,2024-02-12,CONTROL
3355,Control,2024-03-18,CONTROL
3356,Treatment,2024-06-28,PROD-A
3357,Control,2024-01-31,CONTROL
3358,Treatment,2024-01-29,PROD-A
3359,Treatment,2024-06-24,PROD-A
3360,Control,2024-01-10,CONTROL
3361,Treatment,2024-05-19,PROD-A
3362,Treatment,2024-05-15,PROD-A
3363,Control,2024-04-14,CONTROL
3364,Treatment,2024-02-01,PROD-A
3365,Control,2024-05-20,CONTROL
3366,Treatment,2024-01-23,PROD-A
3367,Control,2024-03-26,CONTROL
3368,Control,2024-01-20,CONTROL
3369,Treatment,2024-01-18,PROD-A
3370,Treatment,2024-05-12,PROD-A
3371,Treatment,2024-06-17,PROD-A
3372,Treatment,2024-04-28,PROD-A
3373,Control,2024-04-06,CONTROL
3374,Control,2024-01-08,CONTROL
3375,Control,2024-05-25,CONTROL
3376,Control,2024-01-22,CONTROL
3377,Treatment,2024-01-13,PROD-A
3378,Treatment,2024-04-22,PROD-A
3379,Control,2024-03-21,CONTROL
3380,Treatment,2024-03-24,PROD-A
3381,Treatment,2024-05-11,PROD-A
3382,Control,2024-01-24,CONTROL
3383,Control,2024-03-15,CONTROL
3384,Control,2024-03-07,CONTROL
3385,Control,2024-02-25,CONTROL
3386,Treatment,2024-06-04,PROD-A
3387,Control,2024-02-14,CONTROL
3388,Control,2024-03-11,CONTROL
3389,Treatment,2024-02-19,PROD-A
3390,Control,2024-01-30,CONTROL
3391,Treatment,2024-03-22,PROD-A
3392,Treatment,2024-03-07,PROD-A
3393,Treatment,2024-05-11,PROD-A
3394,Treatment,2024-05-26,PROD-A
3395,Treatment,2024-05-30,PROD-A
3396,Treatment,2024-03-08,PROD-A
3397,Control,2024-06-06,CONTROL
3398,Treatment,2024-03-05,PROD-A
3399,Control,2024-04-06,CONTROL
3400,Control,2024-02-28,CONTROL
3401,Treatment,2024-02-24,PROD-A
3402,Treatment,2024-05-25,PROD-A
3403,Control,2024-01-26,CONTROL
3404,Control,2024-04-15,CONTROL
3405,Treatment,2024-02-02,PROD-A
3406,Treatment,2024-01-07,PROD-A
3407,Control,2024-03-18,CONTROL
3408,Control,2024-03-10,CONTROL
3409,Treatment,2024-05-26,PROD-A
3410,Treatment,2024-05-31,PROD-A
3411,Control,2024-03-22,CONTROL
3412,Control,2024-02-06,CONTROL
3413,Control,2024-03-25,CONTROL
3414,Control,2024-02-11,CONTROL
3415,Treatment,2024-02-06,PROD-A
3416,Treatment,2024-02-28,PROD-A
3417,Control,2024-06-02,CONTROL
3418,Treatment,2024-05-26,PROD-A
3419,Treatment,2024-02-12,PROD-A
3420,Treatment,2024-01-22,PROD-A
3421,Control,2024-06-18,CONTROL
3422,Control,2024-06-27,CONTROL
3423,Control,2024-04-19,CONTROL
3424,Control,2024-02-13,CONTROL
3425,Control,2024-04-01,CONTROL
3426,Treatment,2024-04-14,PROD-A
3427,Control,2024-05-29,CONTROL
3428,Treatment,2024-04-22,PROD-A
3429,Treatment,2024-06-11,PROD-A
3430,Control,2024-06-15,CONTROL
3431,Treatment,2024-06-08,PROD-A
3432,Control,2024-02-08,CONTROL
3433,Control,2024-01-26,CONTROL
3434,Treatment,2024-01-11,PROD-A
3435,Control,2024-06-20,CONTROL
3436,Control,2024-03-10,CONTROL
3437,Treatment,2024-06-09,PROD-A
3438,Treatment,2024-05-19,PROD-A
3439,Treatment,2024-04-04,PROD-A
3440,Control,2024-03-19,CONTROL
3441,Treatment,2024-04-16,PROD-A
3442,Treatment,2024-05-02,PROD-A
3443,Control,2024-03-12,CONTROL
3444,Treatment,2024-03-09,PROD-A
3445,Control,2024-03-05,CONTROL
3446,Treatment,2024-02-11,PROD-A
3447,Treatment,2024-05-16,PROD-A
3448,Control,2024-01-31,CONTROL
3449,Control,2024-06-16,CONTROL
3450,Treatment,2024-03-12,PROD-A
3451,Treatment,2024-03-31,PROD-A
3452,Control,2024-02-11,CONTROL
3453,Treatment,2024-04-11,PROD-A
3454,Treatment,2024-06-18,PROD-A
3455,Treatment,2024-03-09,PROD-A
3456,Treatment,2024-04-02,PROD-A
3457,Treatment,2024-05-22,PROD-A
3458,Treatment,2024-05-18,PROD-A
3459,Control,2024-02-01,CONTROL
3460,Control,2024-03-06,CONTROL
3461,Treatment,2024-01-06,PROD-A
3462,Control,2024-02-27,CONTROL
3463,Treatment,2024-01-23,PROD-A
3464,Treatment,2024-05-03,PROD-A
3465,Control,2024-05-23,CONTROL
3466,Control,2024-03-16,CONTROL
3467,Treatment,2024-02-01,PROD-A
3468,Treatment,2024-03-21,PROD-A
3469,Control,2024-04-07,CONTROL
3470,Control,2024-02-08,CONTROL
3471,Control,2024-06-18,CONTROL
3472,Control,2024-04-29,CONTROL
3473,Control,2024-02-29,CONTROL
3474,Control,2024-05-07,CONTROL
3475,Control,2024-04-18,CONTROL
3476,Treatment,2024-02-18,PROD-A
3477,Control,2024-03-24,CONTROL
3478,Control,2024-06-07,CONTROL
3479,Treatment,2024-03-09,PROD-A
3480,Treatment,2024-03-28,PROD-A
3481,Treatment,2024-01-12,PROD-A
3482,Control,2024-06-17,CONTROL
3483,Treatment,2024-01-30,PROD-A
3484,Control,2024-03-10,CONTROL
3485,Control,2024-02-14,CONTROL
3486,Treatment,2024-04-01,PROD-A
3487,Control,2024-03-25,CONTROL
3488,Treatment,2024-03-26,PROD-A
3489,Control,2024-06-11,CONTROL
3490,Treatment,2024-06-17,PROD-A
3491,Control,2024-03-09,CONTROL
3492,Treatment,2024-04-25,PROD-A
3493,Treatment,2024-01-31,PROD-A
3494,Treatment,2024-06-04,PROD-A
3495,Treatment,2024-02-05,PROD-A
3496,Treatment,2024-02-18,PROD-A
3497,Treatment,2024-05-02,PROD-A
3498,Treatment,2024-02-22,PROD-A
3499,Treatment,2024-04-29,PROD-A
3500,Treatment,2024-01-13,PROD-A
3501,Treatment,2024-06-19,PROD-A
3502,Control,2024-02-27,CONTROL
3503,Treatment,2024-03-07,PROD-A
3504,Treatment,2024-01-21,PROD-A
3505,Control,2024-02-28,CONTROL
3506,Treatment,2024-06-06,PROD-A
3507,Treatment,2024-05-16,PROD-A
3508,Treatment,2024-01-23,PROD-A
3509,Treatment,2024-04-10,PROD-A
3510,Treatment,2024-06-11,PROD-A
3511,Treatment,2024-01-29,PROD-A
3512,Treatment,2024-06-11,PROD-A
3513,Treatment,2024-05-08,PROD-A
3514,Treatment,2024-03-06,PROD-A
3515,Control,2024-01-16,CONTROL
3516,Treatment,2024-03-06,PROD-A
3517,Control,2024-04-10,CONTROL
3518,Control,2024-06-11,CONTROL
3519,Control,2024-02-26,CONTROL
3520,Control,2024-04-20,CONTROL
3521,Control,2024-03-27,CONTROL
3522,Control,2024-05-15,CONTROL
3523,Control,2024-03-07,CONTROL
3524,Control,2024-02-13,CONTROL
3525,Control,2024-05-06,CONTROL
3526,Control,2024-06-12,CONTROL
3527,Treatment,2024-02-05,PROD-A
3528,Treatment,2024-01-12,PROD-A
3529,Treatment,2024-04-30,PROD-A
3530,Treatment,2024-02-23,PROD-A
3531,Treatment,2024-03-08,PROD-A
3532,Control,2024-02-19,CONTROL
3533,Control,2024-04-24,CONTROL
3534,Control,2024-05-08,CONTROL
3535,Control,2024-01-31,CONTROL
3536,Control,2024-01-25,CONTROL
3537,Control,2024-01-02,CONTROL
3538,Treatment,2024-03-31,PROD-A
3539,Control,2024-06-26,CONTROL
3540,Control,2024-02-10,CONTROL
3541,Control,2024-05-14,CONTROL
3542,Treatment,2024-01-31,PROD-A
3543,Control,2024-05-25,CONTROL
3544,Control,2024-04-12,CONTROL
3545,Control,2024-01-15,CONTROL
3546,Treatment,2024-05-10,PROD-A
3547,Treatment,2024-01-21,PROD-A
3548,Control,2024-03-04,CONTROL
3549,Control,2024-03-04,CONTROL
3550,Control,2024-02-15,CONTROL
3551,Treatment,2024-06-28,PROD-A
3552,Treatment,2024-06-28,PROD-A
3553,Treatment,2024-05-08,PROD-A
3554,Treatment,2024-02-24,PROD-A
3555,Control,2024-06-23,CONTROL
3556,Control,2024-02-13,CONTROL
3557,Control,2024-03-08,CONTROL
3558,Control,2024-03-26,CONTROL
3559,Control,2024-03-11,CONTROL
3560,Treatment,2024-06-16,PROD-A
3561,Treatment,2024-01-30,PROD-A
3562,Treatment,2024-06-24,PROD-A
3563,Treatment,2024-04-26,PROD-A
3564,Control,2024-05-13,CONTROL
3565,Treatment,2024-04-13,PROD-A
3566,Treatment,2024-06-23,PROD-A
3567,Control,2024-05-03,CONTROL
3568,Treatment,2024-04-13,PROD-A
3569,Treatment,2024-01-18,PROD-A
3570,Control,2024-03-13,CONTROL
3571,Control,2024-02-03,CONTROL
3572,Treatment,2024-06-06,PROD-A
3573,Control,2024-02-21,CONTROL
3574,Control,2024-04-16,CONTROL
3575,Treatment,2024-03-01,PROD-A
3576,Control,2024-01-23,CONTROL
3577,Treatment,2024-05-19,PROD-A
3578,Treatment,2024-04-04,PROD-A
3579,Treatment,2024-02-21,PROD-A
3580,Treatment,2024-03-27,PROD-A
3581,Control,2024-04-14,CONTROL
3582,Treatment,2024-01-30,PROD-A
3583,Treatment,2024-03-15,PROD-A
3584,Treatment,2024-06-18,PROD-A
3585,Treatment,2024-01-22,PROD-A
3586,Treatment,2024-06-27,PROD-A
3587,Control,2024-05-04,CONTROL
3588,Treatment,2024-03-24,PROD-A
3589,Control,2024-03-13,CONTROL
3590,Treatment,2024-03-27,PROD-A
3591,Control,2024-02-29,CONTROL
3592,Control,2024-03-31,CONTROL
3593,Control,2024-06-10,CONTROL
3594,Control,2024-06-15,CONTROL
3595,Control,2024-01-23,CONTROL
3596,Control,2024-06-14,CONTROL
3597,Control,2024-04-10,CONTROL
3598,Treatment,2024-03-01,PROD-A
3599,Treatment,2024-02-20,PROD-A
3600,Control,2024-02-14,CONTROL
3601,Control,2024-03-26,CONTROL
3602,Control,2024-04-12,CONTROL
3603,Control,2024-01-08,CONTROL
3604,Treatment,2024-02-15,PROD-A
3605,Control,2024-01-24,CONTROL
3606,Treatment,2024-02-21,PROD-A
3607,Control,2024-05-02,CONTROL
3608,Treatment,2024-03-25,PROD-A
3609,Control,2024-02-02,CONTROL
3610,Control,2024-01-09,CONTROL
3611,Treatment,2024-03-05,PROD-A
3612,Control,2024-06-03,CONTROL
3613,Treatment,2024-03-09,PROD-A
3614,Control,2024-02-15,CONTROL
3615,Treatment,2024-06-27,PROD-A
3616,Control,2024-03-23,CONTROL
3617,Control,2024-06-11,CONTROL
3618,Control,2024-04-13,CONTROL
3619,Control,2024-05-24,CONTROL
3620,Treatment,2024-04-16,PROD-A
3621,Control,2024-01-20,CONTROL
3622,Control,2024-06-22,CONTROL
3623,Treatment,2024-02-05,PROD-A
3624,Control,2024-01-01,CONTROL
3625,Control,2024-06-06,CONTROL
3626,Control,2024-03-03,CONTROL
3627,Control,2024-05-23,CONTROL
3628,Treatment,2024-05-05,PROD-A
3629,Control,2024-04-20,CONTROL
3630,Control,2024-03-25,CONTROL
3631,Control,2024-04-29,CONTROL
3632,Treatment,2024-01-06,PROD-A
3633,Control,2024-04-30,CONTROL
3634,Treatment,2024-04-02,PROD-A
3635,Treatment,2024-02-16,PROD-A
3636,Control,2024-02-21,CONTROL
3637,Control,2024-03-09,CONTROL
3638,Treatment,2024-06-26,PROD-A
3639,Treatment,2024-03-31,PROD-A
3640,Treatment,2024-04-30,PROD-A
3641,Treatment,2024-05-26,PROD-A
3642,Treatment,2024-02-17,PROD-A
3643,Treatment,2024-04-01,PROD-A
3644,Treatment,2024-03-22,PROD-A
3645,Control,2024-05-03,CONTROL
3646,Treatment,2024-06-02,PROD-A
3647,Treatment,2024-05-09,PROD-A
3648,Control,2024-02-28,CONTROL
3649,Control,2024-01-25,CONTROL
3650,Control,2024-04-28,CONTROL
3651,Control,2024-04-07,CONTROL
3652,Control,2024-03-06,CONTROL
3653,Treatment,2024-02-29,PROD-A
3654,Treatment,2024-05-25,PROD-A
3655,Control,2024-03-05,CONTROL
3656,Control,2024-04-23,CONTROL
3657,Treatment,2024-01-03,PROD-A
3658,Control,2024-05-22,CONTROL
3659,Treatment,2024-06-21,PROD-A
3660,Control,2024-03-22,CONTROL
3661,Treatment,2024-05-05,PROD-A
3662,Control,2024-02-11,CONTROL
3663,Control,2024-04-29,CONTROL
3664,Treatment,2024-06-03,PROD-A
3665,Control,2024-03-07,CONTROL
3666,Control,2024-02-03,CONTROL
3667,Treatment,2024-03-27,PROD-A
3668,Control,2024-05-11,CONTROL
3669,Treatment,2024-03-29,PROD-A
3670,Treatment,2024-06-08,PROD-A
3671,Control,2024-05-25,CONTROL
3672,Treatment,2024-05-25,PROD-A
3673,Treatment,2024-05-08,PROD-A
3674,Treatment,2024-01-02,PROD-A
3675,Control,2024-02-28,CONTROL
3676,Treatment,2024-04-26,PROD-A
3677,Treatment,2024-06-21,PROD-A
3678,Treatment,2024-03-22,PROD-A
3679,Treatment,2024-06-02,PROD-A
3680,Control,2024-03-15,CONTROL
3681,Control,2024-01-19,CONTROL
3682,Treatment,2024-05-17,PROD-A
3683,Treatment,2024-01-12,PROD-A
3684,Treatment,2024-05-29,PROD-A
3685,Control,2024-05-13,CONTROL
3686,Treatment,2024-06-14,PROD-A
3687,Treatment,2024-04-28,PROD-A
3688,Treatment,2024-01-25,PROD-A
3689,Control,2024-01-06,CONTROL
3690,Treatment,2024-04-05,PROD-A
3691,Control,2024-02-25,CONTROL
3692,Control,2024-05-10,CONTROL
3693,Control,2024-03-02,CONTROL
3694,Control,2024-03-17,CONTROL
3695,Treatment,2024-05-07,PROD-A
3696,Treatment,2024-02-19,PROD-A
3697,Treatment,2024-04-04,PROD-A
3698,Treatment,2024-04-08,PROD-A
3699,Control,2024-06-11,CONTROL
3700,Treatment,2024-06-04,PROD-A
3701,Treatment,2024-05-31,PROD-A
3702,Treatment,2024-06-09,PROD-A
3703,Control,2024-04-02,CONTROL
3704,Treatment,2024-04-28,PROD-A
3705,Treatment,2024-01-14,PROD-A
3706,Control,2024-03-26,CONTROL
3707,Treatment,2024-06-22,PROD-A
3708,Control,2024-01-17,CONTROL
3709,Treatment,2024-04-01,PROD-A
3710,Treatment,2024-02-22,PROD-A
3711,Control,2024-01-08,CONTROL
3712,Treatment,2024-04-07,PROD-A
3713,Treatment,2024-01-21,PROD-A
3714,Treatment,2024-05-28,PROD-A
3715,Treatment,2024-06-13,PROD-A
3716,Control,2024-03-22,CONTROL
3717,Control,2024-04-09,CONTROL
3718,Control,2024-06-05,CONTROL
3719,Treatment,2024-01-02,PROD-A
3720,Treatment,2024-01-18,PROD-A
3721,Control,2024-02-28,CONTROL
3722,Treatment,2024-06-01,PROD-A
3723,Treatment,2024-02-23,PROD-A
3724,Treatment,2024-05-31,PROD-A
3725,Control,2024-06-02,CONTROL
3726,Treatment,2024-03-15,PROD-A
3727,Control,2024-05-13,CONTROL
3728,Treatment,2024-05-20,PROD-A
3729,Treatment,2024-03-08,PROD-A
3730,Treatment,2024-06-14,PROD-A
3731,Control,2024-06-02,CONTROL
3732,Treatment,2024-05-26,PROD-A
3733,Control,2024-06-24,CONTROL
3734,Treatment,2024-02-14,PROD-A
3735,Treatment,2024-06-03,PROD-A
3736,Treatment,2024-02-02,PROD-A
3737,Control,2024-06-24,CONTROL
3738,Treatment,2024-06-18,PROD-A
3739,Treatment,2024-01-31,PROD-A
3740,Control,2024-03-28,CONTROL
3741,Control,2024-05-11,CONTROL
3742,Control,2024-05-09,CONTROL
3743,Treatment,2024-03-19,PROD-A
3744,Control,2024-04-06,CONTROL
3745,Treatment,2024-02-26,PROD-A
3746,Treatment,2024-04-18,PROD-A
3747,Control,2024-04-14,CONTROL
3748,Control,2024-01-27,CONTROL
3749,Treatment,2024-01-24,PROD-A
3750,Treatment,2024-02-01,PROD-A
3751,Control,2024-06-14,CONTROL
3752,Control,2024-04-03,CONTROL
3753,Treatment,2024-04-08,PROD-A
3754,Control,2024-06-21,CONTROL
3755,Control,2024-02-19,CONTROL
3756,Treatment,2024-02-23,PROD-A
3757,Control,2024-01-02,CONTROL
3758,Treatment,2024-02-19,PROD-A
3759,Control,2024-05-11,CONTROL
3760,Treatment,2024-02-01,PROD-A
3761,Control,2024-02-19,CONTROL
3762,Treatment,2024-03-01,PROD-A
3763,Control,2024-04-12,CONTROL
3764,Control,2024-03-07,CONTROL
3765,Control,2024-05-12,CONTROL
3766,Control,2024-06-03,CONTROL
3767,Control,2024-06-01,CONTROL
3768,Treatment,2024-01-12,PROD-A
3769,Treatment,2024-06-06,PROD-A
3770,Control,2024-04-21,CONTROL
3771,Control,2024-02-28,CONTROL
3772,Control,2024-01-09,CONTROL
3773,Control,2024-04-09,CONTROL
3774,Treatment,2024-06-17,PROD-A
3775,Control,2024-02-12,CONTROL
3776,Treatment,2024-06-17,PROD-A
3777,Control,2024-02-12,CONTROL
3778,Treatment,2024-05-19,PROD-A
3779,Treatment,2024-01-02,PROD-A
3780,Control,2024-03-07,CONTROL
3781,Treatment,2024-03-21,PROD-A
3782,Control,2024-02-07,CONTROL
3783,Treatment,2024-03-23,PROD-A
3784,Treatment,2024-05-29,PROD-A
3785,Control,2024-03-05,CONTROL
3786,Control,2024-01-06,CONTROL
3787,Control,2024-02-02,CONTROL
3788,Control,2024-03-17,CONTROL
3789,Treatment,2024-06-22,PROD-A
3790,Control,2024-01-02,CONTROL
3791,Treatment,2024-06-28,PROD-A
3792,Control,2024-02-07,CONTROL
3793,Control,2024-05-16,CONTROL
3794,Control,2024-04-23,CONTROL
3795,Control,2024-05-26,CONTROL
3796,Treatment,2024-04-16,PROD-A
3797,Control,2024-05-28,CONTROL
3798,Control,2024-02-12,CONTROL
3799,Treatment,2024-01-04,PROD-A
3800,Control,2024-03-25,CONTROL
3801,Treatment,2024-03-02,PROD-A
3802,Treatment,2024-03-15,PROD-A
3803,Control,2024-02-12,CONTROL
3804,Control,2024-03-05,CONTROL
3805,Treatment,2024-03-08,PROD-A
3806,Treatment,2024-03-06,PROD-A
3807,Treatment,2024-03-05,PROD-A
3808,Treatment,2024-01-20,PROD-A
3809,Treatment,2024-04-10,PROD-A
3810,Control,2024-04-07,CONTROL
3811,Treatment,2024-03-23,PROD-A
3812,Control,2024-05-03,CONTROL
3813,Treatment,2024-02-26,PROD-A
3814,Treatment,2024-06-25,PROD-A
3815,Control,2024-06-21,CONTROL
3816,Treatment,2024-01-19,PROD-A
3817,Treatment,2024-05-10,PROD-A
3818,Treatment,2024-06-08,PROD-A
3819,Treatment,2024-04-27,PROD-A
3820,Control,2024-03-16,CONTROL
3821,Treatment,2024-02-06,PROD-A
3822,Treatment,2024-05-18,PROD-A
3823,Control,2024-03-01,CONTROL
3824,Control,2024-04-07,CONTROL
3825,Control,2024-06-01,CONTROL
3826,Control,2024-06-28,CONTROL
3827,Control,2024-01-09,CONTROL
3828,Treatment,2024-03-01,PROD-A
3829,Treatment,2024-04-10,PROD-A
3830,Treatment,2024-02-05,PROD-A
3831,Treatment,2024-02-12,PROD-A
3832,Treatment,2024-06-26,PROD-A
3833,Treatment,2024-02-21,PROD-A
3834,Control,2024-05-31,CONTROL
3835,Treatment,2024-04-17,PROD-A
3836,Treatment,2024-03-12,PROD-A
3837,Treatment,2024-03-03,PROD-A
3838,Treatment,2024-01-23,PROD-A
3839,Control,2024-05-17,CONTROL
3840,Control,2024-05-17,CONTROL
3841,Treatment,2024-01-24,PROD-A
3842,Control,2024-06-15,CONTROL
3843,Treatment,2024-02-22,PROD-A
3844,Control,2024-01-10,CONTROL
3845,Control,2024-01-23,CONTROL
3846,Control,2024-01-26,CONTROL
3847,Control,2024-01-22,CONTROL
3848,Control,2024-01-31,CONTROL
3849,Treatment,2024-04-29,PROD-A
3850,Control,2024-05-24,CONTROL
3851,Control,2024-01-26,CONTROL
3852,Control,2024-01-30,CONTROL
3853,Control,2024-03-23,CONTROL
3854,Control,2024-01-15,CONTROL
3855,Treatment,2024-03-07,PROD-A
3856,Control,2024-05-13,CONTROL
3857,Control,2024-05-21,CONTROL
3858,Control,2024-04-18,CONTROL
3859,Control,2024-06-15,CONTROL
3860,Control,2024-05-01,CONTROL
3861,Control,2024-03-13,CONTROL
3862,Control,2024-02-02,CONTROL
3863,Treatment,2024-05-08,PROD-A
3864,Treatment,2024-01-12,PROD-A
3865,Treatment,2024-06-06,PROD-A
3866,Control,2024-05-11,CONTROL
3867,Treatment,2024-02-22,PROD-A
3868,Treatment,2024-02-27,PROD-A
3869,Control,2024-01-29,CONTROL
3870,Treatment,2024-05-24,PROD-A
3871,Treatment,2024-02-28,PROD-A
3872,Treatment,2024-04-12,PROD-A
3873,Treatment,2024-02-02,PROD-A
3874,Control,2024-06-16,CONTROL
3875,Treatment,2024-05-17,PROD-A
3876,Treatment,2024-01-30,PROD-A
3877,Control,2024-02-08,CONTROL
3878,Control,2024-01-30,CONTROL
3879,Treatment,2024-06-16,PROD-A
3880,Treatment,2024-03-27,PROD-A
3881,Control,2024-03-16,CONTROL
3882,Treatment,2024-06-01,PROD-A
3883,Control,2024-04-19,CONTROL
3884,Control,2024-02-02,CONTROL
3885,Treatment,2024-06-11,PROD-A
3886,Control,2024-01-02,CONTROL
3887,Treatment,2024-02-17,PROD-A
3888,Treatment,2024-03-25,PROD-A
3889,Treatment,2024-06-02,PROD-A
3890,Control,2024-02-19,CONTROL
3891,Control,2024-05-23,CONTROL
3892,Treatment,2024-05-19,PROD-A
3893,Treatment,2024-04-10,PROD-A
3894,Control,2024-01-28,CONTROL
3895,Control,2024-03-13,CONTROL
3896,Treatment,2024-01-16,PROD-A
3897,Treatment,2024-06-26,PROD-A
3898,Control,2024-05-18,CONTROL
3899,Treatment,2024-02-12,PROD-A
3900,Treatment,2024-05-26,PROD-A
3901,Control,2024-05-14,CONTROL
3902,Treatment,2024-02-16,PROD-A
3903,Control,2024-02-29,CONTROL
3904,Treatment,2024-06-25,PROD-A
3905,Treatment,2024-02-01,PROD-A
3906,Control,2024-02-10,CONTROL
3907,Treatment,2024-05-01,PROD-A
3908,Control,2024-05-11,CONTROL
3909,Control,2024-02-15,CONTROL
3910,Control,2024-04-17,CONTROL
3911,Control,2024-02-18,CONTROL
3912,Control,2024-06-12,CONTROL
3913,Control,2024-04-25,CONTROL
3914,Control,2024-01-29,CONTROL
3915,Treatment,2024-02-11,PROD-A
3916,Treatment,2024-06-07,PROD-A
3917,Control,2024-03-07,CONTROL
3918,Treatment,2024-05-27,PROD-A
3919,Treatment,2024-04-12,PROD-A
3920,Treatment,2024-02-23,PROD-A
3921,Control,2024-04-18,CONTROL
3922,Control,2024-05-06,CONTROL
3923,Treatment,2024-01-16,PROD-A
3924,Treatment,2024-01-08,PROD-A
3925,Control,2024-04-16,CONTROL
3926,Treatment,2024-06-20,PROD-A
3927,Control,2024-01-30,CONTROL
3928,Control,2024-05-02,CONTROL
3929,Control,2024-06-10,CONTROL
3930,Treatment,2024-03-05,PROD-A
3931,Control,2024-05-13,CONTROL
3932,Control,2024-05-06,CONTROL
3933,Control,2024-05-04,CONTROL
3934,Control,2024-06-24,CONTROL
3935,Control,2024-05-13,CONTROL
3936,Control,2024-03-10,CONTROL
3937,Control,2024-02-24,CONTROL
3938,Treatment,2024-03-07,PROD-A
3939,Control,2024-01-28,CONTROL
3940,Control,2024-06-22,CONTROL
3941,Treatment,2024-02-03,PROD-A
3942,Control,2024-05-09,CONTROL
3943,Control,2024-02-19,CONTROL
3944,Treatment,2024-05-03,PROD-A
3945,Treatment,2024-01-25,PROD-A
3946,Treatment,2024-06-19,PROD-A
3947,Control,2024-06-03,CONTROL
3948,Control,2024-02-11,CONTROL
3949,Treatment,2024-02-26,PROD-A
3950,Treatment,2024-03-26,PROD-A
3951,Control,2024-05-05,CONTROL
3952,Control,2024-05-03,CONTROL
3953,Control,2024-04-19,CONTROL
3954,Treatment,2024-02-10,PROD-A
3955,Control,2024-06-08,CONTROL
3956,Control,2024-06-07,CONTROL
3957,Control,2024-01-28,CONTROL
3958,Treatment,2024-01-06,PROD-A
3959,Control,2024-02-26,CONTROL
3960,Treatment,2024-01-11,PROD-A
3961,Control,2024-03-10,CONTROL
3962,Control,2024-05-18,CONTROL
3963,Control,2024-02-08,CONTROL
3964,Control,2024-03-01,CONTROL
3965,Treatment,2024-04-07,PROD-A
3966,Treatment,2024-02-09,PROD-A
3967,Control,2024-04-17,CONTROL
3968,Treatment,2024-01-18,PROD-A
3969,Treatment,2024-05-05,PROD-A
3970,Treatment,2024-06-08,PROD-A
3971,Treatment,2024-04-29,PROD-A
3972,Control,2024-03-29,CONTROL
3973,Treatment,2024-03-14,PROD-A
3974,Treatment,2024-03-20,PROD-A
3975,Treatment,2024-06-25,PROD-A
3976,Control,2024-02-26,CONTROL
3977,Treatment,2024-02-12,PROD-A
3978,Control,2024-05-03,CONTROL
3979,Control,2024-02-09,CONTROL
3980,Control,2024-06-21,CONTROL
3981,Control,2024-05-24,CONTROL
3982,Control,2024-02-19,CONTROL
3983,Treatment,2024-01-05,PROD-A
3984,Control,2024-05-23,CONTROL
3985,Treatment,2024-04-22,PROD-A
3986,Control,2024-03-21,CONTROL
3987,Treatment,2024-05-23,PROD-A
3988,Control,2024-04-08,CONTROL
3989,Treatment,2024-01-15,PROD-A
3990,Control,2024-06-10,CONTROL
3991,Control,2024-03-07,CONTROL
3992,Treatment,2024-05-02,PROD-A
3993,Treatment,2024-01-01,PROD-A
3994,Treatment,2024-05-12,PROD-A
3995,Control,2024-05-01,CONTROL
3996,Treatment,2024-05-10,PROD-A
3997,Treatment,2024-05-10,PROD-A
3998,Treatment,2024-01-15,PROD-A
3999,Treatment,2024-04-23,PROD-A
4000,Treatment,2024-06-04,PROD-A
4001,Control,2024-02-02,CONTROL
4002,Control,2024-04-29,CONTROL
4003,Control,2024-05-25,CONTROL
4004,Treatment,2024-02-27,PROD-A
4005,Treatment,2024-03-20,PROD-A
4006,Treatment,2024-01-27,PROD-A
4007,Control,2024-05-05,CONTROL
4008,Treatment,2024-03-21,PROD-A
4009,Treatment,2024-03-29,PROD-A
4010,Control,2024-05-27,CONTROL
4011,Treatment,2024-01-03,PROD-A
4012,Treatment,2024-02-24,PROD-A
4013,Treatment,2024-05-07,PROD-A
4014,Control,2024-06-15,CONTROL
4015,Control,2024-05-31,CONTROL
4016,Control,2024-06-20,CONTROL
4017,Control,2024-05-18,CONTROL
4018,Control,2024-05-28,CONTROL
4019,Treatment,2024-04-18,PROD-A
4020,Treatment,2024-03-12,PROD-A
4021,Treatment,2024-03-02,PROD-A
4022,Control,2024-01-15,CONTROL
4023,Control,2024-01-22,CONTROL
4024,Control,2024-04-04,CONTROL
4025,Control,2024-03-04,CONTROL
4026,Treatment,2024-03-10,PROD-A
4027,Control,2024-05-22,CONTROL
4028,Control,2024-03-21,CONTROL
4029,Control,2024-01-14,CONTROL
4030,Control,2024-01-08,CONTROL
4031,Control,2024-01-19,CONTROL
4032,Treatment,2024-05-17,PROD-A
4033,Control,2024-01-03,CONTROL
4034,Control,2024-06-12,CONTROL
4035,Control,2024-05-03,CONTROL
4036,Treatment,2024-03-25,PROD-A
4037,Control,2024-05-09,CONTROL
4038,Control,2024-04-16,CONTROL
4039,Treatment,2024-03-03,PROD-A
4040,Control,2024-02-02,CONTROL
4041,Treatment,2024-01-07,PROD-A
4042,Treatment,2024-03-20,PROD-A
4043,Control,2024-01-21,CONTROL
4044,Treatment,2024-06-07,PROD-A
4045,Control,2024-04-29,CONTROL
4046,Control,2024-03-06,CONTROL
4047,Treatment,2024-05-19,PROD-A
4048,Control,2024-02-26,CONTROL
4049,Treatment,2024-01-25,PROD-A
4050,Control,2024-06-08,CONTROL
4051,Control,2024-03-27,CONTROL
4052,Treatment,2024-01-13,PROD-A
4053,Control,2024-05-12,CONTROL
4054,Control,2024-01-25,CONTROL
4055,Control,2024-05-14,CONTROL
4056,Control,2024-01-22,CONTROL
4057,Control,2024-01-28,CONTROL
4058,Control,2024-02-25,CONTROL
4059,Treatment,2024-05-21,PROD-A
4060,Control,2024-02-04,CONTROL
4061,Control,2024-01-21,CONTROL
4062,Treatment,2024-02-26,PROD-A
4063,Control,2024-06-02,CONTROL
4064,Control,2024-03-03,CONTROL
4065,Treatment,2024-03-10,PROD-A
4066,Control,2024-06-13,CONTROL
4067,Treatment,2024-05-22,PROD-A
4068,Control,2024-02-14,CONTROL
4069,Treatment,2024-05-23,PROD-A
4070,Treatment,2024-03-07,PROD-A
4071,Treatment,2024-03-22,PROD-A
4072,Control,2024-02-04,CONTROL
4073,Treatment,2024-02-25,PROD-A
4074,Control,2024-06-15,CONTROL
4075,Control,2024-04-12,CONTROL
4076,Treatment,2024-04-13,PROD-A
4077,Treatment,2024-06-05,PROD-A
4078,Treatment,2024-02-08,PROD-A
4079,Treatment,2024-05-13,PROD-A
4080,Control,2024-06-22,CONTROL
4081,Control,2024-01-10,CONTROL
4082,Control,2024-05-31,CONTROL
4083,Control,2024-04-19,CONTROL
4084,Treatment,2024-04-28,PROD-A
4085,Control,2024-05-23,CONTROL
4086,Treatment,2024-04-10,PROD-A
4087,Control,2024-03-21,CONTROL
4088,Control,2024-03-21,CONTROL
4089,Treatment,2024-04-04,PROD-A
4090,Treatment,2024-01-28,PROD-A
4091,Control,2024-06-02,CONTROL
4092,Control,2024-04-02,CONTROL
4093,Treatment,2024-05-09,PROD-A
4094,Treatment,2024-05-28,PROD-A
4095,Treatment,2024-05-01,PROD-A
4096,Treatment,2024-01-18,PROD-A
4097,Control,2024-02-14,CONTROL
4098,Treatment,2024-05-27,PROD-A
4099,Control,2024-06-19,CONTROL
4100,Treatment,2024-03-29,PROD-A
4101,Control,2024-01-19,CONTROL
4102,Control,2024-04-19,CONTROL
4103,Control,2024-01-25,CONTROL
4104,Control,2024-05-27,CONTROL
4105,Control,2024-03-01,CONTROL
4106,Treatment,2024-03-05,PROD-A
4107,Treatment,2024-04-03,PROD-A
4108,Treatment,2024-06-14,PROD-A
4109,Control,2024-05-14,CONTROL
4110,Treatment,2024-06-06,PROD-A
4111,Control,2024-04-28,CONTROL
4112,Control,2024-02-27,CONTROL
4113,Control,2024-06-18,CONTROL
4114,Treatment,2024-03-06,PROD-A
4115,Control,2024-03-20,CONTROL
4116,Control,2024-02-02,CONTROL
4117,Treatment,2024-05-13,PROD-A
4118,Treatment,2024-02-02,PROD-A
4119,Treatment,2024-05-25,PROD-A
4120,Treatment,2024-04-29,PROD-A
4121,Treatment,2024-05-01,PROD-A
4122,Control,2024-05-08,CONTROL
4123,Treatment,2024-05-25,PROD-A
4124,Control,2024-05-04,CONTROL
4125,Control,2024-03-14,CONTROL
4126,Treatment,2024-06-09,PROD-A
4127,Control,2024-03-19,CONTROL
4128,Control,2024-06-22,CONTROL
4129,Treatment,2024-02-25,PROD-A
4130,Control,2024-02-22,CONTROL
4131,Treatment,2024-03-19,PROD-A
4132,Control,2024-02-21,CONTROL
4133,Treatment,2024-03-19,PROD-A
4134,Control,2024-02-27,CONTROL
4135,Control,2024-03-12,CONTROL
4136,Treatment,2024-02-20,PROD-A
4137,Treatment,2024-06-22,PROD-A
4138,Treatment,2024-03-28,PROD-A
4139,Control,2024-03-28,CONTROL
4140,Treatment,2024-03-18,PROD-A
4141,Treatment,2024-01-11,PROD-A
4142,Control,2024-06-20,CONTROL
4143,Treatment,2024-05-01,PROD-A
4144,Control,2024-02-09,CONTROL
4145,Control,2024-01-11,CONTROL
4146,Control,2024-05-19,CONTROL
4147,Treatment,2024-05-18,PROD-A
4148,Control,2024-04-17,CONTROL
4149,Control,2024-02-08,CONTROL
4150,Treatment,2024-02-22,PROD-A
4151,Treatment,2024-05-30,PROD-A
4152,Control,2024-06-28,CONTROL
4153,Treatment,2024-03-11,PROD-A
4154,Treatment,2024-04-17,PROD-A
4155,Control,2024-06-18,CONTROL
4156,Treatment,2024-02-27,PROD-A
4157,Control,2024-02-15,CONTROL
4158,Control,2024-01-14,CONTROL
4159,Treatment,2024-06-13,PROD-A
4160,Control,2024-04-10,CONTROL
4161,Treatment,2024-03-14,PROD-A
4162,Treatment,2024-03-23,PROD-A
4163,Treatment,2024-01-07,PROD-A
4164,Treatment,2024-03-12,PROD-A
4165,Control,2024-01-07,CONTROL
4166,Control,2024-05-29,CONTROL
4167,Treatment,2024-05-02,PROD-A
4168,Control,2024-01-15,CONTROL
4169,Control,2024-05-31,CONTROL
4170,Control,2024-01-07,CONTROL
4171,Control,2024-03-18,CONTROL
4172,Control,2024-01-31,CONTROL
4173,Control,2024-04-14,CONTROL
4174,Treatment,2024-06-26,PROD-A
4175,Control,2024-04-12,CONTROL
4176,Treatment,2024-06-23,PROD-A
4177,Treatment,2024-02-14,PROD-A
4178,Control,2024-03-09,CONTROL
4179,Control,2024-05-20,CONTROL
4180,Control,2024-06-12,CONTROL
4181,Control,2024-02-18,CONTROL
4182,Treatment,2024-06-15,PROD-A
4183,Treatment,2024-04-18,PROD-A
4184,Treatment,2024-05-06,PROD-A
4185,Control,2024-06-07,CONTROL
4186,Treatment,2024-04-24,PROD-A
4187,Treatment,2024-02-20,PROD-A
4188,Treatment,2024-05-04,PROD-A
4189,Treatment,2024-02-08,PROD-A
4190,Treatment,2024-03-13,PROD-A
4191,Treatment,2024-05-13,PROD-A
4192,Control,2024-01-30,CONTROL
4193,Control,2024-05-15,CONTROL
4194,Control,2024-02-04,CONTROL
4195,Control,2024-01-14,CONTROL
4196,Treatment,2024-05-27,PROD-A
4197,Treatment,2024-04-05,PROD-A
4198,Control,2024-03-28,CONTROL
4199,Control,2024-01-08,CONTROL
4200,Control,2024-04-18,CONTROL
4201,Treatment,2024-04-04,PROD-A
4202,Treatment,2024-05-28,PROD-A
4203,Control,2024-04-20,CONTROL
4204,Control,2024-05-21,CONTROL
4205,Treatment,2024-05-12,PROD-A
4206,Treatment,2024-05-10,PROD-A
4207,Treatment,2024-02-14,PROD-A
4208,Control,2024-06-23,CONTROL
4209,Treatment,2024-01-11,PROD-A
4210,Treatment,2024-01-27,PROD-A
4211,Control,2024-03-05,CONTROL
4212,Control,2024-04-08,CONTROL
4213,Control,2024-05-09,CONTROL
4214,Treatment,2024-06-17,PROD-A
4215,Control,2024-03-15,CONTROL
4216,Treatment,2024-03-14,PROD-A
4217,Control,2024-06-02,CONTROL
4218,Treatment,2024-04-28,PROD-A
4219,Control,2024-03-25,CONTROL
4220,Control,2024-06-08,CONTROL
4221,Treatment,2024-05-01,PROD-A
4222,Treatment,2024-02-10,PROD-A
4223,Control,2024-05-15,CONTROL
4224,Treatment,2024-05-13,PROD-A
4225,Control,2024-01-29,CONTROL
4226,Treatment,2024-05-27,PROD-A
4227,Control,2024-04-13,CONTROL
4228,Control,2024-02-05,CONTROL
4229,Control,2024-04-10,CONTROL
4230,Control,2024-06-27,CONTROL
4231,Control,2024-05-19,CONTROL
4232,Control,2024-01-06,CONTROL
4233,Control,2024-06-14,CONTROL
4234,Control,2024-01-31,CONTROL
4235,Treatment,2024-01-11,PROD-A
4236,Control,2024-04-19,CONTROL
4237,Control,2024-06-19,CONTROL
4238,Control,2024-04-19,CONTROL
4239,Control,2024-05-02,CONTROL
4240,Control,2024-01-29,CONTROL
4241,Treatment,2024-04-20,PROD-A
4242,Control,2024-05-11,CONTROL
4243,Treatment,2024-02-08,PROD-A
4244,Treatment,2024-04-25,PROD-A
4245,Treatment,2024-03-26,PROD-A
4246,Treatment,2024-03-13,PROD-A
4247,Control,2024-04-13,CONTROL
4248,Treatment,2024-05-20,PROD-A
4249,Treatment,2024-02-22,PROD-A
4250,Control,2024-02-09,CONTROL
4251,Control,2024-01-03,CONTROL
4252,Control,2024-04-13,CONTROL
4253,Treatment,2024-04-24,PROD-A
4254,Control,2024-03-22,CONTROL
4255,Treatment,2024-05-10,PROD-A
4256,Treatment,2024-01-01,PROD-A
4257,Treatment,2024-06-06,PROD-A
4258,Treatment,2024-06-17,PROD-A
4259,Treatment,2024-05-24,PROD-A
4260,Control,2024-04-24,CONTROL
4261,Control,2024-01-27,CONTROL
4262,Treatment,2024-05-27,PROD-A
4263,Treatment,2024-06-04,PROD-A
4264,Treatment,2024-05-01,PROD-A
4265,Treatment,2024-02-18,PROD-A
4266,Treatment,2024-02-02,PROD-A
4267,Control,2024-05-15,CONTROL
4268,Treatment,2024-05-31,PROD-A
4269,Treatment,2024-04-21,PROD-A
4270,Control,2024-04-09,CONTROL
4271,Treatment,2024-06-28,PROD-A
4272,Control,2024-01-23,CONTROL
4273,Treatment,2024-03-23,PROD-A
4274,Treatment,2024-06-13,PROD-A
4275,Treatment,2024-06-23,PROD-A
4276,Control,2024-06-17,CONTROL
4277,Control,2024-06-08,CONTROL
4278,Control,2024-04-15,CONTROL
4279,Treatment,2024-01-24,PROD-A
4280,Control,2024-02-25,CONTROL
4281,Treatment,2024-05-14,PROD-A
4282,Control,2024-01-22,CONTROL
4283,Control,2024-02-18,CONTROL
4284,Treatment,2024-06-28,PROD-A
4285,Treatment,2024-01-06,PROD-A
4286,Control,2024-02-03,CONTROL
4287,Treatment,2024-05-14,PROD-A
4288,Treatment,2024-05-18,PROD-A
4289,Treatment,2024-05-17,PROD-A
4290,Control,2024-04-09,CONTROL
4291,Control,2024-03-28,CONTROL
4292,Treatment,2024-01-17,PROD-A
4293,Treatment,2024-05-24,PROD-A
4294,Treatment,2024-01-13,PROD-A
4295,Control,2024-01-06,CONTROL
4296,Treatment,2024-03-23,PROD-A
4297,Treatment,2024-02-19,PROD-A
4298,Treatment,2024-04-23,PROD-A
4299,Treatment,2024-02-28,PROD-A
4300,Control,2024-03-16,CONTROL
4301,Control,2024-04-03,CONTROL
4302,Control,2024-01-31,CONTROL
4303,Treatment,2024-06-19,PROD-A
4304,Control,2024-06-12,CONTROL
4305,Control,2024-04-02,CONTROL
4306,Control,2024-01-27,CONTROL
4307,Treatment,2024-01-18,PROD-A
4308,Control,2024-05-28,CONTROL
4309,Treatment,2024-04-30,PROD-A
4310,Treatment,2024-05-22,PROD-A
4311,Control,2024-06-23,CONTROL
4312,Control,2024-01-12,CONTROL
4313,Control,2024-02-15,CONTROL
4314,Treatment,2024-06-28,PROD-A
4315,Treatment,2024-01-28,PROD-A
4316,Treatment,2024-06-17,PROD-A
4317,Control,2024-04-21,CONTROL
4318,Treatment,2024-02-02,PROD-A
4319,Control,2024-01-07,CONTROL
4320,Treatment,2024-02-09,PROD-A
4321,Treatment,2024-02-27,PROD-A
4322,Control,2024-02-29,CONTROL
4323,Treatment,2024-06-08,PROD-A
4324,Treatment,2024-01-18,PROD-A
4325,Control,2024-01-22,CONTROL
4326,Treatment,2024-06-03,PROD-A
4327,Control,2024-02-10,CONTROL
4328,Control,2024-04-30,CONTROL
4329,Treatment,2024-03-04,PROD-A
4330,Control,2024-02-12,CONTROL
4331,Treatment,2024-01-30,PROD-A
4332,Treatment,2024-01-10,PROD-A
4333,Treatment,2024-02-03,PROD-A
4334,Control,2024-03-22,CONTROL
4335,Control,2024-03-22,CONTROL
4336,Control,2024-04-25,CONTROL
4337,Treatment,2024-05-31,PROD-A
4338,Treatment,2024-03-28,PROD-A
4339,Control,2024-02-19,CONTROL
4340,Treatment,2024-05-16,PROD-A
4341,Control,2024-02-03,CONTROL
4342,Control,2024-06-12,CONTROL
4343,Treatment,2024-06-11,PROD-A
4344,Treatment,2024-05-16,PROD-A
4345,Control,2024-04-09,CONTROL
4346,Control,2024-05-26,CONTROL
4347,Control,2024-05-13,CONTROL
4348,Treatment,2024-05-25,PROD-A
4349,Treatment,2024-01-02,PROD-A
4350,Treatment,2024-05-15,PROD-A
4351,Control,2024-03-04,CONTROL
4352,Control,2024-04-26,CONTROL
4353,Treatment,2024-04-17,PROD-A
4354,Treatment,2024-05-17,PROD-A
4355,Control,2024-06-24,CONTROL
4356,Control,2024-05-09,CONTROL
4357,Control,2024-04-05,CONTROL
4358,Treatment,2024-01-28,PROD-A
4359,Treatment,2024-06-02,PROD-A
4360,Treatment,2024-03-19,PROD-A
4361,Treatment,2024-05-13,PROD-A
4362,Control,2024-04-06,CONTROL
4363,Control,2024-06-05,CONTROL
4364,Treatment,2024-01-04,PROD-A
4365,Treatment,2024-03-13,PROD-A
4366,Control,2024-03-19,CONTROL
4367,Control,2024-03-10,CONTROL
4368,Control,2024-01-23,CONTROL
4369,Treatment,2024-06-08,PROD-A
4370,Treatment,2024-02-09,PROD-A
4371,Treatment,2024-05-22,PROD-A
4372,Treatment,2024-01-13,PROD-A
4373,Treatment,2024-01-16,PROD-A
4374,Control,2024-06-10,CONTROL
4375,Control,2024-05-12,CONTROL
4376,Control,2024-05-01,CONTROL
4377,Treatment,2024-05-30,PROD-A
4378,Control,2024-01-05,CONTROL
4379,Control,2024-05-09,CONTROL
4380,Treatment,2024-06-06,PROD-A
4381,Treatment,2024-05-11,PROD-A
4382,Control,2024-03-25,CONTROL
4383,Control,2024-05-08,CONTROL
4384,Control,2024-05-02,CONTROL
4385,Control,2024-06-25,CONTROL
4386,Control,2024-05-28,CONTROL
4387,Treatment,2024-05-06,PROD-A
4388,Control,2024-06-04,CONTROL
4389,Control,2024-04-13,CONTROL
4390,Control,2024-03-30,CONTROL
4391,Control,2024-01-17,CONTROL
4392,Control,2024-03-13,CONTROL
4393,Treatment,2024-02-05,PROD-A
4394,Control,2024-05-11,CONTROL
4395,Treatment,2024-03-13,PROD-A
4396,Treatment,2024-06-24,PROD-A
4397,Control,2024-01-19,CONTROL
4398,Treatment,2024-04-05,PROD-A
4399,Treatment,2024-05-20,PROD-A
4400,Treatment,2024-04-15,PROD-A
4401,Control,2024-01-30,CONTROL
4402,Control,2024-03-10,CONTROL
4403,Control,2024-01-15,CONTROL
4404,Treatment,2024-04-23,PROD-A
4405,Control,2024-01-26,CONTROL
4406,Control,2024-06-02,CONTROL
4407,Control,2024-02-05,CONTROL
4408,Control,2024-01-01,CONTROL
4409,Control,2024-06-03,CONTROL
4410,Control,2024-01-08,CONTROL
4411,Treatment,2024-03-24,PROD-A
4412,Treatment,2024-05-02,PROD-A
4413,Treatment,2024-06-08,PROD-A
4414,Control,2024-02-11,CONTROL
4415,Treatment,2024-01-07,PROD-A
4416,Treatment,2024-02-28,PROD-A
4417,Control,2024-03-24,CONTROL
4418,Control,2024-05-19,CONTROL
4419,Control,2024-06-10,CONTROL
4420,Control,2024-05-10,CONTROL
4421,Control,2024-03-02,CONTROL
4422,Control,2024-04-24,CONTROL
4423,Treatment,2024-05-26,PROD-A
4424,Treatment,2024-04-29,PROD-A
4425,Treatment,2024-04-12,PROD-A
4426,Treatment,2024-02-08,PROD-A
4427,Control,2024-06-23,CONTROL
4428,Treatment,2024-02-01,PROD-A
4429,Treatment,2024-04-23,PROD-A
4430,Treatment,2024-02-29,PROD-A
4431,Treatment,2024-02-11,PROD-A
4432,Control,2024-04-12,CONTROL
4433,Control,2024-05-13,CONTROL
4434,Control,2024-01-10,CONTROL
4435,Control,2024-05-22,CONTROL
4436,Control,2024-03-08,CONTROL
4437,Treatment,2024-04-29,PROD-A
4438,Control,2024-03-04,CONTROL
4439,Control,2024-03-13,CONTROL
4440,Treatment,2024-05-25,PROD-A
4441,Treatment,2024-03-31,PROD-A
4442,Treatment,2024-03-03,PROD-A
4443,Control,2024-05-09,CONTROL
4444,Treatment,2024-05-20,PROD-A
4445,Treatment,2024-01-30,PROD-A
4446,Control,2024-01-25,CONTROL
4447,Treatment,2024-03-06,PROD-A
4448,Control,2024-06-24,CONTROL
4449,Control,2024-04-29,CONTROL
4450,Control,2024-02-06,CONTROL
4451,Treatment,2024-05-29,PROD-A
4452,Control,2024-03-14,CONTROL
4453,Treatment,2024-06-27,PROD-A
4454,Control,2024-01-25,CONTROL
4455,Treatment,2024-05-17,PROD-A
4456,Control,2024-04-19,CONTROL
4457,Treatment,2024-03-26,PROD-A
4458,Treatment,2024-06-06,PROD-A
4459,Treatment,2024-01-05,PROD-A
4460,Control,2024-01-12,CONTROL
4461,Control,2024-03-30,CONTROL
4462,Treatment,2024-05-02,PROD-A
4463,Control,2024-06-28,CONTROL
4464,Treatment,2024-02-07,PROD-A
4465,Treatment,2024-04-12,PROD-A
4466,Control,2024-04-02,CONTROL
4467,Control,2024-04-29,CONTROL
4468,Control,2024-03-23,CONTROL
4469,Treatment,2024-02-25,PROD-A
4470,Treatment,2024-03-18,PROD-A
4471,Control,2024-04-27,CONTROL
4472,Control,2024-06-18,CONTROL
4473,Treatment,2024-03-31,PROD-A
4474,Treatment,2024-03-18,PROD-A
4475,Treatment,2024-03-01,PROD-A
4476,Control,2024-05-26,CONTROL
4477,Treatment,2024-01-29,PROD-A
4478,Control,2024-05-31,CONTROL
4479,Treatment,2024-05-30,PROD-A
4480,Control,2024-01-17,CONTROL
4481,Treatment,2024-04-14,PROD-A
4482,Treatment,2024-01-02,PROD-A
4483,Control,2024-02-12,CONTROL
4484,Treatment,2024-02-03,PROD-A
4485,Treatment,2024-03-23,PROD-A
4486,Control,2024-01-11,CONTROL
4487,Control,2024-01-04,CONTROL
4488,Control,2024-06-25,CONTROL
4489,Treatment,2024-01-12,PROD-A
4490,Control,2024-06-14,CONTROL
4491,Control,2024-04-22,CONTROL
4492,Treatment,2024-05-20,PROD-A
4493,Control,2024-01-30,CONTROL
4494,Treatment,2024-02-28,PROD-A
4495,Control,2024-01-20,CONTROL
4496,Treatment,2024-01-08,PROD-A
4497,Control,2024-02-19,CONTROL
4498,Control,2024-06-14,CONTROL
4499,Control,2024-04-19,CONTROL
4500,Treatment,2024-06-15,PROD-A
4501,Control,2024-02-21,CONTROL
4502,Treatment,2024-05-02,PROD-A
4503,Control,2024-05-30,CONTROL
4504,Control,2024-05-16,CONTROL
4505,Control,2024-04-16,CONTROL
4506,Control,2024-03-13,CONTROL
4507,Treatment,2024-06-18,PROD-A
4508,Treatment,2024-03-02,PROD-A
4509,Control,2024-04-29,CONTROL
4510,Treatment,2024-01-17,PROD-A
4511,Control,2024-03-16,CONTROL
4512,Control,2024-06-05,CONTROL
4513,Control,2024-05-14,CONTROL
4514,Treatment,2024-06-24,PROD-A
4515,Control,2024-02-23,CONTROL
4516,Treatment,2024-03-06,PROD-A
4517,Treatment,2024-02-12,PROD-A
4518,Treatment,2024-03-08,PROD-A
4519,Control,2024-04-08,CONTROL
4520,Treatment,2024-06-19,PROD-A
4521,Treatment,2024-01-16,PROD-A
4522,Treatment,2024-01-26,PROD-A
4523,Treatment,2024-03-12,PROD-A
4524,Control,2024-05-05,CONTROL
4525,Control,2024-05-19,CONTROL
4526,Control,2024-01-29,CONTROL
4527,Treatment,2024-02-02,PROD-A
4528,Control,2024-01-04,CONTROL
4529,Control,2024-01-01,CONTROL
4530,Treatment,2024-06-10,PROD-A
4531,Control,2024-04-18,CONTROL
4532,Control,2024-03-11,CONTROL
4533,Control,2024-02-01,CONTROL
4534,Control,2024-02-07,CONTROL
4535,Control,2024-03-10,CONTROL
4536,Control,2024-03-17,CONTROL
4537,Treatment,2024-06-14,PROD-A
4538,Control,2024-02-16,CONTROL
4539,Control,2024-01-28,CONTROL
4540,Treatment,2024-02-17,PROD-A
4541,Treatment,2024-02-28,PROD-A
4542,Treatment,2024-05-19,PROD-A
4543,Control,2024-03-14,CONTROL
4544,Treatment,2024-05-17,PROD-A
4545,Treatment,2024-06-11,PROD-A
4546,Treatment,2024-04-04,PROD-A
4547,Control,2024-02-07,CONTROL
4548,Control,2024-05-15,CONTROL
4549,Control,2024-05-06,CONTROL
4550,Control,2024-06-07,CONTROL
4551,Control,2024-05-23,CONTROL
4552,Control,2024-05-31,CONTROL
4553,Treatment,2024-02-18,PROD-A
4554,Control,2024-06-06,CONTROL
4555,Control,2024-05-14,CONTROL
4556,Control,2024-04-21,CONTROL
4557,Control,2024-05-26,CONTROL
4558,Control,2024-01-26,CONTROL
4559,Control,2024-05-07,CONTROL
4560,Control,2024-01-23,CONTROL
4561,Treatment,2024-04-13,PROD-A
4562,Control,2024-05-06,CONTROL
4563,Treatment,2024-03-04,PROD-A
4564,Treatment,2024-02-12,PROD-A
4565,Control,2024-01-21,CONTROL
4566,Control,2024-02-15,CONTROL
4567,Control,2024-01-24,CONTROL
4568,Treatment,2024-01-29,PROD-A
4569,Treatment,2024-01-29,PROD-A
4570,Treatment,2024-05-22,PROD-A
4571,Control,2024-06-05,CONTROL
4572,Treatment,2024-01-03,PROD-A
4573,Treatment,2024-04-28,PROD-A
4574,Treatment,2024-05-31,PROD-A
4575,Treatment,2024-04-12,PROD-A
4576,Control,2024-03-17,CONTROL
4577,Treatment,2024-05-03,PROD-A
4578,Treatment,2024-03-18,PROD-A
4579,Treatment,2024-05-29,PROD-A
4580,Control,2024-01-13,CONTROL
4581,Treatment,2024-04-11,PROD-A
4582,Treatment,2024-02-22,PROD-A
4583,Control,2024-06-26,CONTROL
4584,Treatment,2024-05-26,PROD-A
4585,Control,2024-02-02,CONTROL
4586,Control,2024-03-20,CONTROL
4587,Treatment,2024-05-09,PROD-A
4588,Treatment,2024-04-08,PROD-A
4589,Control,2024-05-18,CONTROL
4590,Control,2024-05-11,CONTROL
4591,Control,2024-06-21,CONTROL
4592,Treatment,2024-01-08,PROD-A
4593,Control,2024-02-25,CONTROL
4594,Control,2024-05-07,CONTROL
4595,Treatment,2024-05-31,PROD-A
4596,Treatment,2024-02-19,PROD-A
4597,Treatment,2024-05-29,PROD-A
4598,Control,2024-02-10,CONTROL
4599,Treatment,2024-05-26,PROD-A
4600,Treatment,2024-05-02,PROD-A
4601,Control,2024-02-27,CONTROL
4602,Treatment,2024-03-02,PROD-A
4603,Treatment,2024-03-24,PROD-A
4604,Control,2024-04-07,CONTROL
4605,Control,2024-03-01,CONTROL
4606,Control,2024-01-13,CONTROL
4607,Treatment,2024-03-12,PROD-A
4608,Treatment,2024-02-11,PROD-A
4609,Treatment,2024-05-29,PROD-A
4610,Control,2024-03-04,CONTROL
4611,Treatment,2024-04-19,PROD-A
4612,Control,2024-06-06,CONTROL
4613,Treatment,2024-01-25,PROD-A
4614,Treatment,2024-06-07,PROD-A
4615,Treatment,2024-05-14,PROD-A
4616,Control,2024-05-29,CONTROL
4617,Control,2024-03-31,CONTROL
4618,Treatment,2024-01-25,PROD-A
4619,Treatment,2024-02-28,PROD-A
4620,Control,2024-01-11,CONTROL
4621,Treatment,2024-06-27,PROD-A
4622,Treatment,2024-01-30,PROD-A
4623,Control,2024-04-10,CONTROL
4624,Treatment,2024-05-02,PROD-A
4625,Control,2024-06-14,CONTROL
4626,Control,2024-04-19,CONTROL
4627,Control,2024-05-29,CONTROL
4628,Treatment,2024-05-26,PROD-A
4629,Control,2024-04-14,CONTROL
4630,Treatment,2024-01-30,PROD-A
4631,Control,2024-02-21,CONTROL
4632,Treatment,2024-03-21,PROD-A
4633,Treatment,2024-01-09,PROD-A
4634,Control,2024-06-20,CONTROL
4635,Control,2024-01-17,CONTROL
4636,Control,2024-01-04,CONTROL
4637,Control,2024-05-10,CONTROL
4638,Control,2024-01-26,CONTROL
4639,Control,2024-04-04,CONTROL
4640,Control,2024-02-25,CONTROL
4641,Control,2024-03-14,CONTROL
4642,Control,2024-04-19,CONTROL
4643,Control,2024-01-19,CONTROL
4644,Treatment,2024-02-04,PROD-A
4645,Treatment,2024-02-29,PROD-A
4646,Treatment,2024-05-21,PROD-A
4647,Control,2024-03-31,CONTROL
4648,Control,2024-02-09,CONTROL
4649,Control,2024-02-24,CONTROL
4650,Control,2024-01-02,CONTROL
4651,Control,2024-03-10,CONTROL
4652,Treatment,2024-01-26,PROD-A
4653,Treatment,2024-01-20,PROD-A
4654,Treatment,2024-04-11,PROD-A
4655,Treatment,2024-04-30,PROD-A
4656,Control,2024-03-08,CONTROL
4657,Control,2024-05-20,CONTROL
4658,Control,2024-01-20,CONTROL
4659,Control,2024-03-27,CONTROL
4660,Control,2024-01-20,CONTROL
4661,Treatment,2024-02-13,PROD-A
4662,Treatment,2024-03-16,PROD-A
4663,Treatment,2024-05-09,PROD-A
4664,Treatment,2024-02-15,PROD-A
4665,Control,2024-04-15,CONTROL
4666,Control,2024-01-16,CONTROL
4667,Treatment,2024-03-27,PROD-A
4668,Control,2024-06-02,CONTROL
4669,Control,2024-04-23,CONTROL
4670,Control,2024-06-14,CONTROL
4671,Treatment,2024-01-26,PROD-A
4672,Treatment,2024-02-14,PROD-A
4673,Treatment,2024-03-13,PROD-A
4674,Control,2024-01-13,CONTROL
4675,Treatment,2024-05-01,PROD-A
4676,Control,2024-05-16,CONTROL
4677,Control,2024-01-24,CONTROL
4678,Treatment,2024-02-26,PROD-A
4679,Treatment,2024-03-21,PROD-A
4680,Control,2024-01-12,CONTROL
4681,Treatment,2024-01-21,PROD-A
4682,Treatment,2024-03-11,PROD-A
4683,Treatment,2024-01-25,PROD-A
4684,Treatment,2024-01-07,PROD-A
4685,Treatment,2024-05-11,PROD-A
4686,Control,2024-04-15,CONTROL
4687,Control,2024-06-27,CONTROL
4688,Control,2024-04-25,CONTROL
4689,Control,2024-04-05,CONTROL
4690,Treatment,2024-04-28,PROD-A
4691,Control,2024-01-19,CONTROL
4692,Treatment,2024-02-17,PROD-A
4693,Control,2024-03-01,CONTROL
4694,Treatment,2024-05-29,PROD-A
4695,Treatment,2024-03-17,PROD-A
4696,Control,2024-06-06,CONTROL
4697,Treatment,2024-03-14,PROD-A
4698,Treatment,2024-03-23,PROD-A
4699,Treatment,2024-02-14,PROD-A
4700,Treatment,2024-05-08,PROD-A
4701,Treatment,2024-02-21,PROD-A
4702,Control,2024-05-26,CONTROL
4703,Treatment,2024-05-07,PROD-A
4704,Control,2024-03-10,CONTROL
4705,Treatment,2024-05-11,PROD-A
4706,Treatment,2024-06-13,PROD-A
4707,Control,2024-03-07,CONTROL
4708,Control,2024-04-08,CONTROL
4709,Control,2024-02-04,CONTROL
4710,Treatment,2024-02-17,PROD-A
4711,Control,2024-03-24,CONTROL
4712,Treatment,2024-01-12,PROD-A
4713,Control,2024-02-03,CONTROL
4714,Treatment,2024-01-31,PROD-A
4715,Treatment,2024-01-22,PROD-A
4716,Treatment,2024-04-08,PROD-A
4717,Treatment,2024-05-06,PROD-A
4718,Control,2024-06-26,CONTROL
4719,Treatment,2024-05-13,PROD-A
4720,Control,2024-02-26,CONTROL
4721,Control,2024-02-17,CONTROL
4722,Control,2024-02-10,CONTROL
4723,Treatment,2024-04-27,PROD-A
4724,Treatment,2024-02-29,PROD-A
4725,Control,2024-02-27,CONTROL
4726,Treatment,2024-05-16,PROD-A
4727,Treatment,2024-03-09,PROD-A
4728,Control,2024-01-22,CONTROL
4729,Treatment,2024-02-22,PROD-A
4730,Control,2024-01-17,CONTROL
4731,Treatment,2024-02-12,PROD-A
4732,Treatment,2024-02-09,PROD-A
4733,Treatment,2024-05-17,PROD-A
4734,Treatment,2024-03-22,PROD-A
4735,Treatment,2024-03-01,PROD-A
4736,Control,2024-03-11,CONTROL
4737,Treatment,2024-03-30,PROD-A
4738,Treatment,2024-05-15,PROD-A
4739,Control,2024-06-11,CONTROL
4740,Treatment,2024-01-06,PROD-A
4741,Control,2024-04-12,CONTROL
4742,Control,2024-04-11,CONTROL
4743,Control,2024-04-10,CONTROL
4744,Treatment,2024-02-17,PROD-A
4745,Control,2024-03-07,CONTROL
4746,Treatment,2024-02-25,PROD-A
4747,Control,2024-05-16,CONTROL
4748,Control,2024-02-13,CONTROL
4749,Treatment,2024-06-12,PROD-A
4750,Treatment,2024-04-16,PROD-A
4751,Control,2024-06-12,CONTROL
4752,Control,2024-01-26,CONTROL
4753,Control,2024-06-25,CONTROL
4754,Treatment,2024-03-19,PROD-A
4755,Treatment,2024-04-27,PROD-A
4756,Treatment,2024-05-09,PROD-A
4757,Control,2024-06-22,CONTROL
4758,Treatment,2024-04-05,PROD-A
4759,Control,2024-06-20,CONTROL
4760,Control,2024-03-20,CONTROL
4761,Control,2024-03-03,CONTROL
4762,Treatment,2024-06-15,PROD-A
4763,Control,2024-01-19,CONTROL
4764,Treatment,2024-06-14,PROD-A
4765,Control,2024-04-24,CONTROL
4766,Control,2024-05-29,CONTROL
4767,Treatment,2024-04-29,PROD-A
4768,Control,2024-02-20,CONTROL
4769,Control,2024-02-20,CONTROL
4770,Treatment,2024-04-17,PROD-A
4771,Control,2024-06-26,CONTROL
4772,Treatment,2024-02-06,PROD-A
4773,Control,2024-03-29,CONTROL
4774,Control,2024-06-12,CONTROL
4775,Control,2024-06-06,CONTROL
4776,Control,2024-04-12,CONTROL
4777,Control,2024-02-04,CONTROL
4778,Control,2024-06-04,CONTROL
4779,Treatment,2024-04-11,PROD-A
4780,Control,2024-01-28,CONTROL
4781,Treatment,2024-03-03,PROD-A
4782,Treatment,2024-06-13,PROD-A
4783,Treatment,2024-06-26,PROD-A
4784,Control,2024-02-01,CONTROL
4785,Control,2024-06-22,CONTROL
4786,Control,2024-01-03,CONTROL
4787,Control,2024-05-18,CONTROL
4788,Treatment,2024-01-07,PROD-A
4789,Control,2024-01-17,CONTROL
4790,Control,2024-01-28,CONTROL
4791,Treatment,2024-01-29,PROD-A
4792,Control,2024-01-28,CONTROL
4793,Treatment,2024-06-08,PROD-A
4794,Treatment,2024-02-20,PROD-A
4795,Treatment,2024-06-14,PROD-A
4796,Control,2024-06-18,CONTROL
4797,Treatment,2024-06-04,PROD-A
4798,Control,2024-02-28,CONTROL
4799,Treatment,2024-04-06,PROD-A
4800,Treatment,2024-02-14,PROD-A
4801,Treatment,2024-01-14,PROD-A
4802,Control,2024-06-26,CONTROL
4803,Control,2024-05-14,CONTROL
4804,Control,2024-01-22,CONTROL
4805,Control,2024-02-16,CONTROL
4806,Treatment,2024-05-31,PROD-A
4807,Treatment,2024-02-06,PROD-A
4808,Treatment,2024-05-30,PROD-A
4809,Control,2024-01-23,CONTROL
4810,Treatment,2024-03-19,PROD-A
4811,Control,2024-06-01,CONTROL
4812,Treatment,2024-05-22,PROD-A
4813,Treatment,2024-06-17,PROD-A
4814,Control,2024-05-11,CONTROL
4815,Control,2024-02-26,CONTROL
4816,Treatment,2024-03-01,PROD-A
4817,Control,2024-03-10,CONTROL
4818,Control,2024-01-20,CONTROL
4819,Treatment,2024-04-29,PROD-A
4820,Control,2024-01-23,CONTROL
4821,Treatment,2024-02-18,PROD-A
4822,Control,2024-04-09,CONTROL
4823,Treatment,2024-03-13,PROD-A
4824,Treatment,2024-02-20,PROD-A
4825,Control,2024-02-04,CONTROL
4826,Control,2024-05-21,CONTROL
4827,Treatment,2024-03-31,PROD-A
4828,Control,2024-06-26,CONTROL
4829,Control,2024-06-13,CONTROL
4830,Control,2024-04-06,CONTROL
4831,Treatment,2024-02-26,PROD-A
4832,Treatment,2024-01-18,PROD-A
4833,Treatment,2024-06-13,PROD-A
4834,Control,2024-04-02,CONTROL
4835,Treatment,2024-03-05,PROD-A
4836,Treatment,2024-02-09,PROD-A
4837,Treatment,2024-05-29,PROD-A
4838,Treatment,2024-02-18,PROD-A
4839,Control,2024-04-01,CONTROL
4840,Control,2024-02-04,CONTROL
4841,Control,2024-04-26,CONTROL
4842,Control,2024-06-12,CONTROL
4843,Treatment,2024-03-12,PROD-A
4844,Control,2024-01-12,CONTROL
4845,Control,2024-01-22,CONTROL
4846,Treatment,2024-01-17,PROD-A
4847,Treatment,2024-01-10,PROD-A
4848,Treatment,2024-03-31,PROD-A
4849,Control,2024-04-21,CONTROL
4850,Treatment,2024-01-21,PROD-A
4851,Control,2024-04-20,CONTROL
4852,Control,2024-06-11,CONTROL
4853,Treatment,2024-03-12,PROD-A
4854,Control,2024-01-01,CONTROL
4855,Control,2024-06-27,CONTROL
4856,Control,2024-01-23,CONTROL
4857,Treatment,2024-04-25,PROD-A
4858,Treatment,2024-05-05,PROD-A
4859,Treatment,2024-05-18,PROD-A
4860,Treatment,2024-06-04,PROD-A
4861,Treatment,2024-02-14,PROD-A
4862,Control,2024-01-28,CONTROL
4863,Control,2024-04-03,CONTROL
4864,Control,2024-02-17,CONTROL
4865,Treatment,2024-06-17,PROD-A
4866,Control,2024-02-11,CONTROL
4867,Control,2024-05-18,CONTROL
4868,Control,2024-04-23,CONTROL
4869,Control,2024-02-05,CONTROL
4870,Treatment,2024-04-07,PROD-A
4871,Treatment,2024-01-13,PROD-A
4872,Control,2024-03-08,CONTROL
4873,Treatment,2024-01-12,PROD-A
4874,Treatment,2024-06-24,PROD-A
4875,Treatment,2024-04-02,PROD-A
4876,Control,2024-06-18,CONTROL
4877,Control,2024-04-03,CONTROL
4878,Treatment,2024-03-15,PROD-A
4879,Control,2024-01-23,CONTROL
4880,Control,2024-03-01,CONTROL
4881,Control,2024-01-24,CONTROL
4882,Control,2024-01-13,CONTROL
4883,Control,2024-02-10,CONTROL
4884,Control,2024-06-28,CONTROL
4885,Control,2024-05-20,CONTROL
4886,Treatment,2024-02-22,PROD-A
4887,Treatment,2024-06-23,PROD-A
4888,Control,2024-04-19,CONTROL
4889,Treatment,2024-01-06,PROD-A
4890,Control,2024-04-08,CONTROL
4891,Control,2024-05-14,CONTROL
4892,Treatment,2024-04-06,PROD-A
4893,Control,2024-03-02,CONTROL
4894,Control,2024-04-18,CONTROL
4895,Control,2024-04-09,CONTROL
4896,Control,2024-03-20,CONTROL
4897,Control,2024-01-17,CONTROL
4898,Treatment,2024-03-24,PROD-A
4899,Treatment,2024-01-06,PROD-A
4900,Treatment,2024-06-21,PROD-A
4901,Control,2024-06-18,CONTROL
4902,Treatment,2024-02-29,PROD-A
4903,Control,2024-01-11,CONTROL
4904,Treatment,2024-05-03,PROD-A
4905,Treatment,2024-01-11,PROD-A
4906,Treatment,2024-01-25,PROD-A
4907,Control,2024-01-26,CONTROL
4908,Control,2024-04-14,CONTROL
4909,Treatment,2024-05-27,PROD-A
4910,Control,2024-01-14,CONTROL
4911,Treatment,2024-06-09,PROD-A
4912,Treatment,2024-01-20,PROD-A
4913,Treatment,2024-06-10,PROD-A
4914,Control,2024-03-27,CONTROL
4915,Control,2024-02-25,CONTROL
4916,Control,2024-06-09,CONTROL
4917,Control,2024-01-18,CONTROL
4918,Control,2024-06-24,CONTROL
4919,Control,2024-01-21,CONTROL
4920,Control,2024-04-20,CONTROL
4921,Control,2024-03-13,CONTROL
4922,Treatment,2024-03-05,PROD-A
4923,Treatment,2024-02-20,PROD-A
4924,Control,2024-04-23,CONTROL
4925,Treatment,2024-06-28,PROD-A
4926,Treatment,2024-05-11,PROD-A
4927,Treatment,2024-06-06,PROD-A
4928,Treatment,2024-06-14,PROD-A
4929,Control,2024-05-15,CONTROL
4930,Control,2024-04-04,CONTROL
4931,Control,2024-01-25,CONTROL
4932,Control,2024-04-08,CONTROL
4933,Control,2024-05-23,CONTROL
4934,Treatment,2024-03-13,PROD-A
4935,Treatment,2024-04-28,PROD-A
4936,Control,2024-04-30,CONTROL
4937,Treatment,2024-04-15,PROD-A
4938,Treatment,2024-02-12,PROD-A
4939,Control,2024-03-06,CONTROL
4940,Treatment,2024-06-13,PROD-A
4941,Treatment,2024-03-15,PROD-A
4942,Treatment,2024-02-02,PROD-A
4943,Treatment,2024-06-27,PROD-A
4944,Treatment,2024-04-07,PROD-A
4945,Treatment,2024-03-29,PROD-A
4946,Control,2024-03-27,CONTROL
4947,Control,2024-03-29,CONTROL
4948,Treatment,2024-06-22,PROD-A
4949,Control,2024-04-01,CONTROL
4950,Treatment,2024-01-28,PROD-A
4951,Treatment,2024-06-12,PROD-A
4952,Control,2024-03-20,CONTROL
4953,Treatment,2024-06-17,PROD-A
4954,Treatment,2024-02-05,PROD-A
4955,Control,2024-03-30,CONTROL
4956,Control,2024-03-22,CONTROL
4957,Control,2024-05-18,CONTROL
4958,Control,2024-04-10,CONTROL
4959,Control,2024-05-16,CONTROL
4960,Control,2024-02-21,CONTROL
4961,Treatment,2024-01-08,PROD-A
4962,Control,2024-05-15,CONTROL
4963,Treatment,2024-01-31,PROD-A
4964,Control,2024-02-08,CONTROL
4965,Treatment,2024-04-01,PROD-A
4966,Control,2024-02-13,CONTROL
4967,Treatment,2024-04-07,PROD-A
4968,Control,2024-06-18,CONTROL
4969,Treatment,2024-01-16,PROD-A
4970,Control,2024-06-19,CONTROL
4971,Treatment,2024-05-13,PROD-A
4972,Control,2024-04-21,CONTROL
4973,Control,2024-03-21,CONTROL
4974,Control,2024-05-19,CONTROL
4975,Control,2024-04-22,CONTROL
4976,Treatment,2024-05-27,PROD-A
4977,Control,2024-05-03,CONTROL
4978,Control,2024-05-23,CONTROL
4979,Control,2024-01-17,CONTROL
4980,Treatment,2024-05-12,PROD-A
4981,Treatment,2024-02-06,PROD-A
4982,Treatment,2024-01-20,PROD-A
4983,Treatment,2024-02-21,PROD-A
4984,Treatment,2024-03-18,PROD-A
4985,Control,2024-04-22,CONTROL
4986,Control,2024-02-14,CONTROL
4987,Control,2024-04-17,CONTROL
4988,Control,2024-01-24,CONTROL
4989,Treatment,2024-06-16,PROD-A
4990,Treatment,2024-04-25,PROD-A
4991,Control,2024-06-22,CONTROL
4992,Treatment,2024-02-10,PROD-A
4993,Treatment,2024-01-23,PROD-A
4994,Control,2024-06-15,CONTROL
4995,Control,2024-01-07,CONTROL
4996,Treatment,2024-03-06,PROD-A
4997,Treatment,2024-04-13,PROD-A
4998,Control,2024-02-02,CONTROL
4999,Control,2024-02-01,CONTROL
5000,Treatment,2024-01-13,PROD-A
5001,Control,2024-06-24,CONTROL
5002,Treatment,2024-06-28,PROD-A
5003,Treatment,2024-06-27,PROD-A
5004,Treatment,2024-06-28,PROD-A
5005,Control,2024-03-10,CONTROL
5006,Treatment,2024-04-18,PROD-A
5007,Control,2024-05-06,CONTROL
5008,Control,2024-04-12,CONTROL
5009,Treatment,2024-01-22,PROD-A
5010,Treatment,2024-06-12,PROD-A
5011,Control,2024-04-14,CONTROL
5012,Control,2024-02-25,CONTROL
5013,Treatment,2024-05-07,PROD-A
5014,Control,2024-01-30,CONTROL
5015,Treatment,2024-01-23,PROD-A
5016,Treatment,2024-03-30,PROD-A
5017,Treatment,2024-06-19,PROD-A
5018,Control,2024-05-25,CONTROL
5019,Treatment,2024-01-22,PROD-A
5020,Treatment,2024-01-23,PROD-A
5021,Treatment,2024-06-09,PROD-A
5022,Control,2024-04-30,CONTROL
5023,Control,2024-05-20,CONTROL
5024,Control,2024-06-07,CONTROL
5025,Treatment,2024-05-27,PROD-A
5026,Treatment,2024-05-08,PROD-A
5027,Treatment,2024-05-11,PROD-A
5028,Control,2024-04-05,CONTROL
5029,Treatment,2024-05-28,PROD-A
5030,Treatment,2024-05-31,PROD-A
5031,Control,2024-01-28,CONTROL
5032,Treatment,2024-01-01,PROD-A
5033,Control,2024-06-19,CONTROL
5034,Control,2024-05-02,CONTROL
5035,Treatment,2024-04-10,PROD-A
5036,Control,2024-01-04,CONTROL
5037,Treatment,2024-04-22,PROD-A
5038,Control,2024-04-18,CONTROL
5039,Control,2024-03-16,CONTROL
5040,Treatment,2024-04-20,PROD-A
5041,Control,2024-01-25,CONTROL
5042,Control,2024-04-06,CONTROL
5043,Treatment,2024-02-24,PROD-A
5044,Control,2024-05-04,CONTROL
5045,Control,2024-01-07,CONTROL
5046,Treatment,2024-01-30,PROD-A
5047,Control,2024-04-14,CONTROL
5048,Control,2024-02-25,CONTROL
5049,Treatment,2024-05-10,PROD-A
5050,Treatment,2024-01-18,PROD-A
5051,Control,2024-03-27,CONTROL
5052,Control,2024-06-17,CONTROL
5053,Treatment,2024-04-05,PROD-A
5054,Control,2024-03-16,CONTROL
5055,Treatment,2024-03-08,PROD-A
5056,Control,2024-01-31,CONTROL
5057,Control,2024-01-12,CONTROL
5058,Control,2024-02-12,CONTROL
5059,Control,2024-02-01,CONTROL
5060,Control,2024-04-11,CONTROL
5061,Control,2024-03-23,CONTROL
5062,Control,2024-01-03,CONTROL
5063,Control,2024-04-24,CONTROL
5064,Control,2024-06-26,CONTROL
5065,Treatment,2024-03-28,PROD-A
5066,Control,2024-04-07,CONTROL
5067,Control,2024-01-14,CONTROL
5068,Control,2024-02-18,CONTROL
5069,Treatment,2024-05-04,PROD-A
5070,Treatment,2024-06-01,PROD-A
5071,Treatment,2024-01-26,PROD-A
5072,Treatment,2024-05-03,PROD-A
5073,Treatment,2024-02-02,PROD-A
5074,Control,2024-01-04,CONTROL
5075,Treatment,2024-05-14,PROD-A
5076,Control,2024-02-02,CONTROL
5077,Treatment,2024-06-12,PROD-A
5078,Control,2024-03-15,CONTROL
5079,Treatment,2024-05-22,PROD-A
5080,Treatment,2024-03-30,PROD-A
5081,Treatment,2024-04-29,PROD-A
5082,Control,2024-03-13,CONTROL
5083,Control,2024-03-28,CONTROL
5084,Treatment,2024-04-15,PROD-A
5085,Control,2024-02-12,CONTROL
5086,Control,2024-05-11,CONTROL
5087,Control,2024-05-06,CONTROL
5088,Control,2024-04-13,CONTROL
5089,Treatment,2024-01-15,PROD-A
5090,Control,2024-04-01,CONTROL
5091,Control,2024-05-22,CONTROL
5092,Treatment,2024-05-02,PROD-A
5093,Control,2024-02-29,CONTROL
5094,Control,2024-03-28,CONTROL
5095,Control,2024-01-09,CONTROL
5096,Treatment,2024-02-29,PROD-A
5097,Treatment,2024-05-29,PROD-A
5098,Control,2024-03-15,CONTROL
5099,Treatment,2024-04-07,PROD-A
5100,Control,2024-03-18,CONTROL
5101,Treatment,2024-06-11,PROD-A
5102,Treatment,2024-06-02,PROD-A
5103,Treatment,2024-03-30,PROD-A
5104,Treatment,2024-05-01,PROD-A
5105,Treatment,2024-01-02,PROD-A
5106,Treatment,2024-05-03,PROD-A
5107,Treatment,2024-03-06,PROD-A
5108,Treatment,2024-03-15,PROD-A
5109,Treatment,2024-06-08,PROD-A
5110,Treatment,2024-01-14,PROD-A
5111,Control,2024-03-28,CONTROL
5112,Treatment,2024-03-16,PROD-A
5113,Control,2024-02-10,CONTROL
5114,Treatment,2024-06-14,PROD-A
5115,Control,2024-01-03,CONTROL
5116,Control,2024-02-14,CONTROL
5117,Treatment,2024-02-17,PROD-A
5118,Treatment,2024-02-10,PROD-A
5119,Control,2024-03-25,CONTROL
5120,Treatment,2024-01-04,PROD-A
5121,Control,2024-01-28,CONTROL
5122,Control,2024-06-10,CONTROL
5123,Treatment,2024-01-08,PROD-A
5124,Control,2024-01-21,CONTROL
5125,Control,2024-02-17,CONTROL
5126,Treatment,2024-04-21,PROD-A
5127,Control,2024-03-25,CONTROL
5128,Control,2024-05-29,CONTROL
5129,Control,2024-01-31,CONTROL
5130,Control,2024-04-25,CONTROL
5131,Treatment,2024-02-26,PROD-A
5132,Control,2024-06-11,CONTROL
5133,Treatment,2024-05-08,PROD-A
5134,Control,2024-02-04,CONTROL
5135,Treatment,2024-06-04,PROD-A
5136,Control,2024-01-01,CONTROL
5137,Control,2024-03-09,CONTROL
5138,Control,2024-04-02,CONTROL
5139,Treatment,2024-03-07,PROD-A
5140,Control,2024-03-07,CONTROL
5141,Control,2024-01-09,CONTROL
5142,Control,2024-01-10,CONTROL
5143,Control,2024-01-04,CONTROL
5144,Treatment,2024-05-27,PROD-A
5145,Treatment,2024-05-28,PROD-A
5146,Treatment,2024-02-27,PROD-A
5147,Treatment,2024-04-20,PROD-A
5148,Treatment,2024-01-03,PROD-A
5149,Treatment,2024-01-02,PROD-A
5150,Treatment,2024-01-16,PROD-A
5151,Treatment,2024-06-23,PROD-A
5152,Treatment,2024-03-12,PROD-A
5153,Treatment,2024-06-05,PROD-A
5154,Treatment,2024-04-14,PROD-A
5155,Control,2024-01-06,CONTROL
5156,Control,2024-05-19,CONTROL
5157,Treatment,2024-05-01,PROD-A
5158,Control,2024-01-01,CONTROL
5159,Treatment,2024-03-29,PROD-A
5160,Control,2024-05-28,CONTROL
5161,Treatment,2024-04-18,PROD-A
5162,Treatment,2024-02-05,PROD-A
5163,Treatment,2024-05-08,PROD-A
5164,Treatment,2024-06-17,PROD-A
5165,Control,2024-05-23,CONTROL
5166,Treatment,2024-05-24,PROD-A
5167,Treatment,2024-04-18,PROD-A
5168,Treatment,2024-04-26,PROD-A
5169,Control,2024-01-02,CONTROL
5170,Treatment,2024-05-04,PROD-A
5171,Treatment,2024-03-14,PROD-A
5172,Treatment,2024-06-24,PROD-A
5173,Control,2024-06-09,CONTROL
5174,Control,2024-05-05,CONTROL
5175,Treatment,2024-01-14,PROD-A
5176,Control,2024-03-08,CONTROL
5177,Treatment,2024-01-11,PROD-A
5178,Control,2024-05-01,CONTROL
5179,Treatment,2024-06-28,PROD-A
5180,Treatment,2024-05-06,PROD-A
5181,Control,2024-04-16,CONTROL
5182,Control,2024-01-04,CONTROL
5183,Control,2024-06-12,CONTROL
5184,Treatment,2024-05-04,PROD-A
5185,Treatment,2024-06-14,PROD-A
5186,Control,2024-05-29,CONTROL
5187,Control,2024-03-30,CONTROL
5188,Control,2024-01-31,CONTROL
5189,Treatment,2024-03-26,PROD-A
5190,Control,2024-06-07,CONTROL
5191,Treatment,2024-03-21,PROD-A
5192,Treatment,2024-03-24,PROD-A
5193,Control,2024-06-01,CONTROL
5194,Treatment,2024-02-11,PROD-A
5195,Treatment,2024-06-25,PROD-A
5196,Treatment,2024-01-09,PROD-A
5197,Control,2024-02-01,CONTROL
5198,Control,2024-01-05,CONTROL
5199,Treatment,2024-03-22,PROD-A
5200,Treatment,2024-05-03,PROD-A
5201,Treatment,2024-01-23,PROD-A
5202,Control,2024-03-28,CONTROL
5203,Control,2024-03-21,CONTROL
5204,Treatment,2024-04-30,PROD-A
5205,Treatment,2024-03-13,PROD-A
5206,Control,2024-04-19,CONTROL
5207,Treatment,2024-02-06,PROD-A
5208,Control,2024-03-08,CONTROL
5209,Treatment,2024-04-23,PROD-A
5210,Control,2024-03-10,CONTROL
5211,Treatment,2024-02-07,PROD-A
5212,Treatment,2024-06-07,PROD-A
5213,Control,2024-05-07,CONTROL
5214,Treatment,2024-04-10,PROD-A
5215,Control,2024-04-16,CONTROL
5216,Treatment,2024-06-05,PROD-A
5217,Treatment,2024-04-24,PROD-A
5218,Control,2024-03-17,CONTROL
5219,Control,2024-01-05,CONTROL
5220,Control,2024-04-29,CONTROL
5221,Treatment,2024-02-25,PROD-A
5222,Treatment,2024-04-26,PROD-A
5223,Treatment,2024-03-15,PROD-A
5224,Treatment,2024-05-26,PROD-A
5225,Treatment,2024-06-02,PROD-A
5226,Treatment,2024-05-17,PROD-A
5227,Treatment,2024-06-11,PROD-A
5228,Treatment,2024-05-13,PROD-A
5229,Treatment,2024-03-24,PROD-A
5230,Treatment,2024-05-02,PROD-A
5231,Treatment,2024-03-13,PROD-A
5232,Treatment,2024-05-19,PROD-A
5233,Control,2024-03-30,CONTROL
5234,Control,2024-01-25,CONTROL
5235,Control,2024-02-07,CONTROL
5236,Treatment,2024-05-30,PROD-A
5237,Treatment,2024-06-09,PROD-A
5238,Control,2024-05-28,CONTROL
5239,Control,2024-05-08,CONTROL
5240,Control,2024-01-05,CONTROL
5241,Control,2024-02-09,CONTROL
5242,Control,2024-01-15,CONTROL
5243,Control,2024-06-13,CONTROL
5244,Control,2024-03-01,CONTROL
5245,Control,2024-03-09,CONTROL
5246,Treatment,2024-02-25,PROD-A
5247,Treatment,2024-03-31,PROD-A
5248,Control,2024-02-18,CONTROL
5249,Control,2024-03-17,CONTROL
5250,Treatment,2024-06-06,PROD-A
5251,Treatment,2024-03-23,PROD-A
5252,Treatment,2024-01-19,PROD-A
5253,Treatment,2024-03-31,PROD-A
5254,Control,2024-04-14,CONTROL
5255,Control,2024-03-01,CONTROL
5256,Control,2024-01-04,CONTROL
5257,Treatment,2024-06-23,PROD-A
5258,Control,2024-01-17,CONTROL
5259,Treatment,2024-05-14,PROD-A
5260,Control,2024-06-15,CONTROL
5261,Control,2024-01-22,CONTROL
5262,Treatment,2024-06-21,PROD-A
5263,Control,2024-05-03,CONTROL
5264,Control,2024-06-02,CONTROL
5265,Control,2024-06-18,CONTROL
5266,Control,2024-03-11,CONTROL
5267,Treatment,2024-06-04,PROD-A
5268,Treatment,2024-01-09,PROD-A
5269,Treatment,2024-01-16,PROD-A
5270,Control,2024-02-22,CONTROL
5271,Treatment,2024-06-13,PROD-A
5272,Treatment,2024-04-15,PROD-A
5273,Control,2024-02-19,CONTROL
5274,Treatment,2024-06-03,PROD-A
5275,Treatment,2024-05-12,PROD-A
5276,Control,2024-05-13,CONTROL
5277,Treatment,2024-02-03,PROD-A
5278,Control,2024-02-04,CONTROL
5279,Treatment,2024-01-25,PROD-A
5280,Treatment,2024-01-10,PROD-A
5281,Treatment,2024-02-01,PROD-A
5282,Control,2024-02-20,CONTROL
5283,Control,2024-02-04,CONTROL
5284,Control,2024-06-20,CONTROL
5285,Treatment,2024-02-26,PROD-A
5286,Treatment,2024-02-16,PROD-A
5287,Treatment,2024-04-27,PROD-A
5288,Control,2024-02-06,CONTROL
5289,Control,2024-01-20,CONTROL
5290,Treatment,2024-01-01,PROD-A
5291,Control,2024-04-18,CONTROL
5292,Treatment,2024-05-21,PROD-A
5293,Control,2024-03-14,CONTROL
5294,Control,2024-01-18,CONTROL
5295,Control,2024-04-23,CONTROL
5296,Control,2024-04-29,CONTROL
5297,Treatment,2024-05-15,PROD-A
5298,Treatment,2024-03-02,PROD-A
5299,Treatment,2024-01-01,PROD-A
5300,Control,2024-06-27,CONTROL
5301,Treatment,2024-05-13,PROD-A
5302,Treatment,2024-02-05,PROD-A
5303,Control,2024-02-23,CONTROL
5304,Control,2024-06-08,CONTROL
5305,Control,2024-06-02,CONTROL
5306,Treatment,2024-06-19,PROD-A
5307,Control,2024-03-24,CONTROL
5308,Treatment,2024-04-17,PROD-A
5309,Treatment,2024-01-30,PROD-A
5310,Control,2024-05-22,CONTROL
5311,Control,2024-03-20,CONTROL
5312,Treatment,2024-04-03,PROD-A
5313,Control,2024-01-29,CONTROL
5314,Treatment,2024-01-29,PROD-A
5315,Control,2024-01-17,CONTROL
5316,Treatment,2024-03-31,PROD-A
5317,Control,2024-04-08,CONTROL
5318,Treatment,2024-01-16,PROD-A
5319,Control,2024-03-28,CONTROL
5320,Control,2024-02-12,CONTROL
5321,Treatment,2024-01-19,PROD-A
5322,Treatment,2024-03-03,PROD-A
5323,Treatment,2024-03-16,PROD-A
5324,Control,2024-03-07,CONTROL
5325,Control,2024-03-08,CONTROL
5326,Control,2024-02-11,CONTROL
5327,Control,2024-06-11,CONTROL
5328,Treatment,2024-01-08,PROD-A
5329,Control,2024-03-19,CONTROL
5330,Control,2024-05-15,CONTROL
5331,Control,2024-05-09,CONTROL
5332,Control,2024-06-11,CONTROL
5333,Treatment,2024-06-05,PROD-A
5334,Treatment,2024-04-05,PROD-A
5335,Treatment,2024-06-06,PROD-A
5336,Control,2024-04-28,CONTROL
5337,Treatment,2024-06-21,PROD-A
5338,Control,2024-02-01,CONTROL
5339,Control,2024-05-30,CONTROL
5340,Treatment,2024-01-17,PROD-A
5341,Treatment,2024-02-05,PROD-A
5342,Treatment,2024-02-06,PROD-A
5343,Control,2024-04-29,CONTROL
5344,Control,2024-03-13,CONTROL
5345,Control,2024-06-05,CONTROL
5346,Treatment,2024-02-13,PROD-A
5347,Treatment,2024-02-23,PROD-A
5348,Control,2024-05-19,CONTROL
5349,Treatment,2024-06-08,PROD-A
5350,Treatment,2024-06-06,PROD-A
5351,Control,2024-06-05,CONTROL
5352,Treatment,2024-06-16,PROD-A
5353,Control,2024-03-03,CONTROL
5354,Treatment,2024-02-12,PROD-A
5355,Treatment,2024-05-15,PROD-A
5356,Control,2024-06-14,CONTROL
5357,Control,2024-03-04,CONTROL
5358,Control,2024-04-21,CONTROL
5359,Control,2024-01-08,CONTROL
5360,Control,2024-01-18,CONTROL
5361,Treatment,2024-04-09,PROD-A
5362,Treatment,2024-06-04,PROD-A
5363,Control,2024-03-04,CONTROL
5364,Control,2024-04-24,CONTROL
5365,Control,2024-03-30,CONTROL
5366,Control,2024-04-17,CONTROL
5367,Treatment,2024-02-26,PROD-A
5368,Treatment,2024-06-26,PROD-A
5369,Control,2024-03-03,CONTROL
5370,Control,2024-05-03,CONTROL
5371,Control,2024-01-25,CONTROL
5372,Treatment,2024-03-24,PROD-A
5373,Control,2024-03-20,CONTROL
5374,Control,2024-05-27,CONTROL
5375,Treatment,2024-02-20,PROD-A
5376,Control,2024-04-09,CONTROL
5377,Control,2024-03-26,CONTROL
5378,Control,2024-05-08,CONTROL
5379,Control,2024-01-27,CONTROL
5380,Treatment,2024-06-23,PROD-A
5381,Control,2024-06-09,CONTROL
5382,Treatment,2024-01-27,PROD-A
5383,Control,2024-06-09,CONTROL
5384,Control,2024-05-19,CONTROL
5385,Control,2024-06-20,CONTROL
5386,Control,2024-05-14,CONTROL
5387,Treatment,2024-06-12,PROD-A
5388,Treatment,2024-01-28,PROD-A
5389,Control,2024-03-07,CONTROL
5390,Treatment,2024-01-12,PROD-A
5391,Control,2024-03-18,CONTROL
5392,Treatment,2024-05-31,PROD-A
5393,Treatment,2024-01-01,PROD-A
5394,Control,2024-05-28,CONTROL
5395,Treatment,2024-03-26,PROD-A
5396,Treatment,2024-04-09,PROD-A
5397,Control,2024-01-03,CONTROL
5398,Treatment,2024-05-10,PROD-A
5399,Control,2024-04-28,CONTROL
5400,Treatment,2024-02-17,PROD-A
5401,Treatment,2024-03-10,PROD-A
5402,Control,2024-05-31,CONTROL
5403,Control,2024-01-15,CONTROL
5404,Control,2024-04-03,CONTROL
5405,Control,2024-02-08,CONTROL
5406,Treatment,2024-05-19,PROD-A
5407,Treatment,2024-05-10,PROD-A
5408,Treatment,2024-05-17,PROD-A
5409,Treatment,2024-01-13,PROD-A
5410,Control,2024-03-25,CONTROL
5411,Control,2024-05-31,CONTROL
5412,Treatment,2024-06-22,PROD-A
5413,Treatment,2024-05-23,PROD-A
5414,Treatment,2024-02-17,PROD-A
5415,Control,2024-05-18,CONTROL
5416,Control,2024-01-05,CONTROL
5417,Control,2024-06-05,CONTROL
5418,Control,2024-01-01,CONTROL
5419,Treatment,2024-05-04,PROD-A
5420,Treatment,2024-06-18,PROD-A
5421,Control,2024-06-21,CONTROL
5422,Control,2024-06-15,CONTROL
5423,Control,2024-02-20,CONTROL
5424,Control,2024-03-13,CONTROL
5425,Treatment,2024-02-02,PROD-A
5426,Control,2024-03-03,CONTROL
5427,Control,2024-03-29,CONTROL
5428,Control,2024-05-06,CONTROL
5429,Control,2024-06-16,CONTROL
5430,Control,2024-03-11,CONTROL
5431,Control,2024-04-15,CONTROL
5432,Control,2024-05-01,CONTROL
5433,Control,2024-06-19,CONTROL
5434,Control,2024-02-08,CONTROL
5435,Treatment,2024-03-08,PROD-A
5436,Control,2024-03-28,CONTROL
5437,Treatment,2024-05-25,PROD-A
5438,Treatment,2024-05-08,PROD-A
5439,Treatment,2024-02-01,PROD-A
5440,Control,2024-05-22,CONTROL
5441,Treatment,2024-03-13,PROD-A
5442,Treatment,2024-01-04,PROD-A
5443,Treatment,2024-01-24,PROD-A
5444,Control,2024-06-11,CONTROL
5445,Control,2024-06-12,CONTROL
5446,Treatment,2024-04-14,PROD-A
5447,Treatment,2024-05-09,PROD-A
5448,Treatment,2024-06-06,PROD-A
5449,Control,2024-01-03,CONTROL
5450,Control,2024-05-12,CONTROL
5451,Treatment,2024-06-23,PROD-A
5452,Control,2024-05-01,CONTROL
5453,Treatment,2024-04-21,PROD-A
5454,Treatment,2024-06-08,PROD-A
5455,Treatment,2024-06-22,PROD-A
5456,Treatment,2024-05-07,PROD-A
5457,Control,2024-02-29,CONTROL
5458,Treatment,2024-03-07,PROD-A
5459,Control,2024-03-20,CONTROL
5460,Treatment,2024-06-21,PROD-A
5461,Control,2024-02-18,CONTROL
5462,Control,2024-02-06,CONTROL
5463,Treatment,2024-01-11,PROD-A
5464,Treatment,2024-05-08,PROD-A
5465,Control,2024-02-27,CONTROL
5466,Control,2024-02-04,CONTROL
5467,Treatment,2024-03-17,PROD-A
5468,Treatment,2024-01-27,PROD-A
5469,Treatment,2024-01-11,PROD-A
5470,Treatment,2024-04-19,PROD-A
5471,Control,2024-01-16,CONTROL
5472,Treatment,2024-01-05,PROD-A
5473,Control,2024-02-12,CONTROL
5474,Treatment,2024-04-18,PROD-A
5475,Treatment,2024-04-30,PROD-A
5476,Control,2024-03-27,CONTROL
5477,Control,2024-01-02,CONTROL
5478,Control,2024-05-10,CONTROL
5479,Treatment,2024-01-15,PROD-A
5480,Control,2024-02-29,CONTROL
5481,Treatment,2024-02-08,PROD-A
5482,Treatment,2024-06-15,PROD-A
5483,Treatment,2024-04-28,PROD-A
5484,Treatment,2024-03-04,PROD-A
5485,Control,2024-05-25,CONTROL
5486,Treatment,2024-01-03,PROD-A
5487,Treatment,2024-06-08,PROD-A
5488,Treatment,2024-01-08,PROD-A
5489,Control,2024-05-09,CONTROL
5490,Treatment,2024-06-19,PROD-A
5491,Control,2024-05-07,CONTROL
5492,Control,2024-04-16,CONTROL
5493,Treatment,2024-05-08,PROD-A
5494,Control,2024-02-14,CONTROL
5495,Control,2024-01-27,CONTROL
5496,Control,2024-01-07,CONTROL
5497,Treatment,2024-06-04,PROD-A
5498,Treatment,2024-04-12,PROD-A
5499,Control,2024-04-09,CONTROL
5500,Control,2024-04-01,CONTROL
5501,Treatment,2024-06-16,PROD-A
5502,Treatment,2024-03-22,PROD-A
5503,Treatment,2024-05-19,PROD-A
5504,Control,2024-01-15,CONTROL
5505,Treatment,2024-05-24,PROD-A
5506,Treatment,2024-01-12,PROD-A
5507,Control,2024-02-28,CONTROL
5508,Control,2024-02-16,CONTROL
5509,Control,2024-03-17,CONTROL
5510,Treatment,2024-01-09,PROD-A
5511,Control,2024-01-10,CONTROL
5512,Control,2024-01-06,CONTROL
5513,Control,2024-04-18,CONTROL
5514,Control,2024-06-28,CONTROL
5515,Control,2024-04-03,CONTROL
5516,Control,2024-01-13,CONTROL
5517,Control,2024-04-11,CONTROL
5518,Control,2024-01-19,CONTROL
5519,Treatment,2024-06-19,PROD-A
5520,Treatment,2024-02-26,PROD-A
5521,Treatment,2024-02-28,PROD-A
5522,Control,2024-03-08,CONTROL
5523,Treatment,2024-03-16,PROD-A
5524,Treatment,2024-04-21,PROD-A
5525,Treatment,2024-02-02,PROD-A
5526,Treatment,2024-04-08,PROD-A
5527,Control,2024-02-13,CONTROL
5528,Treatment,2024-02-02,PROD-A
5529,Treatment,2024-06-01,PROD-A
5530,Treatment,2024-05-26,PROD-A
5531,Control,2024-03-15,CONTROL
5532,Control,2024-01-29,CONTROL
5533,Control,2024-02-09,CONTROL
5534,Control,2024-06-25,CONTROL
5535,Treatment,2024-06-23,PROD-A
5536,Control,2024-06-21,CONTROL
5537,Control,2024-05-19,CONTROL
5538,Treatment,2024-03-14,PROD-A
5539,Control,2024-01-21,CONTROL
5540,Control,2024-04-19,CONTROL
5541,Control,2024-01-20,CONTROL
5542,Treatment,2024-06-09,PROD-A
5543,Control,2024-04-09,CONTROL
5544,Treatment,2024-05-23,PROD-A
5545,Treatment,2024-06-09,PROD-A
5546,Treatment,2024-04-15,PROD-A
5547,Treatment,2024-05-22,PROD-A
5548,Control,2024-03-19,CONTROL
5549,Treatment,2024-06-19,PROD-A
5550,Control,2024-04-07,CONTROL
5551,Treatment,2024-03-15,PROD-A
5552,Control,2024-02-10,CONTROL
5553,Control,2024-04-14,CONTROL
5554,Treatment,2024-06-24,PROD-A
5555,Control,2024-03-31,CONTROL
5556,Treatment,2024-05-20,PROD-A
5557,Treatment,2024-06-26,PROD-A
5558,Treatment,2024-01-28,PROD-A
5559,Treatment,2024-03-22,PROD-A
5560,Control,2024-04-26,CONTROL
5561,Control,2024-04-30,CONTROL
5562,Control,2024-01-11,CONTROL
5563,Control,2024-06-03,CONTROL
5564,Treatment,2024-04-18,PROD-A
5565,Treatment,2024-04-21,PROD-A
5566,Control,2024-06-12,CONTROL
5567,Control,2024-01-29,CONTROL
5568,Control,2024-04-10,CONTROL
5569,Treatment,2024-05-27,PROD-A
5570,Treatment,2024-06-01,PROD-A
5571,Treatment,2024-03-12,PROD-A
5572,Treatment,2024-02-28,PROD-A
5573,Control,2024-06-28,CONTROL
5574,Treatment,2024-06-04,PROD-A
5575,Control,2024-01-13,CONTROL
5576,Treatment,2024-05-19,PROD-A
5577,Control,2024-02-16,CONTROL
5578,Treatment,2024-06-18,PROD-A
5579,Treatment,2024-06-14,PROD-A
5580,Treatment,2024-02-09,PROD-A
5581,Treatment,2024-05-14,PROD-A
5582,Treatment,2024-04-13,PROD-A
5583,Treatment,2024-01-27,PROD-A
5584,Control,2024-03-23,CONTROL
5585,Treatment,2024-06-03,PROD-A
5586,Treatment,2024-04-05,PROD-A
5587,Control,2024-03-02,CONTROL
5588,Control,2024-03-26,CONTROL
5589,Treatment,2024-05-24,PROD-A
5590,Treatment,2024-02-09,PROD-A
5591,Treatment,2024-04-20,PROD-A
5592,Treatment,2024-03-29,PROD-A
5593,Treatment,2024-01-15,PROD-A
5594,Treatment,2024-06-04,PROD-A
5595,Treatment,2024-02-15,PROD-A
5596,Control,2024-05-11,CONTROL
5597,Treatment,2024-01-10,PROD-A
5598,Treatment,2024-04-08,PROD-A
5599,Control,2024-04-20,CONTROL
5600,Control,2024-03-06,CONTROL
5601,Treatment,2024-06-07,PROD-A
5602,Treatment,2024-04-17,PROD-A
5603,Control,2024-04-06,CONTROL
5604,Control,2024-04-04,CONTROL
5605,Treatment,2024-04-14,PROD-A
5606,Control,2024-02-13,CONTROL
5607,Treatment,2024-04-11,PROD-A
5608,Control,2024-04-02,CONTROL
5609,Control,2024-05-05,CONTROL
5610,Control,2024-03-11,CONTROL
5611,Control,2024-03-08,CONTROL
5612,Control,2024-04-08,CONTROL
5613,Treatment,2024-03-07,PROD-A
5614,Control,2024-02-28,CONTROL
5615,Treatment,2024-02-26,PROD-A
5616,Treatment,2024-06-05,PROD-A
5617,Treatment,2024-04-15,PROD-A
5618,Treatment,2024-06-26,PROD-A
5619,Treatment,2024-01-09,PROD-A
5620,Treatment,2024-01-29,PROD-A
5621,Treatment,2024-04-14,PROD-A
5622,Treatment,2024-02-27,PROD-A
5623,Treatment,2024-03-04,PROD-A
5624,Treatment,2024-05-19,PROD-A
5625,Control,2024-02-06,CONTROL
5626,Treatment,2024-06-05,PROD-A
5627,Control,2024-03-17,CONTROL
5628,Control,2024-04-06,CONTROL
5629,Control,2024-05-08,CONTROL
5630,Control,2024-02-14,CONTROL
5631,Treatment,2024-04-20,PROD-A
5632,Treatment,2024-01-17,PROD-A
5633,Treatment,2024-06-24,PROD-A
5634,Treatment,2024-05-07,PROD-A
5635,Control,2024-04-01,CONTROL
5636,Control,2024-02-25,CONTROL
5637,Control,2024-05-08,CONTROL
5638,Treatment,2024-06-08,PROD-A
5639,Control,2024-02-21,CONTROL
5640,Treatment,2024-02-20,PROD-A
5641,Control,2024-02-17,CONTROL
5642,Control,2024-06-23,CONTROL
5643,Control,2024-06-12,CONTROL
5644,Control,2024-05-18,CONTROL
5645,Treatment,2024-06-09,PROD-A
5646,Control,2024-06-15,CONTROL
5647,Treatment,2024-04-13,PROD-A
5648,Control,2024-06-15,CONTROL
5649,Treatment,2024-02-11,PROD-A
5650,Control,2024-02-11,CONTROL
5651,Control,2024-04-09,CONTROL
5652,Control,2024-05-13,CONTROL
5653,Treatment,2024-05-27,PROD-A
5654,Treatment,2024-02-07,PROD-A
5655,Treatment,2024-05-19,PROD-A
5656,Treatment,2024-04-18,PROD-A
5657,Control,2024-06-14,CONTROL
5658,Control,2024-04-22,CONTROL
5659,Treatment,2024-02-22,PROD-A
5660,Treatment,2024-03-22,PROD-A
5661,Treatment,2024-04-29,PROD-A
5662,Control,2024-05-28,CONTROL
5663,Control,2024-01-21,CONTROL
5664,Control,2024-04-27,CONTROL
5665,Treatment,2024-05-18,PROD-A
5666,Control,2024-01-09,CONTROL
5667,Control,2024-05-26,CONTROL
5668,Control,2024-02-13,CONTROL
5669,Control,2024-02-07,CONTROL
5670,Control,2024-02-03,CONTROL
5671,Treatment,2024-02-03,PROD-A
5672,Treatment,2024-05-08,PROD-A
5673,Treatment,2024-06-18,PROD-A
5674,Control,2024-01-28,CONTROL
5675,Control,2024-01-14,CONTROL
5676,Control,2024-05-11,CONTROL
5677,Control,2024-01-02,CONTROL
5678,Treatment,2024-03-14,PROD-A
5679,Control,2024-03-09,CONTROL
5680,Control,2024-04-04,CONTROL
5681,Control,2024-01-05,CONTROL
5682,Control,2024-05-25,CONTROL
5683,Treatment,2024-05-13,PROD-A
5684,Control,2024-06-06,CONTROL
5685,Treatment,2024-05-27,PROD-A
5686,Treatment,2024-02-09,PROD-A
5687,Control,2024-02-11,CONTROL
5688,Control,2024-05-26,CONTROL
5689,Treatment,2024-02-26,PROD-A
5690,Control,2024-05-01,CONTROL
5691,Control,2024-01-31,CONTROL
5692,Treatment,2024-04-21,PROD-A
5693,Treatment,2024-04-23,PROD-A
5694,Control,2024-03-07,CONTROL
5695,Treatment,2024-02-01,PROD-A
5696,Treatment,2024-02-24,PROD-A
5697,Treatment,2024-03-13,PROD-A
5698,Control,2024-03-14,CONTROL
5699,Control,2024-06-13,CONTROL
5700,Control,2024-01-03,CONTROL
5701,Control,2024-01-29,CONTROL
5702,Treatment,2024-01-14,PROD-A
5703,Control,2024-06-07,CONTROL
5704,Control,2024-05-24,CONTROL
5705,Control,2024-03-05,CONTROL
5706,Treatment,2024-06-20,PROD-A
5707,Control,2024-04-16,CONTROL
5708,Control,2024-03-12,CONTROL
5709,Control,2024-03-09,CONTROL
5710,Control,2024-04-14,CONTROL
5711,Treatment,2024-05-05,PROD-A
5712,Control,2024-06-23,CONTROL
5713,Control,2024-05-24,CONTROL
5714,Control,2024-04-08,CONTROL
5715,Treatment,2024-06-28,PROD-A
5716,Treatment,2024-01-29,PROD-A
5717,Treatment,2024-06-07,PROD-A
5718,Control,2024-05-21,CONTROL
5719,Treatment,2024-06-14,PROD-A
5720,Control,2024-02-04,CONTROL
5721,Control,2024-06-23,CONTROL
5722,Treatment,2024-03-30,PROD-A
5723,Treatment,2024-06-15,PROD-A
5724,Control,2024-04-17,CONTROL
5725,Treatment,2024-01-21,PROD-A
5726,Control,2024-03-17,CONTROL
5727,Treatment,2024-03-21,PROD-A
5728,Treatment,2024-05-03,PROD-A
5729,Control,2024-05-12,CONTROL
5730,Control,2024-03-31,CONTROL
5731,Control,2024-03-20,CONTROL
5732,Treatment,2024-02-28,PROD-A
5733,Treatment,2024-05-17,PROD-A
5734,Treatment,2024-01-16,PROD-A
5735,Control,2024-03-16,CONTROL
5736,Treatment,2024-05-17,PROD-A
5737,Control,2024-01-02,CONTROL
5738,Control,2024-02-29,CONTROL
5739,Control,2024-02-14,CONTROL
5740,Treatment,2024-05-31,PROD-A
5741,Control,2024-05-04,CONTROL
5742,Treatment,2024-06-07,PROD-A
5743,Treatment,2024-05-06,PROD-A
5744,Treatment,2024-02-07,PROD-A
5745,Treatment,2024-06-04,PROD-A
5746,Control,2024-05-04,CONTROL
5747,Treatment,2024-06-27,PROD-A
5748,Treatment,2024-06-10,PROD-A
5749,Control,2024-01-11,CONTROL
5750,Control,2024-06-28,CONTROL
5751,Treatment,2024-05-14,PROD-A
5752,Treatment,2024-06-09,PROD-A
5753,Control,2024-06-10,CONTROL
5754,Control,2024-03-08,CONTROL
5755,Control,2024-02-27,CONTROL
5756,Control,2024-02-09,CONTROL
5757,Treatment,2024-05-08,PROD-A
5758,Treatment,2024-03-24,PROD-A
5759,Treatment,2024-02-13,PROD-A
5760,Treatment,2024-06-09,PROD-A
5761,Control,2024-03-05,CONTROL
5762,Control,2024-05-17,CONTROL
5763,Control,2024-02-12,CONTROL
5764,Control,2024-05-24,CONTROL
5765,Control,2024-01-10,CONTROL
5766,Control,2024-06-16,CONTROL
5767,Control,2024-01-19,CONTROL
5768,Control,2024-04-20,CONTROL
5769,Treatment,2024-04-03,PROD-A
5770,Control,2024-05-10,CONTROL
5771,Treatment,2024-02-25,PROD-A
5772,Control,2024-03-28,CONTROL
5773,Treatment,2024-05-27,PROD-A
5774,Control,2024-01-16,CONTROL
5775,Control,2024-05-29,CONTROL
5776,Treatment,2024-02-20,PROD-A
5777,Control,2024-03-29,CONTROL
5778,Treatment,2024-05-05,PROD-A
5779,Treatment,2024-01-31,PROD-A
5780,Treatment,2024-01-05,PROD-A
5781,Control,2024-05-29,CONTROL
5782,Treatment,2024-03-20,PROD-A
5783,Treatment,2024-05-12,PROD-A
5784,Treatment,2024-03-07,PROD-A
5785,Treatment,2024-03-03,PROD-A
5786,Treatment,2024-01-28,PROD-A
5787,Control,2024-02-01,CONTROL
5788,Control,2024-04-05,CONTROL
5789,Control,2024-01-14,CONTROL
5790,Treatment,2024-04-25,PROD-A
5791,Control,2024-01-11,CONTROL
5792,Control,2024-03-31,CONTROL
5793,Control,2024-05-11,CONTROL
5794,Treatment,2024-02-10,PROD-A
5795,Control,2024-02-06,CONTROL
5796,Treatment,2024-04-30,PROD-A
5797,Control,2024-04-09,CONTROL
5798,Control,2024-06-18,CONTROL
5799,Control,2024-02-19,CONTROL
5800,Treatment,2024-03-16,PROD-A
5801,Treatment,2024-02-03,PROD-A
5802,Control,2024-03-06,CONTROL
5803,Treatment,2024-05-17,PROD-A
5804,Treatment,2024-01-01,PROD-A
5805,Treatment,2024-02-04,PROD-A
5806,Control,2024-02-14,CONTROL
5807,Control,2024-06-28,CONTROL
5808,Control,2024-04-04,CONTROL
5809,Treatment,2024-03-23,PROD-A
5810,Treatment,2024-02-02,PROD-A
5811,Control,2024-04-06,CONTROL
5812,Control,2024-04-18,CONTROL
5813,Control,2024-03-14,CONTROL
5814,Treatment,2024-01-12,PROD-A
5815,Control,2024-01-17,CONTROL
5816,Treatment,2024-03-19,PROD-A
5817,Treatment,2024-02-26,PROD-A
5818,Treatment,2024-06-20,PROD-A
5819,Treatment,2024-04-18,PROD-A
5820,Treatment,2024-06-26,PROD-A
5821,Control,2024-06-13,CONTROL
5822,Control,2024-03-17,CONTROL
5823,Control,2024-04-18,CONTROL
5824,Treatment,2024-02-11,PROD-A
5825,Treatment,2024-04-03,PROD-A
5826,Treatment,2024-01-21,PROD-A
5827,Control,2024-06-13,CONTROL
5828,Treatment,2024-01-05,PROD-A
5829,Treatment,2024-03-25,PROD-A
5830,Treatment,2024-03-27,PROD-A
5831,Control,2024-06-21,CONTROL
5832,Treatment,2024-05-24,PROD-A
5833,Control,2024-02-07,CONTROL
5834,Treatment,2024-01-03,PROD-A
5835,Control,2024-05-17,CONTROL
5836,Control,2024-01-28,CONTROL
5837,Control,2024-02-10,CONTROL
5838,Control,2024-06-12,CONTROL
5839,Treatment,2024-03-24,PROD-A
5840,Control,2024-06-18,CONTROL
5841,Treatment,2024-03-23,PROD-A
5842,Control,2024-06-21,CONTROL
5843,Treatment,2024-06-25,PROD-A
5844,Treatment,2024-04-29,PROD-A
5845,Control,2024-04-06,CONTROL
5846,Treatment,2024-06-05,PROD-A
5847,Control,2024-06-27,CONTROL
5848,Control,2024-04-28,CONTROL
5849,Treatment,2024-01-10,PROD-A
5850,Control,2024-03-01,CONTROL
5851,Treatment,2024-03-02,PROD-A
5852,Treatment,2024-05-17,PROD-A
5853,Treatment,2024-04-21,PROD-A
5854,Control,2024-04-01,CONTROL
5855,Treatment,2024-03-13,PROD-A
5856,Treatment,2024-04-04,PROD-A
5857,Treatment,2024-06-17,PROD-A
5858,Control,2024-01-03,CONTROL
5859,Treatment,2024-03-20,PROD-A
5860,Control,2024-03-31,CONTROL
5861,Treatment,2024-04-08,PROD-A
5862,Treatment,2024-06-01,PROD-A
5863,Control,2024-01-25,CONTROL
5864,Treatment,2024-05-09,PROD-A
5865,Treatment,2024-04-03,PROD-A
5866,Treatment,2024-01-15,PROD-A
5867,Treatment,2024-01-20,PROD-A
5868,Treatment,2024-02-08,PROD-A
5869,Control,2024-01-10,CONTROL
5870,Treatment,2024-03-26,PROD-A
5871,Control,2024-03-20,CONTROL
5872,Treatment,2024-05-18,PROD-A
5873,Control,2024-01-28,CONTROL
5874,Control,2024-05-15,CONTROL
5875,Treatment,2024-03-27,PROD-A
5876,Treatment,2024-06-01,PROD-A
5877,Control,2024-04-03,CONTROL
5878,Treatment,2024-05-08,PROD-A
5879,Treatment,2024-02-02,PROD-A
5880,Control,2024-03-19,CONTROL
5881,Control,2024-05-10,CONTROL
5882,Control,2024-06-08,CONTROL
5883,Control,2024-04-12,CONTROL
5884,Control,2024-02-04,CONTROL
5885,Treatment,2024-03-06,PROD-A
5886,Treatment,2024-06-16,PROD-A
5887,Control,2024-02-11,CONTROL
5888,Control,2024-06-20,CONTROL
5889,Control,2024-01-13,CONTROL
5890,Treatment,2024-05-07,PROD-A
5891,Treatment,2024-03-09,PROD-A
5892,Treatment,2024-06-05,PROD-A
5893,Treatment,2024-02-16,PROD-A
5894,Control,2024-01-31,CONTROL
5895,Treatment,2024-04-13,PROD-A
5896,Treatment,2024-05-03,PROD-A
5897,Treatment,2024-01-05,PROD-A
5898,Treatment,2024-03-03,PROD-A
5899,Treatment,2024-06-02,PROD-A
5900,Control,2024-06-26,CONTROL
5901,Treatment,2024-01-19,PROD-A
5902,Control,2024-01-31,CONTROL
5903,Treatment,2024-02-24,PROD-A
5904,Treatment,2024-02-25,PROD-A
5905,Control,2024-02-08,CONTROL
5906,Control,2024-05-29,CONTROL
5907,Control,2024-06-04,CONTROL
5908,Control,2024-04-10,CONTROL
5909,Control,2024-03-30,CONTROL
5910,Control,2024-06-14,CONTROL
5911,Treatment,2024-01-18,PROD-A
5912,Treatment,2024-06-18,PROD-A
5913,Treatment,2024-03-12,PROD-A
5914,Treatment,2024-06-03,PROD-A
5915,Treatment,2024-05-17,PROD-A
5916,Treatment,2024-05-18,PROD-A
5917,Control,2024-04-28,CONTROL
5918,Control,2024-03-05,CONTROL
5919,Control,2024-02-14,CONTROL
5920,Control,2024-05-29,CONTROL
5921,Control,2024-05-01,CONTROL
5922,Treatment,2024-03-09,PROD-A
5923,Control,2024-02-22,CONTROL
5924,Treatment,2024-05-07,PROD-A
5925,Control,2024-06-18,CONTROL
5926,Control,2024-02-16,CONTROL
5927,Treatment,2024-01-13,PROD-A
5928,Treatment,2024-05-31,PROD-A
5929,Treatment,2024-03-18,PROD-A
5930,Treatment,2024-02-16,PROD-A
5931,Control,2024-01-30,CONTROL
5932,Treatment,2024-04-09,PROD-A
5933,Control,2024-02-03,CONTROL
5934,Treatment,2024-04-19,PROD-A
5935,Control,2024-05-12,CONTROL
5936,Control,2024-05-17,CONTROL
5937,Control,2024-04-28,CONTROL
5938,Control,2024-04-06,CONTROL
5939,Treatment,2024-01-02,PROD-A
5940,Control,2024-06-21,CONTROL
5941,Control,2024-04-08,CONTROL
5942,Control,2024-01-15,CONTROL
5943,Treatment,2024-06-23,PROD-A
5944,Control,2024-03-27,CONTROL
5945,Treatment,2024-03-25,PROD-A
5946,Treatment,2024-01-03,PROD-A
5947,Control,2024-04-08,CONTROL
5948,Treatment,2024-03-01,PROD-A
5949,Control,2024-06-02,CONTROL
5950,Control,2024-03-29,CONTROL
5951,Control,2024-02-16,CONTROL
5952,Control,2024-02-27,CONTROL
5953,Treatment,2024-06-28,PROD-A
5954,Treatment,2024-02-06,PROD-A
5955,Control,2024-02-16,CONTROL
5956,Control,2024-01-16,CONTROL
5957,Treatment,2024-01-07,PROD-A
5958,Control,2024-02-25,CONTROL
5959,Control,2024-06-17,CONTROL
5960,Control,2024-06-26,CONTROL
5961,Treatment,2024-02-01,PROD-A
5962,Treatment,2024-02-19,PROD-A
5963,Control,2024-05-23,CONTROL
5964,Treatment,2024-02-12,PROD-A
5965,Treatment,2024-02-29,PROD-A
5966,Treatment,2024-05-20,PROD-A
5967,Control,2024-06-12,CONTROL
5968,Treatment,2024-03-03,PROD-A
5969,Treatment,2024-05-11,PROD-A
5970,Treatment,2024-03-18,PROD-A
5971,Treatment,2024-06-01,PROD-A
5972,Treatment,2024-03-18,PROD-A
5973,Control,2024-04-04,CONTROL
5974,Control,2024-05-26,CONTROL
5975,Control,2024-05-11,CONTROL
5976,Treatment,2024-04-17,PROD-A
5977,Control,2024-04-25,CONTROL
5978,Treatment,2024-04-28,PROD-A
5979,Control,2024-01-20,CONTROL
5980,Treatment,2024-01-19,PROD-A
5981,Control,2024-04-29,CONTROL
5982,Treatment,2024-01-19,PROD-A
5983,Control,2024-01-05,CONTROL
5984,Control,2024-04-10,CONTROL
5985,Treatment,2024-03-22,PROD-A
5986,Treatment,2024-04-07,PROD-A
5987,Control,2024-05-13,CONTROL
5988,Control,2024-01-18,CONTROL
5989,Control,2024-05-21,CONTROL
5990,Treatment,2024-05-28,PROD-A
5991,Control,2024-06-24,CONTROL
5992,Treatment,2024-06-11,PROD-A
5993,Treatment,2024-03-05,PROD-A
5994,Treatment,2024-05-24,PROD-A
5995,Control,2024-03-09,CONTROL
5996,Control,2024-04-30,CONTROL
5997,Control,2024-01-25,CONTROL
5998,Treatment,2024-06-15,PROD-A
5999,Treatment,2024-06-05,PROD-A
6000,Treatment,2024-03-31,PROD-A
6001,Control,2024-03-31,CONTROL
6002,Control,2024-06-20,CONTROL
6003,Control,2024-06-04,CONTROL
6004,Treatment,2024-03-23,PROD-A
6005,Control,2024-01-07,CONTROL
6006,Control,2024-01-07,CONTROL
6007,Treatment,2024-06-08,PROD-A
6008,Treatment,2024-03-22,PROD-A
6009,Treatment,2024-06-28,PROD-A
6010,Treatment,2024-06-28,PROD-A
6011,Treatment,2024-05-27,PROD-A
6012,Treatment,2024-05-25,PROD-A
6013,Treatment,2024-03-07,PROD-A
6014,Control,2024-04-02,CONTROL
6015,Treatment,2024-01-08,PROD-A
6016,Control,2024-06-21,CONTROL
6017,Treatment,2024-01-22,PROD-A
6018,Control,2024-03-19,CONTROL
6019,Control,2024-06-27,CONTROL
6020,Treatment,2024-05-21,PROD-A
6021,Control,2024-06-14,CONTROL
6022,Treatment,2024-02-19,PROD-A
6023,Treatment,2024-03-12,PROD-A
6024,Control,2024-06-22,CONTROL
6025,Control,2024-02-23,CONTROL
6026,Control,2024-04-10,CONTROL
6027,Treatment,2024-01-10,PROD-A
6028,Control,2024-05-09,CONTROL
6029,Control,2024-03-04,CONTROL
6030,Treatment,2024-04-03,PROD-A
6031,Treatment,2024-06-01,PROD-A
6032,Control,2024-04-13,CONTROL
6033,Treatment,2024-03-27,PROD-A
6034,Treatment,2024-05-12,PROD-A
6035,Control,2024-03-02,CONTROL
6036,Treatment,2024-02-08,PROD-A
6037,Control,2024-03-04,CONTROL
6038,Control,2024-04-26,CONTROL
6039,Control,2024-05-16,CONTROL
6040,Treatment,2024-04-02,PROD-A
6041,Treatment,2024-01-09,PROD-A
6042,Treatment,2024-02-01,PROD-A
6043,Control,2024-01-12,CONTROL
6044,Control,2024-05-07,CONTROL
6045,Treatment,2024-02-27,PROD-A
6046,Treatment,2024-06-15,PROD-A
6047,Treatment,2024-06-14,PROD-A
6048,Treatment,2024-01-31,PROD-A
6049,Control,2024-04-26,CONTROL
6050,Control,2024-04-05,CONTROL
6051,Treatment,2024-06-23,PROD-A
6052,Treatment,2024-02-16,PROD-A
6053,Treatment,2024-04-14,PROD-A
6054,Control,2024-03-23,CONTROL
6055,Control,2024-04-09,CONTROL
6056,Treatment,2024-06-18,PROD-A
6057,Control,2024-03-08,CONTROL
6058,Control,2024-06-23,CONTROL
6059,Control,2024-03-14,CONTROL
6060,Control,2024-01-24,CONTROL
6061,Treatment,2024-04-12,PROD-A
6062,Control,2024-02-15,CONTROL
6063,Control,2024-01-26,CONTROL
6064,Treatment,2024-04-21,PROD-A
6065,Treatment,2024-06-18,PROD-A
6066,Control,2024-02-14,CONTROL
6067,Treatment,2024-02-11,PROD-A
6068,Treatment,2024-06-25,PROD-A
6069,Control,2024-05-07,CONTROL
6070,Control,2024-01-03,CONTROL
6071,Treatment,2024-02-04,PROD-A
6072,Treatment,2024-03-04,PROD-A
6073,Control,2024-03-19,CONTROL
6074,Control,2024-04-15,CONTROL
6075,Treatment,2024-02-19,PROD-A
6076,Control,2024-04-09,CONTROL
6077,Treatment,2024-06-08,PROD-A
6078,Control,2024-01-09,CONTROL
6079,Control,2024-02-08,CONTROL
6080,Control,2024-01-04,CONTROL
6081,Control,2024-02-27,CONTROL
6082,Control,2024-01-24,CONTROL
6083,Control,2024-02-01,CONTROL
6084,Treatment,2024-02-08,PROD-A
6085,Control,2024-03-21,CONTROL
6086,Control,2024-01-12,CONTROL
6087,Treatment,2024-05-24,PROD-A
6088,Control,2024-06-02,CONTROL
6089,Control,2024-06-19,CONTROL
6090,Control,2024-03-10,CONTROL
6091,Treatment,2024-05-07,PROD-A
6092,Control,2024-04-09,CONTROL
6093,Control,2024-05-11,CONTROL
6094,Treatment,2024-05-23,PROD-A
6095,Control,2024-05-25,CONTROL
6096,Control,2024-04-13,CONTROL
6097,Control,2024-06-19,CONTROL
6098,Treatment,2024-05-31,PROD-A
6099,Treatment,2024-01-28,PROD-A
6100,Control,2024-03-31,CONTROL
6101,Control,2024-03-29,CONTROL
6102,Control,2024-03-03,CONTROL
6103,Treatment,2024-04-28,PROD-A
6104,Treatment,2024-01-09,PROD-A
6105,Treatment,2024-01-17,PROD-A
6106,Control,2024-01-04,CONTROL
6107,Control,2024-03-03,CONTROL
6108,Control,2024-02-06,CONTROL
6109,Treatment,2024-06-07,PROD-A
6110,Treatment,2024-05-16,PROD-A
6111,Treatment,2024-02-25,PROD-A
6112,Control,2024-03-11,CONTROL
6113,Control,2024-03-06,CONTROL
6114,Treatment,2024-02-16,PROD-A
6115,Control,2024-05-13,CONTROL
6116,Control,2024-03-13,CONTROL
6117,Control,2024-03-17,CONTROL
6118,Control,2024-06-16,CONTROL
6119,Treatment,2024-04-01,PROD-A
6120,Treatment,2024-06-02,PROD-A
6121,Treatment,2024-03-28,PROD-A
6122,Control,2024-04-28,CONTROL
6123,Control,2024-02-04,CONTROL
6124,Treatment,2024-04-27,PROD-A
6125,Treatment,2024-02-29,PROD-A
6126,Control,2024-01-04,CONTROL
6127,Treatment,2024-04-12,PROD-A
6128,Control,2024-01-27,CONTROL
6129,Control,2024-01-18,CONTROL
6130,Control,2024-02-11,CONTROL
6131,Treatment,2024-02-22,PROD-A
6132,Treatment,2024-06-02,PROD-A
6133,Treatment,2024-04-12,PROD-A
6134,Control,2024-01-21,CONTROL
6135,Control,2024-02-23,CONTROL
6136,Treatment,2024-02-01,PROD-A
6137,Treatment,2024-04-06,PROD-A
6138,Control,2024-03-10,CONTROL
6139,Treatment,2024-01-07,PROD-A
6140,Treatment,2024-06-06,PROD-A
6141,Control,2024-03-28,CONTROL
6142,Treatment,2024-04-17,PROD-A
6143,Treatment,2024-02-16,PROD-A
6144,Treatment,2024-03-05,PROD-A
6145,Control,2024-06-18,CONTROL
6146,Control,2024-04-15,CONTROL
6147,Control,2024-01-31,CONTROL
6148,Treatment,2024-01-20,PROD-A
6149,Control,2024-02-17,CONTROL
6150,Control,2024-01-29,CONTROL
6151,Treatment,2024-05-17,PROD-A
6152,Control,2024-03-01,CONTROL
6153,Control,2024-01-13,CONTROL
6154,Control,2024-06-03,CONTROL
6155,Treatment,2024-01-08,PROD-A
6156,Treatment,2024-03-22,PROD-A
6157,Treatment,2024-01-12,PROD-A
6158,Control,2024-06-24,CONTROL
6159,Treatment,2024-04-19,PROD-A
6160,Treatment,2024-03-21,PROD-A
6161,Treatment,2024-01-03,PROD-A
6162,Control,2024-05-04,CONTROL
6163,Control,2024-03-23,CONTROL
6164,Treatment,2024-01-27,PROD-A
6165,Control,2024-04-15,CONTROL
6166,Treatment,2024-01-15,PROD-A
6167,Control,2024-02-10,CONTROL
6168,Treatment,2024-05-26,PROD-A
6169,Control,2024-05-03,CONTROL
6170,Treatment,2024-04-18,PROD-A
6171,Treatment,2024-03-25,PROD-A
6172,Control,2024-02-01,CONTROL
6173,Treatment,2024-05-31,PROD-A
6174,Treatment,2024-03-13,PROD-A
6175,Control,2024-03-25,CONTROL
6176,Control,2024-02-24,CONTROL
6177,Treatment,2024-02-09,PROD-A
6178,Treatment,2024-03-19,PROD-A
6179,Treatment,2024-06-07,PROD-A
6180,Control,2024-06-17,CONTROL
6181,Treatment,2024-03-05,PROD-A
6182,Treatment,2024-05-15,PROD-A
6183,Treatment,2024-04-18,PROD-A
6184,Treatment,2024-02-06,PROD-A
6185,Treatment,2024-05-24,PROD-A
6186,Treatment,2024-05-28,PROD-A
6187,Control,2024-02-09,CONTROL
6188,Treatment,2024-01-05,PROD-A
6189,Treatment,2024-04-18,PROD-A
6190,Control,2024-01-14,CONTROL
6191,Control,2024-04-27,CONTROL
6192,Treatment,2024-05-22,PROD-A
6193,Treatment,2024-01-27,PROD-A
6194,Treatment,2024-04-10,PROD-A
6195,Control,2024-02-01,CONTROL
6196,Treatment,2024-04-10,PROD-A
6197,Control,2024-05-17,CONTROL
6198,Control,2024-06-09,CONTROL
6199,Treatment,2024-05-18,PROD-A
6200,Control,2024-03-26,CONTROL
6201,Treatment,2024-05-31,PROD-A
6202,Control,2024-03-17,CONTROL
6203,Treatment,2024-06-23,PROD-A
6204,Treatment,2024-03-28,PROD-A
6205,Control,2024-02-23,CONTROL
6206,Treatment,2024-06-13,PROD-A
6207,Treatment,2024-05-30,PROD-A
6208,Treatment,2024-04-05,PROD-A
6209,Treatment,2024-06-27,PROD-A
6210,Treatment,2024-01-31,PROD-A
6211,Control,2024-02-14,CONTROL
6212,Control,2024-03-19,CONTROL
6213,Control,2024-02-13,CONTROL
6214,Control,2024-05-01,CONTROL
6215,Control,2024-05-28,CONTROL
6216,Control,2024-06-08,CONTROL
6217,Control,2024-03-26,CONTROL
6218,Control,2024-05-16,CONTROL
6219,Treatment,2024-06-17,PROD-A
6220,Control,2024-02-19,CONTROL
6221,Control,2024-02-09,CONTROL
6222,Control,2024-01-08,CONTROL
6223,Treatment,2024-04-13,PROD-A
6224,Control,2024-04-13,CONTROL
6225,Treatment,2024-02-05,PROD-A
6226,Treatment,2024-06-25,PROD-A
6227,Control,2024-01-13,CONTROL
6228,Treatment,2024-02-25,PROD-A
6229,Treatment,2024-04-08,PROD-A
6230,Treatment,2024-01-05,PROD-A
6231,Treatment,2024-05-04,PROD-A
6232,Treatment,2024-04-10,PROD-A
6233,Treatment,2024-06-13,PROD-A
6234,Treatment,2024-02-24,PROD-A
6235,Control,2024-05-12,CONTROL
6236,Treatment,2024-03-08,PROD-A
6237,Treatment,2024-01-20,PROD-A
6238,Control,2024-06-12,CONTROL
6239,Control,2024-05-25,CONTROL
6240,Treatment,2024-02-08,PROD-A
6241,Treatment,2024-05-01,PROD-A
6242,Treatment,2024-01-12,PROD-A
6243,Treatment,2024-02-04,PROD-A
6244,Treatment,2024-02-12,PROD-A
6245,Control,2024-06-01,CONTROL
6246,Control,2024-06-13,CONTROL
6247,Control,2024-05-31,CONTROL
6248,Treatment,2024-03-11,PROD-A
6249,Control,2024-05-20,CONTROL
6250,Treatment,2024-02-15,PROD-A
6251,Control,2024-06-12,CONTROL
6252,Treatment,2024-06-10,PROD-A
6253,Treatment,2024-01-16,PROD-A
6254,Treatment,2024-04-06,PROD-A
6255,Treatment,2024-06-21,PROD-A
6256,Control,2024-01-26,CONTROL
6257,Control,2024-02-09,CONTROL
6258,Treatment,2024-01-09,PROD-A
6259,Treatment,2024-02-08,PROD-A
6260,Control,2024-05-07,CONTROL
6261,Control,2024-01-07,CONTROL
6262,Control,2024-04-24,CONTROL
6263,Control,2024-01-16,CONTROL
6264,Treatment,2024-01-17,PROD-A
6265,Treatment,2024-02-01,PROD-A
6266,Treatment,2024-01-12,PROD-A
6267,Treatment,2024-01-23,PROD-A
6268,Control,2024-05-03,CONTROL
6269,Treatment,2024-01-16,PROD-A
6270,Control,2024-06-28,CONTROL
6271,Control,2024-02-12,CONTROL
6272,Control,2024-04-26,CONTROL
6273,Treatment,2024-05-16,PROD-A
6274,Control,2024-04-28,CONTROL
6275,Treatment,2024-05-18,PROD-A
6276,Treatment,2024-05-30,PROD-A
6277,Control,2024-06-26,CONTROL
6278,Treatment,2024-03-29,PROD-A
6279,Control,2024-03-18,CONTROL
6280,Treatment,2024-02-11,PROD-A
6281,Control,2024-01-23,CONTROL
6282,Control,2024-06-22,CONTROL
6283,Treatment,2024-02-06,PROD-A
6284,Treatment,2024-01-08,PROD-A
6285,Control,2024-05-04,CONTROL
6286,Treatment,2024-06-23,PROD-A
6287,Treatment,2024-06-06,PROD-A
6288,Control,2024-03-23,CONTROL
6289,Control,2024-01-11,CONTROL
6290,Control,2024-04-15,CONTROL
6291,Treatment,2024-04-15,PROD-A
6292,Treatment,2024-01-05,PROD-A
6293,Treatment,2024-05-27,PROD-A
6294,Control,2024-03-07,CONTROL
6295,Treatment,2024-06-03,PROD-A
6296,Control,2024-05-22,CONTROL
6297,Control,2024-01-02,CONTROL
6298,Control,2024-01-20,CONTROL
6299,Control,2024-05-25,CONTROL
6300,Control,2024-02-22,CONTROL
6301,Treatment,2024-02-09,PROD-A
6302,Treatment,2024-05-18,PROD-A
6303,Control,2024-04-27,CONTROL
6304,Control,2024-05-17,CONTROL
6305,Treatment,2024-01-25,PROD-A
6306,Control,2024-02-26,CONTROL
6307,Control,2024-03-02,CONTROL
6308,Treatment,2024-03-16,PROD-A
6309,Treatment,2024-06-04,PROD-A
6310,Control,2024-01-12,CONTROL
6311,Treatment,2024-06-15,PROD-A
6312,Treatment,2024-04-15,PROD-A
6313,Treatment,2024-02-08,PROD-A
6314,Control,2024-04-17,CONTROL
6315,Treatment,2024-01-28,PROD-A
6316,Treatment,2024-03-17,PROD-A
6317,Control,2024-02-09,CONTROL
6318,Treatment,2024-04-03,PROD-A
6319,Control,2024-02-07,CONTROL
6320,Treatment,2024-01-26,PROD-A
6321,Treatment,2024-04-13,PROD-A
6322,Control,2024-02-01,CONTROL
6323,Control,2024-01-08,CONTROL
6324,Control,2024-01-17,CONTROL
6325,Treatment,2024-03-07,PROD-A
6326,Control,2024-05-20,CONTROL
6327,Control,2024-05-20,CONTROL
6328,Control,2024-01-30,CONTROL
6329,Control,2024-02-18,CONTROL
6330,Control,2024-01-22,CONTROL
6331,Treatment,2024-03-21,PROD-A
6332,Control,2024-04-12,CONTROL
6333,Control,2024-05-13,CONTROL
6334,Treatment,2024-05-08,PROD-A
6335,Treatment,2024-04-14,PROD-A
6336,Treatment,2024-06-23,PROD-A
6337,Treatment,2024-02-12,PROD-A
6338,Control,2024-06-14,CONTROL
6339,Control,2024-03-05,CONTROL
6340,Treatment,2024-05-02,PROD-A
6341,Treatment,2024-03-20,PROD-A
6342,Treatment,2024-03-01,PROD-A
6343,Treatment,2024-01-19,PROD-A
6344,Control,2024-03-28,CONTROL
6345,Control,2024-04-29,CONTROL
6346,Control,2024-05-30,CONTROL
6347,Treatment,2024-02-08,PROD-A
6348,Control,2024-06-03,CONTROL
6349,Treatment,2024-03-12,PROD-A
6350,Treatment,2024-05-15,PROD-A
6351,Treatment,2024-02-24,PROD-A
6352,Treatment,2024-03-26,PROD-A
6353,Treatment,2024-03-18,PROD-A
6354,Control,2024-03-21,CONTROL
6355,Control,2024-02-15,CONTROL
6356,Treatment,2024-05-07,PROD-A
6357,Control,2024-06-02,CONTROL
6358,Control,2024-01-29,CONTROL
6359,Treatment,2024-06-01,PROD-A
6360,Treatment,2024-06-14,PROD-A
6361,Treatment,2024-06-19,PROD-A
6362,Treatment,2024-01-15,PROD-A
6363,Control,2024-02-25,CONTROL
6364,Treatment,2024-02-27,PROD-A
6365,Control,2024-03-16,CONTROL
6366,Treatment,2024-02-12,PROD-A
6367,Control,2024-06-03,CONTROL
6368,Treatment,2024-05-03,PROD-A
6369,Treatment,2024-01-23,PROD-A
6370,Treatment,2024-03-03,PROD-A
6371,Treatment,2024-03-24,PROD-A
6372,Treatment,2024-04-30,PROD-A
6373,Treatment,2024-05-28,PROD-A
6374,Treatment,2024-04-15,PROD-A
6375,Control,2024-02-02,CONTROL
6376,Treatment,2024-02-18,PROD-A
6377,Treatment,2024-04-15,PROD-A
6378,Control,2024-01-06,CONTROL
6379,Treatment,2024-04-09,PROD-A
6380,Treatment,2024-04-08,PROD-A
6381,Control,2024-05-25,CONTROL
6382,Control,2024-03-25,CONTROL
6383,Treatment,2024-05-05,PROD-A
6384,Control,2024-04-10,CONTROL
6385,Control,2024-04-23,CONTROL
6386,Control,2024-05-02,CONTROL
6387,Control,2024-02-06,CONTROL
6388,Control,2024-03-16,CONTROL
6389,Control,2024-06-10,CONTROL
6390,Treatment,2024-01-12,PROD-A
6391,Treatment,2024-04-11,PROD-A
6392,Control,2024-05-27,CONTROL
6393,Control,2024-02-15,CONTROL
6394,Treatment,2024-04-13,PROD-A
6395,Treatment,2024-02-10,PROD-A
6396,Control,2024-04-19,CONTROL
6397,Treatment,2024-06-02,PROD-A
6398,Treatment,2024-02-28,PROD-A
6399,Treatment,2024-06-21,PROD-A
6400,Control,2024-02-18,CONTROL
6401,Treatment,2024-01-14,PROD-A
6402,Control,2024-06-15,CONTROL
6403,Treatment,2024-04-08,PROD-A
6404,Treatment,2024-06-19,PROD-A
6405,Control,2024-01-01,CONTROL
6406,Treatment,2024-03-02,PROD-A
6407,Control,2024-01-13,CONTROL
6408,Control,2024-05-12,CONTROL
6409,Control,2024-01-06,CONTROL
6410,Treatment,2024-06-03,PROD-A
6411,Control,2024-03-03,CONTROL
6412,Control,2024-04-15,CONTROL
6413,Treatment,2024-05-31,PROD-A
6414,Control,2024-05-28,CONTROL
6415,Control,2024-03-11,CONTROL
6416,Treatment,2024-03-29,PROD-A
6417,Control,2024-05-12,CONTROL
6418,Treatment,2024-05-13,PROD-A
6419,Control,2024-03-16,CONTROL
6420,Control,2024-06-27,CONTROL
6421,Treatment,2024-04-26,PROD-A
6422,Control,2024-01-30,CONTROL
6423,Treatment,2024-04-07,PROD-A
6424,Treatment,2024-05-04,PROD-A
6425,Control,2024-05-13,CONTROL
6426,Treatment,2024-04-13,PROD-A
6427,Control,2024-02-16,CONTROL
6428,Control,2024-03-24,CONTROL
6429,Treatment,2024-04-30,PROD-A
6430,Control,2024-01-07,CONTROL
6431,Control,2024-05-28,CONTROL
6432,Treatment,2024-04-29,PROD-A
6433,Control,2024-02-22,CONTROL
6434,Treatment,2024-05-05,PROD-A
6435,Treatment,2024-04-25,PROD-A
6436,Control,2024-05-12,CONTROL
6437,Treatment,2024-06-15,PROD-A
6438,Control,2024-02-16,CONTROL
6439,Control,2024-03-04,CONTROL
6440,Control,2024-01-24,CONTROL
6441,Treatment,2024-01-10,PROD-A
6442,Control,2024-03-05,CONTROL
6443,Control,2024-06-02,CONTROL
6444,Control,2024-04-17,CONTROL
6445,Treatment,2024-01-29,PROD-A
6446,Control,2024-04-24,CONTROL
6447,Treatment,2024-03-31,PROD-A
6448,Control,2024-01-22,CONTROL
6449,Treatment,2024-04-24,PROD-A
6450,Treatment,2024-04-08,PROD-A
6451,Treatment,2024-04-11,PROD-A
6452,Control,2024-02-08,CONTROL
6453,Control,2024-01-12,CONTROL
6454,Control,2024-01-31,CONTROL
6455,Treatment,2024-05-09,PROD-A
6456,Control,2024-02-07,CONTROL
6457,Control,2024-03-22,CONTROL
6458,Control,2024-02-08,CONTROL
6459,Treatment,2024-04-12,PROD-A
6460,Control,2024-06-20,CONTROL
6461,Treatment,2024-06-27,PROD-A
6462,Treatment,2024-04-17,PROD-A
6463,Control,2024-05-06,CONTROL
6464,Treatment,2024-03-20,PROD-A
6465,Treatment,2024-05-06,PROD-A
6466,Control,2024-02-24,CONTROL
6467,Treatment,2024-01-14,PROD-A
6468,Treatment,2024-05-21,PROD-A
6469,Treatment,2024-05-12,PROD-A
6470,Treatment,2024-05-16,PROD-A
6471,Treatment,2024-03-23,PROD-A
6472,Treatment,2024-02-08,PROD-A
6473,Control,2024-04-13,CONTROL
6474,Control,2024-01-23,CONTROL
6475,Control,2024-05-07,CONTROL
6476,Treatment,2024-06-24,PROD-A
6477,Treatment,2024-03-26,PROD-A
6478,Treatment,2024-04-09,PROD-A
6479,Control,2024-01-15,CONTROL
6480,Treatment,2024-05-11,PROD-A
6481,Control,2024-03-26,CONTROL
6482,Treatment,2024-04-18,PROD-A
6483,Control,2024-02-10,CONTROL
6484,Control,2024-02-26,CONTROL
6485,Control,2024-06-10,CONTROL
6486,Control,2024-06-07,CONTROL
6487,Control,2024-06-26,CONTROL
6488,Control,2024-01-20,CONTROL
6489,Control,2024-03-27,CONTROL
6490,Control,2024-03-31,CONTROL
6491,Control,2024-03-14,CONTROL
6492,Control,2024-03-24,CONTROL
6493,Control,2024-03-02,CONTROL
6494,Treatment,2024-01-10,PROD-A
6495,Treatment,2024-03-24,PROD-A
6496,Treatment,2024-05-09,PROD-A
6497,Control,2024-02-25,CONTROL
6498,Control,2024-02-26,CONTROL
6499,Treatment,2024-06-20,PROD-A
6500,Control,2024-02-12,CONTROL
6501,Control,2024-05-05,CONTROL
6502,Treatment,2024-04-04,PROD-A
6503,Control,2024-03-03,CONTROL
6504,Treatment,2024-03-19,PROD-A
6505,Control,2024-04-04,CONTROL
6506,Control,2024-06-21,CONTROL
6507,Control,2024-06-21,CONTROL
6508,Control,2024-03-23,CONTROL
6509,Control,2024-06-08,CONTROL
6510,Treatment,2024-04-04,PROD-A
6511,Control,2024-03-10,CONTROL
6512,Treatment,2024-05-10,PROD-A
6513,Control,2024-01-04,CONTROL
6514,Control,2024-01-17,CONTROL
6515,Treatment,2024-06-21,PROD-A
6516,Control,2024-04-13,CONTROL
6517,Treatment,2024-01-29,PROD-A
6518,Treatment,2024-04-05,PROD-A
6519,Control,2024-05-13,CONTROL
6520,Treatment,2024-06-04,PROD-A
6521,Control,2024-02-17,CONTROL
6522,Treatment,2024-01-20,PROD-A
6523,Treatment,2024-05-15,PROD-A
6524,Treatment,2024-02-14,PROD-A
6525,Control,2024-04-09,CONTROL
6526,Treatment,2024-02-21,PROD-A
6527,Treatment,2024-01-07,PROD-A
6528,Control,2024-01-23,CONTROL
6529,Control,2024-01-13,CONTROL
6530,Treatment,2024-04-23,PROD-A
6531,Control,2024-02-28,CONTROL
6532,Treatment,2024-04-16,PROD-A
6533,Control,2024-01-05,CONTROL
6534,Treatment,2024-05-26,PROD-A
6535,Treatment,2024-02-25,PROD-A
6536,Control,2024-05-01,CONTROL
6537,Treatment,2024-01-16,PROD-A
6538,Control,2024-04-03,CONTROL
6539,Treatment,2024-02-14,PROD-A
6540,Treatment,2024-02-17,PROD-A
6541,Treatment,2024-01-13,PROD-A
6542,Control,2024-06-26,CONTROL
6543,Control,2024-01-28,CONTROL
6544,Treatment,2024-05-16,PROD-A
6545,Treatment,2024-02-21,PROD-A
6546,Treatment,2024-05-31,PROD-A
6547,Treatment,2024-03-23,PROD-A
6548,Control,2024-03-17,CONTROL
6549,Treatment,2024-03-12,PROD-A
6550,Control,2024-06-25,CONTROL
6551,Treatment,2024-06-09,PROD-A
6552,Control,2024-05-29,CONTROL
6553,Control,2024-02-10,CONTROL
6554,Control,2024-03-29,CONTROL
6555,Control,2024-01-10,CONTROL
6556,Control,2024-06-02,CONTROL
6557,Control,2024-06-26,CONTROL
6558,Treatment,2024-06-25,PROD-A
6559,Control,2024-05-13,CONTROL
6560,Control,2024-02-23,CONTROL
6561,Treatment,2024-06-27,PROD-A
6562,Control,2024-02-19,CONTROL
6563,Treatment,2024-03-09,PROD-A
6564,Control,2024-06-19,CONTROL
6565,Treatment,2024-04-07,PROD-A
6566,Control,2024-06-19,CONTROL
6567,Treatment,2024-05-15,PROD-A
6568,Control,2024-06-24,CONTROL
6569,Control,2024-01-18,CONTROL
6570,Treatment,2024-06-18,PROD-A
6571,Control,2024-03-16,CONTROL
6572,Control,2024-06-19,CONTROL
6573,Control,2024-06-03,CONTROL
6574,Control,2024-05-16,CONTROL
6575,Control,2024-03-02,CONTROL
6576,Treatment,2024-05-24,PROD-A
6577,Control,2024-04-24,CONTROL
6578,Control,2024-06-02,CONTROL
6579,Treatment,2024-02-09,PROD-A
6580,Treatment,2024-06-07,PROD-A
6581,Treatment,2024-03-10,PROD-A
6582,Control,2024-01-13,CONTROL
6583,Treatment,2024-02-01,PROD-A
6584,Treatment,2024-03-04,PROD-A
6585,Treatment,2024-06-03,PROD-A
6586,Control,2024-02-21,CONTROL
6587,Treatment,2024-02-22,PROD-A
6588,Control,2024-06-13,CONTROL
6589,Control,2024-04-29,CONTROL
6590,Control,2024-01-09,CONTROL
6591,Control,2024-04-21,CONTROL
6592,Control,2024-06-11,CONTROL
6593,Control,2024-02-18,CONTROL
6594,Control,2024-06-12,CONTROL
6595,Treatment,2024-01-07,PROD-A
6596,Treatment,2024-05-31,PROD-A
6597,Treatment,2024-02-04,PROD-A
6598,Control,2024-01-13,CONTROL
6599,Treatment,2024-02-18,PROD-A
6600,Control,2024-01-14,CONTROL
6601,Control,2024-04-10,CONTROL
6602,Treatment,2024-04-07,PROD-A
6603,Control,2024-02-13,CONTROL
6604,Treatment,2024-05-01,PROD-A
6605,Control,2024-01-21,CONTROL
6606,Control,2024-05-31,CONTROL
6607,Control,2024-04-22,CONTROL
6608,Treatment,2024-03-22,PROD-A
6609,Treatment,2024-02-12,PROD-A
6610,Control,2024-03-09,CONTROL
6611,Control,2024-06-10,CONTROL
6612,Treatment,2024-05-23,PROD-A
6613,Control,2024-04-22,CONTROL
6614,Control,2024-02-15,CONTROL
6615,Treatment,2024-05-28,PROD-A
6616,Control,2024-03-14,CONTROL
6617,Treatment,2024-02-18,PROD-A
6618,Control,2024-03-16,CONTROL
6619,Treatment,2024-02-25,PROD-A
6620,Treatment,2024-03-14,PROD-A
6621,Treatment,2024-01-21,PROD-A
6622,Control,2024-06-07,CONTROL
6623,Treatment,2024-01-12,PROD-A
6624,Treatment,2024-05-28,PROD-A
6625,Treatment,2024-04-05,PROD-A
6626,Control,2024-01-06,CONTROL
6627,Treatment,2024-03-17,PROD-A
6628,Control,2024-06-10,CONTROL
6629,Control,2024-01-18,CONTROL
6630,Control,2024-01-16,CONTROL
6631,Treatment,2024-02-11,PROD-A
6632,Treatment,2024-02-05,PROD-A
6633,Control,2024-04-28,CONTROL
6634,Control,2024-01-06,CONTROL
6635,Control,2024-06-10,CONTROL
6636,Treatment,2024-06-05,PROD-A
6637,Treatment,2024-03-20,PROD-A
6638,Control,2024-06-21,CONTROL
6639,Treatment,2024-01-04,PROD-A
6640,Treatment,2024-06-19,PROD-A
6641,Control,2024-01-14,CONTROL
6642,Treatment,2024-04-18,PROD-A
6643,Control,2024-03-06,CONTROL
6644,Treatment,2024-06-04,PROD-A
6645,Treatment,2024-04-17,PROD-A
6646,Treatment,2024-02-28,PROD-A
6647,Control,2024-02-02,CONTROL
6648,Treatment,2024-02-27,PROD-A
6649,Treatment,2024-06-03,PROD-A
6650,Control,2024-02-24,CONTROL
6651,Treatment,2024-01-26,PROD-A
6652,Control,2024-02-16,CONTROL
6653,Control,2024-06-08,CONTROL
6654,Treatment,2024-03-08,PROD-A
6655,Control,2024-06-07,CONTROL
6656,Control,2024-01-25,CONTROL
6657,Control,2024-04-09,CONTROL
6658,Control,2024-01-27,CONTROL
6659,Treatment,2024-06-08,PROD-A
6660,Control,2024-03-19,CONTROL
6661,Treatment,2024-01-18,PROD-A
6662,Treatment,2024-03-16,PROD-A
6663,Treatment,2024-05-04,PROD-A
6664,Control,2024-06-17,CONTROL
6665,Treatment,2024-06-09,PROD-A
6666,Treatment,2024-02-05,PROD-A
6667,Treatment,2024-02-13,PROD-A
6668,Control,2024-06-13,CONTROL
6669,Treatment,2024-02-23,PROD-A
6670,Control,2024-04-04,CONTROL
6671,Control,2024-03-02,CONTROL
6672,Treatment,2024-01-04,PROD-A
6673,Control,2024-03-07,CONTROL
6674,Treatment,2024-02-11,PROD-A
6675,Treatment,2024-06-20,PROD-A
6676,Treatment,2024-02-20,PROD-A
6677,Control,2024-03-09,CONTROL
6678,Treatment,2024-05-24,PROD-A
6679,Treatment,2024-01-01,PROD-A
6680,Treatment,2024-03-19,PROD-A
6681,Control,2024-04-01,CONTROL
6682,Treatment,2024-06-28,PROD-A
6683,Control,2024-04-20,CONTROL
6684,Treatment,2024-05-20,PROD-A
6685,Treatment,2024-05-01,PROD-A
6686,Treatment,2024-02-27,PROD-A
6687,Control,2024-05-31,CONTROL
6688,Control,2024-04-07,CONTROL
6689,Treatment,2024-02-28,PROD-A
6690,Control,2024-05-16,CONTROL
6691,Treatment,2024-02-10,PROD-A
6692,Treatment,2024-04-30,PROD-A
6693,Control,2024-02-19,CONTROL
6694,Treatment,2024-02-06,PROD-A
6695,Treatment,2024-01-25,PROD-A
6696,Treatment,2024-01-13,PROD-A
6697,Control,2024-01-08,CONTROL
6698,Treatment,2024-04-25,PROD-A
6699,Control,2024-03-01,CONTROL
6700,Treatment,2024-04-12,PROD-A
6701,Control,2024-06-24,CONTROL
6702,Treatment,2024-05-30,PROD-A
6703,Treatment,2024-06-27,PROD-A
6704,Control,2024-01-14,CONTROL
6705,Treatment,2024-03-24,PROD-A
6706,Treatment,2024-03-18,PROD-A
6707,Control,2024-02-27,CONTROL
6708,Control,2024-04-22,CONTROL
6709,Treatment,2024-06-06,PROD-A
6710,Treatment,2024-01-10,PROD-A
6711,Control,2024-05-21,CONTROL
6712,Treatment,2024-01-16,PROD-A
6713,Control,2024-02-03,CONTROL
6714,Treatment,2024-01-15,PROD-A
6715,Treatment,2024-04-28,PROD-A
6716,Control,2024-02-03,CONTROL
6717,Treatment,2024-06-26,PROD-A
6718,Treatment,2024-05-24,PROD-A
6719,Control,2024-01-24,CONTROL
6720,Treatment,2024-03-17,PROD-A
6721,Control,2024-03-12,CONTROL
6722,Treatment,2024-01-17,PROD-A
6723,Control,2024-02-22,CONTROL
6724,Control,2024-06-05,CONTROL
6725,Control,2024-04-22,CONTROL
6726,Treatment,2024-04-05,PROD-A
6727,Treatment,2024-01-21,PROD-A
6728,Control,2024-05-05,CONTROL
6729,Treatment,2024-04-05,PROD-A
6730,Control,2024-02-22,CONTROL
6731,Treatment,2024-03-01,PROD-A
6732,Control,2024-03-01,CONTROL
6733,Control,2024-04-07,CONTROL
6734,Control,2024-06-14,CONTROL
6735,Control,2024-01-21,CONTROL
6736,Control,2024-02-17,CONTROL
6737,Control,2024-05-08,CONTROL
6738,Treatment,2024-03-21,PROD-A
6739,Control,2024-04-04,CONTROL
6740,Control,2024-04-15,CONTROL
6741,Control,2024-04-19,CONTROL
6742,Control,2024-06-06,CONTROL
6743,Treatment,2024-02-22,PROD-A
6744,Treatment,2024-04-10,PROD-A
6745,Treatment,2024-02-24,PROD-A
6746,Treatment,2024-06-17,PROD-A
6747,Treatment,2024-05-17,PROD-A
6748,Control,2024-05-28,CONTROL
6749,Control,2024-05-03,CONTROL
6750,Treatment,2024-06-27,PROD-A
6751,Treatment,2024-01-31,PROD-A
6752,Treatment,2024-01-22,PROD-A
6753,Treatment,2024-03-10,PROD-A
6754,Treatment,2024-03-24,PROD-A
6755,Treatment,2024-01-30,PROD-A
6756,Control,2024-04-21,CONTROL
6757,Control,2024-05-20,CONTROL
6758,Control,2024-04-06,CONTROL
6759,Control,2024-03-01,CONTROL
6760,Control,2024-06-03,CONTROL
6761,Control,2024-03-27,CONTROL
6762,Treatment,2024-02-19,PROD-A
6763,Treatment,2024-01-29,PROD-A
6764,Treatment,2024-04-07,PROD-A
6765,Control,2024-01-09,CONTROL
6766,Treatment,2024-03-08,PROD-A
6767,Treatment,2024-04-30,PROD-A
6768,Control,2024-04-08,CONTROL
6769,Treatment,2024-03-03,PROD-A
6770,Treatment,2024-02-11,PROD-A
6771,Control,2024-03-13,CONTROL
6772,Treatment,2024-03-05,PROD-A
6773,Control,2024-03-27,CONTROL
6774,Treatment,2024-04-22,PROD-A
6775,Control,2024-04-05,CONTROL
6776,Treatment,2024-05-10,PROD-A
6777,Treatment,2024-06-21,PROD-A
6778,Control,2024-01-16,CONTROL
6779,Treatment,2024-02-21,PROD-A
6780,Control,2024-01-17,CONTROL
6781,Control,2024-02-21,CONTROL
6782,Control,2024-02-10,CONTROL
6783,Treatment,2024-04-15,PROD-A
6784,Treatment,2024-01-04,PROD-A
6785,Control,2024-03-07,CONTROL
6786,Control,2024-01-21,CONTROL
6787,Treatment,2024-01-20,PROD-A
6788,Control,2024-05-23,CONTROL
6789,Treatment,2024-03-06,PROD-A
6790,Control,2024-03-12,CONTROL
6791,Treatment,2024-02-18,PROD-A
6792,Treatment,2024-06-24,PROD-A
6793,Treatment,2024-01-04,PROD-A
6794,Control,2024-04-05,CONTROL
6795,Control,2024-05-08,CONTROL
6796,Treatment,2024-04-27,PROD-A
6797,Treatment,2024-04-29,PROD-A
6798,Control,2024-03-31,CONTROL
6799,Control,2024-02-28,CONTROL
6800,Treatment,2024-03-15,PROD-A
6801,Control,2024-05-01,CONTROL
6802,Control,2024-01-03,CONTROL
6803,Control,2024-06-22,CONTROL
6804,Control,2024-01-01,CONTROL
6805,Control,2024-02-26,CONTROL
6806,Control,2024-04-05,CONTROL
6807,Treatment,2024-03-26,PROD-A
6808,Treatment,2024-06-12,PROD-A
6809,Control,2024-02-19,CONTROL
6810,Treatment,2024-03-13,PROD-A
6811,Control,2024-05-21,CONTROL
6812,Control,2024-05-24,CONTROL
6813,Control,2024-06-13,CONTROL
6814,Treatment,2024-05-22,PROD-A
6815,Treatment,2024-01-04,PROD-A
6816,Treatment,2024-01-01,PROD-A
6817,Control,2024-04-06,CONTROL
6818,Control,2024-02-04,CONTROL
6819,Treatment,2024-04-08,PROD-A
6820,Control,2024-01-06,CONTROL
6821,Control,2024-04-22,CONTROL
6822,Treatment,2024-04-21,PROD-A
6823,Treatment,2024-02-04,PROD-A
6824,Treatment,2024-04-19,PROD-A
6825,Control,2024-01-03,CONTROL
6826,Treatment,2024-03-25,PROD-A
6827,Treatment,2024-06-13,PROD-A
6828,Control,2024-06-02,CONTROL
6829,Treatment,2024-03-02,PROD-A
6830,Control,2024-02-29,CONTROL
6831,Control,2024-02-27,CONTROL
6832,Treatment,2024-05-19,PROD-A
6833,Control,2024-02-14,CONTROL
6834,Treatment,2024-02-26,PROD-A
6835,Treatment,2024-05-02,PROD-A
6836,Control,2024-03-30,CONTROL
6837,Treatment,2024-02-09,PROD-A
6838,Treatment,2024-01-03,PROD-A
6839,Control,2024-05-16,CONTROL
6840,Control,2024-06-21,CONTROL
6841,Treatment,2024-05-15,PROD-A
6842,Control,2024-03-16,CONTROL
6843,Control,2024-06-13,CONTROL
6844,Control,2024-02-28,CONTROL
6845,Treatment,2024-01-30,PROD-A
6846,Control,2024-04-21,CONTROL
6847,Treatment,2024-04-12,PROD-A
6848,Treatment,2024-02-25,PROD-A
6849,Control,2024-05-10,CONTROL
6850,Control,2024-01-15,CONTROL
6851,Treatment,2024-04-29,PROD-A
6852,Treatment,2024-01-15,PROD-A
6853,Treatment,2024-06-08,PROD-A
6854,Treatment,2024-01-12,PROD-A
6855,Control,2024-03-01,CONTROL
6856,Treatment,2024-05-18,PROD-A
6857,Treatment,2024-03-03,PROD-A
6858,Control,2024-03-08,CONTROL
6859,Control,2024-04-02,CONTROL
6860,Treatment,2024-03-24,PROD-A
6861,Control,2024-05-22,CONTROL
6862,Control,2024-05-28,CONTROL
6863,Control,2024-05-20,CONTROL
6864,Treatment,2024-02-28,PROD-A
6865,Treatment,2024-01-06,PROD-A
6866,Treatment,2024-06-14,PROD-A
6867,Treatment,2024-02-05,PROD-A
6868,Treatment,2024-04-01,PROD-A
6869,Control,2024-03-20,CONTROL
6870,Treatment,2024-03-14,PROD-A
6871,Control,2024-06-03,CONTROL
6872,Control,2024-02-09,CONTROL
6873,Treatment,2024-02-15,PROD-A
6874,Control,2024-02-09,CONTROL
6875,Treatment,2024-01-10,PROD-A
6876,Treatment,2024-06-19,PROD-A
6877,Treatment,2024-04-28,PROD-A
6878,Control,2024-03-20,CONTROL
6879,Treatment,2024-05-11,PROD-A
6880,Treatment,2024-01-05,PROD-A
6881,Treatment,2024-02-07,PROD-A
6882,Treatment,2024-03-02,PROD-A
6883,Control,2024-06-02,CONTROL
6884,Treatment,2024-05-07,PROD-A
6885,Control,2024-04-16,CONTROL
6886,Treatment,2024-01-04,PROD-A
6887,Treatment,2024-03-12,PROD-A
6888,Control,2024-04-08,CONTROL
6889,Treatment,2024-06-02,PROD-A
6890,Control,2024-01-08,CONTROL
6891,Treatment,2024-05-04,PROD-A
6892,Control,2024-06-08,CONTROL
6893,Control,2024-03-09,CONTROL
6894,Treatment,2024-03-26,PROD-A
6895,Treatment,2024-04-17,PROD-A
6896,Treatment,2024-03-02,PROD-A
6897,Treatment,2024-02-10,PROD-A
6898,Control,2024-06-26,CONTROL
6899,Control,2024-03-21,CONTROL
6900,Control,2024-01-14,CONTROL
6901,Control,2024-05-27,CONTROL
6902,Treatment,2024-01-24,PROD-A
6903,Control,2024-06-10,CONTROL
6904,Treatment,2024-05-15,PROD-A
6905,Treatment,2024-04-16,PROD-A
6906,Treatment,2024-02-10,PROD-A
6907,Control,2024-01-18,CONTROL
6908,Control,2024-05-15,CONTROL
6909,Control,2024-05-07,CONTROL
6910,Treatment,2024-03-26,PROD-A
6911,Control,2024-05-01,CONTROL
6912,Treatment,2024-03-11,PROD-A
6913,Control,2024-06-23,CONTROL
6914,Control,2024-03-31,CONTROL
6915,Treatment,2024-04-16,PROD-A
6916,Control,2024-06-18,CONTROL
6917,Treatment,2024-05-30,PROD-A
6918,Treatment,2024-05-08,PROD-A
6919,Control,2024-05-23,CONTROL
6920,Treatment,2024-01-08,PROD-A
6921,Control,2024-01-10,CONTROL
6922,Control,2024-04-07,CONTROL
6923,Control,2024-01-01,CONTROL
6924,Control,2024-02-29,CONTROL
6925,Control,2024-04-25,CONTROL
6926,Treatment,2024-04-18,PROD-A
6927,Control,2024-04-19,CONTROL
6928,Control,2024-02-12,CONTROL
6929,Treatment,2024-06-18,PROD-A
6930,Treatment,2024-02-24,PROD-A
6931,Control,2024-06-04,CONTROL
6932,Control,2024-04-06,CONTROL
6933,Control,2024-04-20,CONTROL
6934,Control,2024-06-23,CONTROL
6935,Control,2024-05-25,CONTROL
6936,Control,2024-06-08,CONTROL
6937,Control,2024-01-26,CONTROL
6938,Control,2024-01-02,CONTROL
6939,Control,2024-01-08,CONTROL
6940,Treatment,2024-05-18,PROD-A
6941,Control,2024-04-08,CONTROL
6942,Treatment,2024-06-24,PROD-A
6943,Control,2024-05-14,CONTROL
6944,Control,2024-04-22,CONTROL
6945,Control,2024-04-14,CONTROL
6946,Control,2024-01-21,CONTROL
6947,Treatment,2024-05-12,PROD-A
6948,Treatment,2024-04-03,PROD-A
6949,Treatment,2024-04-26,PROD-A
6950,Treatment,2024-04-16,PROD-A
6951,Control,2024-01-02,CONTROL
6952,Treatment,2024-04-23,PROD-A
6953,Treatment,2024-01-03,PROD-A
6954,Control,2024-03-15,CONTROL
6955,Control,2024-04-10,CONTROL
6956,Treatment,2024-01-22,PROD-A
6957,Control,2024-03-13,CONTROL
6958,Treatment,2024-03-28,PROD-A
6959,Treatment,2024-02-28,PROD-A
6960,Treatment,2024-01-09,PROD-A
6961,Treatment,2024-05-19,PROD-A
6962,Control,2024-03-04,CONTROL
6963,Control,2024-03-09,CONTROL
6964,Control,2024-03-13,CONTROL
6965,Control,2024-06-16,CONTROL
6966,Treatment,2024-05-26,PROD-A
6967,Control,2024-04-06,CONTROL
6968,Treatment,2024-05-31,PROD-A
6969,Control,2024-04-05,CONTROL
6970,Treatment,2024-04-26,PROD-A
6971,Control,2024-03-11,CONTROL
6972,Control,2024-04-06,CONTROL
6973,Control,2024-06-08,CONTROL
6974,Control,2024-04-30,CONTROL
6975,Treatment,2024-03-12,PROD-A
6976,Control,2024-04-20,CONTROL
6977,Treatment,2024-05-13,PROD-A
6978,Treatment,2024-06-05,PROD-A
6979,Control,2024-03-23,CONTROL
6980,Control,2024-05-05,CONTROL
6981,Treatment,2024-06-09,PROD-A
6982,Treatment,2024-05-27,PROD-A
6983,Treatment,2024-04-09,PROD-A
6984,Control,2024-03-24,CONTROL
6985,Treatment,2024-02-02,PROD-A
6986,Treatment,2024-05-12,PROD-A
6987,Control,2024-04-24,CONTROL
6988,Control,2024-06-22,CONTROL
6989,Control,2024-01-07,CONTROL
6990,Treatment,2024-02-26,PROD-A
6991,Treatment,2024-03-30,PROD-A
6992,Treatment,2024-02-11,PROD-A
6993,Control,2024-03-14,CONTROL
6994,Control,2024-02-21,CONTROL
6995,Treatment,2024-04-17,PROD-A
6996,Treatment,2024-04-06,PROD-A
6997,Control,2024-06-11,CONTROL
6998,Control,2024-06-05,CONTROL
6999,Treatment,2024-01-17,PROD-A
7000,Treatment,2024-02-24,PROD-A
7001,Treatment,2024-06-12,PROD-A
7002,Treatment,2024-04-27,PROD-A
7003,Control,2024-03-05,CONTROL
7004,Treatment,2024-01-10,PROD-A
7005,Treatment,2024-04-07,PROD-A
7006,Control,2024-05-18,CONTROL
7007,Control,2024-04-17,CONTROL
7008,Control,2024-03-24,CONTROL
7009,Control,2024-01-20,CONTROL
7010,Treatment,2024-05-24,PROD-A
7011,Treatment,2024-02-23,PROD-A
7012,Treatment,2024-02-05,PROD-A
7013,Treatment,2024-03-21,PROD-A
7014,Control,2024-05-18,CONTROL
7015,Treatment,2024-06-22,PROD-A
7016,Control,2024-05-03,CONTROL
7017,Treatment,2024-01-08,PROD-A
7018,Treatment,2024-03-20,PROD-A
7019,Treatment,2024-01-20,PROD-A
7020,Control,2024-06-10,CONTROL
7021,Control,2024-04-07,CONTROL
7022,Treatment,2024-01-24,PROD-A
7023,Control,2024-03-08,CONTROL
7024,Control,2024-01-04,CONTROL
7025,Treatment,2024-01-11,PROD-A
7026,Control,2024-05-04,CONTROL
7027,Treatment,2024-05-04,PROD-A
7028,Control,2024-06-17,CONTROL
7029,Control,2024-05-26,CONTROL
7030,Treatment,2024-06-16,PROD-A
7031,Treatment,2024-05-16,PROD-A
7032,Treatment,2024-01-31,PROD-A
7033,Treatment,2024-05-11,PROD-A
7034,Treatment,2024-06-11,PROD-A
7035,Treatment,2024-02-03,PROD-A
7036,Control,2024-05-01,CONTROL
7037,Control,2024-04-26,CONTROL
7038,Treatment,2024-04-08,PROD-A
7039,Control,2024-04-12,CONTROL
7040,Control,2024-06-09,CONTROL
7041,Treatment,2024-02-06,PROD-A
7042,Control,2024-03-13,CONTROL
7043,Treatment,2024-03-03,PROD-A
7044,Treatment,2024-04-05,PROD-A
7045,Control,2024-01-07,CONTROL
7046,Treatment,2024-02-29,PROD-A
7047,Treatment,2024-04-16,PROD-A
7048,Treatment,2024-01-26,PROD-A
7049,Treatment,2024-03-27,PROD-A
7050,Treatment,2024-03-12,PROD-A
7051,Control,2024-04-12,CONTROL
7052,Control,2024-06-23,CONTROL
7053,Control,2024-03-22,CONTROL
7054,Treatment,2024-02-10,PROD-A
7055,Control,2024-01-14,CONTROL
7056,Control,2024-06-18,CONTROL
7057,Control,2024-01-19,CONTROL
7058,Control,2024-05-18,CONTROL
7059,Control,2024-05-24,CONTROL
7060,Control,2024-02-10,CONTROL
7061,Control,2024-05-26,CONTROL
7062,Control,2024-02-07,CONTROL
7063,Treatment,2024-06-12,PROD-A
7064,Control,2024-03-05,CONTROL
7065,Control,2024-03-25,CONTROL
7066,Treatment,2024-03-09,PROD-A
7067,Treatment,2024-06-10,PROD-A
7068,Control,2024-06-26,CONTROL
7069,Treatment,2024-04-29,PROD-A
7070,Treatment,2024-03-21,PROD-A
7071,Treatment,2024-06-26,PROD-A
7072,Treatment,2024-05-30,PROD-A
7073,Control,2024-06-01,CONTROL
7074,Control,2024-02-05,CONTROL
7075,Treatment,2024-04-14,PROD-A
7076,Control,2024-06-13,CONTROL
7077,Control,2024-04-11,CONTROL
7078,Treatment,2024-01-27,PROD-A
7079,Control,2024-06-14,CONTROL
7080,Treatment,2024-06-14,PROD-A
7081,Control,2024-05-13,CONTROL
7082,Control,2024-04-12,CONTROL
7083,Treatment,2024-01-23,PROD-A
7084,Control,2024-01-01,CONTROL
7085,Control,2024-04-16,CONTROL
7086,Treatment,2024-02-10,PROD-A
7087,Treatment,2024-01-24,PROD-A
7088,Control,2024-03-18,CONTROL
7089,Treatment,2024-01-11,PROD-A
7090,Treatment,2024-05-06,PROD-A
7091,Control,2024-06-25,CONTROL
7092,Control,2024-04-14,CONTROL
7093,Treatment,2024-05-24,PROD-A
7094,Control,2024-03-15,CONTROL
7095,Control,2024-02-21,CONTROL
7096,Treatment,2024-02-27,PROD-A
7097,Control,2024-03-10,CONTROL
7098,Treatment,2024-01-11,PROD-A
7099,Treatment,2024-05-28,PROD-A
7100,Control,2024-04-14,CONTROL
7101,Treatment,2024-04-24,PROD-A
7102,Control,2024-05-17,CONTROL
7103,Treatment,2024-05-16,PROD-A
7104,Treatment,2024-02-25,PROD-A
7105,Treatment,2024-05-29,PROD-A
7106,Treatment,2024-03-11,PROD-A
7107,Control,2024-01-17,CONTROL
7108,Control,2024-01-22,CONTROL
7109,Treatment,2024-01-07,PROD-A
7110,Treatment,2024-03-14,PROD-A
7111,Treatment,2024-02-26,PROD-A
7112,Treatment,2024-01-07,PROD-A
7113,Treatment,2024-06-27,PROD-A
7114,Control,2024-03-15,CONTROL
7115,Treatment,2024-02-03,PROD-A
7116,Control,2024-06-24,CONTROL
7117,Treatment,2024-01-16,PROD-A
7118,Control,2024-04-07,CONTROL
7119,Control,2024-02-07,CONTROL
7120,Control,2024-01-20,CONTROL
7121,Control,2024-01-02,CONTROL
7122,Control,2024-03-30,CONTROL
7123,Treatment,2024-03-07,PROD-A
7124,Treatment,2024-06-08,PROD-A
7125,Control,2024-05-31,CONTROL
7126,Control,2024-04-26,CONTROL
7127,Treatment,2024-01-03,PROD-A
7128,Control,2024-02-15,CONTROL
7129,Treatment,2024-05-30,PROD-A
7130,Control,2024-01-29,CONTROL
7131,Treatment,2024-04-27,PROD-A
7132,Control,2024-02-15,CONTROL
7133,Treatment,2024-05-28,PROD-A
7134,Treatment,2024-04-02,PROD-A
7135,Control,2024-05-23,CONTROL
7136,Control,2024-04-01,CONTROL
7137,Control,2024-06-04,CONTROL
7138,Treatment,2024-04-30,PROD-A
7139,Control,2024-04-05,CONTROL
7140,Treatment,2024-06-11,PROD-A
7141,Control,2024-06-01,CONTROL
7142,Treatment,2024-01-21,PROD-A
7143,Treatment,2024-05-19,PROD-A
7144,Control,2024-05-27,CONTROL
7145,Control,2024-02-21,CONTROL
7146,Control,2024-06-03,CONTROL
7147,Control,2024-04-12,CONTROL
7148,Treatment,2024-01-04,PROD-A
7149,Control,2024-02-06,CONTROL
7150,Control,2024-02-17,CONTROL
7151,Treatment,2024-03-24,PROD-A
7152,Control,2024-04-12,CONTROL
7153,Treatment,2024-03-10,PROD-A
7154,Control,2024-05-23,CONTROL
7155,Treatment,2024-02-24,PROD-A
7156,Treatment,2024-03-14,PROD-A
7157,Control,2024-02-01,CONTROL
7158,Treatment,2024-04-17,PROD-A
7159,Treatment,2024-01-12,PROD-A
7160,Control,2024-03-19,CONTROL
7161,Control,2024-01-22,CONTROL
7162,Treatment,2024-06-26,PROD-A
7163,Treatment,2024-01-29,PROD-A
7164,Treatment,2024-05-01,PROD-A
7165,Treatment,2024-04-16,PROD-A
7166,Control,2024-03-27,CONTROL
7167,Treatment,2024-02-05,PROD-A
7168,Treatment,2024-04-12,PROD-A
7169,Treatment,2024-01-01,PROD-A
7170,Treatment,2024-05-19,PROD-A
7171,Control,2024-03-08,CONTROL
7172,Control,2024-06-06,CONTROL
7173,Treatment,2024-01-04,PROD-A
7174,Treatment,2024-05-23,PROD-A
7175,Treatment,2024-02-07,PROD-A
7176,Control,2024-02-18,CONTROL
7177,Treatment,2024-06-04,PROD-A
7178,Control,2024-06-16,CONTROL
7179,Treatment,2024-05-28,PROD-A
7180,Control,2024-06-21,CONTROL
7181,Treatment,2024-02-05,PROD-A
7182,Control,2024-05-30,CONTROL
7183,Control,2024-06-07,CONTROL
7184,Control,2024-05-19,CONTROL
7185,Treatment,2024-04-17,PROD-A
7186,Control,2024-01-13,CONTROL
7187,Control,2024-03-26,CONTROL
7188,Control,2024-02-09,CONTROL
7189,Treatment,2024-04-18,PROD-A
7190,Control,2024-04-10,CONTROL
7191,Treatment,2024-01-06,PROD-A
7192,Control,2024-04-12,CONTROL
7193,Treatment,2024-04-22,PROD-A
7194,Control,2024-06-18,CONTROL
7195,Treatment,2024-05-11,PROD-A
7196,Treatment,2024-05-21,PROD-A
7197,Control,2024-02-26,CONTROL
7198,Treatment,2024-04-02,PROD-A
7199,Treatment,2024-02-14,PROD-A
7200,Treatment,2024-04-13,PROD-A
7201,Control,2024-03-31,CONTROL
7202,Treatment,2024-04-27,PROD-A
7203,Control,2024-02-19,CONTROL
7204,Treatment,2024-05-29,PROD-A
7205,Control,2024-04-23,CONTROL
7206,Treatment,2024-03-31,PROD-A
7207,Treatment,2024-06-09,PROD-A
7208,Treatment,2024-01-17,PROD-A
7209,Control,2024-01-09,CONTROL
7210,Control,2024-04-15,CONTROL
7211,Treatment,2024-01-11,PROD-A
7212,Treatment,2024-01-10,PROD-A
7213,Treatment,2024-06-05,PROD-A
7214,Control,2024-03-16,CONTROL
7215,Control,2024-04-16,CONTROL
7216,Control,2024-03-24,CONTROL
7217,Control,2024-03-23,CONTROL
7218,Treatment,2024-02-28,PROD-A
7219,Control,2024-06-12,CONTROL
7220,Treatment,2024-04-20,PROD-A
7221,Treatment,2024-03-19,PROD-A
7222,Control,2024-03-03,CONTROL
7223,Treatment,2024-01-06,PROD-A
7224,Treatment,2024-01-21,PROD-A
7225,Treatment,2024-04-25,PROD-A
7226,Treatment,2024-05-02,PROD-A
7227,Treatment,2024-04-03,PROD-A
7228,Treatment,2024-04-25,PROD-A
7229,Control,2024-01-24,CONTROL
7230,Control,2024-03-25,CONTROL
7231,Treatment,2024-04-24,PROD-A
7232,Treatment,2024-02-06,PROD-A
7233,Treatment,2024-06-17,PROD-A
7234,Treatment,2024-02-23,PROD-A
7235,Control,2024-06-24,CONTROL
7236,Treatment,2024-04-12,PROD-A
7237,Control,2024-01-25,CONTROL
7238,Control,2024-04-19,CONTROL
7239,Control,2024-03-15,CONTROL
7240,Control,2024-04-21,CONTROL
7241,Treatment,2024-06-07,PROD-A
7242,Treatment,2024-04-06,PROD-A
7243,Treatment,2024-02-15,PROD-A
7244,Treatment,2024-05-21,PROD-A
7245,Treatment,2024-02-08,PROD-A
7246,Treatment,2024-06-01,PROD-A
7247,Control,2024-04-11,CONTROL
7248,Control,2024-04-04,CONTROL
7249,Control,2024-05-11,CONTROL
7250,Control,2024-01-15,CONTROL
7251,Treatment,2024-04-10,PROD-A
7252,Treatment,2024-03-25,PROD-A
7253,Control,2024-04-12,CONTROL
7254,Treatment,2024-05-19,PROD-A
7255,Control,2024-03-18,CONTROL
7256,Control,2024-04-07,CONTROL
7257,Control,2024-06-03,CONTROL
7258,Control,2024-06-16,CONTROL
7259,Treatment,2024-02-24,PROD-A
7260,Treatment,2024-02-01,PROD-A
7261,Control,2024-06-07,CONTROL
7262,Control,2024-06-13,CONTROL
7263,Control,2024-02-05,CONTROL
7264,Control,2024-02-27,CONTROL
7265,Control,2024-06-21,CONTROL
7266,Treatment,2024-05-05,PROD-A
7267,Treatment,2024-05-18,PROD-A
7268,Control,2024-01-22,CONTROL
7269,Treatment,2024-06-06,PROD-A
7270,Treatment,2024-03-21,PROD-A
7271,Control,2024-03-11,CONTROL
7272,Control,2024-01-08,CONTROL
7273,Treatment,2024-03-10,PROD-A
7274,Treatment,2024-06-18,PROD-A
7275,Control,2024-02-19,CONTROL
7276,Control,2024-04-04,CONTROL
7277,Control,2024-03-18,CONTROL
7278,Treatment,2024-01-04,PROD-A
7279,Treatment,2024-05-30,PROD-A
7280,Control,2024-05-31,CONTROL
7281,Treatment,2024-02-06,PROD-A
7282,Treatment,2024-06-14,PROD-A
7283,Treatment,2024-03-23,PROD-A
7284,Control,2024-03-28,CONTROL
7285,Treatment,2024-01-31,PROD-A
7286,Treatment,2024-04-24,PROD-A
7287,Treatment,2024-01-21,PROD-A
7288,Control,2024-01-27,CONTROL
7289,Control,2024-03-27,CONTROL
7290,Treatment,2024-06-28,PROD-A
7291,Control,2024-04-30,CONTROL
7292,Control,2024-04-22,CONTROL
7293,Control,2024-06-20,CONTROL
7294,Control,2024-03-05,CONTROL
7295,Treatment,2024-04-26,PROD-A
7296,Control,2024-03-27,CONTROL
7297,Control,2024-04-07,CONTROL
7298,Control,2024-02-06,CONTROL
7299,Control,2024-04-19,CONTROL
7300,Treatment,2024-01-02,PROD-A
7301,Control,2024-03-12,CONTROL
7302,Control,2024-05-11,CONTROL
7303,Treatment,2024-05-02,PROD-A
7304,Control,2024-01-01,CONTROL
7305,Treatment,2024-01-27,PROD-A
7306,Treatment,2024-05-31,PROD-A
7307,Control,2024-04-08,CONTROL
7308,Treatment,2024-02-06,PROD-A
7309,Treatment,2024-05-30,PROD-A
7310,Treatment,2024-05-13,PROD-A
7311,Treatment,2024-02-27,PROD-A
7312,Control,2024-05-09,CONTROL
7313,Control,2024-05-09,CONTROL
7314,Treatment,2024-06-19,PROD-A
7315,Control,2024-01-20,CONTROL
7316,Control,2024-06-23,CONTROL
7317,Control,2024-05-05,CONTROL
7318,Control,2024-03-08,CONTROL
7319,Control,2024-01-01,CONTROL
7320,Control,2024-06-01,CONTROL
7321,Treatment,2024-04-20,PROD-A
7322,Control,2024-04-27,CONTROL
7323,Treatment,2024-02-24,PROD-A
7324,Treatment,2024-01-24,PROD-A
7325,Control,2024-05-12,CONTROL
7326,Treatment,2024-06-14,PROD-A
7327,Treatment,2024-05-24,PROD-A
7328,Control,2024-02-05,CONTROL
7329,Treatment,2024-04-19,PROD-A
7330,Control,2024-01-05,CONTROL
7331,Treatment,2024-03-10,PROD-A
7332,Control,2024-06-01,CONTROL
7333,Control,2024-04-19,CONTROL
7334,Control,2024-05-31,CONTROL
7335,Treatment,2024-06-16,PROD-A
7336,Treatment,2024-05-11,PROD-A
7337,Treatment,2024-04-08,PROD-A
7338,Treatment,2024-01-19,PROD-A
7339,Control,2024-06-10,CONTROL
7340,Treatment,2024-05-02,PROD-A
7341,Treatment,2024-06-24,PROD-A
7342,Control,2024-06-20,CONTROL
7343,Control,2024-02-07,CONTROL
7344,Treatment,2024-04-26,PROD-A
7345,Control,2024-02-28,CONTROL
7346,Control,2024-03-24,CONTROL
7347,Treatment,2024-04-02,PROD-A
7348,Treatment,2024-02-12,PROD-A
7349,Treatment,2024-05-10,PROD-A
7350,Treatment,2024-02-06,PROD-A
7351,Treatment,2024-06-17,PROD-A
7352,Control,2024-02-21,CONTROL
7353,Control,2024-06-17,CONTROL
7354,Treatment,2024-04-30,PROD-A
7355,Treatment,2024-02-03,PROD-A
7356,Treatment,2024-01-15,PROD-A
7357,Treatment,2024-05-25,PROD-A
7358,Treatment,2024-05-20,PROD-A
7359,Control,2024-05-17,CONTROL
7360,Treatment,2024-03-21,PROD-A
7361,Treatment,2024-04-03,PROD-A
7362,Treatment,2024-01-10,PROD-A
7363,Treatment,2024-02-18,PROD-A
7364,Treatment,2024-01-03,PROD-A
7365,Treatment,2024-05-07,PROD-A
7366,Treatment,2024-04-01,PROD-A
7367,Control,2024-06-19,CONTROL
7368,Control,2024-03-12,CONTROL
7369,Treatment,2024-01-23,PROD-A
7370,Treatment,2024-01-30,PROD-A
7371,Control,2024-05-17,CONTROL
7372,Treatment,2024-06-16,PROD-A
7373,Treatment,2024-06-26,PROD-A
7374,Treatment,2024-05-03,PROD-A
7375,Control,2024-03-09,CONTROL
7376,Treatment,2024-03-11,PROD-A
7377,Control,2024-05-03,CONTROL
7378,Control,2024-03-07,CONTROL
7379,Control,2024-06-24,CONTROL
7380,Control,2024-02-05,CONTROL
7381,Control,2024-06-13,CONTROL
7382,Control,2024-02-22,CONTROL
7383,Control,2024-02-18,CONTROL
7384,Control,2024-06-22,CONTROL
7385,Control,2024-02-28,CONTROL
7386,Treatment,2024-06-09,PROD-A
7387,Treatment,2024-04-15,PROD-A
7388,Treatment,2024-06-26,PROD-A
7389,Control,2024-01-21,CONTROL
7390,Control,2024-02-20,CONTROL
7391,Control,2024-03-16,CONTROL
7392,Control,2024-01-13,CONTROL
7393,Control,2024-05-13,CONTROL
7394,Treatment,2024-01-03,PROD-A
7395,Control,2024-01-11,CONTROL
7396,Treatment,2024-03-03,PROD-A
7397,Control,2024-02-03,CONTROL
7398,Treatment,2024-04-20,PROD-A
7399,Treatment,2024-02-08,PROD-A
7400,Control,2024-04-30,CONTROL
7401,Control,2024-06-21,CONTROL
7402,Treatment,2024-04-08,PROD-A
7403,Control,2024-05-28,CONTROL
7404,Control,2024-01-08,CONTROL
7405,Control,2024-01-06,CONTROL
7406,Control,2024-01-11,CONTROL
7407,Control,2024-06-02,CONTROL
7408,Control,2024-04-13,CONTROL
7409,Treatment,2024-06-03,PROD-A
7410,Treatment,2024-06-13,PROD-A
7411,Control,2024-04-15,CONTROL
7412,Treatment,2024-05-18,PROD-A
7413,Treatment,2024-05-14,PROD-A
7414,Treatment,2024-04-03,PROD-A
7415,Treatment,2024-05-26,PROD-A
7416,Treatment,2024-04-14,PROD-A
7417,Treatment,2024-05-08,PROD-A
7418,Treatment,2024-03-17,PROD-A
7419,Control,2024-05-05,CONTROL
7420,Control,2024-03-24,CONTROL
7421,Treatment,2024-01-16,PROD-A
7422,Control,2024-03-23,CONTROL
7423,Treatment,2024-01-11,PROD-A
7424,Control,2024-01-14,CONTROL
7425,Control,2024-02-09,CONTROL
7426,Control,2024-06-18,CONTROL
7427,Control,2024-03-15,CONTROL
7428,Treatment,2024-04-29,PROD-A
7429,Treatment,2024-03-10,PROD-A
7430,Control,2024-06-12,CONTROL
7431,Treatment,2024-06-09,PROD-A
7432,Treatment,2024-03-25,PROD-A
7433,Control,2024-03-03,CONTROL
7434,Control,2024-01-27,CONTROL
7435,Treatment,2024-01-04,PROD-A
7436,Treatment,2024-04-24,PROD-A
7437,Treatment,2024-05-23,PROD-A
7438,Treatment,2024-06-20,PROD-A
7439,Control,2024-06-03,CONTROL
7440,Treatment,2024-05-31,PROD-A
7441,Treatment,2024-06-04,PROD-A
7442,Control,2024-04-30,CONTROL
7443,Control,2024-01-17,CONTROL
7444,Treatment,2024-03-06,PROD-A
7445,Treatment,2024-02-09,PROD-A
7446,Treatment,2024-01-25,PROD-A
7447,Treatment,2024-04-23,PROD-A
7448,Treatment,2024-02-20,PROD-A
7449,Control,2024-01-23,CONTROL
7450,Treatment,2024-05-16,PROD-A
7451,Control,2024-05-27,CONTROL
7452,Control,2024-04-28,CONTROL
7453,Treatment,2024-05-24,PROD-A
7454,Treatment,2024-02-04,PROD-A
7455,Treatment,2024-05-28,PROD-A
7456,Control,2024-03-20,CONTROL
7457,Control,2024-02-15,CONTROL
7458,Treatment,2024-06-06,PROD-A
7459,Treatment,2024-06-11,PROD-A
7460,Control,2024-02-06,CONTROL
7461,Treatment,2024-02-22,PROD-A
7462,Control,2024-06-17,CONTROL
7463,Control,2024-01-02,CONTROL
7464,Treatment,2024-03-21,PROD-A
7465,Control,2024-04-17,CONTROL
7466,Control,2024-05-25,CONTROL
7467,Control,2024-03-01,CONTROL
7468,Treatment,2024-06-05,PROD-A
7469,Treatment,2024-02-05,PROD-A
7470,Treatment,2024-01-08,PROD-A
7471,Control,2024-03-07,CONTROL
7472,Control,2024-06-12,CONTROL
7473,Treatment,2024-04-03,PROD-A
7474,Treatment,2024-06-07,PROD-A
7475,Treatment,2024-05-06,PROD-A
7476,Control,2024-05-31,CONTROL
7477,Control,2024-04-27,CONTROL
7478,Control,2024-05-07,CONTROL
7479,Control,2024-02-08,CONTROL
7480,Control,2024-04-20,CONTROL
7481,Control,2024-03-22,CONTROL
7482,Treatment,2024-04-08,PROD-A
7483,Control,2024-01-13,CONTROL
7484,Treatment,2024-01-31,PROD-A
7485,Control,2024-01-14,CONTROL
7486,Control,2024-05-21,CONTROL
7487,Treatment,2024-05-19,PROD-A
7488,Treatment,2024-04-09,PROD-A
7489,Treatment,2024-04-24,PROD-A
7490,Treatment,2024-05-09,PROD-A
7491,Control,2024-05-29,CONTROL
7492,Treatment,2024-01-31,PROD-A
7493,Control,2024-06-27,CONTROL
7494,Treatment,2024-03-31,PROD-A
7495,Control,2024-02-09,CONTROL
7496,Treatment,2024-02-09,PROD-A
7497,Control,2024-02-21,CONTROL
7498,Treatment,2024-05-16,PROD-A
7499,Control,2024-03-09,CONTROL
7500,Treatment,2024-04-10,PROD-A
7501,Treatment,2024-05-31,PROD-A
7502,Treatment,2024-03-24,PROD-A
7503,Control,2024-02-26,CONTROL
7504,Treatment,2024-06-28,PROD-A
7505,Control,2024-05-06,CONTROL
7506,Treatment,2024-01-02,PROD-A
7507,Treatment,2024-02-03,PROD-A
7508,Control,2024-03-01,CONTROL
7509,Control,2024-06-13,CONTROL
7510,Treatment,2024-01-22,PROD-A
7511,Treatment,2024-02-09,PROD-A
7512,Treatment,2024-03-07,PROD-A
7513,Treatment,2024-06-24,PROD-A
7514,Treatment,2024-05-15,PROD-A
7515,Treatment,2024-04-27,PROD-A
7516,Treatment,2024-06-15,PROD-A
7517,Treatment,2024-02-26,PROD-A
7518,Treatment,2024-01-26,PROD-A
7519,Control,2024-02-16,CONTROL
7520,Control,2024-01-05,CONTROL
7521,Treatment,2024-05-14,PROD-A
7522,Control,2024-04-29,CONTROL
7523,Treatment,2024-03-08,PROD-A
7524,Treatment,2024-06-03,PROD-A
7525,Treatment,2024-05-03,PROD-A
7526,Control,2024-03-13,CONTROL
7527,Treatment,2024-02-01,PROD-A
7528,Control,2024-04-14,CONTROL
7529,Treatment,2024-02-09,PROD-A
7530,Control,2024-01-29,CONTROL
7531,Treatment,2024-04-06,PROD-A
7532,Treatment,2024-02-23,PROD-A
7533,Treatment,2024-04-26,PROD-A
7534,Treatment,2024-06-16,PROD-A
7535,Treatment,2024-03-19,PROD-A
7536,Control,2024-03-31,CONTROL
7537,Control,2024-04-21,CONTROL
7538,Control,2024-04-28,CONTROL
7539,Control,2024-04-16,CONTROL
7540,Treatment,2024-06-28,PROD-A
7541,Control,2024-03-29,CONTROL
7542,Treatment,2024-06-27,PROD-A
7543,Control,2024-02-07,CONTROL
7544,Control,2024-06-06,CONTROL
7545,Control,2024-05-05,CONTROL
7546,Treatment,2024-01-01,PROD-A
7547,Control,2024-03-23,CONTROL
7548,Control,2024-04-07,CONTROL
7549,Control,2024-03-25,CONTROL
7550,Control,2024-06-20,CONTROL
7551,Control,2024-02-16,CONTROL
7552,Control,2024-02-05,CONTROL
7553,Control,2024-04-10,CONTROL
7554,Treatment,2024-03-12,PROD-A
7555,Control,2024-01-07,CONTROL
7556,Control,2024-01-07,CONTROL
7557,Control,2024-03-24,CONTROL
7558,Control,2024-03-06,CONTROL
7559,Treatment,2024-03-12,PROD-A
7560,Treatment,2024-05-29,PROD-A
7561,Control,2024-02-20,CONTROL
7562,Control,2024-02-26,CONTROL
7563,Control,2024-06-12,CONTROL
7564,Treatment,2024-02-10,PROD-A
7565,Treatment,2024-01-23,PROD-A
7566,Treatment,2024-02-26,PROD-A
7567,Treatment,2024-02-18,PROD-A
7568,Treatment,2024-02-21,PROD-A
7569,Control,2024-01-25,CONTROL
7570,Control,2024-06-07,CONTROL
7571,Control,2024-02-22,CONTROL
7572,Control,2024-01-21,CONTROL
7573,Treatment,2024-01-01,PROD-A
7574,Treatment,2024-02-21,PROD-A
7575,Control,2024-04-18,CONTROL
7576,Control,2024-02-26,CONTROL
7577,Treatment,2024-06-01,PROD-A
7578,Treatment,2024-01-07,PROD-A
7579,Control,2024-06-03,CONTROL
7580,Treatment,2024-04-08,PROD-A
7581,Control,2024-06-23,CONTROL
7582,Control,2024-03-07,CONTROL
7583,Control,2024-01-18,CONTROL
7584,Control,2024-04-26,CONTROL
7585,Control,2024-03-25,CONTROL
7586,Control,2024-05-26,CONTROL
7587,Control,2024-04-08,CONTROL
7588,Control,2024-06-13,CONTROL
7589,Control,2024-05-20,CONTROL
7590,Treatment,2024-06-21,PROD-A
7591,Control,2024-05-11,CONTROL
7592,Treatment,2024-06-11,PROD-A
7593,Control,2024-01-06,CONTROL
7594,Treatment,2024-06-26,PROD-A
7595,Treatment,2024-05-20,PROD-A
7596,Treatment,2024-05-09,PROD-A
7597,Treatment,2024-06-15,PROD-A
7598,Treatment,2024-04-26,PROD-A
7599,Control,2024-04-18,CONTROL
7600,Control,2024-02-14,CONTROL
7601,Control,2024-03-06,CONTROL
7602,Treatment,2024-02-08,PROD-A
7603,Treatment,2024-06-04,PROD-A
7604,Control,2024-02-29,CONTROL
7605,Treatment,2024-04-28,PROD-A
7606,Control,2024-06-12,CONTROL
7607,Control,2024-05-05,CONTROL
7608,Control,2024-02-20,CONTROL
7609,Control,2024-03-14,CONTROL
7610,Treatment,2024-03-20,PROD-A
7611,Control,2024-04-24,CONTROL
7612,Control,2024-05-17,CONTROL
7613,Control,2024-04-12,CONTROL
7614,Control,2024-01-31,CONTROL
7615,Treatment,2024-02-12,PROD-A
7616,Treatment,2024-06-08,PROD-A
7617,Control,2024-01-10,CONTROL
7618,Control,2024-04-17,CONTROL
7619,Control,2024-02-28,CONTROL
7620,Control,2024-06-15,CONTROL
7621,Control,2024-02-27,CONTROL
7622,Treatment,2024-03-01,PROD-A
7623,Treatment,2024-04-15,PROD-A
7624,Treatment,2024-01-29,PROD-A
7625,Control,2024-05-18,CONTROL
7626,Control,2024-04-06,CONTROL
7627,Control,2024-05-11,CONTROL
7628,Control,2024-02-04,CONTROL
7629,Control,2024-03-02,CONTROL
7630,Control,2024-04-24,CONTROL
7631,Control,2024-01-01,CONTROL
7632,Control,2024-05-13,CONTROL
7633,Treatment,2024-05-24,PROD-A
7634,Control,2024-03-04,CONTROL
7635,Control,2024-04-26,CONTROL
7636,Control,2024-06-04,CONTROL
7637,Treatment,2024-03-27,PROD-A
7638,Treatment,2024-03-03,PROD-A
7639,Control,2024-04-30,CONTROL
7640,Treatment,2024-02-23,PROD-A
7641,Treatment,2024-03-11,PROD-A
7642,Control,2024-05-06,CONTROL
7643,Control,2024-04-29,CONTROL
7644,Treatment,2024-01-01,PROD-A
7645,Treatment,2024-05-18,PROD-A
7646,Treatment,2024-05-30,PROD-A
7647,Control,2024-03-24,CONTROL
7648,Control,2024-01-11,CONTROL
7649,Treatment,2024-06-09,PROD-A
7650,Treatment,2024-04-26,PROD-A
7651,Treatment,2024-06-26,PROD-A
7652,Control,2024-02-11,CONTROL
7653,Control,2024-03-26,CONTROL
7654,Treatment,2024-01-10,PROD-A
7655,Treatment,2024-06-05,PROD-A
7656,Control,2024-05-30,CONTROL
7657,Control,2024-03-28,CONTROL
7658,Treatment,2024-04-11,PROD-A
7659,Control,2024-03-17,CONTROL
7660,Control,2024-04-11,CONTROL
7661,Control,2024-04-22,CONTROL
7662,Control,2024-04-04,CONTROL
7663,Treatment,2024-03-31,PROD-A
7664,Control,2024-03-13,CONTROL
7665,Treatment,2024-01-05,PROD-A
7666,Treatment,2024-03-13,PROD-A
7667,Control,2024-06-02,CONTROL
7668,Control,2024-01-22,CONTROL
7669,Treatment,2024-03-21,PROD-A
7670,Treatment,2024-04-28,PROD-A
7671,Control,2024-06-25,CONTROL
7672,Treatment,2024-05-13,PROD-A
7673,Treatment,2024-02-27,PROD-A
7674,Control,2024-01-12,CONTROL
7675,Treatment,2024-01-14,PROD-A
7676,Treatment,2024-01-09,PROD-A
7677,Treatment,2024-05-05,PROD-A
7678,Control,2024-01-14,CONTROL
7679,Treatment,2024-04-11,PROD-A
7680,Control,2024-05-27,CONTROL
7681,Treatment,2024-05-19,PROD-A
7682,Control,2024-01-21,CONTROL
7683,Control,2024-06-08,CONTROL
7684,Control,2024-06-09,CONTROL
7685,Treatment,2024-03-06,PROD-A
7686,Treatment,2024-03-07,PROD-A
7687,Control,2024-03-05,CONTROL
7688,Treatment,2024-06-28,PROD-A
7689,Treatment,2024-05-28,PROD-A
7690,Control,2024-05-08,CONTROL
7691,Treatment,2024-04-04,PROD-A
7692,Treatment,2024-01-02,PROD-A
7693,Treatment,2024-05-01,PROD-A
7694,Control,2024-05-20,CONTROL
7695,Control,2024-04-22,CONTROL
7696,Treatment,2024-01-04,PROD-A
7697,Treatment,2024-01-07,PROD-A
7698,Treatment,2024-06-23,PROD-A
7699,Control,2024-05-26,CONTROL
7700,Control,2024-03-20,CONTROL
7701,Treatment,2024-03-28,PROD-A
7702,Control,2024-06-07,CONTROL
7703,Treatment,2024-02-26,PROD-A
7704,Control,2024-06-25,CONTROL
7705,Control,2024-01-17,CONTROL
7706,Control,2024-05-05,CONTROL
7707,Treatment,2024-04-05,PROD-A
7708,Control,2024-03-16,CONTROL
7709,Treatment,2024-02-01,PROD-A
7710,Treatment,2024-06-24,PROD-A
7711,Control,2024-03-23,CONTROL
7712,Control,2024-03-03,CONTROL
7713,Treatment,2024-04-20,PROD-A
7714,Treatment,2024-05-23,PROD-A
7715,Treatment,2024-05-20,PROD-A
7716,Control,2024-06-22,CONTROL
7717,Treatment,2024-06-06,PROD-A
7718,Control,2024-06-17,CONTROL
7719,Treatment,2024-03-18,PROD-A
7720,Treatment,2024-03-16,PROD-A
7721,Control,2024-05-17,CONTROL
7722,Control,2024-02-14,CONTROL
7723,Control,2024-03-05,CONTROL
7724,Control,2024-06-05,CONTROL
7725,Treatment,2024-03-25,PROD-A
7726,Control,2024-02-12,CONTROL
7727,Control,2024-01-22,CONTROL
7728,Treatment,2024-01-22,PROD-A
7729,Treatment,2024-03-15,PROD-A
7730,Treatment,2024-05-28,PROD-A
7731,Control,2024-03-10,CONTROL
7732,Control,2024-04-02,CONTROL
7733,Control,2024-01-18,CONTROL
7734,Treatment,2024-04-13,PROD-A
7735,Control,2024-06-05,CONTROL
7736,Control,2024-03-03,CONTROL
7737,Treatment,2024-01-03,PROD-A
7738,Control,2024-03-22,CONTROL
7739,Treatment,2024-03-08,PROD-A
7740,Control,2024-03-09,CONTROL
7741,Treatment,2024-04-07,PROD-A
7742,Treatment,2024-02-23,PROD-A
7743,Control,2024-05-22,CONTROL
7744,Treatment,2024-03-07,PROD-A
7745,Treatment,2024-05-23,PROD-A
7746,Treatment,2024-02-12,PROD-A
7747,Control,2024-04-01,CONTROL
7748,Treatment,2024-06-25,PROD-A
7749,Control,2024-01-07,CONTROL
7750,Treatment,2024-01-19,PROD-A
7751,Control,2024-04-21,CONTROL
7752,Treatment,2024-06-28,PROD-A
7753,Treatment,2024-06-22,PROD-A
7754,Control,2024-04-27,CONTROL
7755,Treatment,2024-02-28,PROD-A
7756,Control,2024-02-10,CONTROL
7757,Treatment,2024-01-04,PROD-A
7758,Control,2024-06-18,CONTROL
7759,Treatment,2024-02-07,PROD-A
7760,Treatment,2024-01-05,PROD-A
7761,Control,2024-04-27,CONTROL
7762,Treatment,2024-05-03,PROD-A
7763,Treatment,2024-04-24,PROD-A
7764,Control,2024-02-26,CONTROL
7765,Treatment,2024-02-12,PROD-A
7766,Treatment,2024-01-02,PROD-A
7767,Treatment,2024-04-30,PROD-A
7768,Control,2024-01-10,CONTROL
7769,Control,2024-02-24,CONTROL
7770,Control,2024-06-18,CONTROL
7771,Treatment,2024-02-05,PROD-A
7772,Treatment,2024-05-21,PROD-A
7773,Treatment,2024-05-28,PROD-A
7774,Treatment,2024-02-05,PROD-A
7775,Treatment,2024-04-28,PROD-A
7776,Control,2024-06-28,CONTROL
7777,Control,2024-06-18,CONTROL
7778,Control,2024-03-06,CONTROL
7779,Treatment,2024-02-08,PROD-A
7780,Control,2024-05-14,CONTROL
7781,Treatment,2024-03-13,PROD-A
7782,Control,2024-03-20,CONTROL
7783,Treatment,2024-03-16,PROD-A
7784,Control,2024-04-14,CONTROL
7785,Control,2024-01-30,CONTROL
7786,Control,2024-04-17,CONTROL
7787,Treatment,2024-04-27,PROD-A
7788,Control,2024-03-09,CONTROL
7789,Treatment,2024-04-04,PROD-A
7790,Treatment,2024-03-13,PROD-A
7791,Treatment,2024-04-15,PROD-A
7792,Control,2024-05-19,CONTROL
7793,Control,2024-01-17,CONTROL
7794,Control,2024-04-06,CONTROL
7795,Treatment,2024-01-14,PROD-A
7796,Treatment,2024-05-18,PROD-A
7797,Control,2024-04-29,CONTROL
7798,Treatment,2024-04-14,PROD-A
7799,Treatment,2024-06-15,PROD-A
7800,Treatment,2024-02-20,PROD-A
7801,Treatment,2024-03-08,PROD-A
7802,Control,2024-06-06,CONTROL
7803,Control,2024-03-25,CONTROL
7804,Treatment,2024-04-27,PROD-A
7805,Control,2024-02-29,CONTROL
7806,Treatment,2024-02-02,PROD-A
7807,Control,2024-06-08,CONTROL
7808,Control,2024-02-14,CONTROL
7809,Treatment,2024-03-02,PROD-A
7810,Treatment,2024-02-20,PROD-A
7811,Control,2024-04-07,CONTROL
7812,Treatment,2024-03-22,PROD-A
7813,Control,2024-01-18,CONTROL
7814,Treatment,2024-06-05,PROD-A
7815,Treatment,2024-03-09,PROD-A
7816,Treatment,2024-01-08,PROD-A
7817,Control,2024-03-01,CONTROL
7818,Control,2024-05-27,CONTROL
7819,Treatment,2024-05-18,PROD-A
7820,Treatment,2024-02-07,PROD-A
7821,Control,2024-01-03,CONTROL
7822,Treatment,2024-03-28,PROD-A
7823,Treatment,2024-06-14,PROD-A
7824,Control,2024-01-06,CONTROL
7825,Treatment,2024-04-25,PROD-A
7826,Control,2024-02-09,CONTROL
7827,Treatment,2024-02-04,PROD-A
7828,Treatment,2024-02-17,PROD-A
7829,Treatment,2024-03-20,PROD-A
7830,Treatment,2024-05-01,PROD-A
7831,Control,2024-03-01,CONTROL
7832,Control,2024-05-01,CONTROL
7833,Treatment,2024-02-03,PROD-A
7834,Treatment,2024-02-13,PROD-A
7835,Control,2024-04-12,CONTROL
7836,Control,2024-05-12,CONTROL
7837,Control,2024-03-09,CONTROL
7838,Control,2024-03-13,CONTROL
7839,Treatment,2024-05-23,PROD-A
7840,Treatment,2024-01-01,PROD-A
7841,Control,2024-06-28,CONTROL
7842,Treatment,2024-06-21,PROD-A
7843,Control,2024-03-13,CONTROL
7844,Control,2024-03-06,CONTROL
7845,Treatment,2024-01-20,PROD-A
7846,Control,2024-05-26,CONTROL
7847,Treatment,2024-06-14,PROD-A
7848,Treatment,2024-02-03,PROD-A
7849,Treatment,2024-01-10,PROD-A
7850,Control,2024-05-01,CONTROL
7851,Treatment,2024-01-12,PROD-A
7852,Control,2024-06-04,CONTROL
7853,Control,2024-02-23,CONTROL
7854,Treatment,2024-05-29,PROD-A
7855,Control,2024-06-08,CONTROL
7856,Control,2024-05-20,CONTROL
7857,Treatment,2024-03-17,PROD-A
7858,Control,2024-05-23,CONTROL
7859,Control,2024-03-27,CONTROL
7860,Treatment,2024-01-29,PROD-A
7861,Treatment,2024-01-12,PROD-A
7862,Control,2024-04-05,CONTROL
7863,Control,2024-03-22,CONTROL
7864,Treatment,2024-03-07,PROD-A
7865,Control,2024-02-08,CONTROL
7866,Control,2024-01-25,CONTROL
7867,Treatment,2024-05-17,PROD-A
7868,Control,2024-05-05,CONTROL
7869,Control,2024-04-06,CONTROL
7870,Control,2024-06-13,CONTROL
7871,Control,2024-01-13,CONTROL
7872,Control,2024-03-23,CONTROL
7873,Control,2024-04-03,CONTROL
7874,Treatment,2024-01-16,PROD-A
7875,Control,2024-05-24,CONTROL
7876,Control,2024-06-18,CONTROL
7877,Treatment,2024-03-15,PROD-A
7878,Control,2024-03-07,CONTROL
7879,Treatment,2024-05-27,PROD-A
7880,Control,2024-04-01,CONTROL
7881,Treatment,2024-01-04,PROD-A
7882,Control,2024-04-20,CONTROL
7883,Treatment,2024-03-22,PROD-A
7884,Control,2024-05-15,CONTROL
7885,Treatment,2024-06-07,PROD-A
7886,Control,2024-03-21,CONTROL
7887,Treatment,2024-04-21,PROD-A
7888,Control,2024-01-28,CONTROL
7889,Treatment,2024-02-19,PROD-A
7890,Control,2024-03-22,CONTROL
7891,Treatment,2024-03-28,PROD-A
7892,Treatment,2024-06-11,PROD-A
7893,Control,2024-03-03,CONTROL
7894,Control,2024-03-16,CONTROL
7895,Control,2024-02-07,CONTROL
7896,Control,2024-03-25,CONTROL
7897,Control,2024-03-08,CONTROL
7898,Control,2024-01-01,CONTROL
7899,Control,2024-02-26,CONTROL
7900,Control,2024-01-08,CONTROL
7901,Control,2024-04-17,CONTROL
7902,Control,2024-06-06,CONTROL
7903,Treatment,2024-05-12,PROD-A
7904,Control,2024-01-10,CONTROL
7905,Treatment,2024-01-29,PROD-A
7906,Control,2024-04-11,CONTROL
7907,Control,2024-02-15,CONTROL
7908,Treatment,2024-01-27,PROD-A
7909,Treatment,2024-01-18,PROD-A
7910,Control,2024-03-17,CONTROL
7911,Treatment,2024-01-22,PROD-A
7912,Control,2024-01-11,CONTROL
7913,Control,2024-05-05,CONTROL
7914,Treatment,2024-04-23,PROD-A
7915,Control,2024-02-23,CONTROL
7916,Treatment,2024-06-04,PROD-A
7917,Control,2024-03-31,CONTROL
7918,Treatment,2024-01-25,PROD-A
7919,Control,2024-03-29,CONTROL
7920,Control,2024-06-01,CONTROL
7921,Treatment,2024-02-09,PROD-A
7922,Control,2024-05-12,CONTROL
7923,Control,2024-05-12,CONTROL
7924,Treatment,2024-02-05,PROD-A
7925,Control,2024-03-14,CONTROL
7926,Control,2024-05-27,CONTROL
7927,Control,2024-04-10,CONTROL
7928,Treatment,2024-03-03,PROD-A
7929,Control,2024-01-15,CONTROL
7930,Treatment,2024-01-09,PROD-A
7931,Treatment,2024-04-29,PROD-A
7932,Treatment,2024-04-17,PROD-A
7933,Control,2024-02-01,CONTROL
7934,Control,2024-04-25,CONTROL
7935,Control,2024-03-13,CONTROL
7936,Control,2024-01-21,CONTROL
7937,Control,2024-04-22,CONTROL
7938,Treatment,2024-05-06,PROD-A
7939,Control,2024-03-15,CONTROL
7940,Control,2024-04-21,CONTROL
7941,Control,2024-05-19,CONTROL
7942,Control,2024-04-11,CONTROL
7943,Control,2024-04-17,CONTROL
7944,Control,2024-02-17,CONTROL
7945,Treatment,2024-05-20,PROD-A
7946,Treatment,2024-05-15,PROD-A
7947,Control,2024-01-20,CONTROL
7948,Treatment,2024-05-06,PROD-A
7949,Control,2024-04-07,CONTROL
7950,Treatment,2024-03-17,PROD-A
7951,Treatment,2024-06-04,PROD-A
7952,Control,2024-06-23,CONTROL
7953,Control,2024-04-26,CONTROL
7954,Treatment,2024-05-31,PROD-A
7955,Treatment,2024-06-04,PROD-A
7956,Control,2024-04-12,CONTROL
7957,Control,2024-04-30,CONTROL
7958,Control,2024-02-03,CONTROL
7959,Treatment,2024-04-30,PROD-A
7960,Treatment,2024-06-13,PROD-A
7961,Control,2024-06-23,CONTROL
7962,Control,2024-03-19,CONTROL
7963,Treatment,2024-02-29,PROD-A
7964,Control,2024-01-13,CONTROL
7965,Control,2024-06-19,CONTROL
7966,Treatment,2024-05-29,PROD-A
7967,Control,2024-02-24,CONTROL
7968,Treatment,2024-03-04,PROD-A
7969,Treatment,2024-01-01,PROD-A
7970,Control,2024-05-27,CONTROL
7971,Control,2024-04-07,CONTROL
7972,Treatment,2024-01-26,PROD-A
7973,Treatment,2024-03-25,PROD-A
7974,Treatment,2024-01-21,PROD-A
7975,Treatment,2024-05-23,PROD-A
7976,Treatment,2024-04-09,PROD-A
7977,Control,2024-01-04,CONTROL
7978,Treatment,2024-05-16,PROD-A
7979,Treatment,2024-05-09,PROD-A
7980,Control,2024-03-15,CONTROL
7981,Treatment,2024-01-03,PROD-A
7982,Treatment,2024-04-08,PROD-A
7983,Control,2024-01-22,CONTROL
7984,Control,2024-04-21,CONTROL
7985,Treatment,2024-04-22,PROD-A
7986,Treatment,2024-03-22,PROD-A
7987,Control,2024-05-10,CONTROL
7988,Treatment,2024-03-14,PROD-A
7989,Treatment,2024-01-06,PROD-A
7990,Control,2024-03-11,CONTROL
7991,Treatment,2024-01-07,PROD-A
7992,Treatment,2024-02-17,PROD-A
7993,Treatment,2024-03-02,PROD-A
7994,Treatment,2024-06-04,PROD-A
7995,Control,2024-02-14,CONTROL
7996,Control,2024-03-03,CONTROL
7997,Treatment,2024-05-14,PROD-A
7998,Treatment,2024-05-30,PROD-A
7999,Control,2024-01-20,CONTROL
8000,Control,2024-01-20,CONTROL
8001,Treatment,2024-01-05,PROD-A
8002,Treatment,2024-03-16,PROD-A
8003,Control,2024-03-17,CONTROL
8004,Control,2024-06-10,CONTROL
8005,Treatment,2024-06-01,PROD-A
8006,Control,2024-03-16,CONTROL
8007,Treatment,2024-03-20,PROD-A
8008,Treatment,2024-02-01,PROD-A
8009,Control,2024-02-23,CONTROL
8010,Control,2024-04-17,CONTROL
8011,Treatment,2024-06-04,PROD-A
8012,Treatment,2024-03-03,PROD-A
8013,Treatment,2024-05-30,PROD-A
8014,Treatment,2024-01-26,PROD-A
8015,Treatment,2024-03-01,PROD-A
8016,Control,2024-06-17,CONTROL
8017,Control,2024-06-05,CONTROL
8018,Treatment,2024-03-29,PROD-A
8019,Treatment,2024-05-01,PROD-A
8020,Treatment,2024-05-06,PROD-A
8021,Treatment,2024-02-11,PROD-A
8022,Treatment,2024-04-16,PROD-A
8023,Control,2024-01-06,CONTROL
8024,Control,2024-01-02,CONTROL
8025,Treatment,2024-02-09,PROD-A
8026,Treatment,2024-03-29,PROD-A
8027,Treatment,2024-02-01,PROD-A
8028,Treatment,2024-05-21,PROD-A
8029,Treatment,2024-03-27,PROD-A
8030,Treatment,2024-03-07,PROD-A
8031,Treatment,2024-05-31,PROD-A
8032,Treatment,2024-04-20,PROD-A
8033,Control,2024-04-04,CONTROL
8034,Treatment,2024-04-21,PROD-A
8035,Control,2024-03-19,CONTROL
8036,Treatment,2024-06-06,PROD-A
8037,Treatment,2024-02-02,PROD-A
8038,Control,2024-02-13,CONTROL
8039,Control,2024-05-24,CONTROL
8040,Control,2024-05-24,CONTROL
8041,Treatment,2024-02-02,PROD-A
8042,Treatment,2024-02-05,PROD-A
8043,Control,2024-03-27,CONTROL
8044,Treatment,2024-01-29,PROD-A
8045,Treatment,2024-05-23,PROD-A
8046,Treatment,2024-02-02,PROD-A
8047,Treatment,2024-05-28,PROD-A
8048,Control,2024-05-27,CONTROL
8049,Treatment,2024-03-06,PROD-A
8050,Treatment,2024-02-12,PROD-A
8051,Treatment,2024-04-15,PROD-A
8052,Treatment,2024-03-09,PROD-A
8053,Control,2024-05-12,CONTROL
8054,Treatment,2024-06-01,PROD-A
8055,Treatment,2024-04-16,PROD-A
8056,Control,2024-03-25,CONTROL
8057,Control,2024-04-19,CONTROL
8058,Treatment,2024-06-13,PROD-A
8059,Control,2024-06-19,CONTROL
8060,Control,2024-05-27,CONTROL
8061,Treatment,2024-03-09,PROD-A
8062,Treatment,2024-03-22,PROD-A
8063,Control,2024-03-15,CONTROL
8064,Control,2024-06-05,CONTROL
8065,Control,2024-02-03,CONTROL
8066,Treatment,2024-01-21,PROD-A
8067,Control,2024-05-31,CONTROL
8068,Control,2024-04-05,CONTROL
8069,Treatment,2024-06-18,PROD-A
8070,Treatment,2024-06-24,PROD-A
8071,Control,2024-05-03,CONTROL
8072,Treatment,2024-02-28,PROD-A
8073,Treatment,2024-02-16,PROD-A
8074,Treatment,2024-06-23,PROD-A
8075,Treatment,2024-02-23,PROD-A
8076,Treatment,2024-02-12,PROD-A
8077,Treatment,2024-01-09,PROD-A
8078,Treatment,2024-05-09,PROD-A
8079,Treatment,2024-01-21,PROD-A
8080,Treatment,2024-04-29,PROD-A
8081,Control,2024-01-27,CONTROL
8082,Treatment,2024-03-02,PROD-A
8083,Control,2024-06-23,CONTROL
8084,Control,2024-03-31,CONTROL
8085,Treatment,2024-02-28,PROD-A
8086,Treatment,2024-05-25,PROD-A
8087,Control,2024-05-08,CONTROL
8088,Control,2024-03-30,CONTROL
8089,Control,2024-01-05,CONTROL
8090,Treatment,2024-03-10,PROD-A
8091,Control,2024-03-24,CONTROL
8092,Treatment,2024-02-25,PROD-A
8093,Treatment,2024-05-29,PROD-A
8094,Control,2024-03-02,CONTROL
8095,Treatment,2024-03-23,PROD-A
8096,Treatment,2024-02-12,PROD-A
8097,Control,2024-05-07,CONTROL
8098,Control,2024-01-11,CONTROL
8099,Control,2024-05-21,CONTROL
8100,Treatment,2024-05-06,PROD-A
8101,Treatment,2024-05-19,PROD-A
8102,Treatment,2024-04-27,PROD-A
8103,Control,2024-03-04,CONTROL
8104,Control,2024-02-09,CONTROL
8105,Treatment,2024-01-03,PROD-A
8106,Control,2024-01-07,CONTROL
8107,Treatment,2024-01-15,PROD-A
8108,Treatment,2024-04-16,PROD-A
8109,Treatment,2024-05-10,PROD-A
8110,Treatment,2024-01-21,PROD-A
8111,Treatment,2024-05-16,PROD-A
8112,Treatment,2024-01-05,PROD-A
8113,Treatment,2024-06-07,PROD-A
8114,Treatment,2024-04-14,PROD-A
8115,Treatment,2024-02-03,PROD-A
8116,Treatment,2024-04-04,PROD-A
8117,Control,2024-06-16,CONTROL
8118,Treatment,2024-01-16,PROD-A
8119,Control,2024-04-12,CONTROL
8120,Control,2024-05-10,CONTROL
8121,Control,2024-05-19,CONTROL
8122,Treatment,2024-04-05,PROD-A
8123,Treatment,2024-03-02,PROD-A
8124,Treatment,2024-03-10,PROD-A
8125,Control,2024-05-11,CONTROL
8126,Treatment,2024-06-28,PROD-A
8127,Control,2024-02-15,CONTROL
8128,Treatment,2024-01-06,PROD-A
8129,Treatment,2024-03-26,PROD-A
8130,Treatment,2024-02-15,PROD-A
8131,Treatment,2024-02-21,PROD-A
8132,Control,2024-04-01,CONTROL
8133,Treatment,2024-05-23,PROD-A
8134,Control,2024-01-12,CONTROL
8135,Control,2024-02-13,CONTROL
8136,Control,2024-02-02,CONTROL
8137,Control,2024-02-12,CONTROL
8138,Control,2024-03-29,CONTROL
8139,Treatment,2024-06-03,PROD-A
8140,Control,2024-03-16,CONTROL
8141,Treatment,2024-02-26,PROD-A
8142,Treatment,2024-05-20,PROD-A
8143,Treatment,2024-05-13,PROD-A
8144,Treatment,2024-06-08,PROD-A
8145,Treatment,2024-04-22,PROD-A
8146,Control,2024-05-08,CONTROL
8147,Control,2024-02-26,CONTROL
8148,Treatment,2024-04-12,PROD-A
8149,Treatment,2024-01-24,PROD-A
8150,Treatment,2024-01-19,PROD-A
8151,Control,2024-02-15,CONTROL
8152,Treatment,2024-01-26,PROD-A
8153,Treatment,2024-03-09,PROD-A
8154,Control,2024-03-23,CONTROL
8155,Treatment,2024-05-08,PROD-A
8156,Treatment,2024-01-24,PROD-A
8157,Treatment,2024-05-08,PROD-A
8158,Control,2024-05-17,CONTROL
8159,Treatment,2024-05-25,PROD-A
8160,Treatment,2024-01-11,PROD-A
8161,Control,2024-06-03,CONTROL
8162,Control,2024-06-20,CONTROL
8163,Treatment,2024-01-28,PROD-A
8164,Treatment,2024-06-03,PROD-A
8165,Treatment,2024-02-29,PROD-A
8166,Control,2024-02-28,CONTROL
8167,Control,2024-03-14,CONTROL
8168,Control,2024-02-06,CONTROL
8169,Treatment,2024-01-05,PROD-A
8170,Control,2024-05-23,CONTROL
8171,Control,2024-03-04,CONTROL
8172,Treatment,2024-03-24,PROD-A
8173,Control,2024-04-07,CONTROL
8174,Treatment,2024-04-14,PROD-A
8175,Treatment,2024-05-15,PROD-A
8176,Treatment,2024-02-02,PROD-A
8177,Control,2024-01-07,CONTROL
8178,Control,2024-06-09,CONTROL
8179,Treatment,2024-06-15,PROD-A
8180,Control,2024-03-24,CONTROL
8181,Treatment,2024-05-03,PROD-A
8182,Control,2024-05-25,CONTROL
8183,Control,2024-02-27,CONTROL
8184,Control,2024-02-22,CONTROL
8185,Control,2024-05-21,CONTROL
8186,Treatment,2024-02-07,PROD-A
8187,Control,2024-06-06,CONTROL
8188,Control,2024-05-25,CONTROL
8189,Control,2024-03-14,CONTROL
8190,Control,2024-01-02,CONTROL
8191,Control,2024-06-03,CONTROL
8192,Control,2024-01-04,CONTROL
8193,Treatment,2024-01-12,PROD-A
8194,Treatment,2024-06-20,PROD-A
8195,Control,2024-05-30,CONTROL
8196,Control,2024-03-24,CONTROL
8197,Treatment,2024-05-15,PROD-A
8198,Control,2024-05-07,CONTROL
8199,Control,2024-01-06,CONTROL
8200,Control,2024-06-27,CONTROL
8201,Treatment,2024-04-10,PROD-A
8202,Control,2024-03-23,CONTROL
8203,Treatment,2024-05-26,PROD-A
8204,Control,2024-02-16,CONTROL
8205,Control,2024-04-28,CONTROL
8206,Control,2024-06-15,CONTROL
8207,Control,2024-06-15,CONTROL
8208,Treatment,2024-05-11,PROD-A
8209,Treatment,2024-02-27,PROD-A
8210,Treatment,2024-04-19,PROD-A
8211,Control,2024-06-24,CONTROL
8212,Control,2024-05-11,CONTROL
8213,Treatment,2024-03-31,PROD-A
8214,Treatment,2024-06-14,PROD-A
8215,Control,2024-06-25,CONTROL
8216,Control,2024-01-08,CONTROL
8217,Treatment,2024-03-07,PROD-A
8218,Control,2024-01-05,CONTROL
8219,Control,2024-03-09,CONTROL
8220,Control,2024-03-11,CONTROL
8221,Treatment,2024-02-19,PROD-A
8222,Treatment,2024-04-28,PROD-A
8223,Treatment,2024-03-20,PROD-A
8224,Treatment,2024-06-08,PROD-A
8225,Control,2024-01-18,CONTROL
8226,Control,2024-04-01,CONTROL
8227,Treatment,2024-01-01,PROD-A
8228,Control,2024-01-31,CONTROL
8229,Treatment,2024-04-07,PROD-A
8230,Control,2024-04-29,CONTROL
8231,Control,2024-05-15,CONTROL
8232,Treatment,2024-02-21,PROD-A
8233,Treatment,2024-01-16,PROD-A
8234,Control,2024-04-01,CONTROL
8235,Control,2024-01-03,CONTROL
8236,Treatment,2024-05-15,PROD-A
8237,Treatment,2024-01-02,PROD-A
8238,Control,2024-01-27,CONTROL
8239,Treatment,2024-04-01,PROD-A
8240,Control,2024-04-14,CONTROL
8241,Control,2024-02-26,CONTROL
8242,Treatment,2024-05-25,PROD-A
8243,Control,2024-04-02,CONTROL
8244,Control,2024-03-02,CONTROL
8245,Control,2024-05-04,CONTROL
8246,Treatment,2024-05-30,PROD-A
8247,Control,2024-02-14,CONTROL
8248,Control,2024-01-01,CONTROL
8249,Treatment,2024-02-23,PROD-A
8250,Treatment,2024-01-05,PROD-A
8251,Treatment,2024-02-02,PROD-A
8252,Control,2024-01-08,CONTROL
8253,Treatment,2024-03-18,PROD-A
8254,Control,2024-03-11,CONTROL
8255,Treatment,2024-05-28,PROD-A
8256,Treatment,2024-02-22,PROD-A
8257,Control,2024-05-10,CONTROL
8258,Control,2024-05-18,CONTROL
8259,Control,2024-05-09,CONTROL
8260,Control,2024-04-04,CONTROL
8261,Control,2024-04-25,CONTROL
8262,Control,2024-02-08,CONTROL
8263,Control,2024-05-19,CONTROL
8264,Control,2024-04-03,CONTROL
8265,Treatment,2024-02-27,PROD-A
8266,Control,2024-03-14,CONTROL
8267,Treatment,2024-05-10,PROD-A
8268,Control,2024-01-01,CONTROL
8269,Treatment,2024-01-13,PROD-A
8270,Treatment,2024-04-19,PROD-A
8271,Treatment,2024-02-18,PROD-A
8272,Control,2024-01-03,CONTROL
8273,Treatment,2024-05-17,PROD-A
8274,Treatment,2024-02-21,PROD-A
8275,Treatment,2024-06-15,PROD-A
8276,Control,2024-03-17,CONTROL
8277,Treatment,2024-03-26,PROD-A
8278,Treatment,2024-05-12,PROD-A
8279,Control,2024-04-04,CONTROL
8280,Control,2024-04-15,CONTROL
8281,Treatment,2024-05-01,PROD-A
8282,Treatment,2024-06-19,PROD-A
8283,Treatment,2024-06-21,PROD-A
8284,Treatment,2024-03-14,PROD-A
8285,Treatment,2024-05-14,PROD-A
8286,Treatment,2024-04-04,PROD-A
8287,Treatment,2024-06-25,PROD-A
8288,Control,2024-01-30,CONTROL
8289,Treatment,2024-04-25,PROD-A
8290,Treatment,2024-05-30,PROD-A
8291,Control,2024-04-16,CONTROL
8292,Control,2024-04-07,CONTROL
8293,Control,2024-01-07,CONTROL
8294,Control,2024-01-05,CONTROL
8295,Treatment,2024-04-19,PROD-A
8296,Control,2024-02-17,CONTROL
8297,Control,2024-01-11,CONTROL
8298,Treatment,2024-04-14,PROD-A
8299,Control,2024-05-30,CONTROL
8300,Control,2024-01-24,CONTROL
8301,Control,2024-04-30,CONTROL
8302,Treatment,2024-01-05,PROD-A
8303,Treatment,2024-06-13,PROD-A
8304,Treatment,2024-05-19,PROD-A
8305,Control,2024-03-15,CONTROL
8306,Treatment,2024-03-27,PROD-A
8307,Treatment,2024-06-27,PROD-A
8308,Treatment,2024-04-10,PROD-A
8309,Treatment,2024-04-12,PROD-A
8310,Control,2024-03-09,CONTROL
8311,Control,2024-04-01,CONTROL
8312,Treatment,2024-01-21,PROD-A
8313,Control,2024-04-19,CONTROL
8314,Control,2024-02-25,CONTROL
8315,Control,2024-01-31,CONTROL
8316,Treatment,2024-06-26,PROD-A
8317,Control,2024-06-13,CONTROL
8318,Treatment,2024-03-30,PROD-A
8319,Treatment,2024-06-13,PROD-A
8320,Treatment,2024-05-26,PROD-A
8321,Control,2024-02-02,CONTROL
8322,Treatment,2024-04-09,PROD-A
8323,Treatment,2024-05-15,PROD-A
8324,Treatment,2024-04-17,PROD-A
8325,Treatment,2024-01-08,PROD-A
8326,Control,2024-01-21,CONTROL
8327,Treatment,2024-04-08,PROD-A
8328,Treatment,2024-04-06,PROD-A
8329,Treatment,2024-05-22,PROD-A
8330,Control,2024-01-18,CONTROL
8331,Control,2024-04-02,CONTROL
8332,Treatment,2024-02-08,PROD-A
8333,Treatment,2024-05-16,PROD-A
8334,Control,2024-04-13,CONTROL
8335,Control,2024-01-22,CONTROL
8336,Treatment,2024-02-28,PROD-A
8337,Treatment,2024-04-24,PROD-A
8338,Treatment,2024-01-14,PROD-A
8339,Control,2024-06-08,CONTROL
8340,Treatment,2024-04-15,PROD-A
8341,Control,2024-01-27,CONTROL
8342,Control,2024-03-17,CONTROL
8343,Treatment,2024-05-25,PROD-A
8344,Control,2024-03-29,CONTROL
8345,Control,2024-01-23,CONTROL
8346,Treatment,2024-02-20,PROD-A
8347,Control,2024-01-08,CONTROL
8348,Control,2024-03-29,CONTROL
8349,Treatment,2024-04-18,PROD-A
8350,Treatment,2024-05-03,PROD-A
8351,Control,2024-05-04,CONTROL
8352,Control,2024-04-27,CONTROL
8353,Control,2024-02-10,CONTROL
8354,Control,2024-05-11,CONTROL
8355,Treatment,2024-04-03,PROD-A
8356,Control,2024-01-31,CONTROL
8357,Control,2024-04-16,CONTROL
8358,Treatment,2024-03-17,PROD-A
8359,Treatment,2024-03-20,PROD-A
8360,Treatment,2024-01-08,PROD-A
8361,Treatment,2024-02-28,PROD-A
8362,Treatment,2024-05-25,PROD-A
8363,Treatment,2024-05-16,PROD-A
8364,Treatment,2024-01-21,PROD-A
8365,Control,2024-01-17,CONTROL
8366,Control,2024-05-24,CONTROL
8367,Treatment,2024-05-06,PROD-A
8368,Control,2024-04-15,CONTROL
8369,Treatment,2024-05-19,PROD-A
8370,Control,2024-05-30,CONTROL
8371,Control,2024-06-28,CONTROL
8372,Control,2024-05-21,CONTROL
8373,Treatment,2024-05-31,PROD-A
8374,Treatment,2024-06-13,PROD-A
8375,Control,2024-05-27,CONTROL
8376,Treatment,2024-05-25,PROD-A
8377,Control,2024-06-13,CONTROL
8378,Treatment,2024-02-13,PROD-A
8379,Treatment,2024-06-09,PROD-A
8380,Treatment,2024-04-19,PROD-A
8381,Control,2024-03-30,CONTROL
8382,Treatment,2024-05-28,PROD-A
8383,Control,2024-01-30,CONTROL
8384,Control,2024-01-12,CONTROL
8385,Treatment,2024-01-06,PROD-A
8386,Control,2024-01-19,CONTROL
8387,Treatment,2024-04-16,PROD-A
8388,Treatment,2024-01-17,PROD-A
8389,Control,2024-02-15,CONTROL
8390,Treatment,2024-01-01,PROD-A
8391,Control,2024-04-11,CONTROL
8392,Control,2024-03-24,CONTROL
8393,Treatment,2024-05-08,PROD-A
8394,Treatment,2024-02-03,PROD-A
8395,Treatment,2024-01-01,PROD-A
8396,Treatment,2024-03-26,PROD-A
8397,Treatment,2024-01-02,PROD-A
8398,Treatment,2024-03-24,PROD-A
8399,Control,2024-05-13,CONTROL
8400,Treatment,2024-01-05,PROD-A
8401,Control,2024-06-18,CONTROL
8402,Control,2024-04-02,CONTROL
8403,Treatment,2024-04-17,PROD-A
8404,Treatment,2024-06-19,PROD-A
8405,Control,2024-04-09,CONTROL
8406,Control,2024-01-05,CONTROL
8407,Control,2024-03-04,CONTROL
8408,Control,2024-05-07,CONTROL
8409,Control,2024-02-19,CONTROL
8410,Control,2024-02-04,CONTROL
8411,Control,2024-05-09,CONTROL
8412,Treatment,2024-04-02,PROD-A
8413,Treatment,2024-03-07,PROD-A
8414,Control,2024-01-04,CONTROL
8415,Treatment,2024-01-20,PROD-A
8416,Control,2024-01-09,CONTROL
8417,Control,2024-04-23,CONTROL
8418,Treatment,2024-04-04,PROD-A
8419,Treatment,2024-04-15,PROD-A
8420,Control,2024-02-13,CONTROL
8421,Treatment,2024-02-11,PROD-A
8422,Treatment,2024-02-27,PROD-A
8423,Treatment,2024-06-10,PROD-A
8424,Control,2024-06-05,CONTROL
8425,Treatment,2024-04-15,PROD-A
8426,Control,2024-06-05,CONTROL
8427,Treatment,2024-04-25,PROD-A
8428,Control,2024-03-10,CONTROL
8429,Treatment,2024-01-09,PROD-A
8430,Treatment,2024-01-22,PROD-A
8431,Treatment,2024-03-09,PROD-A
8432,Treatment,2024-01-27,PROD-A
8433,Control,2024-04-11,CONTROL
8434,Treatment,2024-04-13,PROD-A
8435,Treatment,2024-01-13,PROD-A
8436,Treatment,2024-03-03,PROD-A
8437,Control,2024-05-18,CONTROL
8438,Control,2024-06-27,CONTROL
8439,Treatment,2024-04-06,PROD-A
8440,Control,2024-02-18,CONTROL
8441,Treatment,2024-06-01,PROD-A
8442,Control,2024-03-16,CONTROL
8443,Treatment,2024-03-18,PROD-A
8444,Treatment,2024-01-10,PROD-A
8445,Control,2024-05-09,CONTROL
8446,Control,2024-03-24,CONTROL
8447,Control,2024-06-02,CONTROL
8448,Control,2024-04-27,CONTROL
8449,Treatment,2024-06-05,PROD-A
8450,Control,2024-05-22,CONTROL
8451,Control,2024-03-15,CONTROL
8452,Control,2024-03-18,CONTROL
8453,Control,2024-05-23,CONTROL
8454,Treatment,2024-02-10,PROD-A
8455,Control,2024-01-21,CONTROL
8456,Treatment,2024-06-17,PROD-A
8457,Treatment,2024-05-12,PROD-A
8458,Control,2024-02-16,CONTROL
8459,Treatment,2024-01-21,PROD-A
8460,Treatment,2024-06-11,PROD-A
8461,Treatment,2024-06-13,PROD-A
8462,Control,2024-03-28,CONTROL
8463,Control,2024-02-29,CONTROL
8464,Treatment,2024-05-10,PROD-A
8465,Treatment,2024-03-09,PROD-A
8466,Treatment,2024-03-16,PROD-A
8467,Control,2024-05-06,CONTROL
8468,Treatment,2024-06-18,PROD-A
8469,Treatment,2024-06-19,PROD-A
8470,Control,2024-06-03,CONTROL
8471,Treatment,2024-05-15,PROD-A
8472,Treatment,2024-04-04,PROD-A
8473,Treatment,2024-01-18,PROD-A
8474,Control,2024-01-14,CONTROL
8475,Treatment,2024-01-24,PROD-A
8476,Control,2024-03-07,CONTROL
8477,Control,2024-02-04,CONTROL
8478,Control,2024-03-29,CONTROL
8479,Treatment,2024-04-12,PROD-A
8480,Control,2024-02-09,CONTROL
8481,Treatment,2024-01-17,PROD-A
8482,Treatment,2024-03-06,PROD-A
8483,Treatment,2024-02-25,PROD-A
8484,Treatment,2024-01-15,PROD-A
8485,Treatment,2024-01-29,PROD-A
8486,Control,2024-04-28,CONTROL
8487,Control,2024-05-05,CONTROL
8488,Treatment,2024-02-09,PROD-A
8489,Control,2024-01-17,CONTROL
8490,Control,2024-06-02,CONTROL
8491,Control,2024-04-02,CONTROL
8492,Treatment,2024-03-01,PROD-A
8493,Control,2024-02-28,CONTROL
8494,Control,2024-04-03,CONTROL
8495,Treatment,2024-04-25,PROD-A
8496,Treatment,2024-01-28,PROD-A
8497,Control,2024-04-14,CONTROL
8498,Control,2024-03-31,CONTROL
8499,Treatment,2024-03-10,PROD-A
8500,Control,2024-03-02,CONTROL
8501,Control,2024-04-26,CONTROL
8502,Control,2024-06-27,CONTROL
8503,Control,2024-05-22,CONTROL
8504,Treatment,2024-02-17,PROD-A
8505,Control,2024-05-12,CONTROL
8506,Treatment,2024-02-21,PROD-A
8507,Treatment,2024-01-23,PROD-A
8508,Treatment,2024-04-12,PROD-A
8509,Treatment,2024-06-19,PROD-A
8510,Treatment,2024-06-17,PROD-A
8511,Control,2024-05-02,CONTROL
8512,Treatment,2024-02-20,PROD-A
8513,Treatment,2024-01-06,PROD-A
8514,Treatment,2024-01-24,PROD-A
8515,Treatment,2024-01-26,PROD-A
8516,Control,2024-03-13,CONTROL
8517,Treatment,2024-05-02,PROD-A
8518,Treatment,2024-02-07,PROD-A
8519,Treatment,2024-04-10,PROD-A
8520,Control,2024-03-10,CONTROL
8521,Treatment,2024-05-23,PROD-A
8522,Control,2024-05-25,CONTROL
8523,Control,2024-03-28,CONTROL
8524,Treatment,2024-03-06,PROD-A
8525,Treatment,2024-02-29,PROD-A
8526,Treatment,2024-04-29,PROD-A
8527,Treatment,2024-06-08,PROD-A
8528,Control,2024-02-11,CONTROL
8529,Treatment,2024-06-12,PROD-A
8530,Treatment,2024-01-01,PROD-A
8531,Control,2024-06-22,CONTROL
8532,Control,2024-06-13,CONTROL
8533,Treatment,2024-03-13,PROD-A
8534,Control,2024-05-15,CONTROL
8535,Treatment,2024-05-07,PROD-A
8536,Treatment,2024-05-24,PROD-A
8537,Control,2024-02-12,CONTROL
8538,Treatment,2024-05-29,PROD-A
8539,Control,2024-06-22,CONTROL
8540,Control,2024-03-10,CONTROL
8541,Control,2024-01-05,CONTROL
8542,Treatment,2024-03-05,PROD-A
8543,Treatment,2024-04-26,PROD-A
8544,Control,2024-06-01,CONTROL
8545,Control,2024-01-08,CONTROL
8546,Treatment,2024-02-04,PROD-A
8547,Treatment,2024-03-08,PROD-A
8548,Control,2024-05-23,CONTROL
8549,Control,2024-02-15,CONTROL
8550,Treatment,2024-05-03,PROD-A
8551,Treatment,2024-05-04,PROD-A
8552,Treatment,2024-01-07,PROD-A
8553,Control,2024-03-03,CONTROL
8554,Control,2024-06-18,CONTROL
8555,Control,2024-04-07,CONTROL
8556,Treatment,2024-04-09,PROD-A
8557,Treatment,2024-05-21,PROD-A
8558,Treatment,2024-05-16,PROD-A
8559,Control,2024-06-15,CONTROL
8560,Control,2024-06-04,CONTROL
8561,Control,2024-03-13,CONTROL
8562,Treatment,2024-06-19,PROD-A
8563,Control,2024-01-04,CONTROL
8564,Treatment,2024-04-28,PROD-A
8565,Control,2024-06-06,CONTROL
8566,Control,2024-05-31,CONTROL
8567,Control,2024-04-16,CONTROL
8568,Control,2024-03-16,CONTROL
8569,Treatment,2024-01-20,PROD-A
8570,Treatment,2024-04-17,PROD-A
8571,Treatment,2024-03-27,PROD-A
8572,Control,2024-06-07,CONTROL
8573,Control,2024-03-12,CONTROL
8574,Control,2024-06-26,CONTROL
8575,Control,2024-03-02,CONTROL
8576,Treatment,2024-04-17,PROD-A
8577,Treatment,2024-06-06,PROD-A
8578,Treatment,2024-06-22,PROD-A
8579,Treatment,2024-03-13,PROD-A
8580,Treatment,2024-05-24,PROD-A
8581,Treatment,2024-01-31,PROD-A
8582,Control,2024-02-13,CONTROL
8583,Treatment,2024-04-04,PROD-A
8584,Treatment,2024-05-09,PROD-A
8585,Treatment,2024-06-16,PROD-A
8586,Treatment,2024-05-12,PROD-A
8587,Control,2024-01-27,CONTROL
8588,Treatment,2024-04-12,PROD-A
8589,Control,2024-03-15,CONTROL
8590,Treatment,2024-05-09,PROD-A
8591,Treatment,2024-05-18,PROD-A
8592,Control,2024-06-09,CONTROL
8593,Control,2024-06-25,CONTROL
8594,Control,2024-02-17,CONTROL
8595,Control,2024-06-05,CONTROL
8596,Control,2024-05-22,CONTROL
8597,Treatment,2024-02-03,PROD-A
8598,Control,2024-01-29,CONTROL
8599,Treatment,2024-01-03,PROD-A
8600,Control,2024-05-12,CONTROL
8601,Treatment,2024-06-25,PROD-A
8602,Control,2024-05-16,CONTROL
8603,Treatment,2024-01-09,PROD-A
8604,Treatment,2024-04-01,PROD-A
8605,Treatment,2024-02-10,PROD-A
8606,Treatment,2024-02-29,PROD-A
8607,Control,2024-05-04,CONTROL
8608,Treatment,2024-02-28,PROD-A
8609,Control,2024-06-07,CONTROL
8610,Treatment,2024-04-12,PROD-A
8611,Control,2024-01-07,CONTROL
8612,Control,2024-04-18,CONTROL
8613,Control,2024-03-14,CONTROL
8614,Control,2024-03-29,CONTROL
8615,Treatment,2024-02-23,PROD-A
8616,Control,2024-01-27,CONTROL
8617,Treatment,2024-04-11,PROD-A
8618,Control,2024-01-15,CONTROL
8619,Treatment,2024-02-14,PROD-A
8620,Control,2024-02-12,CONTROL
8621,Treatment,2024-04-04,PROD-A
8622,Control,2024-04-25,CONTROL
8623,Control,2024-06-24,CONTROL
8624,Control,2024-01-13,CONTROL
8625,Treatment,2024-01-13,PROD-A
8626,Treatment,2024-05-10,PROD-A
8627,Treatment,2024-01-16,PROD-A
8628,Control,2024-05-18,CONTROL
8629,Treatment,2024-06-23,PROD-A
8630,Control,2024-06-24,CONTROL
8631,Treatment,2024-01-15,PROD-A
8632,Control,2024-03-15,CONTROL
8633,Control,2024-03-20,CONTROL
8634,Treatment,2024-03-16,PROD-A
8635,Control,2024-05-08,CONTROL
8636,Control,2024-04-24,CONTROL
8637,Treatment,2024-04-30,PROD-A
8638,Control,2024-02-06,CONTROL
8639,Treatment,2024-05-21,PROD-A
8640,Control,2024-02-05,CONTROL
8641,Treatment,2024-01-16,PROD-A
8642,Control,2024-06-06,CONTROL
8643,Treatment,2024-01-14,PROD-A
8644,Control,2024-05-06,CONTROL
8645,Treatment,2024-02-20,PROD-A
8646,Treatment,2024-01-08,PROD-A
8647,Treatment,2024-02-08,PROD-A
8648,Treatment,2024-06-05,PROD-A
8649,Treatment,2024-06-01,PROD-A
8650,Treatment,2024-06-22,PROD-A
8651,Control,2024-01-23,CONTROL
8652,Control,2024-02-04,CONTROL
8653,Treatment,2024-06-25,PROD-A
8654,Treatment,2024-02-14,PROD-A
8655,Control,2024-01-22,CONTROL
8656,Control,2024-01-31,CONTROL
8657,Treatment,2024-01-12,PROD-A
8658,Control,2024-04-18,CONTROL
8659,Treatment,2024-05-17,PROD-A
8660,Control,2024-02-19,CONTROL
8661,Treatment,2024-04-14,PROD-A
8662,Treatment,2024-04-28,PROD-A
8663,Treatment,2024-05-14,PROD-A
8664,Treatment,2024-05-07,PROD-A
8665,Treatment,2024-04-05,PROD-A
8666,Treatment,2024-04-16,PROD-A
8667,Treatment,2024-01-13,PROD-A
8668,Treatment,2024-04-09,PROD-A
8669,Control,2024-01-27,CONTROL
8670,Treatment,2024-02-02,PROD-A
8671,Treatment,2024-01-09,PROD-A
8672,Treatment,2024-04-08,PROD-A
8673,Control,2024-02-22,CONTROL
8674,Control,2024-06-13,CONTROL
8675,Control,2024-03-24,CONTROL
8676,Control,2024-01-06,CONTROL
8677,Treatment,2024-03-01,PROD-A
8678,Control,2024-02-18,CONTROL
8679,Treatment,2024-01-06,PROD-A
8680,Treatment,2024-03-25,PROD-A
8681,Control,2024-05-01,CONTROL
8682,Control,2024-04-28,CONTROL
8683,Treatment,2024-01-21,PROD-A
8684,Control,2024-02-20,CONTROL
8685,Treatment,2024-02-26,PROD-A
8686,Control,2024-02-03,CONTROL
8687,Control,2024-03-06,CONTROL
8688,Treatment,2024-03-18,PROD-A
8689,Treatment,2024-01-18,PROD-A
8690,Control,2024-06-05,CONTROL
8691,Control,2024-03-27,CONTROL
8692,Treatment,2024-06-25,PROD-A
8693,Control,2024-05-10,CONTROL
8694,Treatment,2024-04-07,PROD-A
8695,Control,2024-02-12,CONTROL
8696,Treatment,2024-01-15,PROD-A
8697,Control,2024-05-23,CONTROL
8698,Treatment,2024-01-01,PROD-A
8699,Treatment,2024-03-23,PROD-A
8700,Control,2024-04-11,CONTROL
8701,Treatment,2024-05-13,PROD-A
8702,Treatment,2024-06-21,PROD-A
8703,Treatment,2024-02-15,PROD-A
8704,Treatment,2024-02-20,PROD-A
8705,Treatment,2024-04-11,PROD-A
8706,Control,2024-01-24,CONTROL
8707,Treatment,2024-05-20,PROD-A
8708,Treatment,2024-06-11,PROD-A
8709,Control,2024-03-10,CONTROL
8710,Control,2024-06-11,CONTROL
8711,Treatment,2024-05-06,PROD-A
8712,Treatment,2024-03-31,PROD-A
8713,Control,2024-05-28,CONTROL
8714,Control,2024-06-03,CONTROL
8715,Control,2024-02-26,CONTROL
8716,Control,2024-02-29,CONTROL
8717,Control,2024-04-04,CONTROL
8718,Control,2024-06-04,CONTROL
8719,Control,2024-03-05,CONTROL
8720,Control,2024-04-23,CONTROL
8721,Treatment,2024-03-11,PROD-A
8722,Treatment,2024-02-03,PROD-A
8723,Treatment,2024-02-15,PROD-A
8724,Control,2024-01-05,CONTROL
8725,Control,2024-05-04,CONTROL
8726,Treatment,2024-01-05,PROD-A
8727,Treatment,2024-04-03,PROD-A
8728,Control,2024-02-08,CONTROL
8729,Control,2024-04-26,CONTROL
8730,Treatment,2024-03-27,PROD-A
8731,Treatment,2024-01-17,PROD-A
8732,Treatment,2024-03-28,PROD-A
8733,Treatment,2024-03-18,PROD-A
8734,Control,2024-06-17,CONTROL
8735,Control,2024-01-10,CONTROL
8736,Control,2024-05-01,CONTROL
8737,Treatment,2024-01-06,PROD-A
8738,Control,2024-03-02,CONTROL
8739,Treatment,2024-06-08,PROD-A
8740,Treatment,2024-04-17,PROD-A
8741,Treatment,2024-05-10,PROD-A
8742,Treatment,2024-05-24,PROD-A
8743,Treatment,2024-02-03,PROD-A
8744,Treatment,2024-01-30,PROD-A
8745,Control,2024-02-16,CONTROL
8746,Treatment,2024-05-19,PROD-A
8747,Treatment,2024-01-29,PROD-A
8748,Treatment,2024-02-24,PROD-A
8749,Control,2024-02-16,CONTROL
8750,Control,2024-03-22,CONTROL
8751,Treatment,2024-01-15,PROD-A
8752,Control,2024-02-01,CONTROL
8753,Treatment,2024-04-21,PROD-A
8754,Treatment,2024-02-17,PROD-A
8755,Control,2024-05-06,CONTROL
8756,Control,2024-01-24,CONTROL
8757,Treatment,2024-06-27,PROD-A
8758,Control,2024-06-10,CONTROL
8759,Control,2024-05-25,CONTROL
8760,Control,2024-02-08,CONTROL
8761,Treatment,2024-03-01,PROD-A
8762,Control,2024-05-14,CONTROL
8763,Control,2024-03-30,CONTROL
8764,Control,2024-03-27,CONTROL
8765,Treatment,2024-03-16,PROD-A
8766,Control,2024-05-06,CONTROL
8767,Control,2024-02-05,CONTROL
8768,Treatment,2024-01-06,PROD-A
8769,Treatment,2024-01-15,PROD-A
8770,Control,2024-03-24,CONTROL
8771,Control,2024-01-08,CONTROL
8772,Treatment,2024-05-29,PROD-A
8773,Treatment,2024-05-27,PROD-A
8774,Treatment,2024-06-13,PROD-A
8775,Treatment,2024-04-18,PROD-A
8776,Control,2024-01-03,CONTROL
8777,Control,2024-05-23,CONTROL
8778,Control,2024-05-22,CONTROL
8779,Control,2024-02-11,CONTROL
8780,Treatment,2024-06-16,PROD-A
8781,Control,2024-05-07,CONTROL
8782,Treatment,2024-01-26,PROD-A
8783,Control,2024-05-28,CONTROL
8784,Control,2024-02-01,CONTROL
8785,Treatment,2024-03-16,PROD-A
8786,Treatment,2024-01-07,PROD-A
8787,Treatment,2024-01-02,PROD-A
8788,Treatment,2024-05-18,PROD-A
8789,Treatment,2024-02-08,PROD-A
8790,Control,2024-02-04,CONTROL
8791,Control,2024-06-06,CONTROL
8792,Treatment,2024-04-05,PROD-A
8793,Treatment,2024-05-25,PROD-A
8794,Control,2024-03-17,CONTROL
8795,Treatment,2024-02-11,PROD-A
8796,Control,2024-02-22,CONTROL
8797,Control,2024-03-21,CONTROL
8798,Treatment,2024-05-30,PROD-A
8799,Treatment,2024-04-26,PROD-A
8800,Treatment,2024-01-02,PROD-A
8801,Control,2024-01-31,CONTROL
8802,Control,2024-03-29,CONTROL
8803,Treatment,2024-01-08,PROD-A
8804,Treatment,2024-01-30,PROD-A
8805,Treatment,2024-02-24,PROD-A
8806,Treatment,2024-04-22,PROD-A
8807,Control,2024-06-20,CONTROL
8808,Control,2024-06-27,CONTROL
8809,Treatment,2024-06-10,PROD-A
8810,Control,2024-01-22,CONTROL
8811,Treatment,2024-05-12,PROD-A
8812,Control,2024-05-20,CONTROL
8813,Control,2024-01-02,CONTROL
8814,Treatment,2024-05-11,PROD-A
8815,Control,2024-01-15,CONTROL
8816,Control,2024-02-20,CONTROL
8817,Treatment,2024-05-04,PROD-A
8818,Treatment,2024-05-14,PROD-A
8819,Control,2024-02-17,CONTROL
8820,Treatment,2024-04-26,PROD-A
8821,Treatment,2024-03-03,PROD-A
8822,Treatment,2024-06-28,PROD-A
8823,Control,2024-03-10,CONTROL
8824,Treatment,2024-01-01,PROD-A
8825,Control,2024-03-11,CONTROL
8826,Control,2024-04-23,CONTROL
8827,Treatment,2024-01-08,PROD-A
8828,Treatment,2024-01-23,PROD-A
8829,Treatment,2024-02-19,PROD-A
8830,Treatment,2024-06-17,PROD-A
8831,Treatment,2024-05-31,PROD-A
8832,Control,2024-03-12,CONTROL
8833,Treatment,2024-02-09,PROD-A
8834,Treatment,2024-03-07,PROD-A
8835,Treatment,2024-04-27,PROD-A
8836,Control,2024-05-29,CONTROL
8837,Control,2024-06-27,CONTROL
8838,Control,2024-06-17,CONTROL
8839,Treatment,2024-04-14,PROD-A
8840,Control,2024-02-08,CONTROL
8841,Treatment,2024-05-24,PROD-A
8842,Treatment,2024-06-10,PROD-A
8843,Treatment,2024-05-05,PROD-A
8844,Control,2024-03-16,CONTROL
8845,Treatment,2024-04-05,PROD-A
8846,Treatment,2024-02-28,PROD-A
8847,Treatment,2024-06-17,PROD-A
8848,Control,2024-05-04,CONTROL
8849,Treatment,2024-02-02,PROD-A
8850,Control,2024-01-28,CONTROL
8851,Treatment,2024-05-17,PROD-A
8852,Control,2024-04-28,CONTROL
8853,Treatment,2024-06-18,PROD-A
8854,Treatment,2024-02-24,PROD-A
8855,Control,2024-06-01,CONTROL
8856,Control,2024-04-25,CONTROL
8857,Control,2024-05-10,CONTROL
8858,Control,2024-05-25,CONTROL
8859,Control,2024-05-30,CONTROL
8860,Treatment,2024-02-24,PROD-A
8861,Treatment,2024-03-25,PROD-A
8862,Treatment,2024-06-08,PROD-A
8863,Control,2024-04-15,CONTROL
8864,Control,2024-05-04,CONTROL
8865,Control,2024-04-14,CONTROL
8866,Treatment,2024-06-04,PROD-A
8867,Control,2024-03-13,CONTROL
8868,Treatment,2024-01-04,PROD-A
8869,Treatment,2024-02-28,PROD-A
8870,Treatment,2024-03-01,PROD-A
8871,Control,2024-04-26,CONTROL
8872,Treatment,2024-06-27,PROD-A
8873,Treatment,2024-04-21,PROD-A
8874,Treatment,2024-06-01,PROD-A
8875,Control,2024-06-07,CONTROL
8876,Treatment,2024-06-15,PROD-A
8877,Control,2024-06-01,CONTROL
8878,Control,2024-01-03,CONTROL
8879,Control,2024-04-30,CONTROL
8880,Treatment,2024-04-17,PROD-A
8881,Control,2024-02-29,CONTROL
8882,Treatment,2024-02-06,PROD-A
8883,Control,2024-02-29,CONTROL
8884,Control,2024-03-16,CONTROL
8885,Control,2024-04-02,CONTROL
8886,Control,2024-06-15,CONTROL
8887,Treatment,2024-01-02,PROD-A
8888,Treatment,2024-04-06,PROD-A
8889,Control,2024-05-02,CONTROL
8890,Control,2024-02-26,CONTROL
8891,Treatment,2024-04-21,PROD-A
8892,Control,2024-05-03,CONTROL
8893,Control,2024-03-19,CONTROL
8894,Treatment,2024-01-17,PROD-A
8895,Treatment,2024-02-07,PROD-A
8896,Control,2024-06-03,CONTROL
8897,Control,2024-01-23,CONTROL
8898,Control,2024-06-28,CONTROL
8899,Treatment,2024-06-05,PROD-A
8900,Treatment,2024-03-30,PROD-A
8901,Treatment,2024-02-09,PROD-A
8902,Treatment,2024-06-22,PROD-A
8903,Treatment,2024-06-14,PROD-A
8904,Control,2024-02-27,CONTROL
8905,Treatment,2024-01-26,PROD-A
8906,Control,2024-01-27,CONTROL
8907,Control,2024-02-04,CONTROL
8908,Treatment,2024-05-09,PROD-A
8909,Control,2024-04-05,CONTROL
8910,Control,2024-02-13,CONTROL
8911,Treatment,2024-03-11,PROD-A
8912,Treatment,2024-06-20,PROD-A
8913,Control,2024-05-13,CONTROL
8914,Control,2024-01-05,CONTROL
8915,Treatment,2024-02-13,PROD-A
8916,Treatment,2024-05-29,PROD-A
8917,Control,2024-02-22,CONTROL
8918,Control,2024-05-13,CONTROL
8919,Treatment,2024-03-21,PROD-A
8920,Control,2024-01-06,CONTROL
8921,Control,2024-02-27,CONTROL
8922,Control,2024-04-18,CONTROL
8923,Treatment,2024-03-07,PROD-A
8924,Control,2024-06-09,CONTROL
8925,Treatment,2024-01-23,PROD-A
8926,Treatment,2024-02-29,PROD-A
8927,Control,2024-04-06,CONTROL
8928,Control,2024-06-20,CONTROL
8929,Control,2024-05-23,CONTROL
8930,Control,2024-03-22,CONTROL
8931,Treatment,2024-06-07,PROD-A
8932,Treatment,2024-06-10,PROD-A
8933,Treatment,2024-05-09,PROD-A
8934,Control,2024-01-16,CONTROL
8935,Control,2024-05-20,CONTROL
8936,Control,2024-05-09,CONTROL
8937,Control,2024-03-21,CONTROL
8938,Control,2024-05-21,CONTROL
8939,Control,2024-02-06,CONTROL
8940,Treatment,2024-01-31,PROD-A
8941,Treatment,2024-02-13,PROD-A
8942,Treatment,2024-01-22,PROD-A
8943,Control,2024-05-23,CONTROL
8944,Control,2024-02-26,CONTROL
8945,Treatment,2024-06-06,PROD-A
8946,Control,2024-01-03,CONTROL
8947,Control,2024-03-24,CONTROL
8948,Control,2024-02-09,CONTROL
8949,Control,2024-01-23,CONTROL
8950,Control,2024-06-19,CONTROL
8951,Control,2024-02-09,CONTROL
8952,Control,2024-04-02,CONTROL
8953,Treatment,2024-03-07,PROD-A
8954,Control,2024-05-22,CONTROL
8955,Control,2024-02-16,CONTROL
8956,Control,2024-06-05,CONTROL
8957,Treatment,2024-03-29,PROD-A
8958,Control,2024-05-25,CONTROL
8959,Control,2024-02-25,CONTROL
8960,Control,2024-04-17,CONTROL
8961,Treatment,2024-03-16,PROD-A
8962,Control,2024-04-07,CONTROL
8963,Treatment,2024-06-06,PROD-A
8964,Control,2024-04-26,CONTROL
8965,Treatment,2024-05-12,PROD-A
8966,Control,2024-06-26,CONTROL
8967,Control,2024-05-19,CONTROL
8968,Treatment,2024-01-20,PROD-A
8969,Treatment,2024-06-25,PROD-A
8970,Treatment,2024-06-18,PROD-A
8971,Control,2024-03-19,CONTROL
8972,Control,2024-01-12,CONTROL
8973,Treatment,2024-04-23,PROD-A
8974,Treatment,2024-05-30,PROD-A
8975,Control,2024-03-09,CONTROL
8976,Treatment,2024-06-05,PROD-A
8977,Control,2024-01-23,CONTROL
8978,Treatment,2024-03-21,PROD-A
8979,Treatment,2024-04-01,PROD-A
8980,Treatment,2024-01-01,PROD-A
8981,Control,2024-05-24,CONTROL
8982,Treatment,2024-05-14,PROD-A
8983,Control,2024-03-12,CONTROL
8984,Treatment,2024-05-28,PROD-A
8985,Treatment,2024-04-16,PROD-A
8986,Treatment,2024-02-24,PROD-A
8987,Control,2024-01-09,CONTROL
8988,Treatment,2024-06-05,PROD-A
8989,Treatment,2024-03-20,PROD-A
8990,Treatment,2024-04-21,PROD-A
8991,Treatment,2024-05-12,PROD-A
8992,Control,2024-05-01,CONTROL
8993,Control,2024-03-13,CONTROL
8994,Control,2024-04-25,CONTROL
8995,Treatment,2024-06-20,PROD-A
8996,Control,2024-02-11,CONTROL
8997,Treatment,2024-05-03,PROD-A
8998,Control,2024-06-13,CONTROL
8999,Treatment,2024-01-06,PROD-A
9000,Control,2024-03-20,CONTROL
9001,Control,2024-04-12,CONTROL
9002,Treatment,2024-05-23,PROD-A
9003,Control,2024-04-22,CONTROL
9004,Treatment,2024-06-18,PROD-A
9005,Treatment,2024-03-24,PROD-A
9006,Control,2024-02-20,CONTROL
9007,Control,2024-04-11,CONTROL
9008,Control,2024-05-08,CONTROL
9009,Control,2024-05-15,CONTROL
9010,Control,2024-05-06,CONTROL
9011,Treatment,2024-06-12,PROD-A
9012,Control,2024-06-17,CONTROL
9013,Control,2024-04-17,CONTROL
9014,Treatment,2024-02-20,PROD-A
9015,Treatment,2024-02-14,PROD-A
9016,Control,2024-02-05,CONTROL
9017,Control,2024-04-16,CONTROL
9018,Treatment,2024-02-24,PROD-A
9019,Control,2024-02-02,CONTROL
9020,Treatment,2024-03-27,PROD-A
9021,Treatment,2024-01-21,PROD-A
9022,Treatment,2024-03-03,PROD-A
9023,Control,2024-02-01,CONTROL
9024,Control,2024-05-05,CONTROL
9025,Control,2024-02-09,CONTROL
9026,Treatment,2024-05-04,PROD-A
9027,Treatment,2024-01-31,PROD-A
9028,Treatment,2024-04-10,PROD-A
9029,Treatment,2024-05-25,PROD-A
9030,Control,2024-04-03,CONTROL
9031,Control,2024-06-27,CONTROL
9032,Treatment,2024-05-04,PROD-A
9033,Treatment,2024-02-22,PROD-A
9034,Treatment,2024-04-01,PROD-A
9035,Treatment,2024-05-10,PROD-A
9036,Treatment,2024-03-09,PROD-A
9037,Treatment,2024-01-24,PROD-A
9038,Control,2024-05-31,CONTROL
9039,Control,2024-05-12,CONTROL
9040,Treatment,2024-01-02,PROD-A
9041,Control,2024-03-03,CONTROL
9042,Treatment,2024-05-31,PROD-A
9043,Treatment,2024-01-22,PROD-A
9044,Treatment,2024-04-13,PROD-A
9045,Treatment,2024-02-07,PROD-A
9046,Control,2024-03-14,CONTROL
9047,Treatment,2024-03-27,PROD-A
9048,Control,2024-01-19,CONTROL
9049,Control,2024-06-05,CONTROL
9050,Control,2024-05-11,CONTROL
9051,Treatment,2024-05-05,PROD-A
9052,Treatment,2024-05-28,PROD-A
9053,Control,2024-06-14,CONTROL
9054,Treatment,2024-05-30,PROD-A
9055,Control,2024-02-11,CONTROL
9056,Control,2024-05-29,CONTROL
9057,Control,2024-02-15,CONTROL
9058,Control,2024-03-01,CONTROL
9059,Treatment,2024-03-23,PROD-A
9060,Treatment,2024-01-27,PROD-A
9061,Treatment,2024-01-05,PROD-A
9062,Treatment,2024-05-21,PROD-A
9063,Treatment,2024-02-27,PROD-A
9064,Treatment,2024-01-18,PROD-A
9065,Treatment,2024-05-12,PROD-A
9066,Control,2024-06-10,CONTROL
9067,Control,2024-06-12,CONTROL
9068,Treatment,2024-03-09,PROD-A
9069,Control,2024-05-29,CONTROL
9070,Control,2024-02-26,CONTROL
9071,Control,2024-03-19,CONTROL
9072,Control,2024-03-03,CONTROL
9073,Control,2024-01-23,CONTROL
9074,Treatment,2024-05-11,PROD-A
9075,Treatment,2024-01-07,PROD-A
9076,Control,2024-05-11,CONTROL
9077,Control,2024-03-06,CONTROL
9078,Control,2024-01-19,CONTROL
9079,Control,2024-05-25,CONTROL
9080,Treatment,2024-02-24,PROD-A
9081,Control,2024-06-22,CONTROL
9082,Treatment,2024-04-18,PROD-A
9083,Control,2024-04-27,CONTROL
9084,Treatment,2024-06-01,PROD-A
9085,Treatment,2024-02-01,PROD-A
9086,Treatment,2024-01-04,PROD-A
9087,Control,2024-02-01,CONTROL
9088,Treatment,2024-06-26,PROD-A
9089,Treatment,2024-02-09,PROD-A
9090,Control,2024-04-20,CONTROL
9091,Treatment,2024-04-05,PROD-A
9092,Treatment,2024-04-09,PROD-A
9093,Treatment,2024-02-09,PROD-A
9094,Treatment,2024-04-29,PROD-A
9095,Treatment,2024-04-19,PROD-A
9096,Control,2024-04-14,CONTROL
9097,Treatment,2024-04-09,PROD-A
9098,Control,2024-01-03,CONTROL
9099,Treatment,2024-03-03,PROD-A
9100,Treatment,2024-02-03,PROD-A
9101,Treatment,2024-05-21,PROD-A
9102,Control,2024-05-17,CONTROL
9103,Control,2024-03-16,CONTROL
9104,Treatment,2024-06-18,PROD-A
9105,Treatment,2024-03-23,PROD-A
9106,Treatment,2024-05-09,PROD-A
9107,Control,2024-01-19,CONTROL
9108,Treatment,2024-06-02,PROD-A
9109,Control,2024-04-29,CONTROL
9110,Control,2024-03-30,CONTROL
9111,Control,2024-03-30,CONTROL
9112,Control,2024-03-24,CONTROL
9113,Treatment,2024-04-14,PROD-A
9114,Control,2024-03-16,CONTROL
9115,Control,2024-06-18,CONTROL
9116,Treatment,2024-06-27,PROD-A
9117,Control,2024-05-31,CONTROL
9118,Control,2024-04-08,CONTROL
9119,Treatment,2024-01-12,PROD-A
9120,Treatment,2024-05-09,PROD-A
9121,Control,2024-02-06,CONTROL
9122,Control,2024-01-18,CONTROL
9123,Control,2024-04-23,CONTROL
9124,Control,2024-03-09,CONTROL
9125,Control,2024-04-09,CONTROL
9126,Treatment,2024-05-15,PROD-A
9127,Treatment,2024-06-19,PROD-A
9128,Treatment,2024-01-21,PROD-A
9129,Control,2024-02-15,CONTROL
9130,Control,2024-02-12,CONTROL
9131,Control,2024-01-10,CONTROL
9132,Control,2024-03-01,CONTROL
9133,Treatment,2024-06-22,PROD-A
9134,Control,2024-03-01,CONTROL
9135,Treatment,2024-05-11,PROD-A
9136,Control,2024-03-23,CONTROL
9137,Treatment,2024-05-08,PROD-A
9138,Control,2024-06-22,CONTROL
9139,Treatment,2024-02-25,PROD-A
9140,Treatment,2024-05-15,PROD-A
9141,Control,2024-01-04,CONTROL
9142,Control,2024-02-11,CONTROL
9143,Treatment,2024-03-11,PROD-A
9144,Treatment,2024-05-08,PROD-A
9145,Treatment,2024-04-19,PROD-A
9146,Treatment,2024-02-21,PROD-A
9147,Treatment,2024-06-25,PROD-A
9148,Control,2024-04-04,CONTROL
9149,Treatment,2024-01-01,PROD-A
9150,Treatment,2024-02-18,PROD-A
9151,Control,2024-04-24,CONTROL
9152,Treatment,2024-01-04,PROD-A
9153,Treatment,2024-06-08,PROD-A
9154,Control,2024-05-13,CONTROL
9155,Control,2024-05-08,CONTROL
9156,Treatment,2024-01-07,PROD-A
9157,Control,2024-06-12,CONTROL
9158,Treatment,2024-01-06,PROD-A
9159,Treatment,2024-04-16,PROD-A
9160,Treatment,2024-04-15,PROD-A
9161,Control,2024-05-16,CONTROL
9162,Treatment,2024-03-10,PROD-A
9163,Treatment,2024-06-07,PROD-A
9164,Treatment,2024-03-14,PROD-A
9165,Control,2024-03-01,CONTROL
9166,Control,2024-04-12,CONTROL
9167,Treatment,2024-01-05,PROD-A
9168,Treatment,2024-02-17,PROD-A
9169,Treatment,2024-02-14,PROD-A
9170,Treatment,2024-02-29,PROD-A
9171,Treatment,2024-01-15,PROD-A
9172,Treatment,2024-04-20,PROD-A
9173,Control,2024-03-05,CONTROL
9174,Treatment,2024-01-28,PROD-A
9175,Control,2024-01-01,CONTROL
9176,Treatment,2024-03-21,PROD-A
9177,Treatment,2024-03-13,PROD-A
9178,Control,2024-01-18,CONTROL
9179,Treatment,2024-03-28,PROD-A
9180,Control,2024-06-28,CONTROL
9181,Treatment,2024-04-06,PROD-A
9182,Treatment,2024-06-15,PROD-A
9183,Treatment,2024-04-17,PROD-A
9184,Control,2024-05-16,CONTROL
9185,Treatment,2024-04-30,PROD-A
9186,Control,2024-05-14,CONTROL
9187,Treatment,2024-03-26,PROD-A
9188,Control,2024-06-27,CONTROL
9189,Control,2024-03-21,CONTROL
9190,Treatment,2024-01-24,PROD-A
9191,Control,2024-04-12,CONTROL
9192,Treatment,2024-04-29,PROD-A
9193,Control,2024-02-16,CONTROL
9194,Control,2024-03-23,CONTROL
9195,Treatment,2024-03-06,PROD-A
9196,Control,2024-01-01,CONTROL
9197,Treatment,2024-06-17,PROD-A
9198,Treatment,2024-03-08,PROD-A
9199,Treatment,2024-03-01,PROD-A
9200,Treatment,2024-04-28,PROD-A
9201,Control,2024-06-09,CONTROL
9202,Treatment,2024-01-25,PROD-A
9203,Treatment,2024-01-17,PROD-A
9204,Control,2024-05-12,CONTROL
9205,Control,2024-03-10,CONTROL
9206,Control,2024-05-06,CONTROL
9207,Control,2024-04-18,CONTROL
9208,Control,2024-02-28,CONTROL
9209,Treatment,2024-05-23,PROD-A
9210,Treatment,2024-01-07,PROD-A
9211,Treatment,2024-03-22,PROD-A
9212,Control,2024-01-04,CONTROL
9213,Treatment,2024-05-11,PROD-A
9214,Control,2024-01-19,CONTROL
9215,Control,2024-03-05,CONTROL
9216,Treatment,2024-04-24,PROD-A
9217,Control,2024-04-14,CONTROL
9218,Treatment,2024-01-17,PROD-A
9219,Treatment,2024-06-14,PROD-A
9220,Control,2024-01-08,CONTROL
9221,Control,2024-04-04,CONTROL
9222,Control,2024-05-15,CONTROL
9223,Treatment,2024-05-03,PROD-A
9224,Treatment,2024-03-25,PROD-A
9225,Treatment,2024-02-16,PROD-A
9226,Control,2024-04-10,CONTROL
9227,Treatment,2024-03-08,PROD-A
9228,Control,2024-05-20,CONTROL
9229,Treatment,2024-01-31,PROD-A
9230,Control,2024-03-19,CONTROL
9231,Control,2024-06-20,CONTROL
9232,Control,2024-06-25,CONTROL
9233,Control,2024-04-30,CONTROL
9234,Treatment,2024-06-04,PROD-A
9235,Treatment,2024-06-23,PROD-A
9236,Control,2024-02-07,CONTROL
9237,Treatment,2024-06-08,PROD-A
9238,Treatment,2024-06-14,PROD-A
9239,Treatment,2024-01-03,PROD-A
9240,Control,2024-04-30,CONTROL
9241,Treatment,2024-03-10,PROD-A
9242,Control,2024-04-11,CONTROL
9243,Treatment,2024-05-24,PROD-A
9244,Treatment,2024-03-24,PROD-A
9245,Control,2024-05-13,CONTROL
9246,Control,2024-03-29,CONTROL
9247,Control,2024-03-11,CONTROL
9248,Control,2024-03-29,CONTROL
9249,Treatment,2024-05-13,PROD-A
9250,Control,2024-06-19,CONTROL
9251,Treatment,2024-04-11,PROD-A
9252,Control,2024-04-21,CONTROL
9253,Treatment,2024-06-13,PROD-A
9254,Treatment,2024-05-22,PROD-A
9255,Treatment,2024-01-22,PROD-A
9256,Treatment,2024-01-09,PROD-A
9257,Treatment,2024-03-19,PROD-A
9258,Treatment,2024-06-16,PROD-A
9259,Treatment,2024-04-08,PROD-A
9260,Treatment,2024-04-08,PROD-A
9261,Control,2024-03-11,CONTROL
9262,Control,2024-01-16,CONTROL
9263,Control,2024-01-08,CONTROL
9264,Treatment,2024-04-20,PROD-A
9265,Treatment,2024-04-11,PROD-A
9266,Control,2024-05-07,CONTROL
9267,Treatment,2024-05-14,PROD-A
9268,Control,2024-02-10,CONTROL
9269,Treatment,2024-05-16,PROD-A
9270,Treatment,2024-05-09,PROD-A
9271,Treatment,2024-03-11,PROD-A
9272,Treatment,2024-04-07,PROD-A
9273,Treatment,2024-05-03,PROD-A
9274,Treatment,2024-04-01,PROD-A
9275,Treatment,2024-05-05,PROD-A
9276,Control,2024-02-16,CONTROL
9277,Control,2024-01-29,CONTROL
9278,Treatment,2024-01-07,PROD-A
9279,Treatment,2024-06-15,PROD-A
9280,Treatment,2024-04-10,PROD-A
9281,Treatment,2024-03-30,PROD-A
9282,Control,2024-05-27,CONTROL
9283,Treatment,2024-02-27,PROD-A
9284,Control,2024-02-18,CONTROL
9285,Control,2024-04-01,CONTROL
9286,Treatment,2024-02-19,PROD-A
9287,Treatment,2024-05-07,PROD-A
9288,Treatment,2024-01-27,PROD-A
9289,Control,2024-01-24,CONTROL
9290,Control,2024-02-21,CONTROL
9291,Control,2024-02-12,CONTROL
9292,Control,2024-02-23,CONTROL
9293,Treatment,2024-05-21,PROD-A
9294,Treatment,2024-01-08,PROD-A
9295,Treatment,2024-05-23,PROD-A
9296,Control,2024-02-26,CONTROL
9297,Control,2024-06-14,CONTROL
9298,Treatment,2024-04-07,PROD-A
9299,Control,2024-02-27,CONTROL
9300,Control,2024-05-23,CONTROL
9301,Treatment,2024-03-05,PROD-A
9302,Control,2024-01-17,CONTROL
9303,Treatment,2024-02-25,PROD-A
9304,Control,2024-01-01,CONTROL
9305,Control,2024-04-24,CONTROL
9306,Treatment,2024-04-07,PROD-A
9307,Control,2024-04-25,CONTROL
9308,Treatment,2024-06-03,PROD-A
9309,Treatment,2024-01-10,PROD-A
9310,Treatment,2024-06-26,PROD-A
9311,Treatment,2024-05-11,PROD-A
9312,Treatment,2024-02-16,PROD-A
9313,Control,2024-01-18,CONTROL
9314,Treatment,2024-05-06,PROD-A
9315,Treatment,2024-04-14,PROD-A
9316,Control,2024-06-27,CONTROL
9317,Treatment,2024-02-25,PROD-A
9318,Treatment,2024-06-13,PROD-A
9319,Control,2024-03-19,CONTROL
9320,Control,2024-02-24,CONTROL
9321,Control,2024-02-22,CONTROL
9322,Treatment,2024-01-21,PROD-A
9323,Treatment,2024-02-04,PROD-A
9324,Control,2024-05-28,CONTROL
9325,Control,2024-06-11,CONTROL
9326,Control,2024-06-13,CONTROL
9327,Control,2024-01-23,CONTROL
9328,Control,2024-02-23,CONTROL
9329,Treatment,2024-03-15,PROD-A
9330,Treatment,2024-05-08,PROD-A
9331,Control,2024-03-05,CONTROL
9332,Control,2024-05-10,CONTROL
9333,Treatment,2024-01-30,PROD-A
9334,Treatment,2024-05-25,PROD-A
9335,Treatment,2024-03-18,PROD-A
9336,Treatment,2024-05-25,PROD-A
9337,Treatment,2024-02-14,PROD-A
9338,Control,2024-01-25,CONTROL
9339,Control,2024-04-23,CONTROL
9340,Treatment,2024-03-01,PROD-A
9341,Treatment,2024-05-10,PROD-A
9342,Control,2024-02-06,CONTROL
9343,Control,2024-02-09,CONTROL
9344,Treatment,2024-01-24,PROD-A
9345,Control,2024-02-14,CONTROL
9346,Control,2024-03-23,CONTROL
9347,Control,2024-04-01,CONTROL
9348,Treatment,2024-05-31,PROD-A
9349,Control,2024-01-21,CONTROL
9350,Treatment,2024-01-03,PROD-A
9351,Treatment,2024-02-13,PROD-A
9352,Treatment,2024-02-17,PROD-A
9353,Control,2024-06-28,CONTROL
9354,Treatment,2024-01-23,PROD-A
9355,Treatment,2024-01-08,PROD-A
9356,Control,2024-02-21,CONTROL
9357,Treatment,2024-06-04,PROD-A
9358,Treatment,2024-01-19,PROD-A
9359,Control,2024-02-11,CONTROL
9360,Treatment,2024-05-02,PROD-A
9361,Treatment,2024-02-28,PROD-A
9362,Treatment,2024-01-12,PROD-A
9363,Control,2024-01-07,CONTROL
9364,Control,2024-06-22,CONTROL
9365,Control,2024-04-11,CONTROL
9366,Control,2024-01-30,CONTROL
9367,Treatment,2024-01-29,PROD-A
9368,Treatment,2024-06-17,PROD-A
9369,Treatment,2024-01-21,PROD-A
9370,Control,2024-03-15,CONTROL
9371,Treatment,2024-05-31,PROD-A
9372,Control,2024-03-26,CONTROL
9373,Treatment,2024-05-30,PROD-A
9374,Treatment,2024-01-01,PROD-A
9375,Treatment,2024-01-30,PROD-A
9376,Control,2024-06-25,CONTROL
9377,Control,2024-02-22,CONTROL
9378,Treatment,2024-01-24,PROD-A
9379,Control,2024-01-08,CONTROL
9380,Treatment,2024-04-25,PROD-A
9381,Treatment,2024-05-04,PROD-A
9382,Treatment,2024-03-10,PROD-A
9383,Control,2024-06-02,CONTROL
9384,Treatment,2024-02-21,PROD-A
9385,Treatment,2024-05-31,PROD-A
9386,Control,2024-02-13,CONTROL
9387,Control,2024-02-10,CONTROL
9388,Control,2024-06-19,CONTROL
9389,Control,2024-06-25,CONTROL
9390,Treatment,2024-06-02,PROD-A
9391,Control,2024-05-20,CONTROL
9392,Control,2024-05-19,CONTROL
9393,Control,2024-04-01,CONTROL
9394,Treatment,2024-02-20,PROD-A
9395,Control,2024-01-23,CONTROL
9396,Control,2024-06-28,CONTROL
9397,Treatment,2024-02-12,PROD-A
9398,Treatment,2024-05-01,PROD-A
9399,Treatment,2024-01-02,PROD-A
9400,Control,2024-06-17,CONTROL
9401,Control,2024-05-25,CONTROL
9402,Control,2024-03-15,CONTROL
9403,Control,2024-06-24,CONTROL
9404,Control,2024-06-21,CONTROL
9405,Treatment,2024-05-31,PROD-A
9406,Control,2024-03-15,CONTROL
9407,Control,2024-04-24,CONTROL
9408,Control,2024-05-30,CONTROL
9409,Treatment,2024-04-28,PROD-A
9410,Treatment,2024-01-23,PROD-A
9411,Treatment,2024-05-11,PROD-A
9412,Treatment,2024-06-11,PROD-A
9413,Treatment,2024-03-30,PROD-A
9414,Control,2024-03-17,CONTROL
9415,Treatment,2024-05-27,PROD-A
9416,Treatment,2024-01-05,PROD-A
9417,Control,2024-02-12,CONTROL
9418,Treatment,2024-06-18,PROD-A
9419,Control,2024-05-05,CONTROL
9420,Treatment,2024-01-08,PROD-A
9421,Control,2024-02-24,CONTROL
9422,Control,2024-05-10,CONTROL
9423,Control,2024-03-17,CONTROL
9424,Treatment,2024-01-25,PROD-A
9425,Control,2024-04-15,CONTROL
9426,Control,2024-01-11,CONTROL
9427,Treatment,2024-03-01,PROD-A
9428,Treatment,2024-05-27,PROD-A
9429,Control,2024-06-20,CONTROL
9430,Control,2024-03-06,CONTROL
9431,Treatment,2024-04-20,PROD-A
9432,Treatment,2024-03-27,PROD-A
9433,Treatment,2024-06-26,PROD-A
9434,Control,2024-01-03,CONTROL
9435,Control,2024-03-07,CONTROL
9436,Control,2024-01-27,CONTROL
9437,Control,2024-02-07,CONTROL
9438,Treatment,2024-02-03,PROD-A
9439,Control,2024-04-21,CONTROL
9440,Treatment,2024-02-26,PROD-A
9441,Treatment,2024-02-11,PROD-A
9442,Treatment,2024-03-30,PROD-A
9443,Treatment,2024-01-05,PROD-A
9444,Treatment,2024-06-20,PROD-A
9445,Treatment,2024-04-01,PROD-A
9446,Treatment,2024-03-30,PROD-A
9447,Treatment,2024-06-06,PROD-A
9448,Control,2024-01-14,CONTROL
9449,Treatment,2024-01-27,PROD-A
9450,Control,2024-05-13,CONTROL
9451,Treatment,2024-02-14,PROD-A
9452,Treatment,2024-05-11,PROD-A
9453,Control,2024-01-28,CONTROL
9454,Control,2024-06-15,CONTROL
9455,Control,2024-06-04,CONTROL
9456,Control,2024-01-07,CONTROL
9457,Control,2024-04-20,CONTROL
9458,Control,2024-02-03,CONTROL
9459,Treatment,2024-02-28,PROD-A
9460,Treatment,2024-01-03,PROD-A
9461,Control,2024-05-31,CONTROL
9462,Control,2024-03-23,CONTROL
9463,Treatment,2024-05-26,PROD-A
9464,Treatment,2024-04-02,PROD-A
9465,Control,2024-02-17,CONTROL
9466,Treatment,2024-05-08,PROD-A
9467,Treatment,2024-04-02,PROD-A
9468,Treatment,2024-01-13,PROD-A
9469,Control,2024-01-21,CONTROL
9470,Control,2024-06-07,CONTROL
9471,Control,2024-05-25,CONTROL
9472,Treatment,2024-06-13,PROD-A
9473,Control,2024-06-07,CONTROL
9474,Control,2024-03-23,CONTROL
9475,Treatment,2024-05-05,PROD-A
9476,Control,2024-04-14,CONTROL
9477,Treatment,2024-03-13,PROD-A
9478,Treatment,2024-03-26,PROD-A
9479,Control,2024-06-22,CONTROL
9480,Control,2024-03-06,CONTROL
9481,Control,2024-01-30,CONTROL
9482,Control,2024-05-16,CONTROL
9483,Control,2024-02-15,CONTROL
9484,Treatment,2024-05-19,PROD-A
9485,Control,2024-01-12,CONTROL
9486,Treatment,2024-05-21,PROD-A
9487,Treatment,2024-04-04,PROD-A
9488,Treatment,2024-04-12,PROD-A
9489,Control,2024-02-07,CONTROL
9490,Treatment,2024-05-27,PROD-A
9491,Control,2024-04-05,CONTROL
9492,Control,2024-03-28,CONTROL
9493,Control,2024-02-25,CONTROL
9494,Treatment,2024-03-23,PROD-A
9495,Control,2024-06-22,CONTROL
9496,Treatment,2024-05-06,PROD-A
9497,Control,2024-03-04,CONTROL
9498,Treatment,2024-05-26,PROD-A
9499,Control,2024-02-07,CONTROL
9500,Control,2024-01-10,CONTROL
9501,Treatment,2024-04-10,PROD-A
9502,Treatment,2024-04-28,PROD-A
9503,Treatment,2024-04-27,PROD-A
9504,Control,2024-02-03,CONTROL
9505,Control,2024-03-03,CONTROL
9506,Control,2024-01-27,CONTROL
9507,Control,2024-06-01,CONTROL
9508,Control,2024-03-09,CONTROL
9509,Treatment,2024-01-30,PROD-A
9510,Control,2024-02-03,CONTROL
9511,Control,2024-03-19,CONTROL
9512,Control,2024-01-19,CONTROL
9513,Control,2024-04-04,CONTROL
9514,Control,2024-03-04,CONTROL
9515,Treatment,2024-03-13,PROD-A
9516,Treatment,2024-01-09,PROD-A
9517,Treatment,2024-05-16,PROD-A
9518,Control,2024-03-11,CONTROL
9519,Treatment,2024-06-24,PROD-A
9520,Control,2024-01-10,CONTROL
9521,Treatment,2024-03-08,PROD-A
9522,Treatment,2024-06-25,PROD-A
9523,Treatment,2024-01-22,PROD-A
9524,Control,2024-05-24,CONTROL
9525,Treatment,2024-06-19,PROD-A
9526,Control,2024-06-17,CONTROL
9527,Control,2024-04-05,CONTROL
9528,Treatment,2024-03-04,PROD-A
9529,Control,2024-06-17,CONTROL
9530,Treatment,2024-05-03,PROD-A
9531,Treatment,2024-06-17,PROD-A
9532,Control,2024-02-21,CONTROL
9533,Treatment,2024-01-09,PROD-A
9534,Control,2024-06-03,CONTROL
9535,Treatment,2024-02-29,PROD-A
9536,Control,2024-04-27,CONTROL
9537,Control,2024-03-26,CONTROL
9538,Control,2024-06-24,CONTROL
9539,Control,2024-03-22,CONTROL
9540,Control,2024-03-27,CONTROL
9541,Treatment,2024-05-31,PROD-A
9542,Treatment,2024-04-09,PROD-A
9543,Control,2024-01-21,CONTROL
9544,Control,2024-03-02,CONTROL
9545,Treatment,2024-01-14,PROD-A
9546,Treatment,2024-06-16,PROD-A
9547,Treatment,2024-05-13,PROD-A
9548,Control,2024-06-14,CONTROL
9549,Control,2024-01-24,CONTROL
9550,Treatment,2024-04-01,PROD-A
9551,Treatment,2024-01-06,PROD-A
9552,Treatment,2024-03-19,PROD-A
9553,Control,2024-02-07,CONTROL
9554,Treatment,2024-01-20,PROD-A
9555,Treatment,2024-05-25,PROD-A
9556,Treatment,2024-02-23,PROD-A
9557,Treatment,2024-03-07,PROD-A
9558,Control,2024-04-06,CONTROL
9559,Control,2024-05-05,CONTROL
9560,Treatment,2024-06-06,PROD-A
9561,Treatment,2024-06-28,PROD-A
9562,Control,2024-01-24,CONTROL
9563,Treatment,2024-02-01,PROD-A
9564,Control,2024-05-11,CONTROL
9565,Control,2024-05-14,CONTROL
9566,Control,2024-05-26,CONTROL
9567,Control,2024-03-22,CONTROL
9568,Control,2024-04-06,CONTROL
9569,Treatment,2024-04-02,PROD-A
9570,Treatment,2024-04-15,PROD-A
9571,Treatment,2024-02-19,PROD-A
9572,Treatment,2024-06-11,PROD-A
9573,Treatment,2024-06-01,PROD-A
9574,Control,2024-04-01,CONTROL
9575,Control,2024-02-26,CONTROL
9576,Control,2024-02-08,CONTROL
9577,Treatment,2024-03-05,PROD-A
9578,Treatment,2024-04-21,PROD-A
9579,Treatment,2024-02-03,PROD-A
9580,Control,2024-04-11,CONTROL
9581,Treatment,2024-06-09,PROD-A
9582,Control,2024-05-24,CONTROL
9583,Control,2024-06-26,CONTROL
9584,Treatment,2024-03-31,PROD-A
9585,Control,2024-06-17,CONTROL
9586,Treatment,2024-06-26,PROD-A
9587,Control,2024-04-27,CONTROL
9588,Treatment,2024-05-12,PROD-A
9589,Treatment,2024-02-15,PROD-A
9590,Treatment,2024-05-28,PROD-A
9591,Control,2024-05-13,CONTROL
9592,Control,2024-05-24,CONTROL
9593,Treatment,2024-06-05,PROD-A
9594,Treatment,2024-05-25,PROD-A
9595,Treatment,2024-02-18,PROD-A
9596,Treatment,2024-03-05,PROD-A
9597,Control,2024-01-02,CONTROL
9598,Control,2024-06-12,CONTROL
9599,Treatment,2024-04-14,PROD-A
9600,Treatment,2024-03-04,PROD-A
9601,Treatment,2024-01-28,PROD-A
9602,Treatment,2024-02-10,PROD-A
9603,Treatment,2024-03-24,PROD-A
9604,Treatment,2024-02-05,PROD-A
9605,Treatment,2024-01-05,PROD-A
9606,Control,2024-02-25,CONTROL
9607,Treatment,2024-04-08,PROD-A
9608,Treatment,2024-05-21,PROD-A
9609,Treatment,2024-06-25,PROD-A
9610,Treatment,2024-03-23,PROD-A
9611,Treatment,2024-01-12,PROD-A
9612,Treatment,2024-02-29,PROD-A
9613,Control,2024-04-18,CONTROL
9614,Control,2024-04-18,CONTROL
9615,Treatment,2024-05-16,PROD-A
9616,Treatment,2024-01-02,PROD-A
9617,Treatment,2024-03-16,PROD-A
9618,Control,2024-01-09,CONTROL
9619,Treatment,2024-04-15,PROD-A
9620,Control,2024-02-14,CONTROL
9621,Treatment,2024-05-06,PROD-A
9622,Control,2024-02-27,CONTROL
9623,Treatment,2024-04-16,PROD-A
9624,Control,2024-04-13,CONTROL
9625,Control,2024-02-24,CONTROL
9626,Control,2024-02-02,CONTROL
9627,Treatment,2024-02-27,PROD-A
9628,Treatment,2024-03-04,PROD-A
9629,Control,2024-03-12,CONTROL
9630,Control,2024-06-21,CONTROL
9631,Control,2024-02-27,CONTROL
9632,Treatment,2024-05-14,PROD-A
9633,Control,2024-05-02,CONTROL
9634,Control,2024-02-06,CONTROL
9635,Control,2024-02-17,CONTROL
9636,Treatment,2024-03-17,PROD-A
9637,Treatment,2024-06-24,PROD-A
9638,Control,2024-01-19,CONTROL
9639,Control,2024-02-15,CONTROL
9640,Treatment,2024-03-08,PROD-A
9641,Control,2024-01-21,CONTROL
9642,Control,2024-03-21,CONTROL
9643,Control,2024-02-16,CONTROL
9644,Treatment,2024-02-07,PROD-A
9645,Control,2024-04-24,CONTROL
9646,Control,2024-06-14,CONTROL
9647,Treatment,2024-03-06,PROD-A
9648,Treatment,2024-03-24,PROD-A
9649,Control,2024-05-10,CONTROL
9650,Control,2024-06-07,CONTROL
9651,Treatment,2024-04-28,PROD-A
9652,Control,2024-02-18,CONTROL
9653,Treatment,2024-06-10,PROD-A
9654,Control,2024-04-03,CONTROL
9655,Control,2024-03-30,CONTROL
9656,Control,2024-01-02,CONTROL
9657,Treatment,2024-01-26,PROD-A
9658,Control,2024-06-09,CONTROL
9659,Treatment,2024-02-03,PROD-A
9660,Control,2024-06-26,CONTROL
9661,Control,2024-02-13,CONTROL
9662,Treatment,2024-03-06,PROD-A
9663,Treatment,2024-06-11,PROD-A
9664,Control,2024-04-29,CONTROL
9665,Control,2024-04-05,CONTROL
9666,Treatment,2024-03-10,PROD-A
9667,Control,2024-06-11,CONTROL
9668,Control,2024-05-07,CONTROL
9669,Control,2024-04-21,CONTROL
9670,Control,2024-01-27,CONTROL
9671,Treatment,2024-06-16,PROD-A
9672,Treatment,2024-05-07,PROD-A
9673,Control,2024-04-10,CONTROL
9674,Treatment,2024-02-10,PROD-A
9675,Treatment,2024-02-27,PROD-A
9676,Treatment,2024-04-01,PROD-A
9677,Treatment,2024-02-17,PROD-A
9678,Treatment,2024-02-05,PROD-A
9679,Treatment,2024-02-03,PROD-A
9680,Treatment,2024-06-01,PROD-A
9681,Control,2024-03-09,CONTROL
9682,Treatment,2024-06-10,PROD-A
9683,Control,2024-06-11,CONTROL
9684,Treatment,2024-04-15,PROD-A
9685,Treatment,2024-05-04,PROD-A
9686,Control,2024-02-02,CONTROL
9687,Control,2024-02-15,CONTROL
9688,Control,2024-05-02,CONTROL
9689,Treatment,2024-05-09,PROD-A
9690,Control,2024-06-13,CONTROL
9691,Control,2024-04-23,CONTROL
9692,Control,2024-01-10,CONTROL
9693,Control,2024-05-02,CONTROL
9694,Control,2024-05-19,CONTROL
9695,Treatment,2024-01-25,PROD-A
9696,Control,2024-03-30,CONTROL
9697,Treatment,2024-04-02,PROD-A
9698,Control,2024-02-15,CONTROL
9699,Treatment,2024-03-27,PROD-A
9700,Treatment,2024-05-18,PROD-A
9701,Treatment,2024-03-13,PROD-A
9702,Treatment,2024-02-19,PROD-A
9703,Control,2024-02-15,CONTROL
9704,Treatment,2024-04-26,PROD-A
9705,Treatment,2024-03-30,PROD-A
9706,Treatment,2024-04-22,PROD-A
9707,Treatment,2024-05-23,PROD-A
9708,Treatment,2024-05-20,PROD-A
9709,Control,2024-04-08,CONTROL
9710,Treatment,2024-02-03,PROD-A
9711,Control,2024-05-12,CONTROL
9712,Treatment,2024-03-01,PROD-A
9713,Control,2024-02-07,CONTROL
9714,Treatment,2024-06-05,PROD-A
9715,Control,2024-04-05,CONTROL
9716,Treatment,2024-06-16,PROD-A
9717,Treatment,2024-01-13,PROD-A
9718,Treatment,2024-05-27,PROD-A
9719,Control,2024-05-30,CONTROL
9720,Treatment,2024-06-18,PROD-A
9721,Control,2024-05-21,CONTROL
9722,Control,2024-01-22,CONTROL
9723,Treatment,2024-05-03,PROD-A
9724,Control,2024-03-19,CONTROL
9725,Control,2024-05-04,CONTROL
9726,Control,2024-03-11,CONTROL
9727,Treatment,2024-05-19,PROD-A
9728,Control,2024-03-02,CONTROL
9729,Control,2024-05-14,CONTROL
9730,Treatment,2024-05-10,PROD-A
9731,Control,2024-04-01,CONTROL
9732,Treatment,2024-04-19,PROD-A
9733,Treatment,2024-01-02,PROD-A
9734,Control,2024-01-21,CONTROL
9735,Control,2024-05-06,CONTROL
9736,Control,2024-05-16,CONTROL
9737,Control,2024-03-20,CONTROL
9738,Control,2024-04-27,CONTROL
9739,Control,2024-06-27,CONTROL
9740,Control,2024-06-27,CONTROL
9741,Treatment,2024-04-17,PROD-A
9742,Control,2024-03-23,CONTROL
9743,Treatment,2024-02-25,PROD-A
9744,Treatment,2024-02-21,PROD-A
9745,Control,2024-05-21,CONTROL
9746,Treatment,2024-04-20,PROD-A
9747,Control,2024-04-06,CONTROL
9748,Treatment,2024-05-04,PROD-A
9749,Treatment,2024-03-17,PROD-A
9750,Treatment,2024-06-15,PROD-A
9751,Treatment,2024-02-17,PROD-A
9752,Control,2024-05-26,CONTROL
9753,Treatment,2024-02-20,PROD-A
9754,Control,2024-05-05,CONTROL
9755,Treatment,2024-04-08,PROD-A
9756,Control,2024-06-02,CONTROL
9757,Control,2024-05-28,CONTROL
9758,Control,2024-02-11,CONTROL
9759,Treatment,2024-04-07,PROD-A
9760,Treatment,2024-03-28,PROD-A
9761,Treatment,2024-05-22,PROD-A
9762,Control,2024-02-13,CONTROL
9763,Treatment,2024-03-10,PROD-A
9764,Treatment,2024-04-27,PROD-A
9765,Control,2024-03-03,CONTROL
9766,Treatment,2024-03-12,PROD-A
9767,Control,2024-02-03,CONTROL
9768,Treatment,2024-04-30,PROD-A
9769,Control,2024-01-09,CONTROL
9770,Control,2024-01-19,CONTROL
9771,Control,2024-06-02,CONTROL
9772,Control,2024-06-12,CONTROL
9773,Control,2024-03-27,CONTROL
9774,Control,2024-05-25,CONTROL
9775,Treatment,2024-01-19,PROD-A
9776,Control,2024-01-01,CONTROL
9777,Treatment,2024-03-27,PROD-A
9778,Treatment,2024-04-09,PROD-A
9779,Control,2024-04-15,CONTROL
9780,Control,2024-06-11,CONTROL
9781,Treatment,2024-05-15,PROD-A
9782,Control,2024-04-13,CONTROL
9783,Control,2024-04-27,CONTROL
9784,Treatment,2024-03-17,PROD-A
9785,Treatment,2024-04-23,PROD-A
9786,Control,2024-04-19,CONTROL
9787,Treatment,2024-01-19,PROD-A
9788,Control,2024-05-20,CONTROL
9789,Control,2024-01-02,CONTROL
9790,Control,2024-01-19,CONTROL
9791,Treatment,2024-04-14,PROD-A
9792,Control,2024-01-25,CONTROL
9793,Control,2024-06-03,CONTROL
9794,Treatment,2024-05-25,PROD-A
9795,Treatment,2024-03-29,PROD-A
9796,Control,2024-03-04,CONTROL
9797,Treatment,2024-05-01,PROD-A
9798,Control,2024-02-13,CONTROL
9799,Control,2024-02-17,CONTROL
9800,Treatment,2024-04-22,PROD-A
9801,Control,2024-05-04,CONTROL
9802,Treatment,2024-01-07,PROD-A
9803,Control,2024-01-26,CONTROL
9804,Control,2024-03-10,CONTROL
9805,Control,2024-05-22,CONTROL
9806,Treatment,2024-05-25,PROD-A
9807,Control,2024-05-11,CONTROL
9808,Control,2024-02-05,CONTROL
9809,Control,2024-03-23,CONTROL
9810,Treatment,2024-05-11,PROD-A
9811,Treatment,2024-05-11,PROD-A
9812,Control,2024-04-24,CONTROL
9813,Control,2024-03-21,CONTROL
9814,Control,2024-04-03,CONTROL
9815,Control,2024-03-30,CONTROL
9816,Treatment,2024-03-31,PROD-A
9817,Control,2024-02-22,CONTROL
9818,Treatment,2024-06-01,PROD-A
9819,Control,2024-06-08,CONTROL
9820,Control,2024-02-20,CONTROL
9821,Control,2024-05-22,CONTROL
9822,Treatment,2024-06-16,PROD-A
9823,Control,2024-03-19,CONTROL
9824,Control,2024-04-02,CONTROL
9825,Treatment,2024-04-25,PROD-A
9826,Control,2024-03-11,CONTROL
9827,Control,2024-02-26,CONTROL
9828,Treatment,2024-02-02,PROD-A
9829,Treatment,2024-02-26,PROD-A
9830,Control,2024-03-27,CONTROL
9831,Treatment,2024-02-15,PROD-A
9832,Control,2024-03-28,CONTROL
9833,Control,2024-05-27,CONTROL
9834,Control,2024-06-22,CONTROL
9835,Control,2024-02-12,CONTROL
9836,Treatment,2024-05-02,PROD-A
9837,Control,2024-03-25,CONTROL
9838,Control,2024-05-22,CONTROL
9839,Control,2024-05-31,CONTROL
9840,Treatment,2024-05-31,PROD-A
9841,Control,2024-03-09,CONTROL
9842,Treatment,2024-03-15,PROD-A
9843,Control,2024-03-29,CONTROL
9844,Treatment,2024-04-25,PROD-A
9845,Treatment,2024-04-02,PROD-A
9846,Treatment,2024-03-12,PROD-A
9847,Treatment,2024-02-23,PROD-A
9848,Treatment,2024-05-28,PROD-A
9849,Treatment,2024-03-14,PROD-A
9850,Control,2024-01-12,CONTROL
9851,Control,2024-03-25,CONTROL
9852,Control,2024-06-14,CONTROL
9853,Treatment,2024-02-16,PROD-A
9854,Treatment,2024-02-20,PROD-A
9855,Control,2024-04-11,CONTROL
9856,Control,2024-02-04,CONTROL
9857,Control,2024-06-17,CONTROL
9858,Treatment,2024-03-07,PROD-A
9859,Treatment,2024-05-10,PROD-A
9860,Control,2024-03-27,CONTROL
9861,Control,2024-05-20,CONTROL
9862,Treatment,2024-05-24,PROD-A
9863,Treatment,2024-04-27,PROD-A
9864,Control,2024-06-13,CONTROL
9865,Control,2024-04-03,CONTROL
9866,Treatment,2024-03-17,PROD-A
9867,Control,2024-02-25,CONTROL
9868,Treatment,2024-03-04,PROD-A
9869,Control,2024-06-11,CONTROL
9870,Treatment,2024-02-02,PROD-A
9871,Treatment,2024-01-28,PROD-A
9872,Treatment,2024-02-18,PROD-A
9873,Control,2024-03-21,CONTROL
9874,Control,2024-04-10,CONTROL
9875,Treatment,2024-05-29,PROD-A
9876,Treatment,2024-06-20,PROD-A
9877,Control,2024-05-28,CONTROL
9878,Control,2024-06-19,CONTROL
9879,Control,2024-01-31,CONTROL
9880,Control,2024-04-22,CONTROL
9881,Treatment,2024-03-30,PROD-A
9882,Control,2024-02-28,CONTROL
9883,Control,2024-05-05,CONTROL
9884,Control,2024-05-29,CONTROL
9885,Treatment,2024-03-07,PROD-A
9886,Control,2024-05-09,CONTROL
9887,Control,2024-04-10,CONTROL
9888,Treatment,2024-03-19,PROD-A
9889,Treatment,2024-04-09,PROD-A
9890,Treatment,2024-06-28,PROD-A
9891,Control,2024-04-22,CONTROL
9892,Treatment,2024-01-07,PROD-A
9893,Treatment,2024-02-29,PROD-A
9894,Treatment,2024-01-05,PROD-A
9895,Treatment,2024-06-28,PROD-A
9896,Treatment,2024-03-24,PROD-A
9897,Treatment,2024-06-08,PROD-A
9898,Control,2024-05-28,CONTROL
9899,Control,2024-01-13,CONTROL
9900,Control,2024-04-04,CONTROL
9901,Treatment,2024-05-28,PROD-A
9902,Control,2024-04-18,CONTROL
9903,Control,2024-01-10,CONTROL
9904,Treatment,2024-04-05,PROD-A
9905,Treatment,2024-01-23,PROD-A
9906,Treatment,2024-01-17,PROD-A
9907,Control,2024-02-24,CONTROL
9908,Control,2024-06-07,CONTROL
9909,Control,2024-02-26,CONTROL
9910,Control,2024-04-02,CONTROL
9911,Treatment,2024-02-13,PROD-A
9912,Treatment,2024-05-01,PROD-A
9913,Treatment,2024-01-27,PROD-A
9914,Treatment,2024-02-20,PROD-A
9915,Treatment,2024-05-24,PROD-A
9916,Control,2024-04-02,CONTROL
9917,Treatment,2024-03-21,PROD-A
9918,Control,2024-02-16,CONTROL
9919,Treatment,2024-04-26,PROD-A
9920,Control,2024-04-28,CONTROL
9921,Treatment,2024-01-10,PROD-A
9922,Treatment,2024-05-08,PROD-A
9923,Control,2024-06-26,CONTROL
9924,Treatment,2024-06-17,PROD-A
9925,Control,2024-04-03,CONTROL
9926,Treatment,2024-04-02,PROD-A
9927,Control,2024-04-02,CONTROL
9928,Treatment,2024-04-20,PROD-A
9929,Treatment,2024-01-04,PROD-A
9930,Treatment,2024-03-29,PROD-A
9931,Control,2024-02-28,CONTROL
9932,Treatment,2024-02-18,PROD-A
9933,Treatment,2024-01-08,PROD-A
9934,Control,2024-01-24,CONTROL
9935,Control,2024-04-19,CONTROL
9936,Control,2024-04-09,CONTROL
9937,Control,2024-06-24,CONTROL
9938,Treatment,2024-02-10,PROD-A
9939,Control,2024-02-08,CONTROL
9940,Control,2024-04-02,CONTROL
9941,Control,2024-02-25,CONTROL
9942,Control,2024-04-14,CONTROL
9943,Control,2024-06-28,CONTROL
9944,Control,2024-02-07,CONTROL
9945,Treatment,2024-02-22,PROD-A
9946,Control,2024-02-01,CONTROL
9947,Treatment,2024-03-14,PROD-A
9948,Treatment,2024-03-21,PROD-A
9949,Treatment,2024-04-17,PROD-A
9950,Control,2024-05-13,CONTROL
9951,Control,2024-03-07,CONTROL
9952,Control,2024-01-24,CONTROL
9953,Treatment,2024-01-21,PROD-A
9954,Treatment,2024-06-04,PROD-A
9955,Treatment,2024-06-11,PROD-A
9956,Treatment,2024-02-15,PROD-A
9957,Treatment,2024-01-23,PROD-A
9958,Control,2024-03-08,CONTROL
9959,Treatment,2024-01-10,PROD-A
9960,Control,2024-03-26,CONTROL
9961,Treatment,2024-02-23,PROD-A
9962,Control,2024-04-13,CONTROL
9963,Control,2024-02-17,CONTROL
9964,Control,2024-04-13,CONTROL
9965,Control,2024-04-22,CONTROL
9966,Control,2024-05-16,CONTROL
9967,Treatment,2024-04-25,PROD-A
9968,Control,2024-04-10,CONTROL
9969,Control,2024-04-21,CONTROL
9970,Control,2024-01-10,CONTROL
9971,Treatment,2024-02-23,PROD-A
9972,Treatment,2024-04-03,PROD-A
9973,Control,2024-02-21,CONTROL
9974,Control,2024-02-02,CONTROL
9975,Control,2024-01-12,CONTROL
9976,Control,2024-01-13,CONTROL
9977,Treatment,2024-02-17,PROD-A
9978,Treatment,2024-01-10,PROD-A
9979,Control,2024-01-06,CONTROL
9980,Treatment,2024-04-02,PROD-A
9981,Control,2024-01-08,CONTROL
9982,Treatment,2024-01-08,PROD-A
9983,Treatment,2024-03-31,PROD-A
9984,Control,2024-03-14,CONTROL
9985,Treatment,2024-04-03,PROD-A
9986,Control,2024-06-13,CONTROL
9987,Control,2024-03-19,CONTROL
9988,Control,2024-01-10,CONTROL
9989,Treatment,2024-03-16,PROD-A
9990,Control,2024-03-11,CONTROL
9991,Treatment,2024-01-26,PROD-A
9992,Control,2024-01-05,CONTROL
9993,Treatment,2024-04-11,PROD-A
9994,Control,2024-04-30,CONTROL
9995,Control,2024-04-26,CONTROL
9996,Control,2024-05-19,CONTROL
9997,Control,2024-04-15,CONTROL
9998,Control,2024-03-26,CONTROL
9999,Control,2024-03-02,CONTROL
10000,Treatment,2024-01-12,PROD-A
