Participant_ID,Visit_Name,Visit_Date
1,Baseline,2024-02-10
1,Week 4,2024-03-09
1,Week 8,2024-04-06
1,Week 12,2024-05-04
2,Baseline,2024-06-20
2,Week 4,2024-07-18
2,Week 8,2024-08-15
2,Week 12,2024-09-12
3,Baseline,2024-01-18
3,Week 4,2024-02-15
3,Week 8,2024-03-14
3,Week 12,2024-04-11
4,Baseline,2024-02-29
4,Week 4,2024-03-28
4,Week 8,2024-04-25
4,Week 12,2024-05-23
5,Baseline,2024-03-29
5,Week 4,2024-04-26
5,Week 8,2024-05-24
5,Week 12,2024-06-21
6,Baseline,2024-03-25
6,Week 4,2024-04-22
6,Week 8,2024-05-20
6,Week 12,2024-06-17
7,Baseline,2024-04-07
7,Week 4,2024-05-05
7,Week 8,2024-06-02
7,Week 12,2024-06-30
8,Baseline,2024-02-10
8,Week 4,2024-03-09
8,Week 8,2024-04-06
8,Week 12,2024-05-04
9,Baseline,2024-06-20
9,Week 4,2024-07-18
9,Week 8,2024-08-15
9,Week 12,2024-09-12
10,Baseline,2024-01-03
10,Week 4,2024-01-31
10,Week 8,2024-02-28
10,Week 12,2024-03-27
11,Baseline,2024-04-26
11,Week 4,2024-05-24
11,Week 8,2024-06-21
11,Week 12,2024-07-19
12,Baseline,2024-01-19
12,Week 4,2024-02-16
12,Week 8,2024-03-15
12,Week 12,2024-04-12
13,Baseline,2024-02-22
13,Week 4,2024-03-21
13,Week 8,2024-04-18
13,Week 12,2024-05-16
14,Baseline,2024-01-24
14,Week 4,2024-02-21
14,Week 8,2024-03-20
14,Week 12,2024-04-17
15,Baseline,2024-04-14
15,Week 4,2024-05-12
15,Week 8,2024-06-09
15,Week 12,2024-07-07
16,Baseline,2024-03-29
16,Week 4,2024-04-26
16,Week 8,2024-05-24
16,Week 12,2024-06-21
17,Baseline,2024-02-28
17,Week 4,2024-03-27
17,Week 8,2024-04-24
17,Week 12,2024-05-22
18,Baseline,2024-06-14
18,Week 4,2024-07-12
18,Week 8,2024-08-09
18,Week 12,2024-09-06
19,Baseline,2024-06-20
19,Week 4,2024-07-18
19,Week 8,2024-08-15
19,Week 12,2024-09-12
20,Baseline,2024-06-23
20,Week 4,2024-07-21
20,Week 8,2024-08-18
20,Week 12,2024-09-15
21,Baseline,2024-03-21
21,Week 4,2024-04-18
21,Week 8,2024-05-16
21,Week 12,2024-06-13
22,Baseline,2024-05-31
22,Week 4,2024-06-28
22,Week 8,2024-07-26
22,Week 12,2024-08-23
23,Baseline,2024-04-08
23,Week 4,2024-05-06
23,Week 8,2024-06-03
23,Week 12,2024-07-01
24,Baseline,2024-03-27
24,Week 4,2024-04-24
24,Week 8,2024-05-22
24,Week 12,2024-06-19
25,Baseline,2024-03-29
25,Week 4,2024-04-26
25,Week 8,2024-05-24
25,Week 12,2024-06-21
26,Baseline,2024-02-06
26,Week 4,2024-03-05
26,Week 8,2024-04-02
26,Week 12,2024-04-30
27,Baseline,2024-06-13
27,Week 4,2024-07-11
27,Week 8,2024-08-08
27,Week 12,2024-09-05
28,Baseline,2024-01-15
28,Week 4,2024-02-12
28,Week 8,2024-03-11
28,Week 12,2024-04-08
29,Baseline,2024-03-07
29,Week 4,2024-04-04
29,Week 8,2024-05-02
29,Week 12,2024-05-30
30,Baseline,2024-04-16
30,Week 4,2024-05-14
30,Week 8,2024-06-11
30,Week 12,2024-07-09
31,Baseline,2024-02-03
31,Week 4,2024-03-02
31,Week 8,2024-03-30
31,Week 12,2024-04-27
32,Baseline,2024-03-22
32,Week 4,2024-04-19
32,Week 8,2024-05-17
32,Week 12,2024-06-14
33,Baseline,2024-06-01
33,Week 4,2024-06-29
33,Week 8,2024-07-27
33,Week 12,2024-08-24
34,Baseline,2024-03-12
34,Week 4,2024-04-09
34,Week 8,2024-05-07
34,Week 12,2024-06-04
35,Baseline,2024-02-12
35,Week 4,2024-03-11
35,Week 8,2024-04-08
35,Week 12,2024-05-06
36,Baseline,2024-01-05
36,Week 4,2024-02-02
36,Week 8,2024-03-01
36,Week 12,2024-03-29
37,Baseline,2024-01-26
37,Week 4,2024-02-23
37,Week 8,2024-03-22
37,Week 12,2024-04-19
38,Baseline,2024-05-31
38,Week 4,2024-06-28
38,Week 8,2024-07-26
38,Week 12,2024-08-23
39,Baseline,2024-03-18
39,Week 4,2024-04-15
39,Week 8,2024-05-13
39,Week 12,2024-06-10
40,Baseline,2024-04-04
40,Week 4,2024-05-02
40,Week 8,2024-05-30
40,Week 12,2024-06-27
41,Baseline,2024-02-06
41,Week 4,2024-03-05
41,Week 8,2024-04-02
41,Week 12,2024-04-30
42,Baseline,2024-01-12
42,Week 4,2024-02-09
42,Week 8,2024-03-08
42,Week 12,2024-04-05
43,Baseline,2024-03-16
43,Week 4,2024-04-13
43,Week 8,2024-05-11
43,Week 12,2024-06-08
44,Baseline,2024-03-13
44,Week 4,2024-04-10
44,Week 8,2024-05-08
44,Week 12,2024-06-05
45,Baseline,2024-01-28
45,Week 4,2024-02-25
45,Week 8,2024-03-24
45,Week 12,2024-04-21
46,Baseline,2024-02-05
46,Week 4,2024-03-04
46,Week 8,2024-04-01
46,Week 12,2024-04-29
47,Baseline,2024-05-06
47,Week 4,2024-06-03
47,Week 8,2024-07-01
47,Week 12,2024-07-29
48,Baseline,2024-03-10
48,Week 4,2024-04-07
48,Week 8,2024-05-05
48,Week 12,2024-06-02
49,Baseline,2024-04-28
49,Week 4,2024-05-26
49,Week 8,2024-06-23
49,Week 12,2024-07-21
50,Baseline,2024-04-01
50,Week 4,2024-04-29
50,Week 8,2024-05-27
50,Week 12,2024-06-24
51,Baseline,2024-01-21
51,Week 4,2024-02-18
51,Week 8,2024-03-17
51,Week 12,2024-04-14
52,Baseline,2024-01-02
52,Week 4,2024-01-30
52,Week 8,2024-02-27
52,Week 12,2024-03-26
53,Baseline,2024-01-26
53,Week 4,2024-02-23
53,Week 8,2024-03-22
53,Week 12,2024-04-19
54,Baseline,2024-04-04
54,Week 4,2024-05-02
54,Week 8,2024-05-30
54,Week 12,2024-06-27
55,Baseline,2024-06-13
55,Week 4,2024-07-11
55,Week 8,2024-08-08
55,Week 12,2024-09-05
56,Baseline,2024-06-19
56,Week 4,2024-07-17
56,Week 8,2024-08-14
56,Week 12,2024-09-11
57,Baseline,2024-06-16
57,Week 4,2024-07-14
57,Week 8,2024-08-11
57,Week 12,2024-09-08
58,Baseline,2024-02-28
58,Week 4,2024-03-27
58,Week 8,2024-04-24
58,Week 12,2024-05-22
59,Baseline,2024-03-15
59,Week 4,2024-04-12
59,Week 8,2024-05-10
59,Week 12,2024-06-07
60,Baseline,2024-03-20
60,Week 4,2024-04-17
60,Week 8,2024-05-15
60,Week 12,2024-06-12
61,Baseline,2024-01-09
61,Week 4,2024-02-06
61,Week 8,2024-03-05
61,Week 12,2024-04-02
62,Baseline,2024-03-06
62,Week 4,2024-04-03
62,Week 8,2024-05-01
62,Week 12,2024-05-29
63,Baseline,2024-05-20
63,Week 4,2024-06-17
63,Week 8,2024-07-15
63,Week 12,2024-08-12
64,Baseline,2024-06-05
64,Week 4,2024-07-03
64,Week 8,2024-07-31
64,Week 12,2024-08-28
65,Baseline,2024-03-02
65,Week 4,2024-03-30
65,Week 8,2024-04-27
65,Week 12,2024-05-25
66,Baseline,2024-01-28
66,Week 4,2024-02-25
66,Week 8,2024-03-24
66,Week 12,2024-04-21
67,Baseline,2024-03-16
67,Week 4,2024-04-13
67,Week 8,2024-05-11
67,Week 12,2024-06-08
68,Baseline,2024-02-01
68,Week 4,2024-02-29
68,Week 8,2024-03-28
68,Week 12,2024-04-25
69,Baseline,2024-04-11
69,Week 4,2024-05-09
69,Week 8,2024-06-06
69,Week 12,2024-07-04
70,Baseline,2024-05-27
70,Week 4,2024-06-24
70,Week 8,2024-07-22
70,Week 12,2024-08-19
71,Baseline,2024-05-31
71,Week 4,2024-06-28
71,Week 8,2024-07-26
71,Week 12,2024-08-23
72,Baseline,2024-05-28
72,Week 4,2024-06-25
72,Week 8,2024-07-23
72,Week 12,2024-08-20
73,Baseline,2024-05-09
73,Week 4,2024-06-06
73,Week 8,2024-07-04
73,Week 12,2024-08-01
74,Baseline,2024-06-21
74,Week 4,2024-07-19
74,Week 8,2024-08-16
74,Week 12,2024-09-13
75,Baseline,2024-06-08
75,Week 4,2024-07-06
75,Week 8,2024-08-03
75,Week 12,2024-08-31
76,Baseline,2024-04-21
76,Week 4,2024-05-19
76,Week 8,2024-06-16
76,Week 12,2024-07-14
77,Baseline,2024-02-15
77,Week 4,2024-03-14
77,Week 8,2024-04-11
77,Week 12,2024-05-09
78,Baseline,2024-04-08
78,Week 4,2024-05-06
78,Week 8,2024-06-03
78,Week 12,2024-07-01
79,Baseline,2024-05-07
79,Week 4,2024-06-04
79,Week 8,2024-07-02
79,Week 12,2024-07-30
80,Baseline,2024-02-02
80,Week 4,2024-03-01
80,Week 8,2024-03-29
80,Week 12,2024-04-26
81,Baseline,2024-06-16
81,Week 4,2024-07-14
81,Week 8,2024-08-11
81,Week 12,2024-09-08
82,Baseline,2024-03-07
82,Week 4,2024-04-04
82,Week 8,2024-05-02
82,Week 12,2024-05-30
83,Baseline,2024-01-15
83,Week 4,2024-02-12
83,Week 8,2024-03-11
83,Week 12,2024-04-08
84,Baseline,2024-02-19
84,Week 4,2024-03-18
84,Week 8,2024-04-15
84,Week 12,2024-05-13
85,Baseline,2024-04-02
85,Week 4,2024-04-30
85,Week 8,2024-05-28
85,Week 12,2024-06-25
86,Baseline,2024-05-24
86,Week 4,2024-06-21
86,Week 8,2024-07-19
86,Week 12,2024-08-16
87,Baseline,2024-05-30
87,Week 4,2024-06-27
87,Week 8,2024-07-25
87,Week 12,2024-08-22
88,Baseline,2024-01-05
88,Week 4,2024-02-02
88,Week 8,2024-03-01
88,Week 12,2024-03-29
89,Baseline,2024-05-20
89,Week 4,2024-06-17
89,Week 8,2024-07-15
89,Week 12,2024-08-12
90,Baseline,2024-01-24
90,Week 4,2024-02-21
90,Week 8,2024-03-20
90,Week 12,2024-04-17
91,Baseline,2024-01-30
91,Week 4,2024-02-27
91,Week 8,2024-03-26
91,Week 12,2024-04-23
92,Baseline,2024-04-06
92,Week 4,2024-05-04
92,Week 8,2024-06-01
92,Week 12,2024-06-29
93,Baseline,2024-06-23
93,Week 4,2024-07-21
93,Week 8,2024-08-18
93,Week 12,2024-09-15
94,Baseline,2024-05-17
94,Week 4,2024-06-14
94,Week 8,2024-07-12
94,Week 12,2024-08-09
95,Baseline,2024-02-14
95,Week 4,2024-03-13
95,Week 8,2024-04-10
95,Week 12,2024-05-08
96,Baseline,2024-03-08
96,Week 4,2024-04-05
96,Week 8,2024-05-03
96,Week 12,2024-05-31
97,Baseline,2024-05-23
97,Week 4,2024-06-20
97,Week 8,2024-07-18
97,Week 12,2024-08-15
98,Baseline,2024-02-01
98,Week 4,2024-02-29
98,Week 8,2024-03-28
98,Week 12,2024-04-25
99,Baseline,2024-03-27
99,Week 4,2024-04-24
99,Week 8,2024-05-22
99,Week 12,2024-06-19
100,Baseline,2024-06-05
100,Week 4,2024-07-03
100,Week 8,2024-07-31
100,Week 12,2024-08-28
101,Baseline,2024-05-29
101,Week 4,2024-06-26
101,Week 8,2024-07-24
101,Week 12,2024-08-21
102,Baseline,2024-06-25
102,Week 4,2024-07-23
102,Week 8,2024-08-20
102,Week 12,2024-09-17
103,Baseline,2024-05-29
103,Week 4,2024-06-26
103,Week 8,2024-07-24
103,Week 12,2024-08-21
104,Baseline,2024-05-08
104,Week 4,2024-06-05
104,Week 8,2024-07-03
104,Week 12,2024-07-31
105,Baseline,2024-06-13
105,Week 4,2024-07-11
105,Week 8,2024-08-08
105,Week 12,2024-09-05
106,Baseline,2024-03-10
106,Week 4,2024-04-07
106,Week 8,2024-05-05
106,Week 12,2024-06-02
107,Baseline,2024-03-28
107,Week 4,2024-04-25
107,Week 8,2024-05-23
107,Week 12,2024-06-20
108,Baseline,2024-04-18
108,Week 4,2024-05-16
108,Week 8,2024-06-13
108,Week 12,2024-07-11
109,Baseline,2024-02-20
109,Week 4,2024-03-19
109,Week 8,2024-04-16
109,Week 12,2024-05-14
110,Baseline,2024-02-06
110,Week 4,2024-03-05
110,Week 8,2024-04-02
110,Week 12,2024-04-30
111,Baseline,2024-03-24
111,Week 4,2024-04-21
111,Week 8,2024-05-19
111,Week 12,2024-06-16
112,Baseline,2024-02-12
112,Week 4,2024-03-11
112,Week 8,2024-04-08
112,Week 12,2024-05-06
113,Baseline,2024-01-18
113,Week 4,2024-02-15
113,Week 8,2024-03-14
113,Week 12,2024-04-11
114,Baseline,2024-05-10
114,Week 4,2024-06-07
114,Week 8,2024-07-05
114,Week 12,2024-08-02
115,Baseline,2024-01-13
115,Week 4,2024-02-10
115,Week 8,2024-03-09
115,Week 12,2024-04-06
116,Baseline,2024-03-14
116,Week 4,2024-04-11
116,Week 8,2024-05-09
116,Week 12,2024-06-06
117,Baseline,2024-01-11
117,Week 4,2024-02-08
117,Week 8,2024-03-07
117,Week 12,2024-04-04
118,Baseline,2024-03-11
118,Week 4,2024-04-08
118,Week 8,2024-05-06
118,Week 12,2024-06-03
119,Baseline,2024-02-28
119,Week 4,2024-03-27
119,Week 8,2024-04-24
119,Week 12,2024-05-22
120,Baseline,2024-01-27
120,Week 4,2024-02-24
120,Week 8,2024-03-23
120,Week 12,2024-04-20
121,Baseline,2024-04-25
121,Week 4,2024-05-23
121,Week 8,2024-06-20
121,Week 12,2024-07-18
122,Baseline,2024-04-14
122,Week 4,2024-05-12
122,Week 8,2024-06-09
122,Week 12,2024-07-07
123,Baseline,2024-04-16
123,Week 4,2024-05-14
123,Week 8,2024-06-11
123,Week 12,2024-07-09
124,Baseline,2024-04-13
124,Week 4,2024-05-11
124,Week 8,2024-06-08
124,Week 12,2024-07-06
125,Baseline,2024-04-15
125,Week 4,2024-05-13
125,Week 8,2024-06-10
125,Week 12,2024-07-08
126,Baseline,2024-01-10
126,Week 4,2024-02-07
126,Week 8,2024-03-06
126,Week 12,2024-04-03
127,Baseline,2024-04-22
127,Week 4,2024-05-20
127,Week 8,2024-06-17
127,Week 12,2024-07-15
128,Baseline,2024-02-25
128,Week 4,2024-03-24
128,Week 8,2024-04-21
128,Week 12,2024-05-19
129,Baseline,2024-03-08
129,Week 4,2024-04-05
129,Week 8,2024-05-03
129,Week 12,2024-05-31
130,Baseline,2024-04-26
130,Week 4,2024-05-24
130,Week 8,2024-06-21
130,Week 12,2024-07-19
131,Baseline,2024-05-29
131,Week 4,2024-06-26
131,Week 8,2024-07-24
131,Week 12,2024-08-21
132,Baseline,2024-01-05
132,Week 4,2024-02-02
132,Week 8,2024-03-01
132,Week 12,2024-03-29
133,Baseline,2024-02-26
133,Week 4,2024-03-25
133,Week 8,2024-04-22
133,Week 12,2024-05-20
134,Baseline,2024-01-04
134,Week 4,2024-02-01
134,Week 8,2024-02-29
134,Week 12,2024-03-28
135,Baseline,2024-06-15
135,Week 4,2024-07-13
135,Week 8,2024-08-10
135,Week 12,2024-09-07
136,Baseline,2024-04-01
136,Week 4,2024-04-29
136,Week 8,2024-05-27
136,Week 12,2024-06-24
137,Baseline,2024-06-07
137,Week 4,2024-07-05
137,Week 8,2024-08-02
137,Week 12,2024-08-30
138,Baseline,2024-04-19
138,Week 4,2024-05-17
138,Week 8,2024-06-14
138,Week 12,2024-07-12
139,Baseline,2024-02-24
139,Week 4,2024-03-23
139,Week 8,2024-04-20
139,Week 12,2024-05-18
140,Baseline,2024-01-04
140,Week 4,2024-02-01
140,Week 8,2024-02-29
140,Week 12,2024-03-28
141,Baseline,2024-03-10
141,Week 4,2024-04-07
141,Week 8,2024-05-05
141,Week 12,2024-06-02
142,Baseline,2024-05-08
142,Week 4,2024-06-05
142,Week 8,2024-07-03
142,Week 12,2024-07-31
143,Baseline,2024-06-02
143,Week 4,2024-06-30
143,Week 8,2024-07-28
143,Week 12,2024-08-25
144,Baseline,2024-03-10
144,Week 4,2024-04-07
144,Week 8,2024-05-05
144,Week 12,2024-06-02
145,Baseline,2024-04-13
145,Week 4,2024-05-11
145,Week 8,2024-06-08
145,Week 12,2024-07-06
146,Baseline,2024-01-03
146,Week 4,2024-01-31
146,Week 8,2024-02-28
146,Week 12,2024-03-27
147,Baseline,2024-05-11
147,Week 4,2024-06-08
147,Week 8,2024-07-06
147,Week 12,2024-08-03
148,Baseline,2024-03-15
148,Week 4,2024-04-12
148,Week 8,2024-05-10
148,Week 12,2024-06-07
149,Baseline,2024-02-25
149,Week 4,2024-03-24
149,Week 8,2024-04-21
149,Week 12,2024-05-19
150,Baseline,2024-05-23
150,Week 4,2024-06-20
150,Week 8,2024-07-18
150,Week 12,2024-08-15
151,Baseline,2024-01-19
151,Week 4,2024-02-16
151,Week 8,2024-03-15
151,Week 12,2024-04-12
152,Baseline,2024-03-12
152,Week 4,2024-04-09
152,Week 8,2024-05-07
152,Week 12,2024-06-04
153,Baseline,2024-01-20
153,Week 4,2024-02-17
153,Week 8,2024-03-16
153,Week 12,2024-04-13
154,Baseline,2024-03-19
154,Week 4,2024-04-16
154,Week 8,2024-05-14
154,Week 12,2024-06-11
155,Baseline,2024-02-20
155,Week 4,2024-03-19
155,Week 8,2024-04-16
155,Week 12,2024-05-14
156,Baseline,2024-06-21
156,Week 4,2024-07-19
156,Week 8,2024-08-16
156,Week 12,2024-09-13
157,Baseline,2024-04-30
157,Week 4,2024-05-28
157,Week 8,2024-06-25
157,Week 12,2024-07-23
158,Baseline,2024-03-17
158,Week 4,2024-04-14
158,Week 8,2024-05-12
158,Week 12,2024-06-09
159,Baseline,2024-02-11
159,Week 4,2024-03-10
159,Week 8,2024-04-07
159,Week 12,2024-05-05
160,Baseline,2024-01-14
160,Week 4,2024-02-11
160,Week 8,2024-03-10
160,Week 12,2024-04-07
161,Baseline,2024-04-28
161,Week 4,2024-05-26
161,Week 8,2024-06-23
161,Week 12,2024-07-21
162,Baseline,2024-05-03
162,Week 4,2024-05-31
162,Week 8,2024-06-28
162,Week 12,2024-07-26
163,Baseline,2024-06-04
163,Week 4,2024-07-02
163,Week 8,2024-07-30
163,Week 12,2024-08-27
164,Baseline,2024-02-20
164,Week 4,2024-03-19
164,Week 8,2024-04-16
164,Week 12,2024-05-14
165,Baseline,2024-01-11
165,Week 4,2024-02-08
165,Week 8,2024-03-07
165,Week 12,2024-04-04
166,Baseline,2024-05-28
166,Week 4,2024-06-25
166,Week 8,2024-07-23
166,Week 12,2024-08-20
167,Baseline,2024-02-01
167,Week 4,2024-02-29
167,Week 8,2024-03-28
167,Week 12,2024-04-25
168,Baseline,2024-04-06
168,Week 4,2024-05-04
168,Week 8,2024-06-01
168,Week 12,2024-06-29
169,Baseline,2024-03-31
169,Week 4,2024-04-28
169,Week 8,2024-05-26
169,Week 12,2024-06-23
170,Baseline,2024-04-24
170,Week 4,2024-05-22
170,Week 8,2024-06-19
170,Week 12,2024-07-17
171,Baseline,2024-05-07
171,Week 4,2024-06-04
171,Week 8,2024-07-02
171,Week 12,2024-07-30
172,Baseline,2024-06-21
172,Week 4,2024-07-19
172,Week 8,2024-08-16
172,Week 12,2024-09-13
173,Baseline,2024-05-06
173,Week 4,2024-06-03
173,Week 8,2024-07-01
173,Week 12,2024-07-29
174,Baseline,2024-01-14
174,Week 4,2024-02-11
174,Week 8,2024-03-10
174,Week 12,2024-04-07
175,Baseline,2024-06-21
175,Week 4,2024-07-19
175,Week 8,2024-08-16
175,Week 12,2024-09-13
176,Baseline,2024-03-22
176,Week 4,2024-04-19
176,Week 8,2024-05-17
176,Week 12,2024-06-14
177,Baseline,2024-01-29
177,Week 4,2024-02-26
177,Week 8,2024-03-25
177,Week 12,2024-04-22
178,Baseline,2024-05-25
178,Week 4,2024-06-22
178,Week 8,2024-07-20
178,Week 12,2024-08-17
179,Baseline,2024-03-03
179,Week 4,2024-03-31
179,Week 8,2024-04-28
179,Week 12,2024-05-26
180,Baseline,2024-04-20
180,Week 4,2024-05-18
180,Week 8,2024-06-15
180,Week 12,2024-07-13
181,Baseline,2024-01-30
181,Week 4,2024-02-27
181,Week 8,2024-03-26
181,Week 12,2024-04-23
182,Baseline,2024-02-26
182,Week 4,2024-03-25
182,Week 8,2024-04-22
182,Week 12,2024-05-20
183,Baseline,2024-06-06
183,Week 4,2024-07-04
183,Week 8,2024-08-01
183,Week 12,2024-08-29
184,Baseline,2024-06-08
184,Week 4,2024-07-06
184,Week 8,2024-08-03
184,Week 12,2024-08-31
185,Baseline,2024-04-21
185,Week 4,2024-05-19
185,Week 8,2024-06-16
185,Week 12,2024-07-14
186,Baseline,2024-06-08
186,Week 4,2024-07-06
186,Week 8,2024-08-03
186,Week 12,2024-08-31
187,Baseline,2024-05-07
187,Week 4,2024-06-04
187,Week 8,2024-07-02
187,Week 12,2024-07-30
188,Baseline,2024-04-18
188,Week 4,2024-05-16
188,Week 8,2024-06-13
188,Week 12,2024-07-11
189,Baseline,2024-04-22
189,Week 4,2024-05-20
189,Week 8,2024-06-17
189,Week 12,2024-07-15
190,Baseline,2024-02-08
190,Week 4,2024-03-07
190,Week 8,2024-04-04
190,Week 12,2024-05-02
191,Baseline,2024-01-28
191,Week 4,2024-02-25
191,Week 8,2024-03-24
191,Week 12,2024-04-21
192,Baseline,2024-02-26
192,Week 4,2024-03-25
192,Week 8,2024-04-22
192,Week 12,2024-05-20
193,Baseline,2024-03-02
193,Week 4,2024-03-30
193,Week 8,2024-04-27
193,Week 12,2024-05-25
194,Baseline,2024-04-04
194,Week 4,2024-05-02
194,Week 8,2024-05-30
194,Week 12,2024-06-27
195,Baseline,2024-03-24
195,Week 4,2024-04-21
195,Week 8,2024-05-19
195,Week 12,2024-06-16
196,Baseline,2024-04-16
196,Week 4,2024-05-14
196,Week 8,2024-06-11
196,Week 12,2024-07-09
197,Baseline,2024-01-17
197,Week 4,2024-02-14
197,Week 8,2024-03-13
197,Week 12,2024-04-10
198,Baseline,2024-05-15
198,Week 4,2024-06-12
198,Week 8,2024-07-10
198,Week 12,2024-08-07
199,Baseline,2024-03-08
199,Week 4,2024-04-05
199,Week 8,2024-05-03
199,Week 12,2024-05-31
200,Baseline,2024-03-15
200,Week 4,2024-04-12
200,Week 8,2024-05-10
200,Week 12,2024-06-07
201,Baseline,2024-02-04
201,Week 4,2024-03-03
201,Week 8,2024-03-31
201,Week 12,2024-04-28
202,Baseline,2024-02-25
202,Week 4,2024-03-24
202,Week 8,2024-04-21
202,Week 12,2024-05-19
203,Baseline,2024-04-22
203,Week 4,2024-05-20
203,Week 8,2024-06-17
203,Week 12,2024-07-15
204,Baseline,2024-03-01
204,Week 4,2024-03-29
204,Week 8,2024-04-26
204,Week 12,2024-05-24
205,Baseline,2024-02-29
205,Week 4,2024-03-28
205,Week 8,2024-04-25
205,Week 12,2024-05-23
206,Baseline,2024-03-30
206,Week 4,2024-04-27
206,Week 8,2024-05-25
206,Week 12,2024-06-22
207,Baseline,2024-02-11
207,Week 4,2024-03-10
207,Week 8,2024-04-07
207,Week 12,2024-05-05
208,Baseline,2024-02-17
208,Week 4,2024-03-16
208,Week 8,2024-04-13
208,Week 12,2024-05-11
209,Baseline,2024-02-09
209,Week 4,2024-03-08
209,Week 8,2024-04-05
209,Week 12,2024-05-03
210,Baseline,2024-03-26
210,Week 4,2024-04-23
210,Week 8,2024-05-21
210,Week 12,2024-06-18
211,Baseline,2024-02-16
211,Week 4,2024-03-15
211,Week 8,2024-04-12
211,Week 12,2024-05-10
212,Baseline,2024-04-23
212,Week 4,2024-05-21
212,Week 8,2024-06-18
212,Week 12,2024-07-16
213,Baseline,2024-01-31
213,Week 4,2024-02-28
213,Week 8,2024-03-27
213,Week 12,2024-04-24
214,Baseline,2024-01-21
214,Week 4,2024-02-18
214,Week 8,2024-03-17
214,Week 12,2024-04-14
215,Baseline,2024-02-27
215,Week 4,2024-03-26
215,Week 8,2024-04-23
215,Week 12,2024-05-21
216,Baseline,2024-02-19
216,Week 4,2024-03-18
216,Week 8,2024-04-15
216,Week 12,2024-05-13
217,Baseline,2024-02-11
217,Week 4,2024-03-10
217,Week 8,2024-04-07
217,Week 12,2024-05-05
218,Baseline,2024-01-10
218,Week 4,2024-02-07
218,Week 8,2024-03-06
218,Week 12,2024-04-03
219,Baseline,2024-04-26
219,Week 4,2024-05-24
219,Week 8,2024-06-21
219,Week 12,2024-07-19
220,Baseline,2024-02-20
220,Week 4,2024-03-19
220,Week 8,2024-04-16
220,Week 12,2024-05-14
221,Baseline,2024-05-04
221,Week 4,2024-06-01
221,Week 8,2024-06-29
221,Week 12,2024-07-27
222,Baseline,2024-03-29
222,Week 4,2024-04-26
222,Week 8,2024-05-24
222,Week 12,2024-06-21
223,Baseline,2024-05-05
223,Week 4,2024-06-02
223,Week 8,2024-06-30
223,Week 12,2024-07-28
224,Baseline,2024-05-25
224,Week 4,2024-06-22
224,Week 8,2024-07-20
224,Week 12,2024-08-17
225,Baseline,2024-01-16
225,Week 4,2024-02-13
225,Week 8,2024-03-12
225,Week 12,2024-04-09
226,Baseline,2024-04-05
226,Week 4,2024-05-03
226,Week 8,2024-05-31
226,Week 12,2024-06-28
227,Baseline,2024-04-14
227,Week 4,2024-05-12
227,Week 8,2024-06-09
227,Week 12,2024-07-07
228,Baseline,2024-05-06
228,Week 4,2024-06-03
228,Week 8,2024-07-01
228,Week 12,2024-07-29
229,Baseline,2024-03-02
229,Week 4,2024-03-30
229,Week 8,2024-04-27
229,Week 12,2024-05-25
230,Baseline,2024-05-18
230,Week 4,2024-06-15
230,Week 8,2024-07-13
230,Week 12,2024-08-10
231,Baseline,2024-02-28
231,Week 4,2024-03-27
231,Week 8,2024-04-24
231,Week 12,2024-05-22
232,Baseline,2024-02-11
232,Week 4,2024-03-10
232,Week 8,2024-04-07
232,Week 12,2024-05-05
233,Baseline,2024-04-30
233,Week 4,2024-05-28
233,Week 8,2024-06-25
233,Week 12,2024-07-23
234,Baseline,2024-01-09
234,Week 4,2024-02-06
234,Week 8,2024-03-05
234,Week 12,2024-04-02
235,Baseline,2024-01-07
235,Week 4,2024-02-04
235,Week 8,2024-03-03
235,Week 12,2024-03-31
236,Baseline,2024-05-08
236,Week 4,2024-06-05
236,Week 8,2024-07-03
236,Week 12,2024-07-31
237,Baseline,2024-06-28
237,Week 4,2024-07-26
237,Week 8,2024-08-23
237,Week 12,2024-09-20
238,Baseline,2024-05-17
238,Week 4,2024-06-14
238,Week 8,2024-07-12
238,Week 12,2024-08-09
239,Baseline,2024-06-27
239,Week 4,2024-07-25
239,Week 8,2024-08-22
239,Week 12,2024-09-19
240,Baseline,2024-04-06
240,Week 4,2024-05-04
240,Week 8,2024-06-01
240,Week 12,2024-06-29
241,Baseline,2024-03-07
241,Week 4,2024-04-04
241,Week 8,2024-05-02
241,Week 12,2024-05-30
242,Baseline,2024-01-06
242,Week 4,2024-02-03
242,Week 8,2024-03-02
242,Week 12,2024-03-30
243,Baseline,2024-04-02
243,Week 4,2024-04-30
243,Week 8,2024-05-28
243,Week 12,2024-06-25
244,Baseline,2024-06-13
244,Week 4,2024-07-11
244,Week 8,2024-08-08
244,Week 12,2024-09-05
245,Baseline,2024-05-11
245,Week 4,2024-06-08
245,Week 8,2024-07-06
245,Week 12,2024-08-03
246,Baseline,2024-05-08
246,Week 4,2024-06-05
246,Week 8,2024-07-03
246,Week 12,2024-07-31
247,Baseline,2024-06-01
247,Week 4,2024-06-29
247,Week 8,2024-07-27
247,Week 12,2024-08-24
248,Baseline,2024-02-24
248,Week 4,2024-03-23
248,Week 8,2024-04-20
248,Week 12,2024-05-18
249,Baseline,2024-05-08
249,Week 4,2024-06-05
249,Week 8,2024-07-03
249,Week 12,2024-07-31
250,Baseline,2024-01-19
250,Week 4,2024-02-16
250,Week 8,2024-03-15
250,Week 12,2024-04-12
251,Baseline,2024-03-14
251,Week 4,2024-04-11
251,Week 8,2024-05-09
251,Week 12,2024-06-06
252,Baseline,2024-06-27
252,Week 4,2024-07-25
252,Week 8,2024-08-22
252,Week 12,2024-09-19
253,Baseline,2024-03-20
253,Week 4,2024-04-17
253,Week 8,2024-05-15
253,Week 12,2024-06-12
254,Baseline,2024-04-22
254,Week 4,2024-05-20
254,Week 8,2024-06-17
254,Week 12,2024-07-15
255,Baseline,2024-01-14
255,Week 4,2024-02-11
255,Week 8,2024-03-10
255,Week 12,2024-04-07
256,Baseline,2024-04-28
256,Week 4,2024-05-26
256,Week 8,2024-06-23
256,Week 12,2024-07-21
257,Baseline,2024-01-20
257,Week 4,2024-02-17
257,Week 8,2024-03-16
257,Week 12,2024-04-13
258,Baseline,2024-06-28
258,Week 4,2024-07-26
258,Week 8,2024-08-23
258,Week 12,2024-09-20
259,Baseline,2024-02-19
259,Week 4,2024-03-18
259,Week 8,2024-04-15
259,Week 12,2024-05-13
260,Baseline,2024-03-13
260,Week 4,2024-04-10
260,Week 8,2024-05-08
260,Week 12,2024-06-05
261,Baseline,2024-04-13
261,Week 4,2024-05-11
261,Week 8,2024-06-08
261,Week 12,2024-07-06
262,Baseline,2024-01-05
262,Week 4,2024-02-02
262,Week 8,2024-03-01
262,Week 12,2024-03-29
263,Baseline,2024-01-27
263,Week 4,2024-02-24
263,Week 8,2024-03-23
263,Week 12,2024-04-20
264,Baseline,2024-06-26
264,Week 4,2024-07-24
264,Week 8,2024-08-21
264,Week 12,2024-09-18
265,Baseline,2024-02-24
265,Week 4,2024-03-23
265,Week 8,2024-04-20
265,Week 12,2024-05-18
266,Baseline,2024-04-15
266,Week 4,2024-05-13
266,Week 8,2024-06-10
266,Week 12,2024-07-08
267,Baseline,2024-02-20
267,Week 4,2024-03-19
267,Week 8,2024-04-16
267,Week 12,2024-05-14
268,Baseline,2024-05-21
268,Week 4,2024-06-18
268,Week 8,2024-07-16
268,Week 12,2024-08-13
269,Baseline,2024-02-27
269,Week 4,2024-03-26
269,Week 8,2024-04-23
269,Week 12,2024-05-21
270,Baseline,2024-03-19
270,Week 4,2024-04-16
270,Week 8,2024-05-14
270,Week 12,2024-06-11
271,Baseline,2024-03-01
271,Week 4,2024-03-29
271,Week 8,2024-04-26
271,Week 12,2024-05-24
272,Baseline,2024-05-29
272,Week 4,2024-06-26
272,Week 8,2024-07-24
272,Week 12,2024-08-21
273,Baseline,2024-04-12
273,Week 4,2024-05-10
273,Week 8,2024-06-07
273,Week 12,2024-07-05
274,Baseline,2024-05-29
274,Week 4,2024-06-26
274,Week 8,2024-07-24
274,Week 12,2024-08-21
275,Baseline,2024-06-10
275,Week 4,2024-07-08
275,Week 8,2024-08-05
275,Week 12,2024-09-02
276,Baseline,2024-06-04
276,Week 4,2024-07-02
276,Week 8,2024-07-30
276,Week 12,2024-08-27
277,Baseline,2024-04-07
277,Week 4,2024-05-05
277,Week 8,2024-06-02
277,Week 12,2024-06-30
278,Baseline,2024-06-13
278,Week 4,2024-07-11
278,Week 8,2024-08-08
278,Week 12,2024-09-05
279,Baseline,2024-03-05
279,Week 4,2024-04-02
279,Week 8,2024-04-30
279,Week 12,2024-05-28
280,Baseline,2024-04-19
280,Week 4,2024-05-17
280,Week 8,2024-06-14
280,Week 12,2024-07-12
281,Baseline,2024-02-14
281,Week 4,2024-03-13
281,Week 8,2024-04-10
281,Week 12,2024-05-08
282,Baseline,2024-05-23
282,Week 4,2024-06-20
282,Week 8,2024-07-18
282,Week 12,2024-08-15
283,Baseline,2024-01-06
283,Week 4,2024-02-03
283,Week 8,2024-03-02
283,Week 12,2024-03-30
284,Baseline,2024-03-30
284,Week 4,2024-04-27
284,Week 8,2024-05-25
284,Week 12,2024-06-22
285,Baseline,2024-06-08
285,Week 4,2024-07-06
285,Week 8,2024-08-03
285,Week 12,2024-08-31
286,Baseline,2024-04-09
286,Week 4,2024-05-07
286,Week 8,2024-06-04
286,Week 12,2024-07-02
287,Baseline,2024-06-14
287,Week 4,2024-07-12
287,Week 8,2024-08-09
287,Week 12,2024-09-06
288,Baseline,2024-03-07
288,Week 4,2024-04-04
288,Week 8,2024-05-02
288,Week 12,2024-05-30
289,Baseline,2024-06-19
289,Week 4,2024-07-17
289,Week 8,2024-08-14
289,Week 12,2024-09-11
290,Baseline,2024-04-24
290,Week 4,2024-05-22
290,Week 8,2024-06-19
290,Week 12,2024-07-17
291,Baseline,2024-01-29
291,Week 4,2024-02-26
291,Week 8,2024-03-25
291,Week 12,2024-04-22
292,Baseline,2024-06-11
292,Week 4,2024-07-09
292,Week 8,2024-08-06
292,Week 12,2024-09-03
293,Baseline,2024-02-06
293,Week 4,2024-03-05
293,Week 8,2024-04-02
293,Week 12,2024-04-30
294,Baseline,2024-05-08
294,Week 4,2024-06-05
294,Week 8,2024-07-03
294,Week 12,2024-07-31
295,Baseline,2024-02-19
295,Week 4,2024-03-18
295,Week 8,2024-04-15
295,Week 12,2024-05-13
296,Baseline,2024-04-11
296,Week 4,2024-05-09
296,Week 8,2024-06-06
296,Week 12,2024-07-04
297,Baseline,2024-01-10
297,Week 4,2024-02-07
297,Week 8,2024-03-06
297,Week 12,2024-04-03
298,Baseline,2024-03-30
298,Week 4,2024-04-27
298,Week 8,2024-05-25
298,Week 12,2024-06-22
299,Baseline,2024-05-24
299,Week 4,2024-06-21
299,Week 8,2024-07-19
299,Week 12,2024-08-16
300,Baseline,2024-03-14
300,Week 4,2024-04-11
300,Week 8,2024-05-09
300,Week 12,2024-06-06
301,Baseline,2024-01-26
301,Week 4,2024-02-23
301,Week 8,2024-03-22
301,Week 12,2024-04-19
302,Baseline,2024-04-11
302,Week 4,2024-05-09
302,Week 8,2024-06-06
302,Week 12,2024-07-04
303,Baseline,2024-05-05
303,Week 4,2024-06-02
303,Week 8,2024-06-30
303,Week 12,2024-07-28
304,Baseline,2024-06-03
304,Week 4,2024-07-01
304,Week 8,2024-07-29
304,Week 12,2024-08-26
305,Baseline,2024-05-25
305,Week 4,2024-06-22
305,Week 8,2024-07-20
305,Week 12,2024-08-17
306,Baseline,2024-01-18
306,Week 4,2024-02-15
306,Week 8,2024-03-14
306,Week 12,2024-04-11
307,Baseline,2024-02-13
307,Week 4,2024-03-12
307,Week 8,2024-04-09
307,Week 12,2024-05-07
308,Baseline,2024-06-27
308,Week 4,2024-07-25
308,Week 8,2024-08-22
308,Week 12,2024-09-19
309,Baseline,2024-02-23
309,Week 4,2024-03-22
309,Week 8,2024-04-19
309,Week 12,2024-05-17
310,Baseline,2024-02-05
310,Week 4,2024-03-04
310,Week 8,2024-04-01
310,Week 12,2024-04-29
311,Baseline,2024-04-14
311,Week 4,2024-05-12
311,Week 8,2024-06-09
311,Week 12,2024-07-07
312,Baseline,2024-05-31
312,Week 4,2024-06-28
312,Week 8,2024-07-26
312,Week 12,2024-08-23
313,Baseline,2024-05-16
313,Week 4,2024-06-13
313,Week 8,2024-07-11
313,Week 12,2024-08-08
314,Baseline,2024-01-13
314,Week 4,2024-02-10
314,Week 8,2024-03-09
314,Week 12,2024-04-06
315,Baseline,2024-02-20
315,Week 4,2024-03-19
315,Week 8,2024-04-16
315,Week 12,2024-05-14
316,Baseline,2024-04-15
316,Week 4,2024-05-13
316,Week 8,2024-06-10
316,Week 12,2024-07-08
317,Baseline,2024-01-06
317,Week 4,2024-02-03
317,Week 8,2024-03-02
317,Week 12,2024-03-30
318,Baseline,2024-02-25
318,Week 4,2024-03-24
318,Week 8,2024-04-21
318,Week 12,2024-05-19
319,Baseline,2024-03-12
319,Week 4,2024-04-09
319,Week 8,2024-05-07
319,Week 12,2024-06-04
320,Baseline,2024-01-16
320,Week 4,2024-02-13
320,Week 8,2024-03-12
320,Week 12,2024-04-09
321,Baseline,2024-06-22
321,Week 4,2024-07-20
321,Week 8,2024-08-17
321,Week 12,2024-09-14
322,Baseline,2024-03-28
322,Week 4,2024-04-25
322,Week 8,2024-05-23
322,Week 12,2024-06-20
323,Baseline,2024-03-01
323,Week 4,2024-03-29
323,Week 8,2024-04-26
323,Week 12,2024-05-24
324,Baseline,2024-06-09
324,Week 4,2024-07-07
324,Week 8,2024-08-04
324,Week 12,2024-09-01
325,Baseline,2024-02-20
325,Week 4,2024-03-19
325,Week 8,2024-04-16
325,Week 12,2024-05-14
326,Baseline,2024-03-02
326,Week 4,2024-03-30
326,Week 8,2024-04-27
326,Week 12,2024-05-25
327,Baseline,2024-03-01
327,Week 4,2024-03-29
327,Week 8,2024-04-26
327,Week 12,2024-05-24
328,Baseline,2024-03-18
328,Week 4,2024-04-15
328,Week 8,2024-05-13
328,Week 12,2024-06-10
329,Baseline,2024-03-02
329,Week 4,2024-03-30
329,Week 8,2024-04-27
329,Week 12,2024-05-25
330,Baseline,2024-05-26
330,Week 4,2024-06-23
330,Week 8,2024-07-21
330,Week 12,2024-08-18
331,Baseline,2024-06-03
331,Week 4,2024-07-01
331,Week 8,2024-07-29
331,Week 12,2024-08-26
332,Baseline,2024-02-27
332,Week 4,2024-03-26
332,Week 8,2024-04-23
332,Week 12,2024-05-21
333,Baseline,2024-06-16
333,Week 4,2024-07-14
333,Week 8,2024-08-11
333,Week 12,2024-09-08
334,Baseline,2024-02-27
334,Week 4,2024-03-26
334,Week 8,2024-04-23
334,Week 12,2024-05-21
335,Baseline,2024-01-18
335,Week 4,2024-02-15
335,Week 8,2024-03-14
335,Week 12,2024-04-11
336,Baseline,2024-04-13
336,Week 4,2024-05-11
336,Week 8,2024-06-08
336,Week 12,2024-07-06
337,Baseline,2024-06-11
337,Week 4,2024-07-09
337,Week 8,2024-08-06
337,Week 12,2024-09-03
338,Baseline,2024-05-10
338,Week 4,2024-06-07
338,Week 8,2024-07-05
338,Week 12,2024-08-02
339,Baseline,2024-01-03
339,Week 4,2024-01-31
339,Week 8,2024-02-28
339,Week 12,2024-03-27
340,Baseline,2024-04-26
340,Week 4,2024-05-24
340,Week 8,2024-06-21
340,Week 12,2024-07-19
341,Baseline,2024-02-10
341,Week 4,2024-03-09
341,Week 8,2024-04-06
341,Week 12,2024-05-04
342,Baseline,2024-02-21
342,Week 4,2024-03-20
342,Week 8,2024-04-17
342,Week 12,2024-05-15
343,Baseline,2024-06-25
343,Week 4,2024-07-23
343,Week 8,2024-08-20
343,Week 12,2024-09-17
344,Baseline,2024-05-10
344,Week 4,2024-06-07
344,Week 8,2024-07-05
344,Week 12,2024-08-02
345,Baseline,2024-04-22
345,Week 4,2024-05-20
345,Week 8,2024-06-17
345,Week 12,2024-07-15
346,Baseline,2024-01-30
346,Week 4,2024-02-27
346,Week 8,2024-03-26
346,Week 12,2024-04-23
347,Baseline,2024-03-31
347,Week 4,2024-04-28
347,Week 8,2024-05-26
347,Week 12,2024-06-23
348,Baseline,2024-01-05
348,Week 4,2024-02-02
348,Week 8,2024-03-01
348,Week 12,2024-03-29
349,Baseline,2024-06-23
349,Week 4,2024-07-21
349,Week 8,2024-08-18
349,Week 12,2024-09-15
350,Baseline,2024-05-21
350,Week 4,2024-06-18
350,Week 8,2024-07-16
350,Week 12,2024-08-13
351,Baseline,2024-04-15
351,Week 4,2024-05-13
351,Week 8,2024-06-10
351,Week 12,2024-07-08
352,Baseline,2024-01-18
352,Week 4,2024-02-15
352,Week 8,2024-03-14
352,Week 12,2024-04-11
353,Baseline,2024-03-02
353,Week 4,2024-03-30
353,Week 8,2024-04-27
353,Week 12,2024-05-25
354,Baseline,2024-01-09
354,Week 4,2024-02-06
354,Week 8,2024-03-05
354,Week 12,2024-04-02
355,Baseline,2024-04-02
355,Week 4,2024-04-30
355,Week 8,2024-05-28
355,Week 12,2024-06-25
356,Baseline,2024-01-22
356,Week 4,2024-02-19
356,Week 8,2024-03-18
356,Week 12,2024-04-15
357,Baseline,2024-05-12
357,Week 4,2024-06-09
357,Week 8,2024-07-07
357,Week 12,2024-08-04
358,Baseline,2024-04-28
358,Week 4,2024-05-26
358,Week 8,2024-06-23
358,Week 12,2024-07-21
359,Baseline,2024-01-07
359,Week 4,2024-02-04
359,Week 8,2024-03-03
359,Week 12,2024-03-31
360,Baseline,2024-02-02
360,Week 4,2024-03-01
360,Week 8,2024-03-29
360,Week 12,2024-04-26
361,Baseline,2024-03-23
361,Week 4,2024-04-20
361,Week 8,2024-05-18
361,Week 12,2024-06-15
362,Baseline,2024-03-04
362,Week 4,2024-04-01
362,Week 8,2024-04-29
362,Week 12,2024-05-27
363,Baseline,2024-04-20
363,Week 4,2024-05-18
363,Week 8,2024-06-15
363,Week 12,2024-07-13
364,Baseline,2024-04-02
364,Week 4,2024-04-30
364,Week 8,2024-05-28
364,Week 12,2024-06-25
365,Baseline,2024-02-09
365,Week 4,2024-03-08
365,Week 8,2024-04-05
365,Week 12,2024-05-03
366,Baseline,2024-04-23
366,Week 4,2024-05-21
366,Week 8,2024-06-18
366,Week 12,2024-07-16
367,Baseline,2024-04-09
367,Week 4,2024-05-07
367,Week 8,2024-06-04
367,Week 12,2024-07-02
368,Baseline,2024-06-23
368,Week 4,2024-07-21
368,Week 8,2024-08-18
368,Week 12,2024-09-15
369,Baseline,2024-06-16
369,Week 4,2024-07-14
369,Week 8,2024-08-11
369,Week 12,2024-09-08
370,Baseline,2024-03-12
370,Week 4,2024-04-09
370,Week 8,2024-05-07
370,Week 12,2024-06-04
371,Baseline,2024-02-29
371,Week 4,2024-03-28
371,Week 8,2024-04-25
371,Week 12,2024-05-23
372,Baseline,2024-03-30
372,Week 4,2024-04-27
372,Week 8,2024-05-25
372,Week 12,2024-06-22
373,Baseline,2024-06-21
373,Week 4,2024-07-19
373,Week 8,2024-08-16
373,Week 12,2024-09-13
374,Baseline,2024-05-20
374,Week 4,2024-06-17
374,Week 8,2024-07-15
374,Week 12,2024-08-12
375,Baseline,2024-05-14
375,Week 4,2024-06-11
375,Week 8,2024-07-09
375,Week 12,2024-08-06
376,Baseline,2024-06-04
376,Week 4,2024-07-02
376,Week 8,2024-07-30
376,Week 12,2024-08-27
377,Baseline,2024-01-29
377,Week 4,2024-02-26
377,Week 8,2024-03-25
377,Week 12,2024-04-22
378,Baseline,2024-06-18
378,Week 4,2024-07-16
378,Week 8,2024-08-13
378,Week 12,2024-09-10
379,Baseline,2024-06-17
379,Week 4,2024-07-15
379,Week 8,2024-08-12
379,Week 12,2024-09-09
380,Baseline,2024-05-06
380,Week 4,2024-06-03
380,Week 8,2024-07-01
380,Week 12,2024-07-29
381,Baseline,2024-02-10
381,Week 4,2024-03-09
381,Week 8,2024-04-06
381,Week 12,2024-05-04
382,Baseline,2024-01-22
382,Week 4,2024-02-19
382,Week 8,2024-03-18
382,Week 12,2024-04-15
383,Baseline,2024-01-20
383,Week 4,2024-02-17
383,Week 8,2024-03-16
383,Week 12,2024-04-13
384,Baseline,2024-06-15
384,Week 4,2024-07-13
384,Week 8,2024-08-10
384,Week 12,2024-09-07
385,Baseline,2024-06-04
385,Week 4,2024-07-02
385,Week 8,2024-07-30
385,Week 12,2024-08-27
386,Baseline,2024-05-25
386,Week 4,2024-06-22
386,Week 8,2024-07-20
386,Week 12,2024-08-17
387,Baseline,2024-06-11
387,Week 4,2024-07-09
387,Week 8,2024-08-06
387,Week 12,2024-09-03
388,Baseline,2024-04-03
388,Week 4,2024-05-01
388,Week 8,2024-05-29
388,Week 12,2024-06-26
389,Baseline,2024-02-11
389,Week 4,2024-03-10
389,Week 8,2024-04-07
389,Week 12,2024-05-05
390,Baseline,2024-01-12
390,Week 4,2024-02-09
390,Week 8,2024-03-08
390,Week 12,2024-04-05
391,Baseline,2024-02-22
391,Week 4,2024-03-21
391,Week 8,2024-04-18
391,Week 12,2024-05-16
392,Baseline,2024-04-03
392,Week 4,2024-05-01
392,Week 8,2024-05-29
392,Week 12,2024-06-26
393,Baseline,2024-02-22
393,Week 4,2024-03-21
393,Week 8,2024-04-18
393,Week 12,2024-05-16
394,Baseline,2024-01-10
394,Week 4,2024-02-07
394,Week 8,2024-03-06
394,Week 12,2024-04-03
395,Baseline,2024-05-02
395,Week 4,2024-05-30
395,Week 8,2024-06-27
395,Week 12,2024-07-25
396,Baseline,2024-04-09
396,Week 4,2024-05-07
396,Week 8,2024-06-04
396,Week 12,2024-07-02
397,Baseline,2024-05-01
397,Week 4,2024-05-29
397,Week 8,2024-06-26
397,Week 12,2024-07-24
398,Baseline,2024-06-14
398,Week 4,2024-07-12
398,Week 8,2024-08-09
398,Week 12,2024-09-06
399,Baseline,2024-03-28
399,Week 4,2024-04-25
399,Week 8,2024-05-23
399,Week 12,2024-06-20
400,Baseline,2024-03-21
400,Week 4,2024-04-18
400,Week 8,2024-05-16
400,Week 12,2024-06-13
401,Baseline,2024-01-15
401,Week 4,2024-02-12
401,Week 8,2024-03-11
401,Week 12,2024-04-08
402,Baseline,2024-01-17
402,Week 4,2024-02-14
402,Week 8,2024-03-13
402,Week 12,2024-04-10
403,Baseline,2024-02-26
403,Week 4,2024-03-25
403,Week 8,2024-04-22
403,Week 12,2024-05-20
404,Baseline,2024-03-15
404,Week 4,2024-04-12
404,Week 8,2024-05-10
404,Week 12,2024-06-07
405,Baseline,2024-06-27
405,Week 4,2024-07-25
405,Week 8,2024-08-22
405,Week 12,2024-09-19
406,Baseline,2024-05-08
406,Week 4,2024-06-05
406,Week 8,2024-07-03
406,Week 12,2024-07-31
407,Baseline,2024-05-29
407,Week 4,2024-06-26
407,Week 8,2024-07-24
407,Week 12,2024-08-21
408,Baseline,2024-02-11
408,Week 4,2024-03-10
408,Week 8,2024-04-07
408,Week 12,2024-05-05
409,Baseline,2024-06-23
409,Week 4,2024-07-21
409,Week 8,2024-08-18
409,Week 12,2024-09-15
410,Baseline,2024-02-09
410,Week 4,2024-03-08
410,Week 8,2024-04-05
410,Week 12,2024-05-03
411,Baseline,2024-05-19
411,Week 4,2024-06-16
411,Week 8,2024-07-14
411,Week 12,2024-08-11
412,Baseline,2024-06-22
412,Week 4,2024-07-20
412,Week 8,2024-08-17
412,Week 12,2024-09-14
413,Baseline,2024-06-01
413,Week 4,2024-06-29
413,Week 8,2024-07-27
413,Week 12,2024-08-24
414,Baseline,2024-04-20
414,Week 4,2024-05-18
414,Week 8,2024-06-15
414,Week 12,2024-07-13
415,Baseline,2024-05-12
415,Week 4,2024-06-09
415,Week 8,2024-07-07
415,Week 12,2024-08-04
416,Baseline,2024-03-29
416,Week 4,2024-04-26
416,Week 8,2024-05-24
416,Week 12,2024-06-21
417,Baseline,2024-01-22
417,Week 4,2024-02-19
417,Week 8,2024-03-18
417,Week 12,2024-04-15
418,Baseline,2024-06-02
418,Week 4,2024-06-30
418,Week 8,2024-07-28
418,Week 12,2024-08-25
419,Baseline,2024-04-04
419,Week 4,2024-05-02
419,Week 8,2024-05-30
419,Week 12,2024-06-27
420,Baseline,2024-05-20
420,Week 4,2024-06-17
420,Week 8,2024-07-15
420,Week 12,2024-08-12
421,Baseline,2024-01-28
421,Week 4,2024-02-25
421,Week 8,2024-03-24
421,Week 12,2024-04-21
422,Baseline,2024-04-26
422,Week 4,2024-05-24
422,Week 8,2024-06-21
422,Week 12,2024-07-19
423,Baseline,2024-02-21
423,Week 4,2024-03-20
423,Week 8,2024-04-17
423,Week 12,2024-05-15
424,Baseline,2024-01-25
424,Week 4,2024-02-22
424,Week 8,2024-03-21
424,Week 12,2024-04-18
425,Baseline,2024-01-07
425,Week 4,2024-02-04
425,Week 8,2024-03-03
425,Week 12,2024-03-31
426,Baseline,2024-02-17
426,Week 4,2024-03-16
426,Week 8,2024-04-13
426,Week 12,2024-05-11
427,Baseline,2024-05-16
427,Week 4,2024-06-13
427,Week 8,2024-07-11
427,Week 12,2024-08-08
428,Baseline,2024-05-31
428,Week 4,2024-06-28
428,Week 8,2024-07-26
428,Week 12,2024-08-23
429,Baseline,2024-05-20
429,Week 4,2024-06-17
429,Week 8,2024-07-15
429,Week 12,2024-08-12
430,Baseline,2024-01-13
430,Week 4,2024-02-10
430,Week 8,2024-03-09
430,Week 12,2024-04-06
431,Baseline,2024-04-01
431,Week 4,2024-04-29
431,Week 8,2024-05-27
431,Week 12,2024-06-24
432,Baseline,2024-06-13
432,Week 4,2024-07-11
432,Week 8,2024-08-08
432,Week 12,2024-09-05
433,Baseline,2024-05-12
433,Week 4,2024-06-09
433,Week 8,2024-07-07
433,Week 12,2024-08-04
434,Baseline,2024-04-07
434,Week 4,2024-05-05
434,Week 8,2024-06-02
434,Week 12,2024-06-30
435,Baseline,2024-01-09
435,Week 4,2024-02-06
435,Week 8,2024-03-05
435,Week 12,2024-04-02
436,Baseline,2024-04-15
436,Week 4,2024-05-13
436,Week 8,2024-06-10
436,Week 12,2024-07-08
437,Baseline,2024-02-12
437,Week 4,2024-03-11
437,Week 8,2024-04-08
437,Week 12,2024-05-06
438,Baseline,2024-03-08
438,Week 4,2024-04-05
438,Week 8,2024-05-03
438,Week 12,2024-05-31
439,Baseline,2024-04-15
439,Week 4,2024-05-13
439,Week 8,2024-06-10
439,Week 12,2024-07-08
440,Baseline,2024-05-30
440,Week 4,2024-06-27
440,Week 8,2024-07-25
440,Week 12,2024-08-22
441,Baseline,2024-06-17
441,Week 4,2024-07-15
441,Week 8,2024-08-12
441,Week 12,2024-09-09
442,Baseline,2024-06-01
442,Week 4,2024-06-29
442,Week 8,2024-07-27
442,Week 12,2024-08-24
443,Baseline,2024-04-01
443,Week 4,2024-04-29
443,Week 8,2024-05-27
443,Week 12,2024-06-24
444,Baseline,2024-02-18
444,Week 4,2024-03-17
444,Week 8,2024-04-14
444,Week 12,2024-05-12
445,Baseline,2024-01-30
445,Week 4,2024-02-27
445,Week 8,2024-03-26
445,Week 12,2024-04-23
446,Baseline,2024-03-15
446,Week 4,2024-04-12
446,Week 8,2024-05-10
446,Week 12,2024-06-07
447,Baseline,2024-05-21
447,Week 4,2024-06-18
447,Week 8,2024-07-16
447,Week 12,2024-08-13
448,Baseline,2024-01-15
448,Week 4,2024-02-12
448,Week 8,2024-03-11
448,Week 12,2024-04-08
449,Baseline,2024-04-05
449,Week 4,2024-05-03
449,Week 8,2024-05-31
449,Week 12,2024-06-28
450,Baseline,2024-03-19
450,Week 4,2024-04-16
450,Week 8,2024-05-14
450,Week 12,2024-06-11
451,Baseline,2024-02-14
451,Week 4,2024-03-13
451,Week 8,2024-04-10
451,Week 12,2024-05-08
452,Baseline,2024-04-12
452,Week 4,2024-05-10
452,Week 8,2024-06-07
452,Week 12,2024-07-05
453,Baseline,2024-04-15
453,Week 4,2024-05-13
453,Week 8,2024-06-10
453,Week 12,2024-07-08
454,Baseline,2024-01-23
454,Week 4,2024-02-20
454,Week 8,2024-03-19
454,Week 12,2024-04-16
455,Baseline,2024-06-10
455,Week 4,2024-07-08
455,Week 8,2024-08-05
455,Week 12,2024-09-02
456,Baseline,2024-05-17
456,Week 4,2024-06-14
456,Week 8,2024-07-12
456,Week 12,2024-08-09
457,Baseline,2024-05-22
457,Week 4,2024-06-19
457,Week 8,2024-07-17
457,Week 12,2024-08-14
458,Baseline,2024-03-13
458,Week 4,2024-04-10
458,Week 8,2024-05-08
458,Week 12,2024-06-05
459,Baseline,2024-05-18
459,Week 4,2024-06-15
459,Week 8,2024-07-13
459,Week 12,2024-08-10
460,Baseline,2024-01-11
460,Week 4,2024-02-08
460,Week 8,2024-03-07
460,Week 12,2024-04-04
461,Baseline,2024-02-10
461,Week 4,2024-03-09
461,Week 8,2024-04-06
461,Week 12,2024-05-04
462,Baseline,2024-05-12
462,Week 4,2024-06-09
462,Week 8,2024-07-07
462,Week 12,2024-08-04
463,Baseline,2024-05-01
463,Week 4,2024-05-29
463,Week 8,2024-06-26
463,Week 12,2024-07-24
464,Baseline,2024-04-17
464,Week 4,2024-05-15
464,Week 8,2024-06-12
464,Week 12,2024-07-10
465,Baseline,2024-01-07
465,Week 4,2024-02-04
465,Week 8,2024-03-03
465,Week 12,2024-03-31
466,Baseline,2024-03-08
466,Week 4,2024-04-05
466,Week 8,2024-05-03
466,Week 12,2024-05-31
467,Baseline,2024-02-21
467,Week 4,2024-03-20
467,Week 8,2024-04-17
467,Week 12,2024-05-15
468,Baseline,2024-04-15
468,Week 4,2024-05-13
468,Week 8,2024-06-10
468,Week 12,2024-07-08
469,Baseline,2024-06-01
469,Week 4,2024-06-29
469,Week 8,2024-07-27
469,Week 12,2024-08-24
470,Baseline,2024-03-10
470,Week 4,2024-04-07
470,Week 8,2024-05-05
470,Week 12,2024-06-02
471,Baseline,2024-03-21
471,Week 4,2024-04-18
471,Week 8,2024-05-16
471,Week 12,2024-06-13
472,Baseline,2024-02-11
472,Week 4,2024-03-10
472,Week 8,2024-04-07
472,Week 12,2024-05-05
473,Baseline,2024-05-19
473,Week 4,2024-06-16
473,Week 8,2024-07-14
473,Week 12,2024-08-11
474,Baseline,2024-02-10
474,Week 4,2024-03-09
474,Week 8,2024-04-06
474,Week 12,2024-05-04
475,Baseline,2024-05-03
475,Week 4,2024-05-31
475,Week 8,2024-06-28
475,Week 12,2024-07-26
476,Baseline,2024-01-20
476,Week 4,2024-02-17
476,Week 8,2024-03-16
476,Week 12,2024-04-13
477,Baseline,2024-05-15
477,Week 4,2024-06-12
477,Week 8,2024-07-10
477,Week 12,2024-08-07
478,Baseline,2024-02-16
478,Week 4,2024-03-15
478,Week 8,2024-04-12
478,Week 12,2024-05-10
479,Baseline,2024-02-27
479,Week 4,2024-03-26
479,Week 8,2024-04-23
479,Week 12,2024-05-21
480,Baseline,2024-04-11
480,Week 4,2024-05-09
480,Week 8,2024-06-06
480,Week 12,2024-07-04
481,Baseline,2024-04-23
481,Week 4,2024-05-21
481,Week 8,2024-06-18
481,Week 12,2024-07-16
482,Baseline,2024-04-20
482,Week 4,2024-05-18
482,Week 8,2024-06-15
482,Week 12,2024-07-13
483,Baseline,2024-04-18
483,Week 4,2024-05-16
483,Week 8,2024-06-13
483,Week 12,2024-07-11
484,Baseline,2024-05-11
484,Week 4,2024-06-08
484,Week 8,2024-07-06
484,Week 12,2024-08-03
485,Baseline,2024-06-19
485,Week 4,2024-07-17
485,Week 8,2024-08-14
485,Week 12,2024-09-11
486,Baseline,2024-06-07
486,Week 4,2024-07-05
486,Week 8,2024-08-02
486,Week 12,2024-08-30
487,Baseline,2024-01-21
487,Week 4,2024-02-18
487,Week 8,2024-03-17
487,Week 12,2024-04-14
488,Baseline,2024-01-04
488,Week 4,2024-02-01
488,Week 8,2024-02-29
488,Week 12,2024-03-28
489,Baseline,2024-01-16
489,Week 4,2024-02-13
489,Week 8,2024-03-12
489,Week 12,2024-04-09
490,Baseline,2024-01-15
490,Week 4,2024-02-12
490,Week 8,2024-03-11
490,Week 12,2024-04-08
491,Baseline,2024-03-15
491,Week 4,2024-04-12
491,Week 8,2024-05-10
491,Week 12,2024-06-07
492,Baseline,2024-04-27
492,Week 4,2024-05-25
492,Week 8,2024-06-22
492,Week 12,2024-07-20
493,Baseline,2024-01-27
493,Week 4,2024-02-24
493,Week 8,2024-03-23
493,Week 12,2024-04-20
494,Baseline,2024-03-02
494,Week 4,2024-03-30
494,Week 8,2024-04-27
494,Week 12,2024-05-25
495,Baseline,2024-06-17
495,Week 4,2024-07-15
495,Week 8,2024-08-12
495,Week 12,2024-09-09
496,Baseline,2024-01-21
496,Week 4,2024-02-18
496,Week 8,2024-03-17
496,Week 12,2024-04-14
497,Baseline,2024-02-28
497,Week 4,2024-03-27
497,Week 8,2024-04-24
497,Week 12,2024-05-22
498,Baseline,2024-04-22
498,Week 4,2024-05-20
498,Week 8,2024-06-17
498,Week 12,2024-07-15
499,Baseline,2024-05-14
499,Week 4,2024-06-11
499,Week 8,2024-07-09
499,Week 12,2024-08-06
500,Baseline,2024-02-20
500,Week 4,2024-03-19
500,Week 8,2024-04-16
500,Week 12,2024-05-14
501,Baseline,2024-01-18
501,Week 4,2024-02-15
501,Week 8,2024-03-14
501,Week 12,2024-04-11
502,Baseline,2024-01-01
502,Week 4,2024-01-29
502,Week 8,2024-02-26
502,Week 12,2024-03-25
503,Baseline,2024-06-27
503,Week 4,2024-07-25
503,Week 8,2024-08-22
503,Week 12,2024-09-19
504,Baseline,2024-01-31
504,Week 4,2024-02-28
504,Week 8,2024-03-27
504,Week 12,2024-04-24
505,Baseline,2024-02-09
505,Week 4,2024-03-08
505,Week 8,2024-04-05
505,Week 12,2024-05-03
506,Baseline,2024-03-26
506,Week 4,2024-04-23
506,Week 8,2024-05-21
506,Week 12,2024-06-18
507,Baseline,2024-03-29
507,Week 4,2024-04-26
507,Week 8,2024-05-24
507,Week 12,2024-06-21
508,Baseline,2024-05-27
508,Week 4,2024-06-24
508,Week 8,2024-07-22
508,Week 12,2024-08-19
509,Baseline,2024-02-02
509,Week 4,2024-03-01
509,Week 8,2024-03-29
509,Week 12,2024-04-26
510,Baseline,2024-01-30
510,Week 4,2024-02-27
510,Week 8,2024-03-26
510,Week 12,2024-04-23
511,Baseline,2024-05-22
511,Week 4,2024-06-19
511,Week 8,2024-07-17
511,Week 12,2024-08-14
512,Baseline,2024-04-23
512,Week 4,2024-05-21
512,Week 8,2024-06-18
512,Week 12,2024-07-16
513,Baseline,2024-05-20
513,Week 4,2024-06-17
513,Week 8,2024-07-15
513,Week 12,2024-08-12
514,Baseline,2024-04-11
514,Week 4,2024-05-09
514,Week 8,2024-06-06
514,Week 12,2024-07-04
515,Baseline,2024-06-24
515,Week 4,2024-07-22
515,Week 8,2024-08-19
515,Week 12,2024-09-16
516,Baseline,2024-05-05
516,Week 4,2024-06-02
516,Week 8,2024-06-30
516,Week 12,2024-07-28
517,Baseline,2024-06-03
517,Week 4,2024-07-01
517,Week 8,2024-07-29
517,Week 12,2024-08-26
518,Baseline,2024-02-19
518,Week 4,2024-03-18
518,Week 8,2024-04-15
518,Week 12,2024-05-13
519,Baseline,2024-03-11
519,Week 4,2024-04-08
519,Week 8,2024-05-06
519,Week 12,2024-06-03
520,Baseline,2024-05-25
520,Week 4,2024-06-22
520,Week 8,2024-07-20
520,Week 12,2024-08-17
521,Baseline,2024-06-21
521,Week 4,2024-07-19
521,Week 8,2024-08-16
521,Week 12,2024-09-13
522,Baseline,2024-05-09
522,Week 4,2024-06-06
522,Week 8,2024-07-04
522,Week 12,2024-08-01
523,Baseline,2024-04-08
523,Week 4,2024-05-06
523,Week 8,2024-06-03
523,Week 12,2024-07-01
524,Baseline,2024-06-12
524,Week 4,2024-07-10
524,Week 8,2024-08-07
524,Week 12,2024-09-04
525,Baseline,2024-01-02
525,Week 4,2024-01-30
525,Week 8,2024-02-27
525,Week 12,2024-03-26
526,Baseline,2024-04-13
526,Week 4,2024-05-11
526,Week 8,2024-06-08
526,Week 12,2024-07-06
527,Baseline,2024-06-03
527,Week 4,2024-07-01
527,Week 8,2024-07-29
527,Week 12,2024-08-26
528,Baseline,2024-04-20
528,Week 4,2024-05-18
528,Week 8,2024-06-15
528,Week 12,2024-07-13
529,Baseline,2024-01-22
529,Week 4,2024-02-19
529,Week 8,2024-03-18
529,Week 12,2024-04-15
530,Baseline,2024-01-12
530,Week 4,2024-02-09
530,Week 8,2024-03-08
530,Week 12,2024-04-05
531,Baseline,2024-02-12
531,Week 4,2024-03-11
531,Week 8,2024-04-08
531,Week 12,2024-05-06
532,Baseline,2024-06-12
532,Week 4,2024-07-10
532,Week 8,2024-08-07
532,Week 12,2024-09-04
533,Baseline,2024-04-17
533,Week 4,2024-05-15
533,Week 8,2024-06-12
533,Week 12,2024-07-10
534,Baseline,2024-01-10
534,Week 4,2024-02-07
534,Week 8,2024-03-06
534,Week 12,2024-04-03
535,Baseline,2024-02-12
535,Week 4,2024-03-11
535,Week 8,2024-04-08
535,Week 12,2024-05-06
536,Baseline,2024-01-28
536,Week 4,2024-02-25
536,Week 8,2024-03-24
536,Week 12,2024-04-21
537,Baseline,2024-05-05
537,Week 4,2024-06-02
537,Week 8,2024-06-30
537,Week 12,2024-07-28
538,Baseline,2024-04-05
538,Week 4,2024-05-03
538,Week 8,2024-05-31
538,Week 12,2024-06-28
539,Baseline,2024-05-26
539,Week 4,2024-06-23
539,Week 8,2024-07-21
539,Week 12,2024-08-18
540,Baseline,2024-04-24
540,Week 4,2024-05-22
540,Week 8,2024-06-19
540,Week 12,2024-07-17
541,Baseline,2024-03-19
541,Week 4,2024-04-16
541,Week 8,2024-05-14
541,Week 12,2024-06-11
542,Baseline,2024-01-18
542,Week 4,2024-02-15
542,Week 8,2024-03-14
542,Week 12,2024-04-11
543,Baseline,2024-05-24
543,Week 4,2024-06-21
543,Week 8,2024-07-19
543,Week 12,2024-08-16
544,Baseline,2024-01-25
544,Week 4,2024-02-22
544,Week 8,2024-03-21
544,Week 12,2024-04-18
545,Baseline,2024-03-16
545,Week 4,2024-04-13
545,Week 8,2024-05-11
545,Week 12,2024-06-08
546,Baseline,2024-04-19
546,Week 4,2024-05-17
546,Week 8,2024-06-14
546,Week 12,2024-07-12
547,Baseline,2024-02-06
547,Week 4,2024-03-05
547,Week 8,2024-04-02
547,Week 12,2024-04-30
548,Baseline,2024-02-06
548,Week 4,2024-03-05
548,Week 8,2024-04-02
548,Week 12,2024-04-30
549,Baseline,2024-04-15
549,Week 4,2024-05-13
549,Week 8,2024-06-10
549,Week 12,2024-07-08
550,Baseline,2024-04-11
550,Week 4,2024-05-09
550,Week 8,2024-06-06
550,Week 12,2024-07-04
551,Baseline,2024-01-12
551,Week 4,2024-02-09
551,Week 8,2024-03-08
551,Week 12,2024-04-05
552,Baseline,2024-03-05
552,Week 4,2024-04-02
552,Week 8,2024-04-30
552,Week 12,2024-05-28
553,Baseline,2024-02-18
553,Week 4,2024-03-17
553,Week 8,2024-04-14
553,Week 12,2024-05-12
554,Baseline,2024-06-19
554,Week 4,2024-07-17
554,Week 8,2024-08-14
554,Week 12,2024-09-11
555,Baseline,2024-05-11
555,Week 4,2024-06-08
555,Week 8,2024-07-06
555,Week 12,2024-08-03
556,Baseline,2024-06-09
556,Week 4,2024-07-07
556,Week 8,2024-08-04
556,Week 12,2024-09-01
557,Baseline,2024-02-04
557,Week 4,2024-03-03
557,Week 8,2024-03-31
557,Week 12,2024-04-28
558,Baseline,2024-03-10
558,Week 4,2024-04-07
558,Week 8,2024-05-05
558,Week 12,2024-06-02
559,Baseline,2024-06-09
559,Week 4,2024-07-07
559,Week 8,2024-08-04
559,Week 12,2024-09-01
560,Baseline,2024-04-10
560,Week 4,2024-05-08
560,Week 8,2024-06-05
560,Week 12,2024-07-03
561,Baseline,2024-02-03
561,Week 4,2024-03-02
561,Week 8,2024-03-30
561,Week 12,2024-04-27
562,Baseline,2024-06-07
562,Week 4,2024-07-05
562,Week 8,2024-08-02
562,Week 12,2024-08-30
563,Baseline,2024-03-06
563,Week 4,2024-04-03
563,Week 8,2024-05-01
563,Week 12,2024-05-29
564,Baseline,2024-03-20
564,Week 4,2024-04-17
564,Week 8,2024-05-15
564,Week 12,2024-06-12
565,Baseline,2024-04-06
565,Week 4,2024-05-04
565,Week 8,2024-06-01
565,Week 12,2024-06-29
566,Baseline,2024-03-28
566,Week 4,2024-04-25
566,Week 8,2024-05-23
566,Week 12,2024-06-20
567,Baseline,2024-02-09
567,Week 4,2024-03-08
567,Week 8,2024-04-05
567,Week 12,2024-05-03
568,Baseline,2024-05-21
568,Week 4,2024-06-18
568,Week 8,2024-07-16
568,Week 12,2024-08-13
569,Baseline,2024-02-15
569,Week 4,2024-03-14
569,Week 8,2024-04-11
569,Week 12,2024-05-09
570,Baseline,2024-03-28
570,Week 4,2024-04-25
570,Week 8,2024-05-23
570,Week 12,2024-06-20
571,Baseline,2024-06-26
571,Week 4,2024-07-24
571,Week 8,2024-08-21
571,Week 12,2024-09-18
572,Baseline,2024-04-29
572,Week 4,2024-05-27
572,Week 8,2024-06-24
572,Week 12,2024-07-22
573,Baseline,2024-06-28
573,Week 4,2024-07-26
573,Week 8,2024-08-23
573,Week 12,2024-09-20
574,Baseline,2024-05-03
574,Week 4,2024-05-31
574,Week 8,2024-06-28
574,Week 12,2024-07-26
575,Baseline,2024-02-14
575,Week 4,2024-03-13
575,Week 8,2024-04-10
575,Week 12,2024-05-08
576,Baseline,2024-04-06
576,Week 4,2024-05-04
576,Week 8,2024-06-01
576,Week 12,2024-06-29
577,Baseline,2024-04-05
577,Week 4,2024-05-03
577,Week 8,2024-05-31
577,Week 12,2024-06-28
578,Baseline,2024-02-23
578,Week 4,2024-03-22
578,Week 8,2024-04-19
578,Week 12,2024-05-17
579,Baseline,2024-01-28
579,Week 4,2024-02-25
579,Week 8,2024-03-24
579,Week 12,2024-04-21
580,Baseline,2024-01-28
580,Week 4,2024-02-25
580,Week 8,2024-03-24
580,Week 12,2024-04-21
581,Baseline,2024-01-25
581,Week 4,2024-02-22
581,Week 8,2024-03-21
581,Week 12,2024-04-18
582,Baseline,2024-06-22
582,Week 4,2024-07-20
582,Week 8,2024-08-17
582,Week 12,2024-09-14
583,Baseline,2024-05-23
583,Week 4,2024-06-20
583,Week 8,2024-07-18
583,Week 12,2024-08-15
584,Baseline,2024-05-06
584,Week 4,2024-06-03
584,Week 8,2024-07-01
584,Week 12,2024-07-29
585,Baseline,2024-04-15
585,Week 4,2024-05-13
585,Week 8,2024-06-10
585,Week 12,2024-07-08
586,Baseline,2024-06-04
586,Week 4,2024-07-02
586,Week 8,2024-07-30
586,Week 12,2024-08-27
587,Baseline,2024-02-27
587,Week 4,2024-03-26
587,Week 8,2024-04-23
587,Week 12,2024-05-21
588,Baseline,2024-05-20
588,Week 4,2024-06-17
588,Week 8,2024-07-15
588,Week 12,2024-08-12
589,Baseline,2024-03-14
589,Week 4,2024-04-11
589,Week 8,2024-05-09
589,Week 12,2024-06-06
590,Baseline,2024-05-09
590,Week 4,2024-06-06
590,Week 8,2024-07-04
590,Week 12,2024-08-01
591,Baseline,2024-02-13
591,Week 4,2024-03-12
591,Week 8,2024-04-09
591,Week 12,2024-05-07
592,Baseline,2024-06-22
592,Week 4,2024-07-20
592,Week 8,2024-08-17
592,Week 12,2024-09-14
593,Baseline,2024-06-21
593,Week 4,2024-07-19
593,Week 8,2024-08-16
593,Week 12,2024-09-13
594,Baseline,2024-06-17
594,Week 4,2024-07-15
594,Week 8,2024-08-12
594,Week 12,2024-09-09
595,Baseline,2024-01-23
595,Week 4,2024-02-20
595,Week 8,2024-03-19
595,Week 12,2024-04-16
596,Baseline,2024-06-21
596,Week 4,2024-07-19
596,Week 8,2024-08-16
596,Week 12,2024-09-13
597,Baseline,2024-05-20
597,Week 4,2024-06-17
597,Week 8,2024-07-15
597,Week 12,2024-08-12
598,Baseline,2024-01-03
598,Week 4,2024-01-31
598,Week 8,2024-02-28
598,Week 12,2024-03-27
599,Baseline,2024-02-04
599,Week 4,2024-03-03
599,Week 8,2024-03-31
599,Week 12,2024-04-28
600,Baseline,2024-02-07
600,Week 4,2024-03-06
600,Week 8,2024-04-03
600,Week 12,2024-05-01
601,Baseline,2024-02-05
601,Week 4,2024-03-04
601,Week 8,2024-04-01
601,Week 12,2024-04-29
602,Baseline,2024-01-09
602,Week 4,2024-02-06
602,Week 8,2024-03-05
602,Week 12,2024-04-02
603,Baseline,2024-05-25
603,Week 4,2024-06-22
603,Week 8,2024-07-20
603,Week 12,2024-08-17
604,Baseline,2024-06-14
604,Week 4,2024-07-12
604,Week 8,2024-08-09
604,Week 12,2024-09-06
605,Baseline,2024-06-24
605,Week 4,2024-07-22
605,Week 8,2024-08-19
605,Week 12,2024-09-16
606,Baseline,2024-06-13
606,Week 4,2024-07-11
606,Week 8,2024-08-08
606,Week 12,2024-09-05
607,Baseline,2024-02-14
607,Week 4,2024-03-13
607,Week 8,2024-04-10
607,Week 12,2024-05-08
608,Baseline,2024-06-02
608,Week 4,2024-06-30
608,Week 8,2024-07-28
608,Week 12,2024-08-25
609,Baseline,2024-05-03
609,Week 4,2024-05-31
609,Week 8,2024-06-28
609,Week 12,2024-07-26
610,Baseline,2024-02-28
610,Week 4,2024-03-27
610,Week 8,2024-04-24
610,Week 12,2024-05-22
611,Baseline,2024-02-20
611,Week 4,2024-03-19
611,Week 8,2024-04-16
611,Week 12,2024-05-14
612,Baseline,2024-03-23
612,Week 4,2024-04-20
612,Week 8,2024-05-18
612,Week 12,2024-06-15
613,Baseline,2024-01-05
613,Week 4,2024-02-02
613,Week 8,2024-03-01
613,Week 12,2024-03-29
614,Baseline,2024-02-04
614,Week 4,2024-03-03
614,Week 8,2024-03-31
614,Week 12,2024-04-28
615,Baseline,2024-02-10
615,Week 4,2024-03-09
615,Week 8,2024-04-06
615,Week 12,2024-05-04
616,Baseline,2024-06-21
616,Week 4,2024-07-19
616,Week 8,2024-08-16
616,Week 12,2024-09-13
617,Baseline,2024-01-05
617,Week 4,2024-02-02
617,Week 8,2024-03-01
617,Week 12,2024-03-29
618,Baseline,2024-05-17
618,Week 4,2024-06-14
618,Week 8,2024-07-12
618,Week 12,2024-08-09
619,Baseline,2024-02-26
619,Week 4,2024-03-25
619,Week 8,2024-04-22
619,Week 12,2024-05-20
620,Baseline,2024-03-09
620,Week 4,2024-04-06
620,Week 8,2024-05-04
620,Week 12,2024-06-01
621,Baseline,2024-06-15
621,Week 4,2024-07-13
621,Week 8,2024-08-10
621,Week 12,2024-09-07
622,Baseline,2024-01-19
622,Week 4,2024-02-16
622,Week 8,2024-03-15
622,Week 12,2024-04-12
623,Baseline,2024-05-17
623,Week 4,2024-06-14
623,Week 8,2024-07-12
623,Week 12,2024-08-09
624,Baseline,2024-03-16
624,Week 4,2024-04-13
624,Week 8,2024-05-11
624,Week 12,2024-06-08
625,Baseline,2024-03-29
625,Week 4,2024-04-26
625,Week 8,2024-05-24
625,Week 12,2024-06-21
626,Baseline,2024-01-11
626,Week 4,2024-02-08
626,Week 8,2024-03-07
626,Week 12,2024-04-04
627,Baseline,2024-02-19
627,Week 4,2024-03-18
627,Week 8,2024-04-15
627,Week 12,2024-05-13
628,Baseline,2024-05-10
628,Week 4,2024-06-07
628,Week 8,2024-07-05
628,Week 12,2024-08-02
629,Baseline,2024-01-24
629,Week 4,2024-02-21
629,Week 8,2024-03-20
629,Week 12,2024-04-17
630,Baseline,2024-03-04
630,Week 4,2024-04-01
630,Week 8,2024-04-29
630,Week 12,2024-05-27
631,Baseline,2024-02-10
631,Week 4,2024-03-09
631,Week 8,2024-04-06
631,Week 12,2024-05-04
632,Baseline,2024-01-11
632,Week 4,2024-02-08
632,Week 8,2024-03-07
632,Week 12,2024-04-04
633,Baseline,2024-04-05
633,Week 4,2024-05-03
633,Week 8,2024-05-31
633,Week 12,2024-06-28
634,Baseline,2024-04-03
634,Week 4,2024-05-01
634,Week 8,2024-05-29
634,Week 12,2024-06-26
635,Baseline,2024-02-16
635,Week 4,2024-03-15
635,Week 8,2024-04-12
635,Week 12,2024-05-10
636,Baseline,2024-05-01
636,Week 4,2024-05-29
636,Week 8,2024-06-26
636,Week 12,2024-07-24
637,Baseline,2024-02-20
637,Week 4,2024-03-19
637,Week 8,2024-04-16
637,Week 12,2024-05-14
638,Baseline,2024-06-26
638,Week 4,2024-07-24
638,Week 8,2024-08-21
638,Week 12,2024-09-18
639,Baseline,2024-05-31
639,Week 4,2024-06-28
639,Week 8,2024-07-26
639,Week 12,2024-08-23
640,Baseline,2024-05-05
640,Week 4,2024-06-02
640,Week 8,2024-06-30
640,Week 12,2024-07-28
641,Baseline,2024-02-01
641,Week 4,2024-02-29
641,Week 8,2024-03-28
641,Week 12,2024-04-25
642,Baseline,2024-01-14
642,Week 4,2024-02-11
642,Week 8,2024-03-10
642,Week 12,2024-04-07
643,Baseline,2024-06-05
643,Week 4,2024-07-03
643,Week 8,2024-07-31
643,Week 12,2024-08-28
644,Baseline,2024-01-15
644,Week 4,2024-02-12
644,Week 8,2024-03-11
644,Week 12,2024-04-08
645,Baseline,2024-03-21
645,Week 4,2024-04-18
645,Week 8,2024-05-16
645,Week 12,2024-06-13
646,Baseline,2024-03-16
646,Week 4,2024-04-13
646,Week 8,2024-05-11
646,Week 12,2024-06-08
647,Baseline,2024-04-16
647,Week 4,2024-05-14
647,Week 8,2024-06-11
647,Week 12,2024-07-09
648,Baseline,2024-04-17
648,Week 4,2024-05-15
648,Week 8,2024-06-12
648,Week 12,2024-07-10
649,Baseline,2024-02-20
649,Week 4,2024-03-19
649,Week 8,2024-04-16
649,Week 12,2024-05-14
650,Baseline,2024-02-01
650,Week 4,2024-02-29
650,Week 8,2024-03-28
650,Week 12,2024-04-25
651,Baseline,2024-02-07
651,Week 4,2024-03-06
651,Week 8,2024-04-03
651,Week 12,2024-05-01
652,Baseline,2024-02-08
652,Week 4,2024-03-07
652,Week 8,2024-04-04
652,Week 12,2024-05-02
653,Baseline,2024-03-25
653,Week 4,2024-04-22
653,Week 8,2024-05-20
653,Week 12,2024-06-17
654,Baseline,2024-01-01
654,Week 4,2024-01-29
654,Week 8,2024-02-26
654,Week 12,2024-03-25
655,Baseline,2024-04-18
655,Week 4,2024-05-16
655,Week 8,2024-06-13
655,Week 12,2024-07-11
656,Baseline,2024-05-20
656,Week 4,2024-06-17
656,Week 8,2024-07-15
656,Week 12,2024-08-12
657,Baseline,2024-03-21
657,Week 4,2024-04-18
657,Week 8,2024-05-16
657,Week 12,2024-06-13
658,Baseline,2024-04-25
658,Week 4,2024-05-23
658,Week 8,2024-06-20
658,Week 12,2024-07-18
659,Baseline,2024-04-05
659,Week 4,2024-05-03
659,Week 8,2024-05-31
659,Week 12,2024-06-28
660,Baseline,2024-01-01
660,Week 4,2024-01-29
660,Week 8,2024-02-26
660,Week 12,2024-03-25
661,Baseline,2024-06-22
661,Week 4,2024-07-20
661,Week 8,2024-08-17
661,Week 12,2024-09-14
662,Baseline,2024-01-12
662,Week 4,2024-02-09
662,Week 8,2024-03-08
662,Week 12,2024-04-05
663,Baseline,2024-05-26
663,Week 4,2024-06-23
663,Week 8,2024-07-21
663,Week 12,2024-08-18
664,Baseline,2024-06-09
664,Week 4,2024-07-07
664,Week 8,2024-08-04
664,Week 12,2024-09-01
665,Baseline,2024-06-17
665,Week 4,2024-07-15
665,Week 8,2024-08-12
665,Week 12,2024-09-09
666,Baseline,2024-06-28
666,Week 4,2024-07-26
666,Week 8,2024-08-23
666,Week 12,2024-09-20
667,Baseline,2024-02-17
667,Week 4,2024-03-16
667,Week 8,2024-04-13
667,Week 12,2024-05-11
668,Baseline,2024-01-07
668,Week 4,2024-02-04
668,Week 8,2024-03-03
668,Week 12,2024-03-31
669,Baseline,2024-05-27
669,Week 4,2024-06-24
669,Week 8,2024-07-22
669,Week 12,2024-08-19
670,Baseline,2024-05-04
670,Week 4,2024-06-01
670,Week 8,2024-06-29
670,Week 12,2024-07-27
671,Baseline,2024-04-21
671,Week 4,2024-05-19
671,Week 8,2024-06-16
671,Week 12,2024-07-14
672,Baseline,2024-05-27
672,Week 4,2024-06-24
672,Week 8,2024-07-22
672,Week 12,2024-08-19
673,Baseline,2024-03-15
673,Week 4,2024-04-12
673,Week 8,2024-05-10
673,Week 12,2024-06-07
674,Baseline,2024-06-02
674,Week 4,2024-06-30
674,Week 8,2024-07-28
674,Week 12,2024-08-25
675,Baseline,2024-05-17
675,Week 4,2024-06-14
675,Week 8,2024-07-12
675,Week 12,2024-08-09
676,Baseline,2024-01-13
676,Week 4,2024-02-10
676,Week 8,2024-03-09
676,Week 12,2024-04-06
677,Baseline,2024-02-10
677,Week 4,2024-03-09
677,Week 8,2024-04-06
677,Week 12,2024-05-04
678,Baseline,2024-04-28
678,Week 4,2024-05-26
678,Week 8,2024-06-23
678,Week 12,2024-07-21
679,Baseline,2024-04-12
679,Week 4,2024-05-10
679,Week 8,2024-06-07
679,Week 12,2024-07-05
680,Baseline,2024-06-24
680,Week 4,2024-07-22
680,Week 8,2024-08-19
680,Week 12,2024-09-16
681,Baseline,2024-03-24
681,Week 4,2024-04-21
681,Week 8,2024-05-19
681,Week 12,2024-06-16
682,Baseline,2024-01-08
682,Week 4,2024-02-05
682,Week 8,2024-03-04
682,Week 12,2024-04-01
683,Baseline,2024-04-22
683,Week 4,2024-05-20
683,Week 8,2024-06-17
683,Week 12,2024-07-15
684,Baseline,2024-01-01
684,Week 4,2024-01-29
684,Week 8,2024-02-26
684,Week 12,2024-03-25
685,Baseline,2024-01-01
685,Week 4,2024-01-29
685,Week 8,2024-02-26
685,Week 12,2024-03-25
686,Baseline,2024-04-05
686,Week 4,2024-05-03
686,Week 8,2024-05-31
686,Week 12,2024-06-28
687,Baseline,2024-03-12
687,Week 4,2024-04-09
687,Week 8,2024-05-07
687,Week 12,2024-06-04
688,Baseline,2024-01-04
688,Week 4,2024-02-01
688,Week 8,2024-02-29
688,Week 12,2024-03-28
689,Baseline,2024-03-24
689,Week 4,2024-04-21
689,Week 8,2024-05-19
689,Week 12,2024-06-16
690,Baseline,2024-01-05
690,Week 4,2024-02-02
690,Week 8,2024-03-01
690,Week 12,2024-03-29
691,Baseline,2024-04-19
691,Week 4,2024-05-17
691,Week 8,2024-06-14
691,Week 12,2024-07-12
692,Baseline,2024-02-12
692,Week 4,2024-03-11
692,Week 8,2024-04-08
692,Week 12,2024-05-06
693,Baseline,2024-06-01
693,Week 4,2024-06-29
693,Week 8,2024-07-27
693,Week 12,2024-08-24
694,Baseline,2024-05-08
694,Week 4,2024-06-05
694,Week 8,2024-07-03
694,Week 12,2024-07-31
695,Baseline,2024-04-11
695,Week 4,2024-05-09
695,Week 8,2024-06-06
695,Week 12,2024-07-04
696,Baseline,2024-01-06
696,Week 4,2024-02-03
696,Week 8,2024-03-02
696,Week 12,2024-03-30
697,Baseline,2024-04-27
697,Week 4,2024-05-25
697,Week 8,2024-06-22
697,Week 12,2024-07-20
698,Baseline,2024-05-25
698,Week 4,2024-06-22
698,Week 8,2024-07-20
698,Week 12,2024-08-17
699,Baseline,2024-05-10
699,Week 4,2024-06-07
699,Week 8,2024-07-05
699,Week 12,2024-08-02
700,Baseline,2024-04-07
700,Week 4,2024-05-05
700,Week 8,2024-06-02
700,Week 12,2024-06-30
701,Baseline,2024-01-12
701,Week 4,2024-02-09
701,Week 8,2024-03-08
701,Week 12,2024-04-05
702,Baseline,2024-06-01
702,Week 4,2024-06-29
702,Week 8,2024-07-27
702,Week 12,2024-08-24
703,Baseline,2024-02-10
703,Week 4,2024-03-09
703,Week 8,2024-04-06
703,Week 12,2024-05-04
704,Baseline,2024-02-16
704,Week 4,2024-03-15
704,Week 8,2024-04-12
704,Week 12,2024-05-10
705,Baseline,2024-03-12
705,Week 4,2024-04-09
705,Week 8,2024-05-07
705,Week 12,2024-06-04
706,Baseline,2024-01-31
706,Week 4,2024-02-28
706,Week 8,2024-03-27
706,Week 12,2024-04-24
707,Baseline,2024-01-15
707,Week 4,2024-02-12
707,Week 8,2024-03-11
707,Week 12,2024-04-08
708,Baseline,2024-02-12
708,Week 4,2024-03-11
708,Week 8,2024-04-08
708,Week 12,2024-05-06
709,Baseline,2024-03-10
709,Week 4,2024-04-07
709,Week 8,2024-05-05
709,Week 12,2024-06-02
710,Baseline,2024-01-27
710,Week 4,2024-02-24
710,Week 8,2024-03-23
710,Week 12,2024-04-20
711,Baseline,2024-02-08
711,Week 4,2024-03-07
711,Week 8,2024-04-04
711,Week 12,2024-05-02
712,Baseline,2024-05-01
712,Week 4,2024-05-29
712,Week 8,2024-06-26
712,Week 12,2024-07-24
713,Baseline,2024-02-29
713,Week 4,2024-03-28
713,Week 8,2024-04-25
713,Week 12,2024-05-23
714,Baseline,2024-06-08
714,Week 4,2024-07-06
714,Week 8,2024-08-03
714,Week 12,2024-08-31
715,Baseline,2024-05-14
715,Week 4,2024-06-11
715,Week 8,2024-07-09
715,Week 12,2024-08-06
716,Baseline,2024-01-14
716,Week 4,2024-02-11
716,Week 8,2024-03-10
716,Week 12,2024-04-07
717,Baseline,2024-03-05
717,Week 4,2024-04-02
717,Week 8,2024-04-30
717,Week 12,2024-05-28
718,Baseline,2024-02-29
718,Week 4,2024-03-28
718,Week 8,2024-04-25
718,Week 12,2024-05-23
719,Baseline,2024-05-02
719,Week 4,2024-05-30
719,Week 8,2024-06-27
719,Week 12,2024-07-25
720,Baseline,2024-02-19
720,Week 4,2024-03-18
720,Week 8,2024-04-15
720,Week 12,2024-05-13
721,Baseline,2024-03-08
721,Week 4,2024-04-05
721,Week 8,2024-05-03
721,Week 12,2024-05-31
722,Baseline,2024-04-02
722,Week 4,2024-04-30
722,Week 8,2024-05-28
722,Week 12,2024-06-25
723,Baseline,2024-06-14
723,Week 4,2024-07-12
723,Week 8,2024-08-09
723,Week 12,2024-09-06
724,Baseline,2024-03-24
724,Week 4,2024-04-21
724,Week 8,2024-05-19
724,Week 12,2024-06-16
725,Baseline,2024-04-26
725,Week 4,2024-05-24
725,Week 8,2024-06-21
725,Week 12,2024-07-19
726,Baseline,2024-06-10
726,Week 4,2024-07-08
726,Week 8,2024-08-05
726,Week 12,2024-09-02
727,Baseline,2024-05-10
727,Week 4,2024-06-07
727,Week 8,2024-07-05
727,Week 12,2024-08-02
728,Baseline,2024-03-18
728,Week 4,2024-04-15
728,Week 8,2024-05-13
728,Week 12,2024-06-10
729,Baseline,2024-01-28
729,Week 4,2024-02-25
729,Week 8,2024-03-24
729,Week 12,2024-04-21
730,Baseline,2024-06-13
730,Week 4,2024-07-11
730,Week 8,2024-08-08
730,Week 12,2024-09-05
731,Baseline,2024-01-12
731,Week 4,2024-02-09
731,Week 8,2024-03-08
731,Week 12,2024-04-05
732,Baseline,2024-04-20
732,Week 4,2024-05-18
732,Week 8,2024-06-15
732,Week 12,2024-07-13
733,Baseline,2024-03-16
733,Week 4,2024-04-13
733,Week 8,2024-05-11
733,Week 12,2024-06-08
734,Baseline,2024-05-09
734,Week 4,2024-06-06
734,Week 8,2024-07-04
734,Week 12,2024-08-01
735,Baseline,2024-04-28
735,Week 4,2024-05-26
735,Week 8,2024-06-23
735,Week 12,2024-07-21
736,Baseline,2024-04-17
736,Week 4,2024-05-15
736,Week 8,2024-06-12
736,Week 12,2024-07-10
737,Baseline,2024-04-10
737,Week 4,2024-05-08
737,Week 8,2024-06-05
737,Week 12,2024-07-03
738,Baseline,2024-04-28
738,Week 4,2024-05-26
738,Week 8,2024-06-23
738,Week 12,2024-07-21
739,Baseline,2024-02-16
739,Week 4,2024-03-15
739,Week 8,2024-04-12
739,Week 12,2024-05-10
740,Baseline,2024-05-05
740,Week 4,2024-06-02
740,Week 8,2024-06-30
740,Week 12,2024-07-28
741,Baseline,2024-06-05
741,Week 4,2024-07-03
741,Week 8,2024-07-31
741,Week 12,2024-08-28
742,Baseline,2024-05-11
742,Week 4,2024-06-08
742,Week 8,2024-07-06
742,Week 12,2024-08-03
743,Baseline,2024-01-10
743,Week 4,2024-02-07
743,Week 8,2024-03-06
743,Week 12,2024-04-03
744,Baseline,2024-03-12
744,Week 4,2024-04-09
744,Week 8,2024-05-07
744,Week 12,2024-06-04
745,Baseline,2024-05-09
745,Week 4,2024-06-06
745,Week 8,2024-07-04
745,Week 12,2024-08-01
746,Baseline,2024-02-19
746,Week 4,2024-03-18
746,Week 8,2024-04-15
746,Week 12,2024-05-13
747,Baseline,2024-03-21
747,Week 4,2024-04-18
747,Week 8,2024-05-16
747,Week 12,2024-06-13
748,Baseline,2024-06-08
748,Week 4,2024-07-06
748,Week 8,2024-08-03
748,Week 12,2024-08-31
749,Baseline,2024-02-23
749,Week 4,2024-03-22
749,Week 8,2024-04-19
749,Week 12,2024-05-17
750,Baseline,2024-02-04
750,Week 4,2024-03-03
750,Week 8,2024-03-31
750,Week 12,2024-04-28
751,Baseline,2024-05-29
751,Week 4,2024-06-26
751,Week 8,2024-07-24
751,Week 12,2024-08-21
752,Baseline,2024-03-26
752,Week 4,2024-04-23
752,Week 8,2024-05-21
752,Week 12,2024-06-18
753,Baseline,2024-04-12
753,Week 4,2024-05-10
753,Week 8,2024-06-07
753,Week 12,2024-07-05
754,Baseline,2024-04-18
754,Week 4,2024-05-16
754,Week 8,2024-06-13
754,Week 12,2024-07-11
755,Baseline,2024-05-17
755,Week 4,2024-06-14
755,Week 8,2024-07-12
755,Week 12,2024-08-09
756,Baseline,2024-04-03
756,Week 4,2024-05-01
756,Week 8,2024-05-29
756,Week 12,2024-06-26
757,Baseline,2024-04-03
757,Week 4,2024-05-01
757,Week 8,2024-05-29
757,Week 12,2024-06-26
758,Baseline,2024-04-19
758,Week 4,2024-05-17
758,Week 8,2024-06-14
758,Week 12,2024-07-12
759,Baseline,2024-06-26
759,Week 4,2024-07-24
759,Week 8,2024-08-21
759,Week 12,2024-09-18
760,Baseline,2024-02-15
760,Week 4,2024-03-14
760,Week 8,2024-04-11
760,Week 12,2024-05-09
761,Baseline,2024-01-19
761,Week 4,2024-02-16
761,Week 8,2024-03-15
761,Week 12,2024-04-12
762,Baseline,2024-03-25
762,Week 4,2024-04-22
762,Week 8,2024-05-20
762,Week 12,2024-06-17
763,Baseline,2024-02-10
763,Week 4,2024-03-09
763,Week 8,2024-04-06
763,Week 12,2024-05-04
764,Baseline,2024-03-11
764,Week 4,2024-04-08
764,Week 8,2024-05-06
764,Week 12,2024-06-03
765,Baseline,2024-01-03
765,Week 4,2024-01-31
765,Week 8,2024-02-28
765,Week 12,2024-03-27
766,Baseline,2024-06-03
766,Week 4,2024-07-01
766,Week 8,2024-07-29
766,Week 12,2024-08-26
767,Baseline,2024-03-20
767,Week 4,2024-04-17
767,Week 8,2024-05-15
767,Week 12,2024-06-12
768,Baseline,2024-01-26
768,Week 4,2024-02-23
768,Week 8,2024-03-22
768,Week 12,2024-04-19
769,Baseline,2024-06-19
769,Week 4,2024-07-17
769,Week 8,2024-08-14
769,Week 12,2024-09-11
770,Baseline,2024-01-20
770,Week 4,2024-02-17
770,Week 8,2024-03-16
770,Week 12,2024-04-13
771,Baseline,2024-05-03
771,Week 4,2024-05-31
771,Week 8,2024-06-28
771,Week 12,2024-07-26
772,Baseline,2024-02-20
772,Week 4,2024-03-19
772,Week 8,2024-04-16
772,Week 12,2024-05-14
773,Baseline,2024-05-07
773,Week 4,2024-06-04
773,Week 8,2024-07-02
773,Week 12,2024-07-30
774,Baseline,2024-06-22
774,Week 4,2024-07-20
774,Week 8,2024-08-17
774,Week 12,2024-09-14
775,Baseline,2024-02-22
775,Week 4,2024-03-21
775,Week 8,2024-04-18
775,Week 12,2024-05-16
776,Baseline,2024-05-17
776,Week 4,2024-06-14
776,Week 8,2024-07-12
776,Week 12,2024-08-09
777,Baseline,2024-04-03
777,Week 4,2024-05-01
777,Week 8,2024-05-29
777,Week 12,2024-06-26
778,Baseline,2024-02-11
778,Week 4,2024-03-10
778,Week 8,2024-04-07
778,Week 12,2024-05-05
779,Baseline,2024-06-26
779,Week 4,2024-07-24
779,Week 8,2024-08-21
779,Week 12,2024-09-18
780,Baseline,2024-05-02
780,Week 4,2024-05-30
780,Week 8,2024-06-27
780,Week 12,2024-07-25
781,Baseline,2024-01-11
781,Week 4,2024-02-08
781,Week 8,2024-03-07
781,Week 12,2024-04-04
782,Baseline,2024-05-29
782,Week 4,2024-06-26
782,Week 8,2024-07-24
782,Week 12,2024-08-21
783,Baseline,2024-03-03
783,Week 4,2024-03-31
783,Week 8,2024-04-28
783,Week 12,2024-05-26
784,Baseline,2024-03-30
784,Week 4,2024-04-27
784,Week 8,2024-05-25
784,Week 12,2024-06-22
785,Baseline,2024-01-25
785,Week 4,2024-02-22
785,Week 8,2024-03-21
785,Week 12,2024-04-18
786,Baseline,2024-02-12
786,Week 4,2024-03-11
786,Week 8,2024-04-08
786,Week 12,2024-05-06
787,Baseline,2024-03-27
787,Week 4,2024-04-24
787,Week 8,2024-05-22
787,Week 12,2024-06-19
788,Baseline,2024-03-08
788,Week 4,2024-04-05
788,Week 8,2024-05-03
788,Week 12,2024-05-31
789,Baseline,2024-02-13
789,Week 4,2024-03-12
789,Week 8,2024-04-09
789,Week 12,2024-05-07
790,Baseline,2024-02-27
790,Week 4,2024-03-26
790,Week 8,2024-04-23
790,Week 12,2024-05-21
791,Baseline,2024-06-02
791,Week 4,2024-06-30
791,Week 8,2024-07-28
791,Week 12,2024-08-25
792,Baseline,2024-05-24
792,Week 4,2024-06-21
792,Week 8,2024-07-19
792,Week 12,2024-08-16
793,Baseline,2024-02-28
793,Week 4,2024-03-27
793,Week 8,2024-04-24
793,Week 12,2024-05-22
794,Baseline,2024-04-06
794,Week 4,2024-05-04
794,Week 8,2024-06-01
794,Week 12,2024-06-29
795,Baseline,2024-05-22
795,Week 4,2024-06-19
795,Week 8,2024-07-17
795,Week 12,2024-08-14
796,Baseline,2024-05-06
796,Week 4,2024-06-03
796,Week 8,2024-07-01
796,Week 12,2024-07-29
797,Baseline,2024-02-12
797,Week 4,2024-03-11
797,Week 8,2024-04-08
797,Week 12,2024-05-06
798,Baseline,2024-02-07
798,Week 4,2024-03-06
798,Week 8,2024-04-03
798,Week 12,2024-05-01
799,Baseline,2024-03-30
799,Week 4,2024-04-27
799,Week 8,2024-05-25
799,Week 12,2024-06-22
800,Baseline,2024-04-26
800,Week 4,2024-05-24
800,Week 8,2024-06-21
800,Week 12,2024-07-19
801,Baseline,2024-04-26
801,Week 4,2024-05-24
801,Week 8,2024-06-21
801,Week 12,2024-07-19
802,Baseline,2024-05-30
802,Week 4,2024-06-27
802,Week 8,2024-07-25
802,Week 12,2024-08-22
803,Baseline,2024-03-06
803,Week 4,2024-04-03
803,Week 8,2024-05-01
803,Week 12,2024-05-29
804,Baseline,2024-02-01
804,Week 4,2024-02-29
804,Week 8,2024-03-28
804,Week 12,2024-04-25
805,Baseline,2024-04-03
805,Week 4,2024-05-01
805,Week 8,2024-05-29
805,Week 12,2024-06-26
806,Baseline,2024-02-18
806,Week 4,2024-03-17
806,Week 8,2024-04-14
806,Week 12,2024-05-12
807,Baseline,2024-06-05
807,Week 4,2024-07-03
807,Week 8,2024-07-31
807,Week 12,2024-08-28
808,Baseline,2024-04-08
808,Week 4,2024-05-06
808,Week 8,2024-06-03
808,Week 12,2024-07-01
809,Baseline,2024-02-15
809,Week 4,2024-03-14
809,Week 8,2024-04-11
809,Week 12,2024-05-09
810,Baseline,2024-04-26
810,Week 4,2024-05-24
810,Week 8,2024-06-21
810,Week 12,2024-07-19
811,Baseline,2024-03-20
811,Week 4,2024-04-17
811,Week 8,2024-05-15
811,Week 12,2024-06-12
812,Baseline,2024-01-18
812,Week 4,2024-02-15
812,Week 8,2024-03-14
812,Week 12,2024-04-11
813,Baseline,2024-04-01
813,Week 4,2024-04-29
813,Week 8,2024-05-27
813,Week 12,2024-06-24
814,Baseline,2024-03-02
814,Week 4,2024-03-30
814,Week 8,2024-04-27
814,Week 12,2024-05-25
815,Baseline,2024-03-28
815,Week 4,2024-04-25
815,Week 8,2024-05-23
815,Week 12,2024-06-20
816,Baseline,2024-06-27
816,Week 4,2024-07-25
816,Week 8,2024-08-22
816,Week 12,2024-09-19
817,Baseline,2024-04-14
817,Week 4,2024-05-12
817,Week 8,2024-06-09
817,Week 12,2024-07-07
818,Baseline,2024-05-06
818,Week 4,2024-06-03
818,Week 8,2024-07-01
818,Week 12,2024-07-29
819,Baseline,2024-03-02
819,Week 4,2024-03-30
819,Week 8,2024-04-27
819,Week 12,2024-05-25
820,Baseline,2024-04-16
820,Week 4,2024-05-14
820,Week 8,2024-06-11
820,Week 12,2024-07-09
821,Baseline,2024-04-07
821,Week 4,2024-05-05
821,Week 8,2024-06-02
821,Week 12,2024-06-30
822,Baseline,2024-03-04
822,Week 4,2024-04-01
822,Week 8,2024-04-29
822,Week 12,2024-05-27
823,Baseline,2024-04-08
823,Week 4,2024-05-06
823,Week 8,2024-06-03
823,Week 12,2024-07-01
824,Baseline,2024-02-25
824,Week 4,2024-03-24
824,Week 8,2024-04-21
824,Week 12,2024-05-19
825,Baseline,2024-03-24
825,Week 4,2024-04-21
825,Week 8,2024-05-19
825,Week 12,2024-06-16
826,Baseline,2024-04-15
826,Week 4,2024-05-13
826,Week 8,2024-06-10
826,Week 12,2024-07-08
827,Baseline,2024-06-20
827,Week 4,2024-07-18
827,Week 8,2024-08-15
827,Week 12,2024-09-12
828,Baseline,2024-04-20
828,Week 4,2024-05-18
828,Week 8,2024-06-15
828,Week 12,2024-07-13
829,Baseline,2024-03-17
829,Week 4,2024-04-14
829,Week 8,2024-05-12
829,Week 12,2024-06-09
830,Baseline,2024-04-16
830,Week 4,2024-05-14
830,Week 8,2024-06-11
830,Week 12,2024-07-09
831,Baseline,2024-01-28
831,Week 4,2024-02-25
831,Week 8,2024-03-24
831,Week 12,2024-04-21
832,Baseline,2024-06-12
832,Week 4,2024-07-10
832,Week 8,2024-08-07
832,Week 12,2024-09-04
833,Baseline,2024-06-08
833,Week 4,2024-07-06
833,Week 8,2024-08-03
833,Week 12,2024-08-31
834,Baseline,2024-06-14
834,Week 4,2024-07-12
834,Week 8,2024-08-09
834,Week 12,2024-09-06
835,Baseline,2024-03-15
835,Week 4,2024-04-12
835,Week 8,2024-05-10
835,Week 12,2024-06-07
836,Baseline,2024-05-29
836,Week 4,2024-06-26
836,Week 8,2024-07-24
836,Week 12,2024-08-21
837,Baseline,2024-04-24
837,Week 4,2024-05-22
837,Week 8,2024-06-19
837,Week 12,2024-07-17
838,Baseline,2024-02-04
838,Week 4,2024-03-03
838,Week 8,2024-03-31
838,Week 12,2024-04-28
839,Baseline,2024-03-29
839,Week 4,2024-04-26
839,Week 8,2024-05-24
839,Week 12,2024-06-21
840,Baseline,2024-02-06
840,Week 4,2024-03-05
840,Week 8,2024-04-02
840,Week 12,2024-04-30
841,Baseline,2024-06-24
841,Week 4,2024-07-22
841,Week 8,2024-08-19
841,Week 12,2024-09-16
842,Baseline,2024-04-13
842,Week 4,2024-05-11
842,Week 8,2024-06-08
842,Week 12,2024-07-06
843,Baseline,2024-02-09
843,Week 4,2024-03-08
843,Week 8,2024-04-05
843,Week 12,2024-05-03
844,Baseline,2024-04-11
844,Week 4,2024-05-09
844,Week 8,2024-06-06
844,Week 12,2024-07-04
845,Baseline,2024-06-17
845,Week 4,2024-07-15
845,Week 8,2024-08-12
845,Week 12,2024-09-09
846,Baseline,2024-04-22
846,Week 4,2024-05-20
846,Week 8,2024-06-17
846,Week 12,2024-07-15
847,Baseline,2024-06-23
847,Week 4,2024-07-21
847,Week 8,2024-08-18
847,Week 12,2024-09-15
848,Baseline,2024-02-24
848,Week 4,2024-03-23
848,Week 8,2024-04-20
848,Week 12,2024-05-18
849,Baseline,2024-03-27
849,Week 4,2024-04-24
849,Week 8,2024-05-22
849,Week 12,2024-06-19
850,Baseline,2024-02-17
850,Week 4,2024-03-16
850,Week 8,2024-04-13
850,Week 12,2024-05-11
851,Baseline,2024-03-05
851,Week 4,2024-04-02
851,Week 8,2024-04-30
851,Week 12,2024-05-28
852,Baseline,2024-03-25
852,Week 4,2024-04-22
852,Week 8,2024-05-20
852,Week 12,2024-06-17
853,Baseline,2024-03-13
853,Week 4,2024-04-10
853,Week 8,2024-05-08
853,Week 12,2024-06-05
854,Baseline,2024-05-03
854,Week 4,2024-05-31
854,Week 8,2024-06-28
854,Week 12,2024-07-26
855,Baseline,2024-03-28
855,Week 4,2024-04-25
855,Week 8,2024-05-23
855,Week 12,2024-06-20
856,Baseline,2024-03-06
856,Week 4,2024-04-03
856,Week 8,2024-05-01
856,Week 12,2024-05-29
857,Baseline,2024-05-15
857,Week 4,2024-06-12
857,Week 8,2024-07-10
857,Week 12,2024-08-07
858,Baseline,2024-04-21
858,Week 4,2024-05-19
858,Week 8,2024-06-16
858,Week 12,2024-07-14
859,Baseline,2024-03-30
859,Week 4,2024-04-27
859,Week 8,2024-05-25
859,Week 12,2024-06-22
860,Baseline,2024-02-23
860,Week 4,2024-03-22
860,Week 8,2024-04-19
860,Week 12,2024-05-17
861,Baseline,2024-04-20
861,Week 4,2024-05-18
861,Week 8,2024-06-15
861,Week 12,2024-07-13
862,Baseline,2024-06-23
862,Week 4,2024-07-21
862,Week 8,2024-08-18
862,Week 12,2024-09-15
863,Baseline,2024-06-15
863,Week 4,2024-07-13
863,Week 8,2024-08-10
863,Week 12,2024-09-07
864,Baseline,2024-04-24
864,Week 4,2024-05-22
864,Week 8,2024-06-19
864,Week 12,2024-07-17
865,Baseline,2024-02-21
865,Week 4,2024-03-20
865,Week 8,2024-04-17
865,Week 12,2024-05-15
866,Baseline,2024-02-16
866,Week 4,2024-03-15
866,Week 8,2024-04-12
866,Week 12,2024-05-10
867,Baseline,2024-04-02
867,Week 4,2024-04-30
867,Week 8,2024-05-28
867,Week 12,2024-06-25
868,Baseline,2024-04-09
868,Week 4,2024-05-07
868,Week 8,2024-06-04
868,Week 12,2024-07-02
869,Baseline,2024-05-29
869,Week 4,2024-06-26
869,Week 8,2024-07-24
869,Week 12,2024-08-21
870,Baseline,2024-03-25
870,Week 4,2024-04-22
870,Week 8,2024-05-20
870,Week 12,2024-06-17
871,Baseline,2024-06-19
871,Week 4,2024-07-17
871,Week 8,2024-08-14
871,Week 12,2024-09-11
872,Baseline,2024-02-10
872,Week 4,2024-03-09
872,Week 8,2024-04-06
872,Week 12,2024-05-04
873,Baseline,2024-06-17
873,Week 4,2024-07-15
873,Week 8,2024-08-12
873,Week 12,2024-09-09
874,Baseline,2024-01-10
874,Week 4,2024-02-07
874,Week 8,2024-03-06
874,Week 12,2024-04-03
875,Baseline,2024-01-01
875,Week 4,2024-01-29
875,Week 8,2024-02-26
875,Week 12,2024-03-25
876,Baseline,2024-01-05
876,Week 4,2024-02-02
876,Week 8,2024-03-01
876,Week 12,2024-03-29
877,Baseline,2024-02-22
877,Week 4,2024-03-21
877,Week 8,2024-04-18
877,Week 12,2024-05-16
878,Baseline,2024-02-15
878,Week 4,2024-03-14
878,Week 8,2024-04-11
878,Week 12,2024-05-09
879,Baseline,2024-01-08
879,Week 4,2024-02-05
879,Week 8,2024-03-04
879,Week 12,2024-04-01
880,Baseline,2024-03-08
880,Week 4,2024-04-05
880,Week 8,2024-05-03
880,Week 12,2024-05-31
881,Baseline,2024-02-18
881,Week 4,2024-03-17
881,Week 8,2024-04-14
881,Week 12,2024-05-12
882,Baseline,2024-06-14
882,Week 4,2024-07-12
882,Week 8,2024-08-09
882,Week 12,2024-09-06
883,Baseline,2024-05-13
883,Week 4,2024-06-10
883,Week 8,2024-07-08
883,Week 12,2024-08-05
884,Baseline,2024-06-25
884,Week 4,2024-07-23
884,Week 8,2024-08-20
884,Week 12,2024-09-17
885,Baseline,2024-06-08
885,Week 4,2024-07-06
885,Week 8,2024-08-03
885,Week 12,2024-08-31
886,Baseline,2024-01-12
886,Week 4,2024-02-09
886,Week 8,2024-03-08
886,Week 12,2024-04-05
887,Baseline,2024-05-20
887,Week 4,2024-06-17
887,Week 8,2024-07-15
887,Week 12,2024-08-12
888,Baseline,2024-01-20
888,Week 4,2024-02-17
888,Week 8,2024-03-16
888,Week 12,2024-04-13
889,Baseline,2024-01-20
889,Week 4,2024-02-17
889,Week 8,2024-03-16
889,Week 12,2024-04-13
890,Baseline,2024-01-07
890,Week 4,2024-02-04
890,Week 8,2024-03-03
890,Week 12,2024-03-31
891,Baseline,2024-03-09
891,Week 4,2024-04-06
891,Week 8,2024-05-04
891,Week 12,2024-06-01
892,Baseline,2024-05-24
892,Week 4,2024-06-21
892,Week 8,2024-07-19
892,Week 12,2024-08-16
893,Baseline,2024-03-12
893,Week 4,2024-04-09
893,Week 8,2024-05-07
893,Week 12,2024-06-04
894,Baseline,2024-02-25
894,Week 4,2024-03-24
894,Week 8,2024-04-21
894,Week 12,2024-05-19
895,Baseline,2024-03-28
895,Week 4,2024-04-25
895,Week 8,2024-05-23
895,Week 12,2024-06-20
896,Baseline,2024-06-02
896,Week 4,2024-06-30
896,Week 8,2024-07-28
896,Week 12,2024-08-25
897,Baseline,2024-01-24
897,Week 4,2024-02-21
897,Week 8,2024-03-20
897,Week 12,2024-04-17
898,Baseline,2024-06-22
898,Week 4,2024-07-20
898,Week 8,2024-08-17
898,Week 12,2024-09-14
899,Baseline,2024-05-26
899,Week 4,2024-06-23
899,Week 8,2024-07-21
899,Week 12,2024-08-18
900,Baseline,2024-06-07
900,Week 4,2024-07-05
900,Week 8,2024-08-02
900,Week 12,2024-08-30
901,Baseline,2024-05-12
901,Week 4,2024-06-09
901,Week 8,2024-07-07
901,Week 12,2024-08-04
902,Baseline,2024-03-03
902,Week 4,2024-03-31
902,Week 8,2024-04-28
902,Week 12,2024-05-26
903,Baseline,2024-03-15
903,Week 4,2024-04-12
903,Week 8,2024-05-10
903,Week 12,2024-06-07
904,Baseline,2024-01-07
904,Week 4,2024-02-04
904,Week 8,2024-03-03
904,Week 12,2024-03-31
905,Baseline,2024-05-22
905,Week 4,2024-06-19
905,Week 8,2024-07-17
905,Week 12,2024-08-14
906,Baseline,2024-05-26
906,Week 4,2024-06-23
906,Week 8,2024-07-21
906,Week 12,2024-08-18
907,Baseline,2024-03-20
907,Week 4,2024-04-17
907,Week 8,2024-05-15
907,Week 12,2024-06-12
908,Baseline,2024-06-19
908,Week 4,2024-07-17
908,Week 8,2024-08-14
908,Week 12,2024-09-11
909,Baseline,2024-03-10
909,Week 4,2024-04-07
909,Week 8,2024-05-05
909,Week 12,2024-06-02
910,Baseline,2024-01-22
910,Week 4,2024-02-19
910,Week 8,2024-03-18
910,Week 12,2024-04-15
911,Baseline,2024-01-21
911,Week 4,2024-02-18
911,Week 8,2024-03-17
911,Week 12,2024-04-14
912,Baseline,2024-05-17
912,Week 4,2024-06-14
912,Week 8,2024-07-12
912,Week 12,2024-08-09
913,Baseline,2024-01-20
913,Week 4,2024-02-17
913,Week 8,2024-03-16
913,Week 12,2024-04-13
914,Baseline,2024-01-19
914,Week 4,2024-02-16
914,Week 8,2024-03-15
914,Week 12,2024-04-12
915,Baseline,2024-06-05
915,Week 4,2024-07-03
915,Week 8,2024-07-31
915,Week 12,2024-08-28
916,Baseline,2024-06-25
916,Week 4,2024-07-23
916,Week 8,2024-08-20
916,Week 12,2024-09-17
917,Baseline,2024-03-13
917,Week 4,2024-04-10
917,Week 8,2024-05-08
917,Week 12,2024-06-05
918,Baseline,2024-02-17
918,Week 4,2024-03-16
918,Week 8,2024-04-13
918,Week 12,2024-05-11
919,Baseline,2024-01-06
919,Week 4,2024-02-03
919,Week 8,2024-03-02
919,Week 12,2024-03-30
920,Baseline,2024-06-23
920,Week 4,2024-07-21
920,Week 8,2024-08-18
920,Week 12,2024-09-15
921,Baseline,2024-06-10
921,Week 4,2024-07-08
921,Week 8,2024-08-05
921,Week 12,2024-09-02
922,Baseline,2024-02-28
922,Week 4,2024-03-27
922,Week 8,2024-04-24
922,Week 12,2024-05-22
923,Baseline,2024-04-29
923,Week 4,2024-05-27
923,Week 8,2024-06-24
923,Week 12,2024-07-22
924,Baseline,2024-06-28
924,Week 4,2024-07-26
924,Week 8,2024-08-23
924,Week 12,2024-09-20
925,Baseline,2024-03-28
925,Week 4,2024-04-25
925,Week 8,2024-05-23
925,Week 12,2024-06-20
926,Baseline,2024-04-05
926,Week 4,2024-05-03
926,Week 8,2024-05-31
926,Week 12,2024-06-28
927,Baseline,2024-05-26
927,Week 4,2024-06-23
927,Week 8,2024-07-21
927,Week 12,2024-08-18
928,Baseline,2024-02-14
928,Week 4,2024-03-13
928,Week 8,2024-04-10
928,Week 12,2024-05-08
929,Baseline,2024-01-02
929,Week 4,2024-01-30
929,Week 8,2024-02-27
929,Week 12,2024-03-26
930,Baseline,2024-03-25
930,Week 4,2024-04-22
930,Week 8,2024-05-20
930,Week 12,2024-06-17
931,Baseline,2024-03-30
931,Week 4,2024-04-27
931,Week 8,2024-05-25
931,Week 12,2024-06-22
932,Baseline,2024-06-08
932,Week 4,2024-07-06
932,Week 8,2024-08-03
932,Week 12,2024-08-31
933,Baseline,2024-04-08
933,Week 4,2024-05-06
933,Week 8,2024-06-03
933,Week 12,2024-07-01
934,Baseline,2024-01-04
934,Week 4,2024-02-01
934,Week 8,2024-02-29
934,Week 12,2024-03-28
935,Baseline,2024-06-19
935,Week 4,2024-07-17
935,Week 8,2024-08-14
935,Week 12,2024-09-11
936,Baseline,2024-05-05
936,Week 4,2024-06-02
936,Week 8,2024-06-30
936,Week 12,2024-07-28
937,Baseline,2024-05-20
937,Week 4,2024-06-17
937,Week 8,2024-07-15
937,Week 12,2024-08-12
938,Baseline,2024-01-21
938,Week 4,2024-02-18
938,Week 8,2024-03-17
938,Week 12,2024-04-14
939,Baseline,2024-03-06
939,Week 4,2024-04-03
939,Week 8,2024-05-01
939,Week 12,2024-05-29
940,Baseline,2024-05-13
940,Week 4,2024-06-10
940,Week 8,2024-07-08
940,Week 12,2024-08-05
941,Baseline,2024-01-06
941,Week 4,2024-02-03
941,Week 8,2024-03-02
941,Week 12,2024-03-30
942,Baseline,2024-06-21
942,Week 4,2024-07-19
942,Week 8,2024-08-16
942,Week 12,2024-09-13
943,Baseline,2024-03-25
943,Week 4,2024-04-22
943,Week 8,2024-05-20
943,Week 12,2024-06-17
944,Baseline,2024-01-02
944,Week 4,2024-01-30
944,Week 8,2024-02-27
944,Week 12,2024-03-26
945,Baseline,2024-06-04
945,Week 4,2024-07-02
945,Week 8,2024-07-30
945,Week 12,2024-08-27
946,Baseline,2024-02-14
946,Week 4,2024-03-13
946,Week 8,2024-04-10
946,Week 12,2024-05-08
947,Baseline,2024-05-01
947,Week 4,2024-05-29
947,Week 8,2024-06-26
947,Week 12,2024-07-24
948,Baseline,2024-05-09
948,Week 4,2024-06-06
948,Week 8,2024-07-04
948,Week 12,2024-08-01
949,Baseline,2024-04-27
949,Week 4,2024-05-25
949,Week 8,2024-06-22
949,Week 12,2024-07-20
950,Baseline,2024-01-21
950,Week 4,2024-02-18
950,Week 8,2024-03-17
950,Week 12,2024-04-14
951,Baseline,2024-01-01
951,Week 4,2024-01-29
951,Week 8,2024-02-26
951,Week 12,2024-03-25
952,Baseline,2024-06-26
952,Week 4,2024-07-24
952,Week 8,2024-08-21
952,Week 12,2024-09-18
953,Baseline,2024-02-18
953,Week 4,2024-03-17
953,Week 8,2024-04-14
953,Week 12,2024-05-12
954,Baseline,2024-06-01
954,Week 4,2024-06-29
954,Week 8,2024-07-27
954,Week 12,2024-08-24
955,Baseline,2024-06-14
955,Week 4,2024-07-12
955,Week 8,2024-08-09
955,Week 12,2024-09-06
956,Baseline,2024-05-25
956,Week 4,2024-06-22
956,Week 8,2024-07-20
956,Week 12,2024-08-17
957,Baseline,2024-05-28
957,Week 4,2024-06-25
957,Week 8,2024-07-23
957,Week 12,2024-08-20
958,Baseline,2024-04-20
958,Week 4,2024-05-18
958,Week 8,2024-06-15
958,Week 12,2024-07-13
959,Baseline,2024-01-05
959,Week 4,2024-02-02
959,Week 8,2024-03-01
959,Week 12,2024-03-29
960,Baseline,2024-01-28
960,Week 4,2024-02-25
960,Week 8,2024-03-24
960,Week 12,2024-04-21
961,Baseline,2024-06-08
961,Week 4,2024-07-06
961,Week 8,2024-08-03
961,Week 12,2024-08-31
962,Baseline,2024-03-03
962,Week 4,2024-03-31
962,Week 8,2024-04-28
962,Week 12,2024-05-26
963,Baseline,2024-04-17
963,Week 4,2024-05-15
963,Week 8,2024-06-12
963,Week 12,2024-07-10
964,Baseline,2024-01-01
964,Week 4,2024-01-29
964,Week 8,2024-02-26
964,Week 12,2024-03-25
965,Baseline,2024-01-23
965,Week 4,2024-02-20
965,Week 8,2024-03-19
965,Week 12,2024-04-16
966,Baseline,2024-02-04
966,Week 4,2024-03-03
966,Week 8,2024-03-31
966,Week 12,2024-04-28
967,Baseline,2024-05-17
967,Week 4,2024-06-14
967,Week 8,2024-07-12
967,Week 12,2024-08-09
968,Baseline,2024-05-18
968,Week 4,2024-06-15
968,Week 8,2024-07-13
968,Week 12,2024-08-10
969,Baseline,2024-02-21
969,Week 4,2024-03-20
969,Week 8,2024-04-17
969,Week 12,2024-05-15
970,Baseline,2024-05-23
970,Week 4,2024-06-20
970,Week 8,2024-07-18
970,Week 12,2024-08-15
971,Baseline,2024-01-10
971,Week 4,2024-02-07
971,Week 8,2024-03-06
971,Week 12,2024-04-03
972,Baseline,2024-01-31
972,Week 4,2024-02-28
972,Week 8,2024-03-27
972,Week 12,2024-04-24
973,Baseline,2024-02-22
973,Week 4,2024-03-21
973,Week 8,2024-04-18
973,Week 12,2024-05-16
974,Baseline,2024-03-21
974,Week 4,2024-04-18
974,Week 8,2024-05-16
974,Week 12,2024-06-13
975,Baseline,2024-05-16
975,Week 4,2024-06-13
975,Week 8,2024-07-11
975,Week 12,2024-08-08
976,Baseline,2024-06-06
976,Week 4,2024-07-04
976,Week 8,2024-08-01
976,Week 12,2024-08-29
977,Baseline,2024-04-09
977,Week 4,2024-05-07
977,Week 8,2024-06-04
977,Week 12,2024-07-02
978,Baseline,2024-04-24
978,Week 4,2024-05-22
978,Week 8,2024-06-19
978,Week 12,2024-07-17
979,Baseline,2024-06-08
979,Week 4,2024-07-06
979,Week 8,2024-08-03
979,Week 12,2024-08-31
980,Baseline,2024-01-24
980,Week 4,2024-02-21
980,Week 8,2024-03-20
980,Week 12,2024-04-17
981,Baseline,2024-03-23
981,Week 4,2024-04-20
981,Week 8,2024-05-18
981,Week 12,2024-06-15
982,Baseline,2024-03-01
982,Week 4,2024-03-29
982,Week 8,2024-04-26
982,Week 12,2024-05-24
983,Baseline,2024-04-15
983,Week 4,2024-05-13
983,Week 8,2024-06-10
983,Week 12,2024-07-08
984,Baseline,2024-04-10
984,Week 4,2024-05-08
984,Week 8,2024-06-05
984,Week 12,2024-07-03
985,Baseline,2024-01-23
985,Week 4,2024-02-20
985,Week 8,2024-03-19
985,Week 12,2024-04-16
986,Baseline,2024-03-17
986,Week 4,2024-04-14
986,Week 8,2024-05-12
986,Week 12,2024-06-09
987,Baseline,2024-06-12
987,Week 4,2024-07-10
987,Week 8,2024-08-07
987,Week 12,2024-09-04
988,Baseline,2024-04-18
988,Week 4,2024-05-16
988,Week 8,2024-06-13
988,Week 12,2024-07-11
989,Baseline,2024-05-20
989,Week 4,2024-06-17
989,Week 8,2024-07-15
989,Week 12,2024-08-12
990,Baseline,2024-05-28
990,Week 4,2024-06-25
990,Week 8,2024-07-23
990,Week 12,2024-08-20
991,Baseline,2024-03-30
991,Week 4,2024-04-27
991,Week 8,2024-05-25
991,Week 12,2024-06-22
992,Baseline,2024-02-05
992,Week 4,2024-03-04
992,Week 8,2024-04-01
992,Week 12,2024-04-29
993,Baseline,2024-06-05
993,Week 4,2024-07-03
993,Week 8,2024-07-31
993,Week 12,2024-08-28
994,Baseline,2024-01-14
994,Week 4,2024-02-11
994,Week 8,2024-03-10
994,Week 12,2024-04-07
995,Baseline,2024-02-14
995,Week 4,2024-03-13
995,Week 8,2024-04-10
995,Week 12,2024-05-08
996,Baseline,2024-06-11
996,Week 4,2024-07-09
996,Week 8,2024-08-06
996,Week 12,2024-09-03
997,Baseline,2024-03-27
997,Week 4,2024-04-24
997,Week 8,2024-05-22
997,Week 12,2024-06-19
998,Baseline,2024-01-11
998,Week 4,2024-02-08
998,Week 8,2024-03-07
998,Week 12,2024-04-04
999,Baseline,2024-05-12
999,Week 4,2024-06-09
999,Week 8,2024-07-07
999,Week 12,2024-08-04
1000,Baseline,2024-05-25
1000,Week 4,2024-06-22
1000,Week 8,2024-07-20
1000,Week 12,2024-08-17
1001,Baseline,2024-04-04
1001,Week 4,2024-05-02
1001,Week 8,2024-05-30
1001,Week 12,2024-06-27
1002,Baseline,2024-03-25
1002,Week 4,2024-04-22
1002,Week 8,2024-05-20
1002,Week 12,2024-06-17
1003,Baseline,2024-04-15
1003,Week 4,2024-05-13
1003,Week 8,2024-06-10
1003,Week 12,2024-07-08
1004,Baseline,2024-06-25
1004,Week 4,2024-07-23
1004,Week 8,2024-08-20
1004,Week 12,2024-09-17
1005,Baseline,2024-01-10
1005,Week 4,2024-02-07
1005,Week 8,2024-03-06
1005,Week 12,2024-04-03
1006,Baseline,2024-05-07
1006,Week 4,2024-06-04
1006,Week 8,2024-07-02
1006,Week 12,2024-07-30
1007,Baseline,2024-02-24
1007,Week 4,2024-03-23
1007,Week 8,2024-04-20
1007,Week 12,2024-05-18
1008,Baseline,2024-01-19
1008,Week 4,2024-02-16
1008,Week 8,2024-03-15
1008,Week 12,2024-04-12
1009,Baseline,2024-06-12
1009,Week 4,2024-07-10
1009,Week 8,2024-08-07
1009,Week 12,2024-09-04
1010,Baseline,2024-04-23
1010,Week 4,2024-05-21
1010,Week 8,2024-06-18
1010,Week 12,2024-07-16
1011,Baseline,2024-03-20
1011,Week 4,2024-04-17
1011,Week 8,2024-05-15
1011,Week 12,2024-06-12
1012,Baseline,2024-03-14
1012,Week 4,2024-04-11
1012,Week 8,2024-05-09
1012,Week 12,2024-06-06
1013,Baseline,2024-01-09
1013,Week 4,2024-02-06
1013,Week 8,2024-03-05
1013,Week 12,2024-04-02
1014,Baseline,2024-01-28
1014,Week 4,2024-02-25
1014,Week 8,2024-03-24
1014,Week 12,2024-04-21
1015,Baseline,2024-02-16
1015,Week 4,2024-03-15
1015,Week 8,2024-04-12
1015,Week 12,2024-05-10
1016,Baseline,2024-04-25
1016,Week 4,2024-05-23
1016,Week 8,2024-06-20
1016,Week 12,2024-07-18
1017,Baseline,2024-06-24
1017,Week 4,2024-07-22
1017,Week 8,2024-08-19
1017,Week 12,2024-09-16
1018,Baseline,2024-02-23
1018,Week 4,2024-03-22
1018,Week 8,2024-04-19
1018,Week 12,2024-05-17
1019,Baseline,2024-04-24
1019,Week 4,2024-05-22
1019,Week 8,2024-06-19
1019,Week 12,2024-07-17
1020,Baseline,2024-03-26
1020,Week 4,2024-04-23
1020,Week 8,2024-05-21
1020,Week 12,2024-06-18
1021,Baseline,2024-01-11
1021,Week 4,2024-02-08
1021,Week 8,2024-03-07
1021,Week 12,2024-04-04
1022,Baseline,2024-04-26
1022,Week 4,2024-05-24
1022,Week 8,2024-06-21
1022,Week 12,2024-07-19
1023,Baseline,2024-06-27
1023,Week 4,2024-07-25
1023,Week 8,2024-08-22
1023,Week 12,2024-09-19
1024,Baseline,2024-01-10
1024,Week 4,2024-02-07
1024,Week 8,2024-03-06
1024,Week 12,2024-04-03
1025,Baseline,2024-04-05
1025,Week 4,2024-05-03
1025,Week 8,2024-05-31
1025,Week 12,2024-06-28
1026,Baseline,2024-06-07
1026,Week 4,2024-07-05
1026,Week 8,2024-08-02
1026,Week 12,2024-08-30
1027,Baseline,2024-02-01
1027,Week 4,2024-02-29
1027,Week 8,2024-03-28
1027,Week 12,2024-04-25
1028,Baseline,2024-01-01
1028,Week 4,2024-01-29
1028,Week 8,2024-02-26
1028,Week 12,2024-03-25
1029,Baseline,2024-03-16
1029,Week 4,2024-04-13
1029,Week 8,2024-05-11
1029,Week 12,2024-06-08
1030,Baseline,2024-04-15
1030,Week 4,2024-05-13
1030,Week 8,2024-06-10
1030,Week 12,2024-07-08
1031,Baseline,2024-01-23
1031,Week 4,2024-02-20
1031,Week 8,2024-03-19
1031,Week 12,2024-04-16
1032,Baseline,2024-01-14
1032,Week 4,2024-02-11
1032,Week 8,2024-03-10
1032,Week 12,2024-04-07
1033,Baseline,2024-06-22
1033,Week 4,2024-07-20
1033,Week 8,2024-08-17
1033,Week 12,2024-09-14
1034,Baseline,2024-01-08
1034,Week 4,2024-02-05
1034,Week 8,2024-03-04
1034,Week 12,2024-04-01
1035,Baseline,2024-04-19
1035,Week 4,2024-05-17
1035,Week 8,2024-06-14
1035,Week 12,2024-07-12
1036,Baseline,2024-01-17
1036,Week 4,2024-02-14
1036,Week 8,2024-03-13
1036,Week 12,2024-04-10
1037,Baseline,2024-06-08
1037,Week 4,2024-07-06
1037,Week 8,2024-08-03
1037,Week 12,2024-08-31
1038,Baseline,2024-04-26
1038,Week 4,2024-05-24
1038,Week 8,2024-06-21
1038,Week 12,2024-07-19
1039,Baseline,2024-06-14
1039,Week 4,2024-07-12
1039,Week 8,2024-08-09
1039,Week 12,2024-09-06
1040,Baseline,2024-06-10
1040,Week 4,2024-07-08
1040,Week 8,2024-08-05
1040,Week 12,2024-09-02
1041,Baseline,2024-01-29
1041,Week 4,2024-02-26
1041,Week 8,2024-03-25
1041,Week 12,2024-04-22
1042,Baseline,2024-03-28
1042,Week 4,2024-04-25
1042,Week 8,2024-05-23
1042,Week 12,2024-06-20
1043,Baseline,2024-04-07
1043,Week 4,2024-05-05
1043,Week 8,2024-06-02
1043,Week 12,2024-06-30
1044,Baseline,2024-04-24
1044,Week 4,2024-05-22
1044,Week 8,2024-06-19
1044,Week 12,2024-07-17
1045,Baseline,2024-02-06
1045,Week 4,2024-03-05
1045,Week 8,2024-04-02
1045,Week 12,2024-04-30
1046,Baseline,2024-02-02
1046,Week 4,2024-03-01
1046,Week 8,2024-03-29
1046,Week 12,2024-04-26
1047,Baseline,2024-05-07
1047,Week 4,2024-06-04
1047,Week 8,2024-07-02
1047,Week 12,2024-07-30
1048,Baseline,2024-03-19
1048,Week 4,2024-04-16
1048,Week 8,2024-05-14
1048,Week 12,2024-06-11
1049,Baseline,2024-06-07
1049,Week 4,2024-07-05
1049,Week 8,2024-08-02
1049,Week 12,2024-08-30
1050,Baseline,2024-03-22
1050,Week 4,2024-04-19
1050,Week 8,2024-05-17
1050,Week 12,2024-06-14
1051,Baseline,2024-06-22
1051,Week 4,2024-07-20
1051,Week 8,2024-08-17
1051,Week 12,2024-09-14
1052,Baseline,2024-05-24
1052,Week 4,2024-06-21
1052,Week 8,2024-07-19
1052,Week 12,2024-08-16
1053,Baseline,2024-01-01
1053,Week 4,2024-01-29
1053,Week 8,2024-02-26
1053,Week 12,2024-03-25
1054,Baseline,2024-05-23
1054,Week 4,2024-06-20
1054,Week 8,2024-07-18
1054,Week 12,2024-08-15
1055,Baseline,2024-06-10
1055,Week 4,2024-07-08
1055,Week 8,2024-08-05
1055,Week 12,2024-09-02
1056,Baseline,2024-04-25
1056,Week 4,2024-05-23
1056,Week 8,2024-06-20
1056,Week 12,2024-07-18
1057,Baseline,2024-05-05
1057,Week 4,2024-06-02
1057,Week 8,2024-06-30
1057,Week 12,2024-07-28
1058,Baseline,2024-03-15
1058,Week 4,2024-04-12
1058,Week 8,2024-05-10
1058,Week 12,2024-06-07
1059,Baseline,2024-02-04
1059,Week 4,2024-03-03
1059,Week 8,2024-03-31
1059,Week 12,2024-04-28
1060,Baseline,2024-06-13
1060,Week 4,2024-07-11
1060,Week 8,2024-08-08
1060,Week 12,2024-09-05
1061,Baseline,2024-03-27
1061,Week 4,2024-04-24
1061,Week 8,2024-05-22
1061,Week 12,2024-06-19
1062,Baseline,2024-05-12
1062,Week 4,2024-06-09
1062,Week 8,2024-07-07
1062,Week 12,2024-08-04
1063,Baseline,2024-05-18
1063,Week 4,2024-06-15
1063,Week 8,2024-07-13
1063,Week 12,2024-08-10
1064,Baseline,2024-05-18
1064,Week 4,2024-06-15
1064,Week 8,2024-07-13
1064,Week 12,2024-08-10
1065,Baseline,2024-01-02
1065,Week 4,2024-01-30
1065,Week 8,2024-02-27
1065,Week 12,2024-03-26
1066,Baseline,2024-06-25
1066,Week 4,2024-07-23
1066,Week 8,2024-08-20
1066,Week 12,2024-09-17
1067,Baseline,2024-03-14
1067,Week 4,2024-04-11
1067,Week 8,2024-05-09
1067,Week 12,2024-06-06
1068,Baseline,2024-01-20
1068,Week 4,2024-02-17
1068,Week 8,2024-03-16
1068,Week 12,2024-04-13
1069,Baseline,2024-05-22
1069,Week 4,2024-06-19
1069,Week 8,2024-07-17
1069,Week 12,2024-08-14
1070,Baseline,2024-03-26
1070,Week 4,2024-04-23
1070,Week 8,2024-05-21
1070,Week 12,2024-06-18
1071,Baseline,2024-06-27
1071,Week 4,2024-07-25
1071,Week 8,2024-08-22
1071,Week 12,2024-09-19
1072,Baseline,2024-05-08
1072,Week 4,2024-06-05
1072,Week 8,2024-07-03
1072,Week 12,2024-07-31
1073,Baseline,2024-05-09
1073,Week 4,2024-06-06
1073,Week 8,2024-07-04
1073,Week 12,2024-08-01
1074,Baseline,2024-06-10
1074,Week 4,2024-07-08
1074,Week 8,2024-08-05
1074,Week 12,2024-09-02
1075,Baseline,2024-04-28
1075,Week 4,2024-05-26
1075,Week 8,2024-06-23
1075,Week 12,2024-07-21
1076,Baseline,2024-03-14
1076,Week 4,2024-04-11
1076,Week 8,2024-05-09
1076,Week 12,2024-06-06
1077,Baseline,2024-03-18
1077,Week 4,2024-04-15
1077,Week 8,2024-05-13
1077,Week 12,2024-06-10
1078,Baseline,2024-02-09
1078,Week 4,2024-03-08
1078,Week 8,2024-04-05
1078,Week 12,2024-05-03
1079,Baseline,2024-05-07
1079,Week 4,2024-06-04
1079,Week 8,2024-07-02
1079,Week 12,2024-07-30
1080,Baseline,2024-04-12
1080,Week 4,2024-05-10
1080,Week 8,2024-06-07
1080,Week 12,2024-07-05
1081,Baseline,2024-05-21
1081,Week 4,2024-06-18
1081,Week 8,2024-07-16
1081,Week 12,2024-08-13
1082,Baseline,2024-05-07
1082,Week 4,2024-06-04
1082,Week 8,2024-07-02
1082,Week 12,2024-07-30
1083,Baseline,2024-03-27
1083,Week 4,2024-04-24
1083,Week 8,2024-05-22
1083,Week 12,2024-06-19
1084,Baseline,2024-05-24
1084,Week 4,2024-06-21
1084,Week 8,2024-07-19
1084,Week 12,2024-08-16
1085,Baseline,2024-05-14
1085,Week 4,2024-06-11
1085,Week 8,2024-07-09
1085,Week 12,2024-08-06
1086,Baseline,2024-06-12
1086,Week 4,2024-07-10
1086,Week 8,2024-08-07
1086,Week 12,2024-09-04
1087,Baseline,2024-04-11
1087,Week 4,2024-05-09
1087,Week 8,2024-06-06
1087,Week 12,2024-07-04
1088,Baseline,2024-01-20
1088,Week 4,2024-02-17
1088,Week 8,2024-03-16
1088,Week 12,2024-04-13
1089,Baseline,2024-05-06
1089,Week 4,2024-06-03
1089,Week 8,2024-07-01
1089,Week 12,2024-07-29
1090,Baseline,2024-05-07
1090,Week 4,2024-06-04
1090,Week 8,2024-07-02
1090,Week 12,2024-07-30
1091,Baseline,2024-06-14
1091,Week 4,2024-07-12
1091,Week 8,2024-08-09
1091,Week 12,2024-09-06
1092,Baseline,2024-06-20
1092,Week 4,2024-07-18
1092,Week 8,2024-08-15
1092,Week 12,2024-09-12
1093,Baseline,2024-06-01
1093,Week 4,2024-06-29
1093,Week 8,2024-07-27
1093,Week 12,2024-08-24
1094,Baseline,2024-06-13
1094,Week 4,2024-07-11
1094,Week 8,2024-08-08
1094,Week 12,2024-09-05
1095,Baseline,2024-02-11
1095,Week 4,2024-03-10
1095,Week 8,2024-04-07
1095,Week 12,2024-05-05
1096,Baseline,2024-01-09
1096,Week 4,2024-02-06
1096,Week 8,2024-03-05
1096,Week 12,2024-04-02
1097,Baseline,2024-03-18
1097,Week 4,2024-04-15
1097,Week 8,2024-05-13
1097,Week 12,2024-06-10
1098,Baseline,2024-02-08
1098,Week 4,2024-03-07
1098,Week 8,2024-04-04
1098,Week 12,2024-05-02
1099,Baseline,2024-06-06
1099,Week 4,2024-07-04
1099,Week 8,2024-08-01
1099,Week 12,2024-08-29
1100,Baseline,2024-05-29
1100,Week 4,2024-06-26
1100,Week 8,2024-07-24
1100,Week 12,2024-08-21
1101,Baseline,2024-01-27
1101,Week 4,2024-02-24
1101,Week 8,2024-03-23
1101,Week 12,2024-04-20
1102,Baseline,2024-05-15
1102,Week 4,2024-06-12
1102,Week 8,2024-07-10
1102,Week 12,2024-08-07
1103,Baseline,2024-05-07
1103,Week 4,2024-06-04
1103,Week 8,2024-07-02
1103,Week 12,2024-07-30
1104,Baseline,2024-06-10
1104,Week 4,2024-07-08
1104,Week 8,2024-08-05
1104,Week 12,2024-09-02
1105,Baseline,2024-05-10
1105,Week 4,2024-06-07
1105,Week 8,2024-07-05
1105,Week 12,2024-08-02
1106,Baseline,2024-03-23
1106,Week 4,2024-04-20
1106,Week 8,2024-05-18
1106,Week 12,2024-06-15
1107,Baseline,2024-04-24
1107,Week 4,2024-05-22
1107,Week 8,2024-06-19
1107,Week 12,2024-07-17
1108,Baseline,2024-01-21
1108,Week 4,2024-02-18
1108,Week 8,2024-03-17
1108,Week 12,2024-04-14
1109,Baseline,2024-04-02
1109,Week 4,2024-04-30
1109,Week 8,2024-05-28
1109,Week 12,2024-06-25
1110,Baseline,2024-04-20
1110,Week 4,2024-05-18
1110,Week 8,2024-06-15
1110,Week 12,2024-07-13
1111,Baseline,2024-05-13
1111,Week 4,2024-06-10
1111,Week 8,2024-07-08
1111,Week 12,2024-08-05
1112,Baseline,2024-03-24
1112,Week 4,2024-04-21
1112,Week 8,2024-05-19
1112,Week 12,2024-06-16
1113,Baseline,2024-06-21
1113,Week 4,2024-07-19
1113,Week 8,2024-08-16
1113,Week 12,2024-09-13
1114,Baseline,2024-01-22
1114,Week 4,2024-02-19
1114,Week 8,2024-03-18
1114,Week 12,2024-04-15
1115,Baseline,2024-02-16
1115,Week 4,2024-03-15
1115,Week 8,2024-04-12
1115,Week 12,2024-05-10
1116,Baseline,2024-05-05
1116,Week 4,2024-06-02
1116,Week 8,2024-06-30
1116,Week 12,2024-07-28
1117,Baseline,2024-03-12
1117,Week 4,2024-04-09
1117,Week 8,2024-05-07
1117,Week 12,2024-06-04
1118,Baseline,2024-03-12
1118,Week 4,2024-04-09
1118,Week 8,2024-05-07
1118,Week 12,2024-06-04
1119,Baseline,2024-04-24
1119,Week 4,2024-05-22
1119,Week 8,2024-06-19
1119,Week 12,2024-07-17
1120,Baseline,2024-01-14
1120,Week 4,2024-02-11
1120,Week 8,2024-03-10
1120,Week 12,2024-04-07
1121,Baseline,2024-04-04
1121,Week 4,2024-05-02
1121,Week 8,2024-05-30
1121,Week 12,2024-06-27
1122,Baseline,2024-02-19
1122,Week 4,2024-03-18
1122,Week 8,2024-04-15
1122,Week 12,2024-05-13
1123,Baseline,2024-04-06
1123,Week 4,2024-05-04
1123,Week 8,2024-06-01
1123,Week 12,2024-06-29
1124,Baseline,2024-06-07
1124,Week 4,2024-07-05
1124,Week 8,2024-08-02
1124,Week 12,2024-08-30
1125,Baseline,2024-03-02
1125,Week 4,2024-03-30
1125,Week 8,2024-04-27
1125,Week 12,2024-05-25
1126,Baseline,2024-01-06
1126,Week 4,2024-02-03
1126,Week 8,2024-03-02
1126,Week 12,2024-03-30
1127,Baseline,2024-03-21
1127,Week 4,2024-04-18
1127,Week 8,2024-05-16
1127,Week 12,2024-06-13
1128,Baseline,2024-01-30
1128,Week 4,2024-02-27
1128,Week 8,2024-03-26
1128,Week 12,2024-04-23
1129,Baseline,2024-01-01
1129,Week 4,2024-01-29
1129,Week 8,2024-02-26
1129,Week 12,2024-03-25
1130,Baseline,2024-03-18
1130,Week 4,2024-04-15
1130,Week 8,2024-05-13
1130,Week 12,2024-06-10
1131,Baseline,2024-04-07
1131,Week 4,2024-05-05
1131,Week 8,2024-06-02
1131,Week 12,2024-06-30
1132,Baseline,2024-02-01
1132,Week 4,2024-02-29
1132,Week 8,2024-03-28
1132,Week 12,2024-04-25
1133,Baseline,2024-01-27
1133,Week 4,2024-02-24
1133,Week 8,2024-03-23
1133,Week 12,2024-04-20
1134,Baseline,2024-05-23
1134,Week 4,2024-06-20
1134,Week 8,2024-07-18
1134,Week 12,2024-08-15
1135,Baseline,2024-03-14
1135,Week 4,2024-04-11
1135,Week 8,2024-05-09
1135,Week 12,2024-06-06
1136,Baseline,2024-05-10
1136,Week 4,2024-06-07
1136,Week 8,2024-07-05
1136,Week 12,2024-08-02
1137,Baseline,2024-06-05
1137,Week 4,2024-07-03
1137,Week 8,2024-07-31
1137,Week 12,2024-08-28
1138,Baseline,2024-03-12
1138,Week 4,2024-04-09
1138,Week 8,2024-05-07
1138,Week 12,2024-06-04
1139,Baseline,2024-01-11
1139,Week 4,2024-02-08
1139,Week 8,2024-03-07
1139,Week 12,2024-04-04
1140,Baseline,2024-04-03
1140,Week 4,2024-05-01
1140,Week 8,2024-05-29
1140,Week 12,2024-06-26
1141,Baseline,2024-03-27
1141,Week 4,2024-04-24
1141,Week 8,2024-05-22
1141,Week 12,2024-06-19
1142,Baseline,2024-02-04
1142,Week 4,2024-03-03
1142,Week 8,2024-03-31
1142,Week 12,2024-04-28
1143,Baseline,2024-05-04
1143,Week 4,2024-06-01
1143,Week 8,2024-06-29
1143,Week 12,2024-07-27
1144,Baseline,2024-05-09
1144,Week 4,2024-06-06
1144,Week 8,2024-07-04
1144,Week 12,2024-08-01
1145,Baseline,2024-01-31
1145,Week 4,2024-02-28
1145,Week 8,2024-03-27
1145,Week 12,2024-04-24
1146,Baseline,2024-02-16
1146,Week 4,2024-03-15
1146,Week 8,2024-04-12
1146,Week 12,2024-05-10
1147,Baseline,2024-01-27
1147,Week 4,2024-02-24
1147,Week 8,2024-03-23
1147,Week 12,2024-04-20
1148,Baseline,2024-01-02
1148,Week 4,2024-01-30
1148,Week 8,2024-02-27
1148,Week 12,2024-03-26
1149,Baseline,2024-06-10
1149,Week 4,2024-07-08
1149,Week 8,2024-08-05
1149,Week 12,2024-09-02
1150,Baseline,2024-04-09
1150,Week 4,2024-05-07
1150,Week 8,2024-06-04
1150,Week 12,2024-07-02
1151,Baseline,2024-02-20
1151,Week 4,2024-03-19
1151,Week 8,2024-04-16
1151,Week 12,2024-05-14
1152,Baseline,2024-01-24
1152,Week 4,2024-02-21
1152,Week 8,2024-03-20
1152,Week 12,2024-04-17
1153,Baseline,2024-02-16
1153,Week 4,2024-03-15
1153,Week 8,2024-04-12
1153,Week 12,2024-05-10
1154,Baseline,2024-06-23
1154,Week 4,2024-07-21
1154,Week 8,2024-08-18
1154,Week 12,2024-09-15
1155,Baseline,2024-03-29
1155,Week 4,2024-04-26
1155,Week 8,2024-05-24
1155,Week 12,2024-06-21
1156,Baseline,2024-03-06
1156,Week 4,2024-04-03
1156,Week 8,2024-05-01
1156,Week 12,2024-05-29
1157,Baseline,2024-01-18
1157,Week 4,2024-02-15
1157,Week 8,2024-03-14
1157,Week 12,2024-04-11
1158,Baseline,2024-04-20
1158,Week 4,2024-05-18
1158,Week 8,2024-06-15
1158,Week 12,2024-07-13
1159,Baseline,2024-05-02
1159,Week 4,2024-05-30
1159,Week 8,2024-06-27
1159,Week 12,2024-07-25
1160,Baseline,2024-03-08
1160,Week 4,2024-04-05
1160,Week 8,2024-05-03
1160,Week 12,2024-05-31
1161,Baseline,2024-02-07
1161,Week 4,2024-03-06
1161,Week 8,2024-04-03
1161,Week 12,2024-05-01
1162,Baseline,2024-01-20
1162,Week 4,2024-02-17
1162,Week 8,2024-03-16
1162,Week 12,2024-04-13
1163,Baseline,2024-02-15
1163,Week 4,2024-03-14
1163,Week 8,2024-04-11
1163,Week 12,2024-05-09
1164,Baseline,2024-05-05
1164,Week 4,2024-06-02
1164,Week 8,2024-06-30
1164,Week 12,2024-07-28
1165,Baseline,2024-02-12
1165,Week 4,2024-03-11
1165,Week 8,2024-04-08
1165,Week 12,2024-05-06
1166,Baseline,2024-01-30
1166,Week 4,2024-02-27
1166,Week 8,2024-03-26
1166,Week 12,2024-04-23
1167,Baseline,2024-05-24
1167,Week 4,2024-06-21
1167,Week 8,2024-07-19
1167,Week 12,2024-08-16
1168,Baseline,2024-05-01
1168,Week 4,2024-05-29
1168,Week 8,2024-06-26
1168,Week 12,2024-07-24
1169,Baseline,2024-02-01
1169,Week 4,2024-02-29
1169,Week 8,2024-03-28
1169,Week 12,2024-04-25
1170,Baseline,2024-05-23
1170,Week 4,2024-06-20
1170,Week 8,2024-07-18
1170,Week 12,2024-08-15
1171,Baseline,2024-05-06
1171,Week 4,2024-06-03
1171,Week 8,2024-07-01
1171,Week 12,2024-07-29
1172,Baseline,2024-05-26
1172,Week 4,2024-06-23
1172,Week 8,2024-07-21
1172,Week 12,2024-08-18
1173,Baseline,2024-02-16
1173,Week 4,2024-03-15
1173,Week 8,2024-04-12
1173,Week 12,2024-05-10
1174,Baseline,2024-04-23
1174,Week 4,2024-05-21
1174,Week 8,2024-06-18
1174,Week 12,2024-07-16
1175,Baseline,2024-05-02
1175,Week 4,2024-05-30
1175,Week 8,2024-06-27
1175,Week 12,2024-07-25
1176,Baseline,2024-06-07
1176,Week 4,2024-07-05
1176,Week 8,2024-08-02
1176,Week 12,2024-08-30
1177,Baseline,2024-05-20
1177,Week 4,2024-06-17
1177,Week 8,2024-07-15
1177,Week 12,2024-08-12
1178,Baseline,2024-05-28
1178,Week 4,2024-06-25
1178,Week 8,2024-07-23
1178,Week 12,2024-08-20
1179,Baseline,2024-06-16
1179,Week 4,2024-07-14
1179,Week 8,2024-08-11
1179,Week 12,2024-09-08
1180,Baseline,2024-01-06
1180,Week 4,2024-02-03
1180,Week 8,2024-03-02
1180,Week 12,2024-03-30
1181,Baseline,2024-02-06
1181,Week 4,2024-03-05
1181,Week 8,2024-04-02
1181,Week 12,2024-04-30
1182,Baseline,2024-06-26
1182,Week 4,2024-07-24
1182,Week 8,2024-08-21
1182,Week 12,2024-09-18
1183,Baseline,2024-03-04
1183,Week 4,2024-04-01
1183,Week 8,2024-04-29
1183,Week 12,2024-05-27
1184,Baseline,2024-06-16
1184,Week 4,2024-07-14
1184,Week 8,2024-08-11
1184,Week 12,2024-09-08
1185,Baseline,2024-06-04
1185,Week 4,2024-07-02
1185,Week 8,2024-07-30
1185,Week 12,2024-08-27
1186,Baseline,2024-01-06
1186,Week 4,2024-02-03
1186,Week 8,2024-03-02
1186,Week 12,2024-03-30
1187,Baseline,2024-04-24
1187,Week 4,2024-05-22
1187,Week 8,2024-06-19
1187,Week 12,2024-07-17
1188,Baseline,2024-02-18
1188,Week 4,2024-03-17
1188,Week 8,2024-04-14
1188,Week 12,2024-05-12
1189,Baseline,2024-02-01
1189,Week 4,2024-02-29
1189,Week 8,2024-03-28
1189,Week 12,2024-04-25
1190,Baseline,2024-02-21
1190,Week 4,2024-03-20
1190,Week 8,2024-04-17
1190,Week 12,2024-05-15
1191,Baseline,2024-06-19
1191,Week 4,2024-07-17
1191,Week 8,2024-08-14
1191,Week 12,2024-09-11
1192,Baseline,2024-02-04
1192,Week 4,2024-03-03
1192,Week 8,2024-03-31
1192,Week 12,2024-04-28
1193,Baseline,2024-06-03
1193,Week 4,2024-07-01
1193,Week 8,2024-07-29
1193,Week 12,2024-08-26
1194,Baseline,2024-06-06
1194,Week 4,2024-07-04
1194,Week 8,2024-08-01
1194,Week 12,2024-08-29
1195,Baseline,2024-04-18
1195,Week 4,2024-05-16
1195,Week 8,2024-06-13
1195,Week 12,2024-07-11
1196,Baseline,2024-05-03
1196,Week 4,2024-05-31
1196,Week 8,2024-06-28
1196,Week 12,2024-07-26
1197,Baseline,2024-03-30
1197,Week 4,2024-04-27
1197,Week 8,2024-05-25
1197,Week 12,2024-06-22
1198,Baseline,2024-02-17
1198,Week 4,2024-03-16
1198,Week 8,2024-04-13
1198,Week 12,2024-05-11
1199,Baseline,2024-05-10
1199,Week 4,2024-06-07
1199,Week 8,2024-07-05
1199,Week 12,2024-08-02
1200,Baseline,2024-06-19
1200,Week 4,2024-07-17
1200,Week 8,2024-08-14
1200,Week 12,2024-09-11
1201,Baseline,2024-05-31
1201,Week 4,2024-06-28
1201,Week 8,2024-07-26
1201,Week 12,2024-08-23
1202,Baseline,2024-01-30
1202,Week 4,2024-02-27
1202,Week 8,2024-03-26
1202,Week 12,2024-04-23
1203,Baseline,2024-01-13
1203,Week 4,2024-02-10
1203,Week 8,2024-03-09
1203,Week 12,2024-04-06
1204,Baseline,2024-03-04
1204,Week 4,2024-04-01
1204,Week 8,2024-04-29
1204,Week 12,2024-05-27
1205,Baseline,2024-01-09
1205,Week 4,2024-02-06
1205,Week 8,2024-03-05
1205,Week 12,2024-04-02
1206,Baseline,2024-05-18
1206,Week 4,2024-06-15
1206,Week 8,2024-07-13
1206,Week 12,2024-08-10
1207,Baseline,2024-05-07
1207,Week 4,2024-06-04
1207,Week 8,2024-07-02
1207,Week 12,2024-07-30
1208,Baseline,2024-01-23
1208,Week 4,2024-02-20
1208,Week 8,2024-03-19
1208,Week 12,2024-04-16
1209,Baseline,2024-05-17
1209,Week 4,2024-06-14
1209,Week 8,2024-07-12
1209,Week 12,2024-08-09
1210,Baseline,2024-01-11
1210,Week 4,2024-02-08
1210,Week 8,2024-03-07
1210,Week 12,2024-04-04
1211,Baseline,2024-02-17
1211,Week 4,2024-03-16
1211,Week 8,2024-04-13
1211,Week 12,2024-05-11
1212,Baseline,2024-05-31
1212,Week 4,2024-06-28
1212,Week 8,2024-07-26
1212,Week 12,2024-08-23
1213,Baseline,2024-03-09
1213,Week 4,2024-04-06
1213,Week 8,2024-05-04
1213,Week 12,2024-06-01
1214,Baseline,2024-02-27
1214,Week 4,2024-03-26
1214,Week 8,2024-04-23
1214,Week 12,2024-05-21
1215,Baseline,2024-06-21
1215,Week 4,2024-07-19
1215,Week 8,2024-08-16
1215,Week 12,2024-09-13
1216,Baseline,2024-06-09
1216,Week 4,2024-07-07
1216,Week 8,2024-08-04
1216,Week 12,2024-09-01
1217,Baseline,2024-04-23
1217,Week 4,2024-05-21
1217,Week 8,2024-06-18
1217,Week 12,2024-07-16
1218,Baseline,2024-06-17
1218,Week 4,2024-07-15
1218,Week 8,2024-08-12
1218,Week 12,2024-09-09
1219,Baseline,2024-04-17
1219,Week 4,2024-05-15
1219,Week 8,2024-06-12
1219,Week 12,2024-07-10
1220,Baseline,2024-05-07
1220,Week 4,2024-06-04
1220,Week 8,2024-07-02
1220,Week 12,2024-07-30
1221,Baseline,2024-01-25
1221,Week 4,2024-02-22
1221,Week 8,2024-03-21
1221,Week 12,2024-04-18
1222,Baseline,2024-05-22
1222,Week 4,2024-06-19
1222,Week 8,2024-07-17
1222,Week 12,2024-08-14
1223,Baseline,2024-03-24
1223,Week 4,2024-04-21
1223,Week 8,2024-05-19
1223,Week 12,2024-06-16
1224,Baseline,2024-01-10
1224,Week 4,2024-02-07
1224,Week 8,2024-03-06
1224,Week 12,2024-04-03
1225,Baseline,2024-03-19
1225,Week 4,2024-04-16
1225,Week 8,2024-05-14
1225,Week 12,2024-06-11
1226,Baseline,2024-03-08
1226,Week 4,2024-04-05
1226,Week 8,2024-05-03
1226,Week 12,2024-05-31
1227,Baseline,2024-01-09
1227,Week 4,2024-02-06
1227,Week 8,2024-03-05
1227,Week 12,2024-04-02
1228,Baseline,2024-01-10
1228,Week 4,2024-02-07
1228,Week 8,2024-03-06
1228,Week 12,2024-04-03
1229,Baseline,2024-03-02
1229,Week 4,2024-03-30
1229,Week 8,2024-04-27
1229,Week 12,2024-05-25
1230,Baseline,2024-02-17
1230,Week 4,2024-03-16
1230,Week 8,2024-04-13
1230,Week 12,2024-05-11
1231,Baseline,2024-01-30
1231,Week 4,2024-02-27
1231,Week 8,2024-03-26
1231,Week 12,2024-04-23
1232,Baseline,2024-06-01
1232,Week 4,2024-06-29
1232,Week 8,2024-07-27
1232,Week 12,2024-08-24
1233,Baseline,2024-06-17
1233,Week 4,2024-07-15
1233,Week 8,2024-08-12
1233,Week 12,2024-09-09
1234,Baseline,2024-01-24
1234,Week 4,2024-02-21
1234,Week 8,2024-03-20
1234,Week 12,2024-04-17
1235,Baseline,2024-04-29
1235,Week 4,2024-05-27
1235,Week 8,2024-06-24
1235,Week 12,2024-07-22
1236,Baseline,2024-01-06
1236,Week 4,2024-02-03
1236,Week 8,2024-03-02
1236,Week 12,2024-03-30
1237,Baseline,2024-04-01
1237,Week 4,2024-04-29
1237,Week 8,2024-05-27
1237,Week 12,2024-06-24
1238,Baseline,2024-04-03
1238,Week 4,2024-05-01
1238,Week 8,2024-05-29
1238,Week 12,2024-06-26
1239,Baseline,2024-06-12
1239,Week 4,2024-07-10
1239,Week 8,2024-08-07
1239,Week 12,2024-09-04
1240,Baseline,2024-01-29
1240,Week 4,2024-02-26
1240,Week 8,2024-03-25
1240,Week 12,2024-04-22
1241,Baseline,2024-04-03
1241,Week 4,2024-05-01
1241,Week 8,2024-05-29
1241,Week 12,2024-06-26
1242,Baseline,2024-01-29
1242,Week 4,2024-02-26
1242,Week 8,2024-03-25
1242,Week 12,2024-04-22
1243,Baseline,2024-01-24
1243,Week 4,2024-02-21
1243,Week 8,2024-03-20
1243,Week 12,2024-04-17
1244,Baseline,2024-03-14
1244,Week 4,2024-04-11
1244,Week 8,2024-05-09
1244,Week 12,2024-06-06
1245,Baseline,2024-02-20
1245,Week 4,2024-03-19
1245,Week 8,2024-04-16
1245,Week 12,2024-05-14
1246,Baseline,2024-03-10
1246,Week 4,2024-04-07
1246,Week 8,2024-05-05
1246,Week 12,2024-06-02
1247,Baseline,2024-05-09
1247,Week 4,2024-06-06
1247,Week 8,2024-07-04
1247,Week 12,2024-08-01
1248,Baseline,2024-06-01
1248,Week 4,2024-06-29
1248,Week 8,2024-07-27
1248,Week 12,2024-08-24
1249,Baseline,2024-04-07
1249,Week 4,2024-05-05
1249,Week 8,2024-06-02
1249,Week 12,2024-06-30
1250,Baseline,2024-03-26
1250,Week 4,2024-04-23
1250,Week 8,2024-05-21
1250,Week 12,2024-06-18
1251,Baseline,2024-01-04
1251,Week 4,2024-02-01
1251,Week 8,2024-02-29
1251,Week 12,2024-03-28
1252,Baseline,2024-02-13
1252,Week 4,2024-03-12
1252,Week 8,2024-04-09
1252,Week 12,2024-05-07
1253,Baseline,2024-01-26
1253,Week 4,2024-02-23
1253,Week 8,2024-03-22
1253,Week 12,2024-04-19
1254,Baseline,2024-04-06
1254,Week 4,2024-05-04
1254,Week 8,2024-06-01
1254,Week 12,2024-06-29
1255,Baseline,2024-02-20
1255,Week 4,2024-03-19
1255,Week 8,2024-04-16
1255,Week 12,2024-05-14
1256,Baseline,2024-06-06
1256,Week 4,2024-07-04
1256,Week 8,2024-08-01
1256,Week 12,2024-08-29
1257,Baseline,2024-01-09
1257,Week 4,2024-02-06
1257,Week 8,2024-03-05
1257,Week 12,2024-04-02
1258,Baseline,2024-05-22
1258,Week 4,2024-06-19
1258,Week 8,2024-07-17
1258,Week 12,2024-08-14
1259,Baseline,2024-02-10
1259,Week 4,2024-03-09
1259,Week 8,2024-04-06
1259,Week 12,2024-05-04
1260,Baseline,2024-04-13
1260,Week 4,2024-05-11
1260,Week 8,2024-06-08
1260,Week 12,2024-07-06
1261,Baseline,2024-03-04
1261,Week 4,2024-04-01
1261,Week 8,2024-04-29
1261,Week 12,2024-05-27
1262,Baseline,2024-03-20
1262,Week 4,2024-04-17
1262,Week 8,2024-05-15
1262,Week 12,2024-06-12
1263,Baseline,2024-02-17
1263,Week 4,2024-03-16
1263,Week 8,2024-04-13
1263,Week 12,2024-05-11
1264,Baseline,2024-06-23
1264,Week 4,2024-07-21
1264,Week 8,2024-08-18
1264,Week 12,2024-09-15
1265,Baseline,2024-05-15
1265,Week 4,2024-06-12
1265,Week 8,2024-07-10
1265,Week 12,2024-08-07
1266,Baseline,2024-06-01
1266,Week 4,2024-06-29
1266,Week 8,2024-07-27
1266,Week 12,2024-08-24
1267,Baseline,2024-06-14
1267,Week 4,2024-07-12
1267,Week 8,2024-08-09
1267,Week 12,2024-09-06
1268,Baseline,2024-04-16
1268,Week 4,2024-05-14
1268,Week 8,2024-06-11
1268,Week 12,2024-07-09
1269,Baseline,2024-02-28
1269,Week 4,2024-03-27
1269,Week 8,2024-04-24
1269,Week 12,2024-05-22
1270,Baseline,2024-05-21
1270,Week 4,2024-06-18
1270,Week 8,2024-07-16
1270,Week 12,2024-08-13
1271,Baseline,2024-04-28
1271,Week 4,2024-05-26
1271,Week 8,2024-06-23
1271,Week 12,2024-07-21
1272,Baseline,2024-02-09
1272,Week 4,2024-03-08
1272,Week 8,2024-04-05
1272,Week 12,2024-05-03
1273,Baseline,2024-04-05
1273,Week 4,2024-05-03
1273,Week 8,2024-05-31
1273,Week 12,2024-06-28
1274,Baseline,2024-03-04
1274,Week 4,2024-04-01
1274,Week 8,2024-04-29
1274,Week 12,2024-05-27
1275,Baseline,2024-03-04
1275,Week 4,2024-04-01
1275,Week 8,2024-04-29
1275,Week 12,2024-05-27
1276,Baseline,2024-05-03
1276,Week 4,2024-05-31
1276,Week 8,2024-06-28
1276,Week 12,2024-07-26
1277,Baseline,2024-01-15
1277,Week 4,2024-02-12
1277,Week 8,2024-03-11
1277,Week 12,2024-04-08
1278,Baseline,2024-05-01
1278,Week 4,2024-05-29
1278,Week 8,2024-06-26
1278,Week 12,2024-07-24
1279,Baseline,2024-03-07
1279,Week 4,2024-04-04
1279,Week 8,2024-05-02
1279,Week 12,2024-05-30
1280,Baseline,2024-03-29
1280,Week 4,2024-04-26
1280,Week 8,2024-05-24
1280,Week 12,2024-06-21
1281,Baseline,2024-06-28
1281,Week 4,2024-07-26
1281,Week 8,2024-08-23
1281,Week 12,2024-09-20
1282,Baseline,2024-01-15
1282,Week 4,2024-02-12
1282,Week 8,2024-03-11
1282,Week 12,2024-04-08
1283,Baseline,2024-03-28
1283,Week 4,2024-04-25
1283,Week 8,2024-05-23
1283,Week 12,2024-06-20
1284,Baseline,2024-05-24
1284,Week 4,2024-06-21
1284,Week 8,2024-07-19
1284,Week 12,2024-08-16
1285,Baseline,2024-05-04
1285,Week 4,2024-06-01
1285,Week 8,2024-06-29
1285,Week 12,2024-07-27
1286,Baseline,2024-02-03
1286,Week 4,2024-03-02
1286,Week 8,2024-03-30
1286,Week 12,2024-04-27
1287,Baseline,2024-06-12
1287,Week 4,2024-07-10
1287,Week 8,2024-08-07
1287,Week 12,2024-09-04
1288,Baseline,2024-03-20
1288,Week 4,2024-04-17
1288,Week 8,2024-05-15
1288,Week 12,2024-06-12
1289,Baseline,2024-05-20
1289,Week 4,2024-06-17
1289,Week 8,2024-07-15
1289,Week 12,2024-08-12
1290,Baseline,2024-05-31
1290,Week 4,2024-06-28
1290,Week 8,2024-07-26
1290,Week 12,2024-08-23
1291,Baseline,2024-06-17
1291,Week 4,2024-07-15
1291,Week 8,2024-08-12
1291,Week 12,2024-09-09
1292,Baseline,2024-05-11
1292,Week 4,2024-06-08
1292,Week 8,2024-07-06
1292,Week 12,2024-08-03
1293,Baseline,2024-05-09
1293,Week 4,2024-06-06
1293,Week 8,2024-07-04
1293,Week 12,2024-08-01
1294,Baseline,2024-03-17
1294,Week 4,2024-04-14
1294,Week 8,2024-05-12
1294,Week 12,2024-06-09
1295,Baseline,2024-01-10
1295,Week 4,2024-02-07
1295,Week 8,2024-03-06
1295,Week 12,2024-04-03
1296,Baseline,2024-05-29
1296,Week 4,2024-06-26
1296,Week 8,2024-07-24
1296,Week 12,2024-08-21
1297,Baseline,2024-02-20
1297,Week 4,2024-03-19
1297,Week 8,2024-04-16
1297,Week 12,2024-05-14
1298,Baseline,2024-04-22
1298,Week 4,2024-05-20
1298,Week 8,2024-06-17
1298,Week 12,2024-07-15
1299,Baseline,2024-03-05
1299,Week 4,2024-04-02
1299,Week 8,2024-04-30
1299,Week 12,2024-05-28
1300,Baseline,2024-02-04
1300,Week 4,2024-03-03
1300,Week 8,2024-03-31
1300,Week 12,2024-04-28
1301,Baseline,2024-02-20
1301,Week 4,2024-03-19
1301,Week 8,2024-04-16
1301,Week 12,2024-05-14
1302,Baseline,2024-03-24
1302,Week 4,2024-04-21
1302,Week 8,2024-05-19
1302,Week 12,2024-06-16
1303,Baseline,2024-01-29
1303,Week 4,2024-02-26
1303,Week 8,2024-03-25
1303,Week 12,2024-04-22
1304,Baseline,2024-01-17
1304,Week 4,2024-02-14
1304,Week 8,2024-03-13
1304,Week 12,2024-04-10
1305,Baseline,2024-05-06
1305,Week 4,2024-06-03
1305,Week 8,2024-07-01
1305,Week 12,2024-07-29
1306,Baseline,2024-05-06
1306,Week 4,2024-06-03
1306,Week 8,2024-07-01
1306,Week 12,2024-07-29
1307,Baseline,2024-05-04
1307,Week 4,2024-06-01
1307,Week 8,2024-06-29
1307,Week 12,2024-07-27
1308,Baseline,2024-04-10
1308,Week 4,2024-05-08
1308,Week 8,2024-06-05
1308,Week 12,2024-07-03
1309,Baseline,2024-02-23
1309,Week 4,2024-03-22
1309,Week 8,2024-04-19
1309,Week 12,2024-05-17
1310,Baseline,2024-03-11
1310,Week 4,2024-04-08
1310,Week 8,2024-05-06
1310,Week 12,2024-06-03
1311,Baseline,2024-05-06
1311,Week 4,2024-06-03
1311,Week 8,2024-07-01
1311,Week 12,2024-07-29
1312,Baseline,2024-04-10
1312,Week 4,2024-05-08
1312,Week 8,2024-06-05
1312,Week 12,2024-07-03
1313,Baseline,2024-04-03
1313,Week 4,2024-05-01
1313,Week 8,2024-05-29
1313,Week 12,2024-06-26
1314,Baseline,2024-01-26
1314,Week 4,2024-02-23
1314,Week 8,2024-03-22
1314,Week 12,2024-04-19
1315,Baseline,2024-06-21
1315,Week 4,2024-07-19
1315,Week 8,2024-08-16
1315,Week 12,2024-09-13
1316,Baseline,2024-03-31
1316,Week 4,2024-04-28
1316,Week 8,2024-05-26
1316,Week 12,2024-06-23
1317,Baseline,2024-06-24
1317,Week 4,2024-07-22
1317,Week 8,2024-08-19
1317,Week 12,2024-09-16
1318,Baseline,2024-03-24
1318,Week 4,2024-04-21
1318,Week 8,2024-05-19
1318,Week 12,2024-06-16
1319,Baseline,2024-02-11
1319,Week 4,2024-03-10
1319,Week 8,2024-04-07
1319,Week 12,2024-05-05
1320,Baseline,2024-04-18
1320,Week 4,2024-05-16
1320,Week 8,2024-06-13
1320,Week 12,2024-07-11
1321,Baseline,2024-02-13
1321,Week 4,2024-03-12
1321,Week 8,2024-04-09
1321,Week 12,2024-05-07
1322,Baseline,2024-05-12
1322,Week 4,2024-06-09
1322,Week 8,2024-07-07
1322,Week 12,2024-08-04
1323,Baseline,2024-06-18
1323,Week 4,2024-07-16
1323,Week 8,2024-08-13
1323,Week 12,2024-09-10
1324,Baseline,2024-01-16
1324,Week 4,2024-02-13
1324,Week 8,2024-03-12
1324,Week 12,2024-04-09
1325,Baseline,2024-03-13
1325,Week 4,2024-04-10
1325,Week 8,2024-05-08
1325,Week 12,2024-06-05
1326,Baseline,2024-04-26
1326,Week 4,2024-05-24
1326,Week 8,2024-06-21
1326,Week 12,2024-07-19
1327,Baseline,2024-02-16
1327,Week 4,2024-03-15
1327,Week 8,2024-04-12
1327,Week 12,2024-05-10
1328,Baseline,2024-03-27
1328,Week 4,2024-04-24
1328,Week 8,2024-05-22
1328,Week 12,2024-06-19
1329,Baseline,2024-03-13
1329,Week 4,2024-04-10
1329,Week 8,2024-05-08
1329,Week 12,2024-06-05
1330,Baseline,2024-05-31
1330,Week 4,2024-06-28
1330,Week 8,2024-07-26
1330,Week 12,2024-08-23
1331,Baseline,2024-01-26
1331,Week 4,2024-02-23
1331,Week 8,2024-03-22
1331,Week 12,2024-04-19
1332,Baseline,2024-06-06
1332,Week 4,2024-07-04
1332,Week 8,2024-08-01
1332,Week 12,2024-08-29
1333,Baseline,2024-04-14
1333,Week 4,2024-05-12
1333,Week 8,2024-06-09
1333,Week 12,2024-07-07
1334,Baseline,2024-05-01
1334,Week 4,2024-05-29
1334,Week 8,2024-06-26
1334,Week 12,2024-07-24
1335,Baseline,2024-03-02
1335,Week 4,2024-03-30
1335,Week 8,2024-04-27
1335,Week 12,2024-05-25
1336,Baseline,2024-05-14
1336,Week 4,2024-06-11
1336,Week 8,2024-07-09
1336,Week 12,2024-08-06
1337,Baseline,2024-05-01
1337,Week 4,2024-05-29
1337,Week 8,2024-06-26
1337,Week 12,2024-07-24
1338,Baseline,2024-01-24
1338,Week 4,2024-02-21
1338,Week 8,2024-03-20
1338,Week 12,2024-04-17
1339,Baseline,2024-05-16
1339,Week 4,2024-06-13
1339,Week 8,2024-07-11
1339,Week 12,2024-08-08
1340,Baseline,2024-03-26
1340,Week 4,2024-04-23
1340,Week 8,2024-05-21
1340,Week 12,2024-06-18
1341,Baseline,2024-03-02
1341,Week 4,2024-03-30
1341,Week 8,2024-04-27
1341,Week 12,2024-05-25
1342,Baseline,2024-06-26
1342,Week 4,2024-07-24
1342,Week 8,2024-08-21
1342,Week 12,2024-09-18
1343,Baseline,2024-02-29
1343,Week 4,2024-03-28
1343,Week 8,2024-04-25
1343,Week 12,2024-05-23
1344,Baseline,2024-03-21
1344,Week 4,2024-04-18
1344,Week 8,2024-05-16
1344,Week 12,2024-06-13
1345,Baseline,2024-04-12
1345,Week 4,2024-05-10
1345,Week 8,2024-06-07
1345,Week 12,2024-07-05
1346,Baseline,2024-04-04
1346,Week 4,2024-05-02
1346,Week 8,2024-05-30
1346,Week 12,2024-06-27
1347,Baseline,2024-04-19
1347,Week 4,2024-05-17
1347,Week 8,2024-06-14
1347,Week 12,2024-07-12
1348,Baseline,2024-06-05
1348,Week 4,2024-07-03
1348,Week 8,2024-07-31
1348,Week 12,2024-08-28
1349,Baseline,2024-03-01
1349,Week 4,2024-03-29
1349,Week 8,2024-04-26
1349,Week 12,2024-05-24
1350,Baseline,2024-04-18
1350,Week 4,2024-05-16
1350,Week 8,2024-06-13
1350,Week 12,2024-07-11
1351,Baseline,2024-03-22
1351,Week 4,2024-04-19
1351,Week 8,2024-05-17
1351,Week 12,2024-06-14
1352,Baseline,2024-02-17
1352,Week 4,2024-03-16
1352,Week 8,2024-04-13
1352,Week 12,2024-05-11
1353,Baseline,2024-06-23
1353,Week 4,2024-07-21
1353,Week 8,2024-08-18
1353,Week 12,2024-09-15
1354,Baseline,2024-05-01
1354,Week 4,2024-05-29
1354,Week 8,2024-06-26
1354,Week 12,2024-07-24
1355,Baseline,2024-01-07
1355,Week 4,2024-02-04
1355,Week 8,2024-03-03
1355,Week 12,2024-03-31
1356,Baseline,2024-05-13
1356,Week 4,2024-06-10
1356,Week 8,2024-07-08
1356,Week 12,2024-08-05
1357,Baseline,2024-06-04
1357,Week 4,2024-07-02
1357,Week 8,2024-07-30
1357,Week 12,2024-08-27
1358,Baseline,2024-05-08
1358,Week 4,2024-06-05
1358,Week 8,2024-07-03
1358,Week 12,2024-07-31
1359,Baseline,2024-06-25
1359,Week 4,2024-07-23
1359,Week 8,2024-08-20
1359,Week 12,2024-09-17
1360,Baseline,2024-02-21
1360,Week 4,2024-03-20
1360,Week 8,2024-04-17
1360,Week 12,2024-05-15
1361,Baseline,2024-04-17
1361,Week 4,2024-05-15
1361,Week 8,2024-06-12
1361,Week 12,2024-07-10
1362,Baseline,2024-01-27
1362,Week 4,2024-02-24
1362,Week 8,2024-03-23
1362,Week 12,2024-04-20
1363,Baseline,2024-06-20
1363,Week 4,2024-07-18
1363,Week 8,2024-08-15
1363,Week 12,2024-09-12
1364,Baseline,2024-02-10
1364,Week 4,2024-03-09
1364,Week 8,2024-04-06
1364,Week 12,2024-05-04
1365,Baseline,2024-01-13
1365,Week 4,2024-02-10
1365,Week 8,2024-03-09
1365,Week 12,2024-04-06
1366,Baseline,2024-03-08
1366,Week 4,2024-04-05
1366,Week 8,2024-05-03
1366,Week 12,2024-05-31
1367,Baseline,2024-05-22
1367,Week 4,2024-06-19
1367,Week 8,2024-07-17
1367,Week 12,2024-08-14
1368,Baseline,2024-01-08
1368,Week 4,2024-02-05
1368,Week 8,2024-03-04
1368,Week 12,2024-04-01
1369,Baseline,2024-03-25
1369,Week 4,2024-04-22
1369,Week 8,2024-05-20
1369,Week 12,2024-06-17
1370,Baseline,2024-06-12
1370,Week 4,2024-07-10
1370,Week 8,2024-08-07
1370,Week 12,2024-09-04
1371,Baseline,2024-01-06
1371,Week 4,2024-02-03
1371,Week 8,2024-03-02
1371,Week 12,2024-03-30
1372,Baseline,2024-05-10
1372,Week 4,2024-06-07
1372,Week 8,2024-07-05
1372,Week 12,2024-08-02
1373,Baseline,2024-02-29
1373,Week 4,2024-03-28
1373,Week 8,2024-04-25
1373,Week 12,2024-05-23
1374,Baseline,2024-06-28
1374,Week 4,2024-07-26
1374,Week 8,2024-08-23
1374,Week 12,2024-09-20
1375,Baseline,2024-04-15
1375,Week 4,2024-05-13
1375,Week 8,2024-06-10
1375,Week 12,2024-07-08
1376,Baseline,2024-04-09
1376,Week 4,2024-05-07
1376,Week 8,2024-06-04
1376,Week 12,2024-07-02
1377,Baseline,2024-03-07
1377,Week 4,2024-04-04
1377,Week 8,2024-05-02
1377,Week 12,2024-05-30
1378,Baseline,2024-05-04
1378,Week 4,2024-06-01
1378,Week 8,2024-06-29
1378,Week 12,2024-07-27
1379,Baseline,2024-03-13
1379,Week 4,2024-04-10
1379,Week 8,2024-05-08
1379,Week 12,2024-06-05
1380,Baseline,2024-06-09
1380,Week 4,2024-07-07
1380,Week 8,2024-08-04
1380,Week 12,2024-09-01
1381,Baseline,2024-04-19
1381,Week 4,2024-05-17
1381,Week 8,2024-06-14
1381,Week 12,2024-07-12
1382,Baseline,2024-05-09
1382,Week 4,2024-06-06
1382,Week 8,2024-07-04
1382,Week 12,2024-08-01
1383,Baseline,2024-01-31
1383,Week 4,2024-02-28
1383,Week 8,2024-03-27
1383,Week 12,2024-04-24
1384,Baseline,2024-01-10
1384,Week 4,2024-02-07
1384,Week 8,2024-03-06
1384,Week 12,2024-04-03
1385,Baseline,2024-04-22
1385,Week 4,2024-05-20
1385,Week 8,2024-06-17
1385,Week 12,2024-07-15
1386,Baseline,2024-05-09
1386,Week 4,2024-06-06
1386,Week 8,2024-07-04
1386,Week 12,2024-08-01
1387,Baseline,2024-06-02
1387,Week 4,2024-06-30
1387,Week 8,2024-07-28
1387,Week 12,2024-08-25
1388,Baseline,2024-06-01
1388,Week 4,2024-06-29
1388,Week 8,2024-07-27
1388,Week 12,2024-08-24
1389,Baseline,2024-06-18
1389,Week 4,2024-07-16
1389,Week 8,2024-08-13
1389,Week 12,2024-09-10
1390,Baseline,2024-03-17
1390,Week 4,2024-04-14
1390,Week 8,2024-05-12
1390,Week 12,2024-06-09
1391,Baseline,2024-04-07
1391,Week 4,2024-05-05
1391,Week 8,2024-06-02
1391,Week 12,2024-06-30
1392,Baseline,2024-04-06
1392,Week 4,2024-05-04
1392,Week 8,2024-06-01
1392,Week 12,2024-06-29
1393,Baseline,2024-06-17
1393,Week 4,2024-07-15
1393,Week 8,2024-08-12
1393,Week 12,2024-09-09
1394,Baseline,2024-04-19
1394,Week 4,2024-05-17
1394,Week 8,2024-06-14
1394,Week 12,2024-07-12
1395,Baseline,2024-05-25
1395,Week 4,2024-06-22
1395,Week 8,2024-07-20
1395,Week 12,2024-08-17
1396,Baseline,2024-01-26
1396,Week 4,2024-02-23
1396,Week 8,2024-03-22
1396,Week 12,2024-04-19
1397,Baseline,2024-02-12
1397,Week 4,2024-03-11
1397,Week 8,2024-04-08
1397,Week 12,2024-05-06
1398,Baseline,2024-03-24
1398,Week 4,2024-04-21
1398,Week 8,2024-05-19
1398,Week 12,2024-06-16
1399,Baseline,2024-04-06
1399,Week 4,2024-05-04
1399,Week 8,2024-06-01
1399,Week 12,2024-06-29
1400,Baseline,2024-02-03
1400,Week 4,2024-03-02
1400,Week 8,2024-03-30
1400,Week 12,2024-04-27
1401,Baseline,2024-06-25
1401,Week 4,2024-07-23
1401,Week 8,2024-08-20
1401,Week 12,2024-09-17
1402,Baseline,2024-05-14
1402,Week 4,2024-06-11
1402,Week 8,2024-07-09
1402,Week 12,2024-08-06
1403,Baseline,2024-06-06
1403,Week 4,2024-07-04
1403,Week 8,2024-08-01
1403,Week 12,2024-08-29
1404,Baseline,2024-02-07
1404,Week 4,2024-03-06
1404,Week 8,2024-04-03
1404,Week 12,2024-05-01
1405,Baseline,2024-05-22
1405,Week 4,2024-06-19
1405,Week 8,2024-07-17
1405,Week 12,2024-08-14
1406,Baseline,2024-04-16
1406,Week 4,2024-05-14
1406,Week 8,2024-06-11
1406,Week 12,2024-07-09
1407,Baseline,2024-05-20
1407,Week 4,2024-06-17
1407,Week 8,2024-07-15
1407,Week 12,2024-08-12
1408,Baseline,2024-04-22
1408,Week 4,2024-05-20
1408,Week 8,2024-06-17
1408,Week 12,2024-07-15
1409,Baseline,2024-02-06
1409,Week 4,2024-03-05
1409,Week 8,2024-04-02
1409,Week 12,2024-04-30
1410,Baseline,2024-05-26
1410,Week 4,2024-06-23
1410,Week 8,2024-07-21
1410,Week 12,2024-08-18
1411,Baseline,2024-01-16
1411,Week 4,2024-02-13
1411,Week 8,2024-03-12
1411,Week 12,2024-04-09
1412,Baseline,2024-01-30
1412,Week 4,2024-02-27
1412,Week 8,2024-03-26
1412,Week 12,2024-04-23
1413,Baseline,2024-02-13
1413,Week 4,2024-03-12
1413,Week 8,2024-04-09
1413,Week 12,2024-05-07
1414,Baseline,2024-02-01
1414,Week 4,2024-02-29
1414,Week 8,2024-03-28
1414,Week 12,2024-04-25
1415,Baseline,2024-01-15
1415,Week 4,2024-02-12
1415,Week 8,2024-03-11
1415,Week 12,2024-04-08
1416,Baseline,2024-03-11
1416,Week 4,2024-04-08
1416,Week 8,2024-05-06
1416,Week 12,2024-06-03
1417,Baseline,2024-01-26
1417,Week 4,2024-02-23
1417,Week 8,2024-03-22
1417,Week 12,2024-04-19
1418,Baseline,2024-06-28
1418,Week 4,2024-07-26
1418,Week 8,2024-08-23
1418,Week 12,2024-09-20
1419,Baseline,2024-03-24
1419,Week 4,2024-04-21
1419,Week 8,2024-05-19
1419,Week 12,2024-06-16
1420,Baseline,2024-02-16
1420,Week 4,2024-03-15
1420,Week 8,2024-04-12
1420,Week 12,2024-05-10
1421,Baseline,2024-05-06
1421,Week 4,2024-06-03
1421,Week 8,2024-07-01
1421,Week 12,2024-07-29
1422,Baseline,2024-04-01
1422,Week 4,2024-04-29
1422,Week 8,2024-05-27
1422,Week 12,2024-06-24
1423,Baseline,2024-01-31
1423,Week 4,2024-02-28
1423,Week 8,2024-03-27
1423,Week 12,2024-04-24
1424,Baseline,2024-03-18
1424,Week 4,2024-04-15
1424,Week 8,2024-05-13
1424,Week 12,2024-06-10
1425,Baseline,2024-02-06
1425,Week 4,2024-03-05
1425,Week 8,2024-04-02
1425,Week 12,2024-04-30
1426,Baseline,2024-01-07
1426,Week 4,2024-02-04
1426,Week 8,2024-03-03
1426,Week 12,2024-03-31
1427,Baseline,2024-05-02
1427,Week 4,2024-05-30
1427,Week 8,2024-06-27
1427,Week 12,2024-07-25
1428,Baseline,2024-02-06
1428,Week 4,2024-03-05
1428,Week 8,2024-04-02
1428,Week 12,2024-04-30
1429,Baseline,2024-03-31
1429,Week 4,2024-04-28
1429,Week 8,2024-05-26
1429,Week 12,2024-06-23
1430,Baseline,2024-05-25
1430,Week 4,2024-06-22
1430,Week 8,2024-07-20
1430,Week 12,2024-08-17
1431,Baseline,2024-01-15
1431,Week 4,2024-02-12
1431,Week 8,2024-03-11
1431,Week 12,2024-04-08
1432,Baseline,2024-01-07
1432,Week 4,2024-02-04
1432,Week 8,2024-03-03
1432,Week 12,2024-03-31
1433,Baseline,2024-03-16
1433,Week 4,2024-04-13
1433,Week 8,2024-05-11
1433,Week 12,2024-06-08
1434,Baseline,2024-03-06
1434,Week 4,2024-04-03
1434,Week 8,2024-05-01
1434,Week 12,2024-05-29
1435,Baseline,2024-06-24
1435,Week 4,2024-07-22
1435,Week 8,2024-08-19
1435,Week 12,2024-09-16
1436,Baseline,2024-06-22
1436,Week 4,2024-07-20
1436,Week 8,2024-08-17
1436,Week 12,2024-09-14
1437,Baseline,2024-05-26
1437,Week 4,2024-06-23
1437,Week 8,2024-07-21
1437,Week 12,2024-08-18
1438,Baseline,2024-05-05
1438,Week 4,2024-06-02
1438,Week 8,2024-06-30
1438,Week 12,2024-07-28
1439,Baseline,2024-02-20
1439,Week 4,2024-03-19
1439,Week 8,2024-04-16
1439,Week 12,2024-05-14
1440,Baseline,2024-01-02
1440,Week 4,2024-01-30
1440,Week 8,2024-02-27
1440,Week 12,2024-03-26
1441,Baseline,2024-02-08
1441,Week 4,2024-03-07
1441,Week 8,2024-04-04
1441,Week 12,2024-05-02
1442,Baseline,2024-03-18
1442,Week 4,2024-04-15
1442,Week 8,2024-05-13
1442,Week 12,2024-06-10
1443,Baseline,2024-05-30
1443,Week 4,2024-06-27
1443,Week 8,2024-07-25
1443,Week 12,2024-08-22
1444,Baseline,2024-06-07
1444,Week 4,2024-07-05
1444,Week 8,2024-08-02
1444,Week 12,2024-08-30
1445,Baseline,2024-01-20
1445,Week 4,2024-02-17
1445,Week 8,2024-03-16
1445,Week 12,2024-04-13
1446,Baseline,2024-04-04
1446,Week 4,2024-05-02
1446,Week 8,2024-05-30
1446,Week 12,2024-06-27
1447,Baseline,2024-06-16
1447,Week 4,2024-07-14
1447,Week 8,2024-08-11
1447,Week 12,2024-09-08
1448,Baseline,2024-02-24
1448,Week 4,2024-03-23
1448,Week 8,2024-04-20
1448,Week 12,2024-05-18
1449,Baseline,2024-06-12
1449,Week 4,2024-07-10
1449,Week 8,2024-08-07
1449,Week 12,2024-09-04
1450,Baseline,2024-02-16
1450,Week 4,2024-03-15
1450,Week 8,2024-04-12
1450,Week 12,2024-05-10
1451,Baseline,2024-02-21
1451,Week 4,2024-03-20
1451,Week 8,2024-04-17
1451,Week 12,2024-05-15
1452,Baseline,2024-06-11
1452,Week 4,2024-07-09
1452,Week 8,2024-08-06
1452,Week 12,2024-09-03
1453,Baseline,2024-04-16
1453,Week 4,2024-05-14
1453,Week 8,2024-06-11
1453,Week 12,2024-07-09
1454,Baseline,2024-02-18
1454,Week 4,2024-03-17
1454,Week 8,2024-04-14
1454,Week 12,2024-05-12
1455,Baseline,2024-01-02
1455,Week 4,2024-01-30
1455,Week 8,2024-02-27
1455,Week 12,2024-03-26
1456,Baseline,2024-06-10
1456,Week 4,2024-07-08
1456,Week 8,2024-08-05
1456,Week 12,2024-09-02
1457,Baseline,2024-01-17
1457,Week 4,2024-02-14
1457,Week 8,2024-03-13
1457,Week 12,2024-04-10
1458,Baseline,2024-05-18
1458,Week 4,2024-06-15
1458,Week 8,2024-07-13
1458,Week 12,2024-08-10
1459,Baseline,2024-03-31
1459,Week 4,2024-04-28
1459,Week 8,2024-05-26
1459,Week 12,2024-06-23
1460,Baseline,2024-04-14
1460,Week 4,2024-05-12
1460,Week 8,2024-06-09
1460,Week 12,2024-07-07
1461,Baseline,2024-05-28
1461,Week 4,2024-06-25
1461,Week 8,2024-07-23
1461,Week 12,2024-08-20
1462,Baseline,2024-01-19
1462,Week 4,2024-02-16
1462,Week 8,2024-03-15
1462,Week 12,2024-04-12
1463,Baseline,2024-04-12
1463,Week 4,2024-05-10
1463,Week 8,2024-06-07
1463,Week 12,2024-07-05
1464,Baseline,2024-03-10
1464,Week 4,2024-04-07
1464,Week 8,2024-05-05
1464,Week 12,2024-06-02
1465,Baseline,2024-04-09
1465,Week 4,2024-05-07
1465,Week 8,2024-06-04
1465,Week 12,2024-07-02
1466,Baseline,2024-04-18
1466,Week 4,2024-05-16
1466,Week 8,2024-06-13
1466,Week 12,2024-07-11
1467,Baseline,2024-04-13
1467,Week 4,2024-05-11
1467,Week 8,2024-06-08
1467,Week 12,2024-07-06
1468,Baseline,2024-01-06
1468,Week 4,2024-02-03
1468,Week 8,2024-03-02
1468,Week 12,2024-03-30
1469,Baseline,2024-04-16
1469,Week 4,2024-05-14
1469,Week 8,2024-06-11
1469,Week 12,2024-07-09
1470,Baseline,2024-04-16
1470,Week 4,2024-05-14
1470,Week 8,2024-06-11
1470,Week 12,2024-07-09
1471,Baseline,2024-02-23
1471,Week 4,2024-03-22
1471,Week 8,2024-04-19
1471,Week 12,2024-05-17
1472,Baseline,2024-01-15
1472,Week 4,2024-02-12
1472,Week 8,2024-03-11
1472,Week 12,2024-04-08
1473,Baseline,2024-02-09
1473,Week 4,2024-03-08
1473,Week 8,2024-04-05
1473,Week 12,2024-05-03
1474,Baseline,2024-03-14
1474,Week 4,2024-04-11
1474,Week 8,2024-05-09
1474,Week 12,2024-06-06
1475,Baseline,2024-02-24
1475,Week 4,2024-03-23
1475,Week 8,2024-04-20
1475,Week 12,2024-05-18
1476,Baseline,2024-04-20
1476,Week 4,2024-05-18
1476,Week 8,2024-06-15
1476,Week 12,2024-07-13
1477,Baseline,2024-05-19
1477,Week 4,2024-06-16
1477,Week 8,2024-07-14
1477,Week 12,2024-08-11
1478,Baseline,2024-02-22
1478,Week 4,2024-03-21
1478,Week 8,2024-04-18
1478,Week 12,2024-05-16
1479,Baseline,2024-06-12
1479,Week 4,2024-07-10
1479,Week 8,2024-08-07
1479,Week 12,2024-09-04
1480,Baseline,2024-03-20
1480,Week 4,2024-04-17
1480,Week 8,2024-05-15
1480,Week 12,2024-06-12
1481,Baseline,2024-01-12
1481,Week 4,2024-02-09
1481,Week 8,2024-03-08
1481,Week 12,2024-04-05
1482,Baseline,2024-02-23
1482,Week 4,2024-03-22
1482,Week 8,2024-04-19
1482,Week 12,2024-05-17
1483,Baseline,2024-05-17
1483,Week 4,2024-06-14
1483,Week 8,2024-07-12
1483,Week 12,2024-08-09
1484,Baseline,2024-04-14
1484,Week 4,2024-05-12
1484,Week 8,2024-06-09
1484,Week 12,2024-07-07
1485,Baseline,2024-05-24
1485,Week 4,2024-06-21
1485,Week 8,2024-07-19
1485,Week 12,2024-08-16
1486,Baseline,2024-02-26
1486,Week 4,2024-03-25
1486,Week 8,2024-04-22
1486,Week 12,2024-05-20
1487,Baseline,2024-05-16
1487,Week 4,2024-06-13
1487,Week 8,2024-07-11
1487,Week 12,2024-08-08
1488,Baseline,2024-04-28
1488,Week 4,2024-05-26
1488,Week 8,2024-06-23
1488,Week 12,2024-07-21
1489,Baseline,2024-01-09
1489,Week 4,2024-02-06
1489,Week 8,2024-03-05
1489,Week 12,2024-04-02
1490,Baseline,2024-06-14
1490,Week 4,2024-07-12
1490,Week 8,2024-08-09
1490,Week 12,2024-09-06
1491,Baseline,2024-03-04
1491,Week 4,2024-04-01
1491,Week 8,2024-04-29
1491,Week 12,2024-05-27
1492,Baseline,2024-06-25
1492,Week 4,2024-07-23
1492,Week 8,2024-08-20
1492,Week 12,2024-09-17
1493,Baseline,2024-05-01
1493,Week 4,2024-05-29
1493,Week 8,2024-06-26
1493,Week 12,2024-07-24
1494,Baseline,2024-04-06
1494,Week 4,2024-05-04
1494,Week 8,2024-06-01
1494,Week 12,2024-06-29
1495,Baseline,2024-04-22
1495,Week 4,2024-05-20
1495,Week 8,2024-06-17
1495,Week 12,2024-07-15
1496,Baseline,2024-03-20
1496,Week 4,2024-04-17
1496,Week 8,2024-05-15
1496,Week 12,2024-06-12
1497,Baseline,2024-06-25
1497,Week 4,2024-07-23
1497,Week 8,2024-08-20
1497,Week 12,2024-09-17
1498,Baseline,2024-06-10
1498,Week 4,2024-07-08
1498,Week 8,2024-08-05
1498,Week 12,2024-09-02
1499,Baseline,2024-04-05
1499,Week 4,2024-05-03
1499,Week 8,2024-05-31
1499,Week 12,2024-06-28
1500,Baseline,2024-02-09
1500,Week 4,2024-03-08
1500,Week 8,2024-04-05
1500,Week 12,2024-05-03
1501,Baseline,2024-02-05
1501,Week 4,2024-03-04
1501,Week 8,2024-04-01
1501,Week 12,2024-04-29
1502,Baseline,2024-02-14
1502,Week 4,2024-03-13
1502,Week 8,2024-04-10
1502,Week 12,2024-05-08
1503,Baseline,2024-02-07
1503,Week 4,2024-03-06
1503,Week 8,2024-04-03
1503,Week 12,2024-05-01
1504,Baseline,2024-01-26
1504,Week 4,2024-02-23
1504,Week 8,2024-03-22
1504,Week 12,2024-04-19
1505,Baseline,2024-04-26
1505,Week 4,2024-05-24
1505,Week 8,2024-06-21
1505,Week 12,2024-07-19
1506,Baseline,2024-02-09
1506,Week 4,2024-03-08
1506,Week 8,2024-04-05
1506,Week 12,2024-05-03
1507,Baseline,2024-02-20
1507,Week 4,2024-03-19
1507,Week 8,2024-04-16
1507,Week 12,2024-05-14
1508,Baseline,2024-03-01
1508,Week 4,2024-03-29
1508,Week 8,2024-04-26
1508,Week 12,2024-05-24
1509,Baseline,2024-05-12
1509,Week 4,2024-06-09
1509,Week 8,2024-07-07
1509,Week 12,2024-08-04
1510,Baseline,2024-04-30
1510,Week 4,2024-05-28
1510,Week 8,2024-06-25
1510,Week 12,2024-07-23
1511,Baseline,2024-03-28
1511,Week 4,2024-04-25
1511,Week 8,2024-05-23
1511,Week 12,2024-06-20
1512,Baseline,2024-05-19
1512,Week 4,2024-06-16
1512,Week 8,2024-07-14
1512,Week 12,2024-08-11
1513,Baseline,2024-06-22
1513,Week 4,2024-07-20
1513,Week 8,2024-08-17
1513,Week 12,2024-09-14
1514,Baseline,2024-03-21
1514,Week 4,2024-04-18
1514,Week 8,2024-05-16
1514,Week 12,2024-06-13
1515,Baseline,2024-02-17
1515,Week 4,2024-03-16
1515,Week 8,2024-04-13
1515,Week 12,2024-05-11
1516,Baseline,2024-03-25
1516,Week 4,2024-04-22
1516,Week 8,2024-05-20
1516,Week 12,2024-06-17
1517,Baseline,2024-01-05
1517,Week 4,2024-02-02
1517,Week 8,2024-03-01
1517,Week 12,2024-03-29
1518,Baseline,2024-06-06
1518,Week 4,2024-07-04
1518,Week 8,2024-08-01
1518,Week 12,2024-08-29
1519,Baseline,2024-05-26
1519,Week 4,2024-06-23
1519,Week 8,2024-07-21
1519,Week 12,2024-08-18
1520,Baseline,2024-01-19
1520,Week 4,2024-02-16
1520,Week 8,2024-03-15
1520,Week 12,2024-04-12
1521,Baseline,2024-05-18
1521,Week 4,2024-06-15
1521,Week 8,2024-07-13
1521,Week 12,2024-08-10
1522,Baseline,2024-05-21
1522,Week 4,2024-06-18
1522,Week 8,2024-07-16
1522,Week 12,2024-08-13
1523,Baseline,2024-05-24
1523,Week 4,2024-06-21
1523,Week 8,2024-07-19
1523,Week 12,2024-08-16
1524,Baseline,2024-06-11
1524,Week 4,2024-07-09
1524,Week 8,2024-08-06
1524,Week 12,2024-09-03
1525,Baseline,2024-02-20
1525,Week 4,2024-03-19
1525,Week 8,2024-04-16
1525,Week 12,2024-05-14
1526,Baseline,2024-01-24
1526,Week 4,2024-02-21
1526,Week 8,2024-03-20
1526,Week 12,2024-04-17
1527,Baseline,2024-04-28
1527,Week 4,2024-05-26
1527,Week 8,2024-06-23
1527,Week 12,2024-07-21
1528,Baseline,2024-03-27
1528,Week 4,2024-04-24
1528,Week 8,2024-05-22
1528,Week 12,2024-06-19
1529,Baseline,2024-05-11
1529,Week 4,2024-06-08
1529,Week 8,2024-07-06
1529,Week 12,2024-08-03
1530,Baseline,2024-01-31
1530,Week 4,2024-02-28
1530,Week 8,2024-03-27
1530,Week 12,2024-04-24
1531,Baseline,2024-05-28
1531,Week 4,2024-06-25
1531,Week 8,2024-07-23
1531,Week 12,2024-08-20
1532,Baseline,2024-04-10
1532,Week 4,2024-05-08
1532,Week 8,2024-06-05
1532,Week 12,2024-07-03
1533,Baseline,2024-04-05
1533,Week 4,2024-05-03
1533,Week 8,2024-05-31
1533,Week 12,2024-06-28
1534,Baseline,2024-06-21
1534,Week 4,2024-07-19
1534,Week 8,2024-08-16
1534,Week 12,2024-09-13
1535,Baseline,2024-05-27
1535,Week 4,2024-06-24
1535,Week 8,2024-07-22
1535,Week 12,2024-08-19
1536,Baseline,2024-06-09
1536,Week 4,2024-07-07
1536,Week 8,2024-08-04
1536,Week 12,2024-09-01
1537,Baseline,2024-05-03
1537,Week 4,2024-05-31
1537,Week 8,2024-06-28
1537,Week 12,2024-07-26
1538,Baseline,2024-04-18
1538,Week 4,2024-05-16
1538,Week 8,2024-06-13
1538,Week 12,2024-07-11
1539,Baseline,2024-01-09
1539,Week 4,2024-02-06
1539,Week 8,2024-03-05
1539,Week 12,2024-04-02
1540,Baseline,2024-03-19
1540,Week 4,2024-04-16
1540,Week 8,2024-05-14
1540,Week 12,2024-06-11
1541,Baseline,2024-05-03
1541,Week 4,2024-05-31
1541,Week 8,2024-06-28
1541,Week 12,2024-07-26
1542,Baseline,2024-05-22
1542,Week 4,2024-06-19
1542,Week 8,2024-07-17
1542,Week 12,2024-08-14
1543,Baseline,2024-04-18
1543,Week 4,2024-05-16
1543,Week 8,2024-06-13
1543,Week 12,2024-07-11
1544,Baseline,2024-01-08
1544,Week 4,2024-02-05
1544,Week 8,2024-03-04
1544,Week 12,2024-04-01
1545,Baseline,2024-02-25
1545,Week 4,2024-03-24
1545,Week 8,2024-04-21
1545,Week 12,2024-05-19
1546,Baseline,2024-03-22
1546,Week 4,2024-04-19
1546,Week 8,2024-05-17
1546,Week 12,2024-06-14
1547,Baseline,2024-05-28
1547,Week 4,2024-06-25
1547,Week 8,2024-07-23
1547,Week 12,2024-08-20
1548,Baseline,2024-05-11
1548,Week 4,2024-06-08
1548,Week 8,2024-07-06
1548,Week 12,2024-08-03
1549,Baseline,2024-03-16
1549,Week 4,2024-04-13
1549,Week 8,2024-05-11
1549,Week 12,2024-06-08
1550,Baseline,2024-01-13
1550,Week 4,2024-02-10
1550,Week 8,2024-03-09
1550,Week 12,2024-04-06
1551,Baseline,2024-06-12
1551,Week 4,2024-07-10
1551,Week 8,2024-08-07
1551,Week 12,2024-09-04
1552,Baseline,2024-06-20
1552,Week 4,2024-07-18
1552,Week 8,2024-08-15
1552,Week 12,2024-09-12
1553,Baseline,2024-03-04
1553,Week 4,2024-04-01
1553,Week 8,2024-04-29
1553,Week 12,2024-05-27
1554,Baseline,2024-06-06
1554,Week 4,2024-07-04
1554,Week 8,2024-08-01
1554,Week 12,2024-08-29
1555,Baseline,2024-02-10
1555,Week 4,2024-03-09
1555,Week 8,2024-04-06
1555,Week 12,2024-05-04
1556,Baseline,2024-03-16
1556,Week 4,2024-04-13
1556,Week 8,2024-05-11
1556,Week 12,2024-06-08
1557,Baseline,2024-05-07
1557,Week 4,2024-06-04
1557,Week 8,2024-07-02
1557,Week 12,2024-07-30
1558,Baseline,2024-03-28
1558,Week 4,2024-04-25
1558,Week 8,2024-05-23
1558,Week 12,2024-06-20
1559,Baseline,2024-03-16
1559,Week 4,2024-04-13
1559,Week 8,2024-05-11
1559,Week 12,2024-06-08
1560,Baseline,2024-04-05
1560,Week 4,2024-05-03
1560,Week 8,2024-05-31
1560,Week 12,2024-06-28
1561,Baseline,2024-01-29
1561,Week 4,2024-02-26
1561,Week 8,2024-03-25
1561,Week 12,2024-04-22
1562,Baseline,2024-01-21
1562,Week 4,2024-02-18
1562,Week 8,2024-03-17
1562,Week 12,2024-04-14
1563,Baseline,2024-05-07
1563,Week 4,2024-06-04
1563,Week 8,2024-07-02
1563,Week 12,2024-07-30
1564,Baseline,2024-04-17
1564,Week 4,2024-05-15
1564,Week 8,2024-06-12
1564,Week 12,2024-07-10
1565,Baseline,2024-06-20
1565,Week 4,2024-07-18
1565,Week 8,2024-08-15
1565,Week 12,2024-09-12
1566,Baseline,2024-05-28
1566,Week 4,2024-06-25
1566,Week 8,2024-07-23
1566,Week 12,2024-08-20
1567,Baseline,2024-05-17
1567,Week 4,2024-06-14
1567,Week 8,2024-07-12
1567,Week 12,2024-08-09
1568,Baseline,2024-03-03
1568,Week 4,2024-03-31
1568,Week 8,2024-04-28
1568,Week 12,2024-05-26
1569,Baseline,2024-05-30
1569,Week 4,2024-06-27
1569,Week 8,2024-07-25
1569,Week 12,2024-08-22
1570,Baseline,2024-01-11
1570,Week 4,2024-02-08
1570,Week 8,2024-03-07
1570,Week 12,2024-04-04
1571,Baseline,2024-01-05
1571,Week 4,2024-02-02
1571,Week 8,2024-03-01
1571,Week 12,2024-03-29
1572,Baseline,2024-01-20
1572,Week 4,2024-02-17
1572,Week 8,2024-03-16
1572,Week 12,2024-04-13
1573,Baseline,2024-03-29
1573,Week 4,2024-04-26
1573,Week 8,2024-05-24
1573,Week 12,2024-06-21
1574,Baseline,2024-06-01
1574,Week 4,2024-06-29
1574,Week 8,2024-07-27
1574,Week 12,2024-08-24
1575,Baseline,2024-04-22
1575,Week 4,2024-05-20
1575,Week 8,2024-06-17
1575,Week 12,2024-07-15
1576,Baseline,2024-01-10
1576,Week 4,2024-02-07
1576,Week 8,2024-03-06
1576,Week 12,2024-04-03
1577,Baseline,2024-05-21
1577,Week 4,2024-06-18
1577,Week 8,2024-07-16
1577,Week 12,2024-08-13
1578,Baseline,2024-05-06
1578,Week 4,2024-06-03
1578,Week 8,2024-07-01
1578,Week 12,2024-07-29
1579,Baseline,2024-03-23
1579,Week 4,2024-04-20
1579,Week 8,2024-05-18
1579,Week 12,2024-06-15
1580,Baseline,2024-02-06
1580,Week 4,2024-03-05
1580,Week 8,2024-04-02
1580,Week 12,2024-04-30
1581,Baseline,2024-01-22
1581,Week 4,2024-02-19
1581,Week 8,2024-03-18
1581,Week 12,2024-04-15
1582,Baseline,2024-05-20
1582,Week 4,2024-06-17
1582,Week 8,2024-07-15
1582,Week 12,2024-08-12
1583,Baseline,2024-04-16
1583,Week 4,2024-05-14
1583,Week 8,2024-06-11
1583,Week 12,2024-07-09
1584,Baseline,2024-02-27
1584,Week 4,2024-03-26
1584,Week 8,2024-04-23
1584,Week 12,2024-05-21
1585,Baseline,2024-01-19
1585,Week 4,2024-02-16
1585,Week 8,2024-03-15
1585,Week 12,2024-04-12
1586,Baseline,2024-04-06
1586,Week 4,2024-05-04
1586,Week 8,2024-06-01
1586,Week 12,2024-06-29
1587,Baseline,2024-04-02
1587,Week 4,2024-04-30
1587,Week 8,2024-05-28
1587,Week 12,2024-06-25
1588,Baseline,2024-05-26
1588,Week 4,2024-06-23
1588,Week 8,2024-07-21
1588,Week 12,2024-08-18
1589,Baseline,2024-01-21
1589,Week 4,2024-02-18
1589,Week 8,2024-03-17
1589,Week 12,2024-04-14
1590,Baseline,2024-02-09
1590,Week 4,2024-03-08
1590,Week 8,2024-04-05
1590,Week 12,2024-05-03
1591,Baseline,2024-05-01
1591,Week 4,2024-05-29
1591,Week 8,2024-06-26
1591,Week 12,2024-07-24
1592,Baseline,2024-02-22
1592,Week 4,2024-03-21
1592,Week 8,2024-04-18
1592,Week 12,2024-05-16
1593,Baseline,2024-06-18
1593,Week 4,2024-07-16
1593,Week 8,2024-08-13
1593,Week 12,2024-09-10
1594,Baseline,2024-04-23
1594,Week 4,2024-05-21
1594,Week 8,2024-06-18
1594,Week 12,2024-07-16
1595,Baseline,2024-03-09
1595,Week 4,2024-04-06
1595,Week 8,2024-05-04
1595,Week 12,2024-06-01
1596,Baseline,2024-06-04
1596,Week 4,2024-07-02
1596,Week 8,2024-07-30
1596,Week 12,2024-08-27
1597,Baseline,2024-05-07
1597,Week 4,2024-06-04
1597,Week 8,2024-07-02
1597,Week 12,2024-07-30
1598,Baseline,2024-03-14
1598,Week 4,2024-04-11
1598,Week 8,2024-05-09
1598,Week 12,2024-06-06
1599,Baseline,2024-06-05
1599,Week 4,2024-07-03
1599,Week 8,2024-07-31
1599,Week 12,2024-08-28
1600,Baseline,2024-05-28
1600,Week 4,2024-06-25
1600,Week 8,2024-07-23
1600,Week 12,2024-08-20
1601,Baseline,2024-01-23
1601,Week 4,2024-02-20
1601,Week 8,2024-03-19
1601,Week 12,2024-04-16
1602,Baseline,2024-06-27
1602,Week 4,2024-07-25
1602,Week 8,2024-08-22
1602,Week 12,2024-09-19
1603,Baseline,2024-04-24
1603,Week 4,2024-05-22
1603,Week 8,2024-06-19
1603,Week 12,2024-07-17
1604,Baseline,2024-05-29
1604,Week 4,2024-06-26
1604,Week 8,2024-07-24
1604,Week 12,2024-08-21
1605,Baseline,2024-02-27
1605,Week 4,2024-03-26
1605,Week 8,2024-04-23
1605,Week 12,2024-05-21
1606,Baseline,2024-05-11
1606,Week 4,2024-06-08
1606,Week 8,2024-07-06
1606,Week 12,2024-08-03
1607,Baseline,2024-03-13
1607,Week 4,2024-04-10
1607,Week 8,2024-05-08
1607,Week 12,2024-06-05
1608,Baseline,2024-01-06
1608,Week 4,2024-02-03
1608,Week 8,2024-03-02
1608,Week 12,2024-03-30
1609,Baseline,2024-03-03
1609,Week 4,2024-03-31
1609,Week 8,2024-04-28
1609,Week 12,2024-05-26
1610,Baseline,2024-05-04
1610,Week 4,2024-06-01
1610,Week 8,2024-06-29
1610,Week 12,2024-07-27
1611,Baseline,2024-04-26
1611,Week 4,2024-05-24
1611,Week 8,2024-06-21
1611,Week 12,2024-07-19
1612,Baseline,2024-02-18
1612,Week 4,2024-03-17
1612,Week 8,2024-04-14
1612,Week 12,2024-05-12
1613,Baseline,2024-06-18
1613,Week 4,2024-07-16
1613,Week 8,2024-08-13
1613,Week 12,2024-09-10
1614,Baseline,2024-05-27
1614,Week 4,2024-06-24
1614,Week 8,2024-07-22
1614,Week 12,2024-08-19
1615,Baseline,2024-03-27
1615,Week 4,2024-04-24
1615,Week 8,2024-05-22
1615,Week 12,2024-06-19
1616,Baseline,2024-04-12
1616,Week 4,2024-05-10
1616,Week 8,2024-06-07
1616,Week 12,2024-07-05
1617,Baseline,2024-01-01
1617,Week 4,2024-01-29
1617,Week 8,2024-02-26
1617,Week 12,2024-03-25
1618,Baseline,2024-01-11
1618,Week 4,2024-02-08
1618,Week 8,2024-03-07
1618,Week 12,2024-04-04
1619,Baseline,2024-06-22
1619,Week 4,2024-07-20
1619,Week 8,2024-08-17
1619,Week 12,2024-09-14
1620,Baseline,2024-03-07
1620,Week 4,2024-04-04
1620,Week 8,2024-05-02
1620,Week 12,2024-05-30
1621,Baseline,2024-06-08
1621,Week 4,2024-07-06
1621,Week 8,2024-08-03
1621,Week 12,2024-08-31
1622,Baseline,2024-04-23
1622,Week 4,2024-05-21
1622,Week 8,2024-06-18
1622,Week 12,2024-07-16
1623,Baseline,2024-06-08
1623,Week 4,2024-07-06
1623,Week 8,2024-08-03
1623,Week 12,2024-08-31
1624,Baseline,2024-03-14
1624,Week 4,2024-04-11
1624,Week 8,2024-05-09
1624,Week 12,2024-06-06
1625,Baseline,2024-01-12
1625,Week 4,2024-02-09
1625,Week 8,2024-03-08
1625,Week 12,2024-04-05
1626,Baseline,2024-01-04
1626,Week 4,2024-02-01
1626,Week 8,2024-02-29
1626,Week 12,2024-03-28
1627,Baseline,2024-02-23
1627,Week 4,2024-03-22
1627,Week 8,2024-04-19
1627,Week 12,2024-05-17
1628,Baseline,2024-02-13
1628,Week 4,2024-03-12
1628,Week 8,2024-04-09
1628,Week 12,2024-05-07
1629,Baseline,2024-05-30
1629,Week 4,2024-06-27
1629,Week 8,2024-07-25
1629,Week 12,2024-08-22
1630,Baseline,2024-04-22
1630,Week 4,2024-05-20
1630,Week 8,2024-06-17
1630,Week 12,2024-07-15
1631,Baseline,2024-01-05
1631,Week 4,2024-02-02
1631,Week 8,2024-03-01
1631,Week 12,2024-03-29
1632,Baseline,2024-04-25
1632,Week 4,2024-05-23
1632,Week 8,2024-06-20
1632,Week 12,2024-07-18
1633,Baseline,2024-01-03
1633,Week 4,2024-01-31
1633,Week 8,2024-02-28
1633,Week 12,2024-03-27
1634,Baseline,2024-05-02
1634,Week 4,2024-05-30
1634,Week 8,2024-06-27
1634,Week 12,2024-07-25
1635,Baseline,2024-03-23
1635,Week 4,2024-04-20
1635,Week 8,2024-05-18
1635,Week 12,2024-06-15
1636,Baseline,2024-06-12
1636,Week 4,2024-07-10
1636,Week 8,2024-08-07
1636,Week 12,2024-09-04
1637,Baseline,2024-06-05
1637,Week 4,2024-07-03
1637,Week 8,2024-07-31
1637,Week 12,2024-08-28
1638,Baseline,2024-04-17
1638,Week 4,2024-05-15
1638,Week 8,2024-06-12
1638,Week 12,2024-07-10
1639,Baseline,2024-04-21
1639,Week 4,2024-05-19
1639,Week 8,2024-06-16
1639,Week 12,2024-07-14
1640,Baseline,2024-05-10
1640,Week 4,2024-06-07
1640,Week 8,2024-07-05
1640,Week 12,2024-08-02
1641,Baseline,2024-03-11
1641,Week 4,2024-04-08
1641,Week 8,2024-05-06
1641,Week 12,2024-06-03
1642,Baseline,2024-02-24
1642,Week 4,2024-03-23
1642,Week 8,2024-04-20
1642,Week 12,2024-05-18
1643,Baseline,2024-05-31
1643,Week 4,2024-06-28
1643,Week 8,2024-07-26
1643,Week 12,2024-08-23
1644,Baseline,2024-06-04
1644,Week 4,2024-07-02
1644,Week 8,2024-07-30
1644,Week 12,2024-08-27
1645,Baseline,2024-06-08
1645,Week 4,2024-07-06
1645,Week 8,2024-08-03
1645,Week 12,2024-08-31
1646,Baseline,2024-04-28
1646,Week 4,2024-05-26
1646,Week 8,2024-06-23
1646,Week 12,2024-07-21
1647,Baseline,2024-03-01
1647,Week 4,2024-03-29
1647,Week 8,2024-04-26
1647,Week 12,2024-05-24
1648,Baseline,2024-03-10
1648,Week 4,2024-04-07
1648,Week 8,2024-05-05
1648,Week 12,2024-06-02
1649,Baseline,2024-06-04
1649,Week 4,2024-07-02
1649,Week 8,2024-07-30
1649,Week 12,2024-08-27
1650,Baseline,2024-01-08
1650,Week 4,2024-02-05
1650,Week 8,2024-03-04
1650,Week 12,2024-04-01
1651,Baseline,2024-06-25
1651,Week 4,2024-07-23
1651,Week 8,2024-08-20
1651,Week 12,2024-09-17
1652,Baseline,2024-02-11
1652,Week 4,2024-03-10
1652,Week 8,2024-04-07
1652,Week 12,2024-05-05
1653,Baseline,2024-05-27
1653,Week 4,2024-06-24
1653,Week 8,2024-07-22
1653,Week 12,2024-08-19
1654,Baseline,2024-01-27
1654,Week 4,2024-02-24
1654,Week 8,2024-03-23
1654,Week 12,2024-04-20
1655,Baseline,2024-06-19
1655,Week 4,2024-07-17
1655,Week 8,2024-08-14
1655,Week 12,2024-09-11
1656,Baseline,2024-01-17
1656,Week 4,2024-02-14
1656,Week 8,2024-03-13
1656,Week 12,2024-04-10
1657,Baseline,2024-04-10
1657,Week 4,2024-05-08
1657,Week 8,2024-06-05
1657,Week 12,2024-07-03
1658,Baseline,2024-04-02
1658,Week 4,2024-04-30
1658,Week 8,2024-05-28
1658,Week 12,2024-06-25
1659,Baseline,2024-05-11
1659,Week 4,2024-06-08
1659,Week 8,2024-07-06
1659,Week 12,2024-08-03
1660,Baseline,2024-01-17
1660,Week 4,2024-02-14
1660,Week 8,2024-03-13
1660,Week 12,2024-04-10
1661,Baseline,2024-06-12
1661,Week 4,2024-07-10
1661,Week 8,2024-08-07
1661,Week 12,2024-09-04
1662,Baseline,2024-04-05
1662,Week 4,2024-05-03
1662,Week 8,2024-05-31
1662,Week 12,2024-06-28
1663,Baseline,2024-05-19
1663,Week 4,2024-06-16
1663,Week 8,2024-07-14
1663,Week 12,2024-08-11
1664,Baseline,2024-05-26
1664,Week 4,2024-06-23
1664,Week 8,2024-07-21
1664,Week 12,2024-08-18
1665,Baseline,2024-02-20
1665,Week 4,2024-03-19
1665,Week 8,2024-04-16
1665,Week 12,2024-05-14
1666,Baseline,2024-03-06
1666,Week 4,2024-04-03
1666,Week 8,2024-05-01
1666,Week 12,2024-05-29
1667,Baseline,2024-05-18
1667,Week 4,2024-06-15
1667,Week 8,2024-07-13
1667,Week 12,2024-08-10
1668,Baseline,2024-06-02
1668,Week 4,2024-06-30
1668,Week 8,2024-07-28
1668,Week 12,2024-08-25
1669,Baseline,2024-03-11
1669,Week 4,2024-04-08
1669,Week 8,2024-05-06
1669,Week 12,2024-06-03
1670,Baseline,2024-04-17
1670,Week 4,2024-05-15
1670,Week 8,2024-06-12
1670,Week 12,2024-07-10
1671,Baseline,2024-05-13
1671,Week 4,2024-06-10
1671,Week 8,2024-07-08
1671,Week 12,2024-08-05
1672,Baseline,2024-06-22
1672,Week 4,2024-07-20
1672,Week 8,2024-08-17
1672,Week 12,2024-09-14
1673,Baseline,2024-01-22
1673,Week 4,2024-02-19
1673,Week 8,2024-03-18
1673,Week 12,2024-04-15
1674,Baseline,2024-03-11
1674,Week 4,2024-04-08
1674,Week 8,2024-05-06
1674,Week 12,2024-06-03
1675,Baseline,2024-01-06
1675,Week 4,2024-02-03
1675,Week 8,2024-03-02
1675,Week 12,2024-03-30
1676,Baseline,2024-04-17
1676,Week 4,2024-05-15
1676,Week 8,2024-06-12
1676,Week 12,2024-07-10
1677,Baseline,2024-02-24
1677,Week 4,2024-03-23
1677,Week 8,2024-04-20
1677,Week 12,2024-05-18
1678,Baseline,2024-05-19
1678,Week 4,2024-06-16
1678,Week 8,2024-07-14
1678,Week 12,2024-08-11
1679,Baseline,2024-04-29
1679,Week 4,2024-05-27
1679,Week 8,2024-06-24
1679,Week 12,2024-07-22
1680,Baseline,2024-06-12
1680,Week 4,2024-07-10
1680,Week 8,2024-08-07
1680,Week 12,2024-09-04
1681,Baseline,2024-04-18
1681,Week 4,2024-05-16
1681,Week 8,2024-06-13
1681,Week 12,2024-07-11
1682,Baseline,2024-05-22
1682,Week 4,2024-06-19
1682,Week 8,2024-07-17
1682,Week 12,2024-08-14
1683,Baseline,2024-05-02
1683,Week 4,2024-05-30
1683,Week 8,2024-06-27
1683,Week 12,2024-07-25
1684,Baseline,2024-04-16
1684,Week 4,2024-05-14
1684,Week 8,2024-06-11
1684,Week 12,2024-07-09
1685,Baseline,2024-04-16
1685,Week 4,2024-05-14
1685,Week 8,2024-06-11
1685,Week 12,2024-07-09
1686,Baseline,2024-04-23
1686,Week 4,2024-05-21
1686,Week 8,2024-06-18
1686,Week 12,2024-07-16
1687,Baseline,2024-02-24
1687,Week 4,2024-03-23
1687,Week 8,2024-04-20
1687,Week 12,2024-05-18
1688,Baseline,2024-03-01
1688,Week 4,2024-03-29
1688,Week 8,2024-04-26
1688,Week 12,2024-05-24
1689,Baseline,2024-02-19
1689,Week 4,2024-03-18
1689,Week 8,2024-04-15
1689,Week 12,2024-05-13
1690,Baseline,2024-03-22
1690,Week 4,2024-04-19
1690,Week 8,2024-05-17
1690,Week 12,2024-06-14
1691,Baseline,2024-01-28
1691,Week 4,2024-02-25
1691,Week 8,2024-03-24
1691,Week 12,2024-04-21
1692,Baseline,2024-03-03
1692,Week 4,2024-03-31
1692,Week 8,2024-04-28
1692,Week 12,2024-05-26
1693,Baseline,2024-01-27
1693,Week 4,2024-02-24
1693,Week 8,2024-03-23
1693,Week 12,2024-04-20
1694,Baseline,2024-03-04
1694,Week 4,2024-04-01
1694,Week 8,2024-04-29
1694,Week 12,2024-05-27
1695,Baseline,2024-06-03
1695,Week 4,2024-07-01
1695,Week 8,2024-07-29
1695,Week 12,2024-08-26
1696,Baseline,2024-05-29
1696,Week 4,2024-06-26
1696,Week 8,2024-07-24
1696,Week 12,2024-08-21
1697,Baseline,2024-03-21
1697,Week 4,2024-04-18
1697,Week 8,2024-05-16
1697,Week 12,2024-06-13
1698,Baseline,2024-03-15
1698,Week 4,2024-04-12
1698,Week 8,2024-05-10
1698,Week 12,2024-06-07
1699,Baseline,2024-06-06
1699,Week 4,2024-07-04
1699,Week 8,2024-08-01
1699,Week 12,2024-08-29
1700,Baseline,2024-01-01
1700,Week 4,2024-01-29
1700,Week 8,2024-02-26
1700,Week 12,2024-03-25
1701,Baseline,2024-05-08
1701,Week 4,2024-06-05
1701,Week 8,2024-07-03
1701,Week 12,2024-07-31
1702,Baseline,2024-04-10
1702,Week 4,2024-05-08
1702,Week 8,2024-06-05
1702,Week 12,2024-07-03
1703,Baseline,2024-02-25
1703,Week 4,2024-03-24
1703,Week 8,2024-04-21
1703,Week 12,2024-05-19
1704,Baseline,2024-05-09
1704,Week 4,2024-06-06
1704,Week 8,2024-07-04
1704,Week 12,2024-08-01
1705,Baseline,2024-05-11
1705,Week 4,2024-06-08
1705,Week 8,2024-07-06
1705,Week 12,2024-08-03
1706,Baseline,2024-03-12
1706,Week 4,2024-04-09
1706,Week 8,2024-05-07
1706,Week 12,2024-06-04
1707,Baseline,2024-05-27
1707,Week 4,2024-06-24
1707,Week 8,2024-07-22
1707,Week 12,2024-08-19
1708,Baseline,2024-06-12
1708,Week 4,2024-07-10
1708,Week 8,2024-08-07
1708,Week 12,2024-09-04
1709,Baseline,2024-06-14
1709,Week 4,2024-07-12
1709,Week 8,2024-08-09
1709,Week 12,2024-09-06
1710,Baseline,2024-06-24
1710,Week 4,2024-07-22
1710,Week 8,2024-08-19
1710,Week 12,2024-09-16
1711,Baseline,2024-02-17
1711,Week 4,2024-03-16
1711,Week 8,2024-04-13
1711,Week 12,2024-05-11
1712,Baseline,2024-01-20
1712,Week 4,2024-02-17
1712,Week 8,2024-03-16
1712,Week 12,2024-04-13
1713,Baseline,2024-06-10
1713,Week 4,2024-07-08
1713,Week 8,2024-08-05
1713,Week 12,2024-09-02
1714,Baseline,2024-06-06
1714,Week 4,2024-07-04
1714,Week 8,2024-08-01
1714,Week 12,2024-08-29
1715,Baseline,2024-02-01
1715,Week 4,2024-02-29
1715,Week 8,2024-03-28
1715,Week 12,2024-04-25
1716,Baseline,2024-03-01
1716,Week 4,2024-03-29
1716,Week 8,2024-04-26
1716,Week 12,2024-05-24
1717,Baseline,2024-05-15
1717,Week 4,2024-06-12
1717,Week 8,2024-07-10
1717,Week 12,2024-08-07
1718,Baseline,2024-04-23
1718,Week 4,2024-05-21
1718,Week 8,2024-06-18
1718,Week 12,2024-07-16
1719,Baseline,2024-04-02
1719,Week 4,2024-04-30
1719,Week 8,2024-05-28
1719,Week 12,2024-06-25
1720,Baseline,2024-02-13
1720,Week 4,2024-03-12
1720,Week 8,2024-04-09
1720,Week 12,2024-05-07
1721,Baseline,2024-04-07
1721,Week 4,2024-05-05
1721,Week 8,2024-06-02
1721,Week 12,2024-06-30
1722,Baseline,2024-05-08
1722,Week 4,2024-06-05
1722,Week 8,2024-07-03
1722,Week 12,2024-07-31
1723,Baseline,2024-03-09
1723,Week 4,2024-04-06
1723,Week 8,2024-05-04
1723,Week 12,2024-06-01
1724,Baseline,2024-02-13
1724,Week 4,2024-03-12
1724,Week 8,2024-04-09
1724,Week 12,2024-05-07
1725,Baseline,2024-01-27
1725,Week 4,2024-02-24
1725,Week 8,2024-03-23
1725,Week 12,2024-04-20
1726,Baseline,2024-05-06
1726,Week 4,2024-06-03
1726,Week 8,2024-07-01
1726,Week 12,2024-07-29
1727,Baseline,2024-05-31
1727,Week 4,2024-06-28
1727,Week 8,2024-07-26
1727,Week 12,2024-08-23
1728,Baseline,2024-05-11
1728,Week 4,2024-06-08
1728,Week 8,2024-07-06
1728,Week 12,2024-08-03
1729,Baseline,2024-06-22
1729,Week 4,2024-07-20
1729,Week 8,2024-08-17
1729,Week 12,2024-09-14
1730,Baseline,2024-02-09
1730,Week 4,2024-03-08
1730,Week 8,2024-04-05
1730,Week 12,2024-05-03
1731,Baseline,2024-05-15
1731,Week 4,2024-06-12
1731,Week 8,2024-07-10
1731,Week 12,2024-08-07
1732,Baseline,2024-04-25
1732,Week 4,2024-05-23
1732,Week 8,2024-06-20
1732,Week 12,2024-07-18
1733,Baseline,2024-04-25
1733,Week 4,2024-05-23
1733,Week 8,2024-06-20
1733,Week 12,2024-07-18
1734,Baseline,2024-03-16
1734,Week 4,2024-04-13
1734,Week 8,2024-05-11
1734,Week 12,2024-06-08
1735,Baseline,2024-03-24
1735,Week 4,2024-04-21
1735,Week 8,2024-05-19
1735,Week 12,2024-06-16
1736,Baseline,2024-01-17
1736,Week 4,2024-02-14
1736,Week 8,2024-03-13
1736,Week 12,2024-04-10
1737,Baseline,2024-01-22
1737,Week 4,2024-02-19
1737,Week 8,2024-03-18
1737,Week 12,2024-04-15
1738,Baseline,2024-05-15
1738,Week 4,2024-06-12
1738,Week 8,2024-07-10
1738,Week 12,2024-08-07
1739,Baseline,2024-05-05
1739,Week 4,2024-06-02
1739,Week 8,2024-06-30
1739,Week 12,2024-07-28
1740,Baseline,2024-03-16
1740,Week 4,2024-04-13
1740,Week 8,2024-05-11
1740,Week 12,2024-06-08
1741,Baseline,2024-03-20
1741,Week 4,2024-04-17
1741,Week 8,2024-05-15
1741,Week 12,2024-06-12
1742,Baseline,2024-02-13
1742,Week 4,2024-03-12
1742,Week 8,2024-04-09
1742,Week 12,2024-05-07
1743,Baseline,2024-04-02
1743,Week 4,2024-04-30
1743,Week 8,2024-05-28
1743,Week 12,2024-06-25
1744,Baseline,2024-03-18
1744,Week 4,2024-04-15
1744,Week 8,2024-05-13
1744,Week 12,2024-06-10
1745,Baseline,2024-02-11
1745,Week 4,2024-03-10
1745,Week 8,2024-04-07
1745,Week 12,2024-05-05
1746,Baseline,2024-06-02
1746,Week 4,2024-06-30
1746,Week 8,2024-07-28
1746,Week 12,2024-08-25
1747,Baseline,2024-05-26
1747,Week 4,2024-06-23
1747,Week 8,2024-07-21
1747,Week 12,2024-08-18
1748,Baseline,2024-05-24
1748,Week 4,2024-06-21
1748,Week 8,2024-07-19
1748,Week 12,2024-08-16
1749,Baseline,2024-06-26
1749,Week 4,2024-07-24
1749,Week 8,2024-08-21
1749,Week 12,2024-09-18
1750,Baseline,2024-01-09
1750,Week 4,2024-02-06
1750,Week 8,2024-03-05
1750,Week 12,2024-04-02
1751,Baseline,2024-01-06
1751,Week 4,2024-02-03
1751,Week 8,2024-03-02
1751,Week 12,2024-03-30
1752,Baseline,2024-04-28
1752,Week 4,2024-05-26
1752,Week 8,2024-06-23
1752,Week 12,2024-07-21
1753,Baseline,2024-01-27
1753,Week 4,2024-02-24
1753,Week 8,2024-03-23
1753,Week 12,2024-04-20
1754,Baseline,2024-03-18
1754,Week 4,2024-04-15
1754,Week 8,2024-05-13
1754,Week 12,2024-06-10
1755,Baseline,2024-02-25
1755,Week 4,2024-03-24
1755,Week 8,2024-04-21
1755,Week 12,2024-05-19
1756,Baseline,2024-05-19
1756,Week 4,2024-06-16
1756,Week 8,2024-07-14
1756,Week 12,2024-08-11
1757,Baseline,2024-03-04
1757,Week 4,2024-04-01
1757,Week 8,2024-04-29
1757,Week 12,2024-05-27
1758,Baseline,2024-02-02
1758,Week 4,2024-03-01
1758,Week 8,2024-03-29
1758,Week 12,2024-04-26
1759,Baseline,2024-03-29
1759,Week 4,2024-04-26
1759,Week 8,2024-05-24
1759,Week 12,2024-06-21
1760,Baseline,2024-01-21
1760,Week 4,2024-02-18
1760,Week 8,2024-03-17
1760,Week 12,2024-04-14
1761,Baseline,2024-05-26
1761,Week 4,2024-06-23
1761,Week 8,2024-07-21
1761,Week 12,2024-08-18
1762,Baseline,2024-03-27
1762,Week 4,2024-04-24
1762,Week 8,2024-05-22
1762,Week 12,2024-06-19
1763,Baseline,2024-03-31
1763,Week 4,2024-04-28
1763,Week 8,2024-05-26
1763,Week 12,2024-06-23
1764,Baseline,2024-03-19
1764,Week 4,2024-04-16
1764,Week 8,2024-05-14
1764,Week 12,2024-06-11
1765,Baseline,2024-04-20
1765,Week 4,2024-05-18
1765,Week 8,2024-06-15
1765,Week 12,2024-07-13
1766,Baseline,2024-04-14
1766,Week 4,2024-05-12
1766,Week 8,2024-06-09
1766,Week 12,2024-07-07
1767,Baseline,2024-02-07
1767,Week 4,2024-03-06
1767,Week 8,2024-04-03
1767,Week 12,2024-05-01
1768,Baseline,2024-04-12
1768,Week 4,2024-05-10
1768,Week 8,2024-06-07
1768,Week 12,2024-07-05
1769,Baseline,2024-01-16
1769,Week 4,2024-02-13
1769,Week 8,2024-03-12
1769,Week 12,2024-04-09
1770,Baseline,2024-05-13
1770,Week 4,2024-06-10
1770,Week 8,2024-07-08
1770,Week 12,2024-08-05
1771,Baseline,2024-06-08
1771,Week 4,2024-07-06
1771,Week 8,2024-08-03
1771,Week 12,2024-08-31
1772,Baseline,2024-04-12
1772,Week 4,2024-05-10
1772,Week 8,2024-06-07
1772,Week 12,2024-07-05
1773,Baseline,2024-04-04
1773,Week 4,2024-05-02
1773,Week 8,2024-05-30
1773,Week 12,2024-06-27
1774,Baseline,2024-04-08
1774,Week 4,2024-05-06
1774,Week 8,2024-06-03
1774,Week 12,2024-07-01
1775,Baseline,2024-05-05
1775,Week 4,2024-06-02
1775,Week 8,2024-06-30
1775,Week 12,2024-07-28
1776,Baseline,2024-04-20
1776,Week 4,2024-05-18
1776,Week 8,2024-06-15
1776,Week 12,2024-07-13
1777,Baseline,2024-04-10
1777,Week 4,2024-05-08
1777,Week 8,2024-06-05
1777,Week 12,2024-07-03
1778,Baseline,2024-01-19
1778,Week 4,2024-02-16
1778,Week 8,2024-03-15
1778,Week 12,2024-04-12
1779,Baseline,2024-05-18
1779,Week 4,2024-06-15
1779,Week 8,2024-07-13
1779,Week 12,2024-08-10
1780,Baseline,2024-02-24
1780,Week 4,2024-03-23
1780,Week 8,2024-04-20
1780,Week 12,2024-05-18
1781,Baseline,2024-01-19
1781,Week 4,2024-02-16
1781,Week 8,2024-03-15
1781,Week 12,2024-04-12
1782,Baseline,2024-04-17
1782,Week 4,2024-05-15
1782,Week 8,2024-06-12
1782,Week 12,2024-07-10
1783,Baseline,2024-03-19
1783,Week 4,2024-04-16
1783,Week 8,2024-05-14
1783,Week 12,2024-06-11
1784,Baseline,2024-05-21
1784,Week 4,2024-06-18
1784,Week 8,2024-07-16
1784,Week 12,2024-08-13
1785,Baseline,2024-02-10
1785,Week 4,2024-03-09
1785,Week 8,2024-04-06
1785,Week 12,2024-05-04
1786,Baseline,2024-02-26
1786,Week 4,2024-03-25
1786,Week 8,2024-04-22
1786,Week 12,2024-05-20
1787,Baseline,2024-05-29
1787,Week 4,2024-06-26
1787,Week 8,2024-07-24
1787,Week 12,2024-08-21
1788,Baseline,2024-06-05
1788,Week 4,2024-07-03
1788,Week 8,2024-07-31
1788,Week 12,2024-08-28
1789,Baseline,2024-06-22
1789,Week 4,2024-07-20
1789,Week 8,2024-08-17
1789,Week 12,2024-09-14
1790,Baseline,2024-03-20
1790,Week 4,2024-04-17
1790,Week 8,2024-05-15
1790,Week 12,2024-06-12
1791,Baseline,2024-06-13
1791,Week 4,2024-07-11
1791,Week 8,2024-08-08
1791,Week 12,2024-09-05
1792,Baseline,2024-06-19
1792,Week 4,2024-07-17
1792,Week 8,2024-08-14
1792,Week 12,2024-09-11
1793,Baseline,2024-02-01
1793,Week 4,2024-02-29
1793,Week 8,2024-03-28
1793,Week 12,2024-04-25
1794,Baseline,2024-06-20
1794,Week 4,2024-07-18
1794,Week 8,2024-08-15
1794,Week 12,2024-09-12
1795,Baseline,2024-02-19
1795,Week 4,2024-03-18
1795,Week 8,2024-04-15
1795,Week 12,2024-05-13
1796,Baseline,2024-04-09
1796,Week 4,2024-05-07
1796,Week 8,2024-06-04
1796,Week 12,2024-07-02
1797,Baseline,2024-02-07
1797,Week 4,2024-03-06
1797,Week 8,2024-04-03
1797,Week 12,2024-05-01
1798,Baseline,2024-05-18
1798,Week 4,2024-06-15
1798,Week 8,2024-07-13
1798,Week 12,2024-08-10
1799,Baseline,2024-06-08
1799,Week 4,2024-07-06
1799,Week 8,2024-08-03
1799,Week 12,2024-08-31
1800,Baseline,2024-01-21
1800,Week 4,2024-02-18
1800,Week 8,2024-03-17
1800,Week 12,2024-04-14
1801,Baseline,2024-03-07
1801,Week 4,2024-04-04
1801,Week 8,2024-05-02
1801,Week 12,2024-05-30
1802,Baseline,2024-01-30
1802,Week 4,2024-02-27
1802,Week 8,2024-03-26
1802,Week 12,2024-04-23
1803,Baseline,2024-01-19
1803,Week 4,2024-02-16
1803,Week 8,2024-03-15
1803,Week 12,2024-04-12
1804,Baseline,2024-02-24
1804,Week 4,2024-03-23
1804,Week 8,2024-04-20
1804,Week 12,2024-05-18
1805,Baseline,2024-03-29
1805,Week 4,2024-04-26
1805,Week 8,2024-05-24
1805,Week 12,2024-06-21
1806,Baseline,2024-03-12
1806,Week 4,2024-04-09
1806,Week 8,2024-05-07
1806,Week 12,2024-06-04
1807,Baseline,2024-01-01
1807,Week 4,2024-01-29
1807,Week 8,2024-02-26
1807,Week 12,2024-03-25
1808,Baseline,2024-01-14
1808,Week 4,2024-02-11
1808,Week 8,2024-03-10
1808,Week 12,2024-04-07
1809,Baseline,2024-05-14
1809,Week 4,2024-06-11
1809,Week 8,2024-07-09
1809,Week 12,2024-08-06
1810,Baseline,2024-03-28
1810,Week 4,2024-04-25
1810,Week 8,2024-05-23
1810,Week 12,2024-06-20
1811,Baseline,2024-02-01
1811,Week 4,2024-02-29
1811,Week 8,2024-03-28
1811,Week 12,2024-04-25
1812,Baseline,2024-02-26
1812,Week 4,2024-03-25
1812,Week 8,2024-04-22
1812,Week 12,2024-05-20
1813,Baseline,2024-04-14
1813,Week 4,2024-05-12
1813,Week 8,2024-06-09
1813,Week 12,2024-07-07
1814,Baseline,2024-06-16
1814,Week 4,2024-07-14
1814,Week 8,2024-08-11
1814,Week 12,2024-09-08
1815,Baseline,2024-01-18
1815,Week 4,2024-02-15
1815,Week 8,2024-03-14
1815,Week 12,2024-04-11
1816,Baseline,2024-02-21
1816,Week 4,2024-03-20
1816,Week 8,2024-04-17
1816,Week 12,2024-05-15
1817,Baseline,2024-05-26
1817,Week 4,2024-06-23
1817,Week 8,2024-07-21
1817,Week 12,2024-08-18
1818,Baseline,2024-02-04
1818,Week 4,2024-03-03
1818,Week 8,2024-03-31
1818,Week 12,2024-04-28
1819,Baseline,2024-01-11
1819,Week 4,2024-02-08
1819,Week 8,2024-03-07
1819,Week 12,2024-04-04
1820,Baseline,2024-05-19
1820,Week 4,2024-06-16
1820,Week 8,2024-07-14
1820,Week 12,2024-08-11
1821,Baseline,2024-04-07
1821,Week 4,2024-05-05
1821,Week 8,2024-06-02
1821,Week 12,2024-06-30
1822,Baseline,2024-04-30
1822,Week 4,2024-05-28
1822,Week 8,2024-06-25
1822,Week 12,2024-07-23
1823,Baseline,2024-03-06
1823,Week 4,2024-04-03
1823,Week 8,2024-05-01
1823,Week 12,2024-05-29
1824,Baseline,2024-02-18
1824,Week 4,2024-03-17
1824,Week 8,2024-04-14
1824,Week 12,2024-05-12
1825,Baseline,2024-06-06
1825,Week 4,2024-07-04
1825,Week 8,2024-08-01
1825,Week 12,2024-08-29
1826,Baseline,2024-04-04
1826,Week 4,2024-05-02
1826,Week 8,2024-05-30
1826,Week 12,2024-06-27
1827,Baseline,2024-02-17
1827,Week 4,2024-03-16
1827,Week 8,2024-04-13
1827,Week 12,2024-05-11
1828,Baseline,2024-06-03
1828,Week 4,2024-07-01
1828,Week 8,2024-07-29
1828,Week 12,2024-08-26
1829,Baseline,2024-01-14
1829,Week 4,2024-02-11
1829,Week 8,2024-03-10
1829,Week 12,2024-04-07
1830,Baseline,2024-04-21
1830,Week 4,2024-05-19
1830,Week 8,2024-06-16
1830,Week 12,2024-07-14
1831,Baseline,2024-01-10
1831,Week 4,2024-02-07
1831,Week 8,2024-03-06
1831,Week 12,2024-04-03
1832,Baseline,2024-06-13
1832,Week 4,2024-07-11
1832,Week 8,2024-08-08
1832,Week 12,2024-09-05
1833,Baseline,2024-05-08
1833,Week 4,2024-06-05
1833,Week 8,2024-07-03
1833,Week 12,2024-07-31
1834,Baseline,2024-04-14
1834,Week 4,2024-05-12
1834,Week 8,2024-06-09
1834,Week 12,2024-07-07
1835,Baseline,2024-02-19
1835,Week 4,2024-03-18
1835,Week 8,2024-04-15
1835,Week 12,2024-05-13
1836,Baseline,2024-02-11
1836,Week 4,2024-03-10
1836,Week 8,2024-04-07
1836,Week 12,2024-05-05
1837,Baseline,2024-01-16
1837,Week 4,2024-02-13
1837,Week 8,2024-03-12
1837,Week 12,2024-04-09
1838,Baseline,2024-03-20
1838,Week 4,2024-04-17
1838,Week 8,2024-05-15
1838,Week 12,2024-06-12
1839,Baseline,2024-02-14
1839,Week 4,2024-03-13
1839,Week 8,2024-04-10
1839,Week 12,2024-05-08
1840,Baseline,2024-01-18
1840,Week 4,2024-02-15
1840,Week 8,2024-03-14
1840,Week 12,2024-04-11
1841,Baseline,2024-05-02
1841,Week 4,2024-05-30
1841,Week 8,2024-06-27
1841,Week 12,2024-07-25
1842,Baseline,2024-05-07
1842,Week 4,2024-06-04
1842,Week 8,2024-07-02
1842,Week 12,2024-07-30
1843,Baseline,2024-01-30
1843,Week 4,2024-02-27
1843,Week 8,2024-03-26
1843,Week 12,2024-04-23
1844,Baseline,2024-03-28
1844,Week 4,2024-04-25
1844,Week 8,2024-05-23
1844,Week 12,2024-06-20
1845,Baseline,2024-04-14
1845,Week 4,2024-05-12
1845,Week 8,2024-06-09
1845,Week 12,2024-07-07
1846,Baseline,2024-02-20
1846,Week 4,2024-03-19
1846,Week 8,2024-04-16
1846,Week 12,2024-05-14
1847,Baseline,2024-06-04
1847,Week 4,2024-07-02
1847,Week 8,2024-07-30
1847,Week 12,2024-08-27
1848,Baseline,2024-04-25
1848,Week 4,2024-05-23
1848,Week 8,2024-06-20
1848,Week 12,2024-07-18
1849,Baseline,2024-06-12
1849,Week 4,2024-07-10
1849,Week 8,2024-08-07
1849,Week 12,2024-09-04
1850,Baseline,2024-03-13
1850,Week 4,2024-04-10
1850,Week 8,2024-05-08
1850,Week 12,2024-06-05
1851,Baseline,2024-05-10
1851,Week 4,2024-06-07
1851,Week 8,2024-07-05
1851,Week 12,2024-08-02
1852,Baseline,2024-05-28
1852,Week 4,2024-06-25
1852,Week 8,2024-07-23
1852,Week 12,2024-08-20
1853,Baseline,2024-01-18
1853,Week 4,2024-02-15
1853,Week 8,2024-03-14
1853,Week 12,2024-04-11
1854,Baseline,2024-03-18
1854,Week 4,2024-04-15
1854,Week 8,2024-05-13
1854,Week 12,2024-06-10
1855,Baseline,2024-01-19
1855,Week 4,2024-02-16
1855,Week 8,2024-03-15
1855,Week 12,2024-04-12
1856,Baseline,2024-06-13
1856,Week 4,2024-07-11
1856,Week 8,2024-08-08
1856,Week 12,2024-09-05
1857,Baseline,2024-01-04
1857,Week 4,2024-02-01
1857,Week 8,2024-02-29
1857,Week 12,2024-03-28
1858,Baseline,2024-01-22
1858,Week 4,2024-02-19
1858,Week 8,2024-03-18
1858,Week 12,2024-04-15
1859,Baseline,2024-02-03
1859,Week 4,2024-03-02
1859,Week 8,2024-03-30
1859,Week 12,2024-04-27
1860,Baseline,2024-02-06
1860,Week 4,2024-03-05
1860,Week 8,2024-04-02
1860,Week 12,2024-04-30
1861,Baseline,2024-03-16
1861,Week 4,2024-04-13
1861,Week 8,2024-05-11
1861,Week 12,2024-06-08
1862,Baseline,2024-02-17
1862,Week 4,2024-03-16
1862,Week 8,2024-04-13
1862,Week 12,2024-05-11
1863,Baseline,2024-04-07
1863,Week 4,2024-05-05
1863,Week 8,2024-06-02
1863,Week 12,2024-06-30
1864,Baseline,2024-01-09
1864,Week 4,2024-02-06
1864,Week 8,2024-03-05
1864,Week 12,2024-04-02
1865,Baseline,2024-05-28
1865,Week 4,2024-06-25
1865,Week 8,2024-07-23
1865,Week 12,2024-08-20
1866,Baseline,2024-03-31
1866,Week 4,2024-04-28
1866,Week 8,2024-05-26
1866,Week 12,2024-06-23
1867,Baseline,2024-01-22
1867,Week 4,2024-02-19
1867,Week 8,2024-03-18
1867,Week 12,2024-04-15
1868,Baseline,2024-04-28
1868,Week 4,2024-05-26
1868,Week 8,2024-06-23
1868,Week 12,2024-07-21
1869,Baseline,2024-04-24
1869,Week 4,2024-05-22
1869,Week 8,2024-06-19
1869,Week 12,2024-07-17
1870,Baseline,2024-02-26
1870,Week 4,2024-03-25
1870,Week 8,2024-04-22
1870,Week 12,2024-05-20
1871,Baseline,2024-05-20
1871,Week 4,2024-06-17
1871,Week 8,2024-07-15
1871,Week 12,2024-08-12
1872,Baseline,2024-01-03
1872,Week 4,2024-01-31
1872,Week 8,2024-02-28
1872,Week 12,2024-03-27
1873,Baseline,2024-02-16
1873,Week 4,2024-03-15
1873,Week 8,2024-04-12
1873,Week 12,2024-05-10
1874,Baseline,2024-01-01
1874,Week 4,2024-01-29
1874,Week 8,2024-02-26
1874,Week 12,2024-03-25
1875,Baseline,2024-02-06
1875,Week 4,2024-03-05
1875,Week 8,2024-04-02
1875,Week 12,2024-04-30
1876,Baseline,2024-05-19
1876,Week 4,2024-06-16
1876,Week 8,2024-07-14
1876,Week 12,2024-08-11
1877,Baseline,2024-02-22
1877,Week 4,2024-03-21
1877,Week 8,2024-04-18
1877,Week 12,2024-05-16
1878,Baseline,2024-03-05
1878,Week 4,2024-04-02
1878,Week 8,2024-04-30
1878,Week 12,2024-05-28
1879,Baseline,2024-06-25
1879,Week 4,2024-07-23
1879,Week 8,2024-08-20
1879,Week 12,2024-09-17
1880,Baseline,2024-03-26
1880,Week 4,2024-04-23
1880,Week 8,2024-05-21
1880,Week 12,2024-06-18
1881,Baseline,2024-06-03
1881,Week 4,2024-07-01
1881,Week 8,2024-07-29
1881,Week 12,2024-08-26
1882,Baseline,2024-03-12
1882,Week 4,2024-04-09
1882,Week 8,2024-05-07
1882,Week 12,2024-06-04
1883,Baseline,2024-04-04
1883,Week 4,2024-05-02
1883,Week 8,2024-05-30
1883,Week 12,2024-06-27
1884,Baseline,2024-03-09
1884,Week 4,2024-04-06
1884,Week 8,2024-05-04
1884,Week 12,2024-06-01
1885,Baseline,2024-06-13
1885,Week 4,2024-07-11
1885,Week 8,2024-08-08
1885,Week 12,2024-09-05
1886,Baseline,2024-06-14
1886,Week 4,2024-07-12
1886,Week 8,2024-08-09
1886,Week 12,2024-09-06
1887,Baseline,2024-03-16
1887,Week 4,2024-04-13
1887,Week 8,2024-05-11
1887,Week 12,2024-06-08
1888,Baseline,2024-02-28
1888,Week 4,2024-03-27
1888,Week 8,2024-04-24
1888,Week 12,2024-05-22
1889,Baseline,2024-01-28
1889,Week 4,2024-02-25
1889,Week 8,2024-03-24
1889,Week 12,2024-04-21
1890,Baseline,2024-05-17
1890,Week 4,2024-06-14
1890,Week 8,2024-07-12
1890,Week 12,2024-08-09
1891,Baseline,2024-01-20
1891,Week 4,2024-02-17
1891,Week 8,2024-03-16
1891,Week 12,2024-04-13
1892,Baseline,2024-02-04
1892,Week 4,2024-03-03
1892,Week 8,2024-03-31
1892,Week 12,2024-04-28
1893,Baseline,2024-05-25
1893,Week 4,2024-06-22
1893,Week 8,2024-07-20
1893,Week 12,2024-08-17
1894,Baseline,2024-05-20
1894,Week 4,2024-06-17
1894,Week 8,2024-07-15
1894,Week 12,2024-08-12
1895,Baseline,2024-02-03
1895,Week 4,2024-03-02
1895,Week 8,2024-03-30
1895,Week 12,2024-04-27
1896,Baseline,2024-06-17
1896,Week 4,2024-07-15
1896,Week 8,2024-08-12
1896,Week 12,2024-09-09
1897,Baseline,2024-05-22
1897,Week 4,2024-06-19
1897,Week 8,2024-07-17
1897,Week 12,2024-08-14
1898,Baseline,2024-03-01
1898,Week 4,2024-03-29
1898,Week 8,2024-04-26
1898,Week 12,2024-05-24
1899,Baseline,2024-01-23
1899,Week 4,2024-02-20
1899,Week 8,2024-03-19
1899,Week 12,2024-04-16
1900,Baseline,2024-01-02
1900,Week 4,2024-01-30
1900,Week 8,2024-02-27
1900,Week 12,2024-03-26
1901,Baseline,2024-02-29
1901,Week 4,2024-03-28
1901,Week 8,2024-04-25
1901,Week 12,2024-05-23
1902,Baseline,2024-04-10
1902,Week 4,2024-05-08
1902,Week 8,2024-06-05
1902,Week 12,2024-07-03
1903,Baseline,2024-03-14
1903,Week 4,2024-04-11
1903,Week 8,2024-05-09
1903,Week 12,2024-06-06
1904,Baseline,2024-06-13
1904,Week 4,2024-07-11
1904,Week 8,2024-08-08
1904,Week 12,2024-09-05
1905,Baseline,2024-02-27
1905,Week 4,2024-03-26
1905,Week 8,2024-04-23
1905,Week 12,2024-05-21
1906,Baseline,2024-01-30
1906,Week 4,2024-02-27
1906,Week 8,2024-03-26
1906,Week 12,2024-04-23
1907,Baseline,2024-01-18
1907,Week 4,2024-02-15
1907,Week 8,2024-03-14
1907,Week 12,2024-04-11
1908,Baseline,2024-05-18
1908,Week 4,2024-06-15
1908,Week 8,2024-07-13
1908,Week 12,2024-08-10
1909,Baseline,2024-06-16
1909,Week 4,2024-07-14
1909,Week 8,2024-08-11
1909,Week 12,2024-09-08
1910,Baseline,2024-05-22
1910,Week 4,2024-06-19
1910,Week 8,2024-07-17
1910,Week 12,2024-08-14
1911,Baseline,2024-04-04
1911,Week 4,2024-05-02
1911,Week 8,2024-05-30
1911,Week 12,2024-06-27
1912,Baseline,2024-03-12
1912,Week 4,2024-04-09
1912,Week 8,2024-05-07
1912,Week 12,2024-06-04
1913,Baseline,2024-05-24
1913,Week 4,2024-06-21
1913,Week 8,2024-07-19
1913,Week 12,2024-08-16
1914,Baseline,2024-04-02
1914,Week 4,2024-04-30
1914,Week 8,2024-05-28
1914,Week 12,2024-06-25
1915,Baseline,2024-03-10
1915,Week 4,2024-04-07
1915,Week 8,2024-05-05
1915,Week 12,2024-06-02
1916,Baseline,2024-05-21
1916,Week 4,2024-06-18
1916,Week 8,2024-07-16
1916,Week 12,2024-08-13
1917,Baseline,2024-03-02
1917,Week 4,2024-03-30
1917,Week 8,2024-04-27
1917,Week 12,2024-05-25
1918,Baseline,2024-02-20
1918,Week 4,2024-03-19
1918,Week 8,2024-04-16
1918,Week 12,2024-05-14
1919,Baseline,2024-05-19
1919,Week 4,2024-06-16
1919,Week 8,2024-07-14
1919,Week 12,2024-08-11
1920,Baseline,2024-06-03
1920,Week 4,2024-07-01
1920,Week 8,2024-07-29
1920,Week 12,2024-08-26
1921,Baseline,2024-03-30
1921,Week 4,2024-04-27
1921,Week 8,2024-05-25
1921,Week 12,2024-06-22
1922,Baseline,2024-04-12
1922,Week 4,2024-05-10
1922,Week 8,2024-06-07
1922,Week 12,2024-07-05
1923,Baseline,2024-05-11
1923,Week 4,2024-06-08
1923,Week 8,2024-07-06
1923,Week 12,2024-08-03
1924,Baseline,2024-06-05
1924,Week 4,2024-07-03
1924,Week 8,2024-07-31
1924,Week 12,2024-08-28
1925,Baseline,2024-04-02
1925,Week 4,2024-04-30
1925,Week 8,2024-05-28
1925,Week 12,2024-06-25
1926,Baseline,2024-04-25
1926,Week 4,2024-05-23
1926,Week 8,2024-06-20
1926,Week 12,2024-07-18
1927,Baseline,2024-06-25
1927,Week 4,2024-07-23
1927,Week 8,2024-08-20
1927,Week 12,2024-09-17
1928,Baseline,2024-03-08
1928,Week 4,2024-04-05
1928,Week 8,2024-05-03
1928,Week 12,2024-05-31
1929,Baseline,2024-05-06
1929,Week 4,2024-06-03
1929,Week 8,2024-07-01
1929,Week 12,2024-07-29
1930,Baseline,2024-01-01
1930,Week 4,2024-01-29
1930,Week 8,2024-02-26
1930,Week 12,2024-03-25
1931,Baseline,2024-03-15
1931,Week 4,2024-04-12
1931,Week 8,2024-05-10
1931,Week 12,2024-06-07
1932,Baseline,2024-03-29
1932,Week 4,2024-04-26
1932,Week 8,2024-05-24
1932,Week 12,2024-06-21
1933,Baseline,2024-03-24
1933,Week 4,2024-04-21
1933,Week 8,2024-05-19
1933,Week 12,2024-06-16
1934,Baseline,2024-03-19
1934,Week 4,2024-04-16
1934,Week 8,2024-05-14
1934,Week 12,2024-06-11
1935,Baseline,2024-05-25
1935,Week 4,2024-06-22
1935,Week 8,2024-07-20
1935,Week 12,2024-08-17
1936,Baseline,2024-01-22
1936,Week 4,2024-02-19
1936,Week 8,2024-03-18
1936,Week 12,2024-04-15
1937,Baseline,2024-04-08
1937,Week 4,2024-05-06
1937,Week 8,2024-06-03
1937,Week 12,2024-07-01
1938,Baseline,2024-01-29
1938,Week 4,2024-02-26
1938,Week 8,2024-03-25
1938,Week 12,2024-04-22
1939,Baseline,2024-03-02
1939,Week 4,2024-03-30
1939,Week 8,2024-04-27
1939,Week 12,2024-05-25
1940,Baseline,2024-04-15
1940,Week 4,2024-05-13
1940,Week 8,2024-06-10
1940,Week 12,2024-07-08
1941,Baseline,2024-05-12
1941,Week 4,2024-06-09
1941,Week 8,2024-07-07
1941,Week 12,2024-08-04
1942,Baseline,2024-05-04
1942,Week 4,2024-06-01
1942,Week 8,2024-06-29
1942,Week 12,2024-07-27
1943,Baseline,2024-01-27
1943,Week 4,2024-02-24
1943,Week 8,2024-03-23
1943,Week 12,2024-04-20
1944,Baseline,2024-01-03
1944,Week 4,2024-01-31
1944,Week 8,2024-02-28
1944,Week 12,2024-03-27
1945,Baseline,2024-03-29
1945,Week 4,2024-04-26
1945,Week 8,2024-05-24
1945,Week 12,2024-06-21
1946,Baseline,2024-02-14
1946,Week 4,2024-03-13
1946,Week 8,2024-04-10
1946,Week 12,2024-05-08
1947,Baseline,2024-05-04
1947,Week 4,2024-06-01
1947,Week 8,2024-06-29
1947,Week 12,2024-07-27
1948,Baseline,2024-04-17
1948,Week 4,2024-05-15
1948,Week 8,2024-06-12
1948,Week 12,2024-07-10
1949,Baseline,2024-04-17
1949,Week 4,2024-05-15
1949,Week 8,2024-06-12
1949,Week 12,2024-07-10
1950,Baseline,2024-01-18
1950,Week 4,2024-02-15
1950,Week 8,2024-03-14
1950,Week 12,2024-04-11
1951,Baseline,2024-01-08
1951,Week 4,2024-02-05
1951,Week 8,2024-03-04
1951,Week 12,2024-04-01
1952,Baseline,2024-06-02
1952,Week 4,2024-06-30
1952,Week 8,2024-07-28
1952,Week 12,2024-08-25
1953,Baseline,2024-03-28
1953,Week 4,2024-04-25
1953,Week 8,2024-05-23
1953,Week 12,2024-06-20
1954,Baseline,2024-04-29
1954,Week 4,2024-05-27
1954,Week 8,2024-06-24
1954,Week 12,2024-07-22
1955,Baseline,2024-01-16
1955,Week 4,2024-02-13
1955,Week 8,2024-03-12
1955,Week 12,2024-04-09
1956,Baseline,2024-06-05
1956,Week 4,2024-07-03
1956,Week 8,2024-07-31
1956,Week 12,2024-08-28
1957,Baseline,2024-04-07
1957,Week 4,2024-05-05
1957,Week 8,2024-06-02
1957,Week 12,2024-06-30
1958,Baseline,2024-03-23
1958,Week 4,2024-04-20
1958,Week 8,2024-05-18
1958,Week 12,2024-06-15
1959,Baseline,2024-06-06
1959,Week 4,2024-07-04
1959,Week 8,2024-08-01
1959,Week 12,2024-08-29
1960,Baseline,2024-05-15
1960,Week 4,2024-06-12
1960,Week 8,2024-07-10
1960,Week 12,2024-08-07
1961,Baseline,2024-06-26
1961,Week 4,2024-07-24
1961,Week 8,2024-08-21
1961,Week 12,2024-09-18
1962,Baseline,2024-04-18
1962,Week 4,2024-05-16
1962,Week 8,2024-06-13
1962,Week 12,2024-07-11
1963,Baseline,2024-02-05
1963,Week 4,2024-03-04
1963,Week 8,2024-04-01
1963,Week 12,2024-04-29
1964,Baseline,2024-02-15
1964,Week 4,2024-03-14
1964,Week 8,2024-04-11
1964,Week 12,2024-05-09
1965,Baseline,2024-01-08
1965,Week 4,2024-02-05
1965,Week 8,2024-03-04
1965,Week 12,2024-04-01
1966,Baseline,2024-06-27
1966,Week 4,2024-07-25
1966,Week 8,2024-08-22
1966,Week 12,2024-09-19
1967,Baseline,2024-02-28
1967,Week 4,2024-03-27
1967,Week 8,2024-04-24
1967,Week 12,2024-05-22
1968,Baseline,2024-01-03
1968,Week 4,2024-01-31
1968,Week 8,2024-02-28
1968,Week 12,2024-03-27
1969,Baseline,2024-05-17
1969,Week 4,2024-06-14
1969,Week 8,2024-07-12
1969,Week 12,2024-08-09
1970,Baseline,2024-03-26
1970,Week 4,2024-04-23
1970,Week 8,2024-05-21
1970,Week 12,2024-06-18
1971,Baseline,2024-01-01
1971,Week 4,2024-01-29
1971,Week 8,2024-02-26
1971,Week 12,2024-03-25
1972,Baseline,2024-06-20
1972,Week 4,2024-07-18
1972,Week 8,2024-08-15
1972,Week 12,2024-09-12
1973,Baseline,2024-01-13
1973,Week 4,2024-02-10
1973,Week 8,2024-03-09
1973,Week 12,2024-04-06
1974,Baseline,2024-06-13
1974,Week 4,2024-07-11
1974,Week 8,2024-08-08
1974,Week 12,2024-09-05
1975,Baseline,2024-05-22
1975,Week 4,2024-06-19
1975,Week 8,2024-07-17
1975,Week 12,2024-08-14
1976,Baseline,2024-02-23
1976,Week 4,2024-03-22
1976,Week 8,2024-04-19
1976,Week 12,2024-05-17
1977,Baseline,2024-01-01
1977,Week 4,2024-01-29
1977,Week 8,2024-02-26
1977,Week 12,2024-03-25
1978,Baseline,2024-04-13
1978,Week 4,2024-05-11
1978,Week 8,2024-06-08
1978,Week 12,2024-07-06
1979,Baseline,2024-06-15
1979,Week 4,2024-07-13
1979,Week 8,2024-08-10
1979,Week 12,2024-09-07
1980,Baseline,2024-01-09
1980,Week 4,2024-02-06
1980,Week 8,2024-03-05
1980,Week 12,2024-04-02
1981,Baseline,2024-02-28
1981,Week 4,2024-03-27
1981,Week 8,2024-04-24
1981,Week 12,2024-05-22
1982,Baseline,2024-04-29
1982,Week 4,2024-05-27
1982,Week 8,2024-06-24
1982,Week 12,2024-07-22
1983,Baseline,2024-06-21
1983,Week 4,2024-07-19
1983,Week 8,2024-08-16
1983,Week 12,2024-09-13
1984,Baseline,2024-01-05
1984,Week 4,2024-02-02
1984,Week 8,2024-03-01
1984,Week 12,2024-03-29
1985,Baseline,2024-06-12
1985,Week 4,2024-07-10
1985,Week 8,2024-08-07
1985,Week 12,2024-09-04
1986,Baseline,2024-04-02
1986,Week 4,2024-04-30
1986,Week 8,2024-05-28
1986,Week 12,2024-06-25
1987,Baseline,2024-03-13
1987,Week 4,2024-04-10
1987,Week 8,2024-05-08
1987,Week 12,2024-06-05
1988,Baseline,2024-01-23
1988,Week 4,2024-02-20
1988,Week 8,2024-03-19
1988,Week 12,2024-04-16
1989,Baseline,2024-04-27
1989,Week 4,2024-05-25
1989,Week 8,2024-06-22
1989,Week 12,2024-07-20
1990,Baseline,2024-06-05
1990,Week 4,2024-07-03
1990,Week 8,2024-07-31
1990,Week 12,2024-08-28
1991,Baseline,2024-03-05
1991,Week 4,2024-04-02
1991,Week 8,2024-04-30
1991,Week 12,2024-05-28
1992,Baseline,2024-01-09
1992,Week 4,2024-02-06
1992,Week 8,2024-03-05
1992,Week 12,2024-04-02
1993,Baseline,2024-04-27
1993,Week 4,2024-05-25
1993,Week 8,2024-06-22
1993,Week 12,2024-07-20
1994,Baseline,2024-03-31
1994,Week 4,2024-04-28
1994,Week 8,2024-05-26
1994,Week 12,2024-06-23
1995,Baseline,2024-04-09
1995,Week 4,2024-05-07
1995,Week 8,2024-06-04
1995,Week 12,2024-07-02
1996,Baseline,2024-05-09
1996,Week 4,2024-06-06
1996,Week 8,2024-07-04
1996,Week 12,2024-08-01
1997,Baseline,2024-01-12
1997,Week 4,2024-02-09
1997,Week 8,2024-03-08
1997,Week 12,2024-04-05
1998,Baseline,2024-02-11
1998,Week 4,2024-03-10
1998,Week 8,2024-04-07
1998,Week 12,2024-05-05
1999,Baseline,2024-02-08
1999,Week 4,2024-03-07
1999,Week 8,2024-04-04
1999,Week 12,2024-05-02
2000,Baseline,2024-02-20
2000,Week 4,2024-03-19
2000,Week 8,2024-04-16
2000,Week 12,2024-05-14
2001,Baseline,2024-05-31
2001,Week 4,2024-06-28
2001,Week 8,2024-07-26
2001,Week 12,2024-08-23
2002,Baseline,2024-04-02
2002,Week 4,2024-04-30
2002,Week 8,2024-05-28
2002,Week 12,2024-06-25
2003,Baseline,2024-03-03
2003,Week 4,2024-03-31
2003,Week 8,2024-04-28
2003,Week 12,2024-05-26
2004,Baseline,2024-06-23
2004,Week 4,2024-07-21
2004,Week 8,2024-08-18
2004,Week 12,2024-09-15
2005,Baseline,2024-05-06
2005,Week 4,2024-06-03
2005,Week 8,2024-07-01
2005,Week 12,2024-07-29
2006,Baseline,2024-03-30
2006,Week 4,2024-04-27
2006,Week 8,2024-05-25
2006,Week 12,2024-06-22
2007,Baseline,2024-01-01
2007,Week 4,2024-01-29
2007,Week 8,2024-02-26
2007,Week 12,2024-03-25
2008,Baseline,2024-02-13
2008,Week 4,2024-03-12
2008,Week 8,2024-04-09
2008,Week 12,2024-05-07
2009,Baseline,2024-05-30
2009,Week 4,2024-06-27
2009,Week 8,2024-07-25
2009,Week 12,2024-08-22
2010,Baseline,2024-04-28
2010,Week 4,2024-05-26
2010,Week 8,2024-06-23
2010,Week 12,2024-07-21
2011,Baseline,2024-04-23
2011,Week 4,2024-05-21
2011,Week 8,2024-06-18
2011,Week 12,2024-07-16
2012,Baseline,2024-01-14
2012,Week 4,2024-02-11
2012,Week 8,2024-03-10
2012,Week 12,2024-04-07
2013,Baseline,2024-03-01
2013,Week 4,2024-03-29
2013,Week 8,2024-04-26
2013,Week 12,2024-05-24
2014,Baseline,2024-04-24
2014,Week 4,2024-05-22
2014,Week 8,2024-06-19
2014,Week 12,2024-07-17
2015,Baseline,2024-03-01
2015,Week 4,2024-03-29
2015,Week 8,2024-04-26
2015,Week 12,2024-05-24
2016,Baseline,2024-03-11
2016,Week 4,2024-04-08
2016,Week 8,2024-05-06
2016,Week 12,2024-06-03
2017,Baseline,2024-01-20
2017,Week 4,2024-02-17
2017,Week 8,2024-03-16
2017,Week 12,2024-04-13
2018,Baseline,2024-01-13
2018,Week 4,2024-02-10
2018,Week 8,2024-03-09
2018,Week 12,2024-04-06
2019,Baseline,2024-05-24
2019,Week 4,2024-06-21
2019,Week 8,2024-07-19
2019,Week 12,2024-08-16
2020,Baseline,2024-02-18
2020,Week 4,2024-03-17
2020,Week 8,2024-04-14
2020,Week 12,2024-05-12
2021,Baseline,2024-04-09
2021,Week 4,2024-05-07
2021,Week 8,2024-06-04
2021,Week 12,2024-07-02
2022,Baseline,2024-01-13
2022,Week 4,2024-02-10
2022,Week 8,2024-03-09
2022,Week 12,2024-04-06
2023,Baseline,2024-01-07
2023,Week 4,2024-02-04
2023,Week 8,2024-03-03
2023,Week 12,2024-03-31
2024,Baseline,2024-05-28
2024,Week 4,2024-06-25
2024,Week 8,2024-07-23
2024,Week 12,2024-08-20
2025,Baseline,2024-04-25
2025,Week 4,2024-05-23
2025,Week 8,2024-06-20
2025,Week 12,2024-07-18
2026,Baseline,2024-03-19
2026,Week 4,2024-04-16
2026,Week 8,2024-05-14
2026,Week 12,2024-06-11
2027,Baseline,2024-03-16
2027,Week 4,2024-04-13
2027,Week 8,2024-05-11
2027,Week 12,2024-06-08
2028,Baseline,2024-06-14
2028,Week 4,2024-07-12
2028,Week 8,2024-08-09
2028,Week 12,2024-09-06
2029,Baseline,2024-02-18
2029,Week 4,2024-03-17
2029,Week 8,2024-04-14
2029,Week 12,2024-05-12
2030,Baseline,2024-05-12
2030,Week 4,2024-06-09
2030,Week 8,2024-07-07
2030,Week 12,2024-08-04
2031,Baseline,2024-03-11
2031,Week 4,2024-04-08
2031,Week 8,2024-05-06
2031,Week 12,2024-06-03
2032,Baseline,2024-05-03
2032,Week 4,2024-05-31
2032,Week 8,2024-06-28
2032,Week 12,2024-07-26
2033,Baseline,2024-02-21
2033,Week 4,2024-03-20
2033,Week 8,2024-04-17
2033,Week 12,2024-05-15
2034,Baseline,2024-06-14
2034,Week 4,2024-07-12
2034,Week 8,2024-08-09
2034,Week 12,2024-09-06
2035,Baseline,2024-01-13
2035,Week 4,2024-02-10
2035,Week 8,2024-03-09
2035,Week 12,2024-04-06
2036,Baseline,2024-01-25
2036,Week 4,2024-02-22
2036,Week 8,2024-03-21
2036,Week 12,2024-04-18
2037,Baseline,2024-02-20
2037,Week 4,2024-03-19
2037,Week 8,2024-04-16
2037,Week 12,2024-05-14
2038,Baseline,2024-05-30
2038,Week 4,2024-06-27
2038,Week 8,2024-07-25
2038,Week 12,2024-08-22
2039,Baseline,2024-02-12
2039,Week 4,2024-03-11
2039,Week 8,2024-04-08
2039,Week 12,2024-05-06
2040,Baseline,2024-05-29
2040,Week 4,2024-06-26
2040,Week 8,2024-07-24
2040,Week 12,2024-08-21
2041,Baseline,2024-03-19
2041,Week 4,2024-04-16
2041,Week 8,2024-05-14
2041,Week 12,2024-06-11
2042,Baseline,2024-03-26
2042,Week 4,2024-04-23
2042,Week 8,2024-05-21
2042,Week 12,2024-06-18
2043,Baseline,2024-04-12
2043,Week 4,2024-05-10
2043,Week 8,2024-06-07
2043,Week 12,2024-07-05
2044,Baseline,2024-06-21
2044,Week 4,2024-07-19
2044,Week 8,2024-08-16
2044,Week 12,2024-09-13
2045,Baseline,2024-02-06
2045,Week 4,2024-03-05
2045,Week 8,2024-04-02
2045,Week 12,2024-04-30
2046,Baseline,2024-06-09
2046,Week 4,2024-07-07
2046,Week 8,2024-08-04
2046,Week 12,2024-09-01
2047,Baseline,2024-04-10
2047,Week 4,2024-05-08
2047,Week 8,2024-06-05
2047,Week 12,2024-07-03
2048,Baseline,2024-01-19
2048,Week 4,2024-02-16
2048,Week 8,2024-03-15
2048,Week 12,2024-04-12
2049,Baseline,2024-04-02
2049,Week 4,2024-04-30
2049,Week 8,2024-05-28
2049,Week 12,2024-06-25
2050,Baseline,2024-01-23
2050,Week 4,2024-02-20
2050,Week 8,2024-03-19
2050,Week 12,2024-04-16
2051,Baseline,2024-03-19
2051,Week 4,2024-04-16
2051,Week 8,2024-05-14
2051,Week 12,2024-06-11
2052,Baseline,2024-01-11
2052,Week 4,2024-02-08
2052,Week 8,2024-03-07
2052,Week 12,2024-04-04
2053,Baseline,2024-06-07
2053,Week 4,2024-07-05
2053,Week 8,2024-08-02
2053,Week 12,2024-08-30
2054,Baseline,2024-01-03
2054,Week 4,2024-01-31
2054,Week 8,2024-02-28
2054,Week 12,2024-03-27
2055,Baseline,2024-03-31
2055,Week 4,2024-04-28
2055,Week 8,2024-05-26
2055,Week 12,2024-06-23
2056,Baseline,2024-02-06
2056,Week 4,2024-03-05
2056,Week 8,2024-04-02
2056,Week 12,2024-04-30
2057,Baseline,2024-05-25
2057,Week 4,2024-06-22
2057,Week 8,2024-07-20
2057,Week 12,2024-08-17
2058,Baseline,2024-03-06
2058,Week 4,2024-04-03
2058,Week 8,2024-05-01
2058,Week 12,2024-05-29
2059,Baseline,2024-05-23
2059,Week 4,2024-06-20
2059,Week 8,2024-07-18
2059,Week 12,2024-08-15
2060,Baseline,2024-03-28
2060,Week 4,2024-04-25
2060,Week 8,2024-05-23
2060,Week 12,2024-06-20
2061,Baseline,2024-04-24
2061,Week 4,2024-05-22
2061,Week 8,2024-06-19
2061,Week 12,2024-07-17
2062,Baseline,2024-03-11
2062,Week 4,2024-04-08
2062,Week 8,2024-05-06
2062,Week 12,2024-06-03
2063,Baseline,2024-01-19
2063,Week 4,2024-02-16
2063,Week 8,2024-03-15
2063,Week 12,2024-04-12
2064,Baseline,2024-04-06
2064,Week 4,2024-05-04
2064,Week 8,2024-06-01
2064,Week 12,2024-06-29
2065,Baseline,2024-06-01
2065,Week 4,2024-06-29
2065,Week 8,2024-07-27
2065,Week 12,2024-08-24
2066,Baseline,2024-03-04
2066,Week 4,2024-04-01
2066,Week 8,2024-04-29
2066,Week 12,2024-05-27
2067,Baseline,2024-03-26
2067,Week 4,2024-04-23
2067,Week 8,2024-05-21
2067,Week 12,2024-06-18
2068,Baseline,2024-03-08
2068,Week 4,2024-04-05
2068,Week 8,2024-05-03
2068,Week 12,2024-05-31
2069,Baseline,2024-05-12
2069,Week 4,2024-06-09
2069,Week 8,2024-07-07
2069,Week 12,2024-08-04
2070,Baseline,2024-03-14
2070,Week 4,2024-04-11
2070,Week 8,2024-05-09
2070,Week 12,2024-06-06
2071,Baseline,2024-02-02
2071,Week 4,2024-03-01
2071,Week 8,2024-03-29
2071,Week 12,2024-04-26
2072,Baseline,2024-01-29
2072,Week 4,2024-02-26
2072,Week 8,2024-03-25
2072,Week 12,2024-04-22
2073,Baseline,2024-03-08
2073,Week 4,2024-04-05
2073,Week 8,2024-05-03
2073,Week 12,2024-05-31
2074,Baseline,2024-02-13
2074,Week 4,2024-03-12
2074,Week 8,2024-04-09
2074,Week 12,2024-05-07
2075,Baseline,2024-05-30
2075,Week 4,2024-06-27
2075,Week 8,2024-07-25
2075,Week 12,2024-08-22
2076,Baseline,2024-06-27
2076,Week 4,2024-07-25
2076,Week 8,2024-08-22
2076,Week 12,2024-09-19
2077,Baseline,2024-02-28
2077,Week 4,2024-03-27
2077,Week 8,2024-04-24
2077,Week 12,2024-05-22
2078,Baseline,2024-05-12
2078,Week 4,2024-06-09
2078,Week 8,2024-07-07
2078,Week 12,2024-08-04
2079,Baseline,2024-03-25
2079,Week 4,2024-04-22
2079,Week 8,2024-05-20
2079,Week 12,2024-06-17
2080,Baseline,2024-03-06
2080,Week 4,2024-04-03
2080,Week 8,2024-05-01
2080,Week 12,2024-05-29
2081,Baseline,2024-01-21
2081,Week 4,2024-02-18
2081,Week 8,2024-03-17
2081,Week 12,2024-04-14
2082,Baseline,2024-04-29
2082,Week 4,2024-05-27
2082,Week 8,2024-06-24
2082,Week 12,2024-07-22
2083,Baseline,2024-03-15
2083,Week 4,2024-04-12
2083,Week 8,2024-05-10
2083,Week 12,2024-06-07
2084,Baseline,2024-04-19
2084,Week 4,2024-05-17
2084,Week 8,2024-06-14
2084,Week 12,2024-07-12
2085,Baseline,2024-02-09
2085,Week 4,2024-03-08
2085,Week 8,2024-04-05
2085,Week 12,2024-05-03
2086,Baseline,2024-06-14
2086,Week 4,2024-07-12
2086,Week 8,2024-08-09
2086,Week 12,2024-09-06
2087,Baseline,2024-04-14
2087,Week 4,2024-05-12
2087,Week 8,2024-06-09
2087,Week 12,2024-07-07
2088,Baseline,2024-03-01
2088,Week 4,2024-03-29
2088,Week 8,2024-04-26
2088,Week 12,2024-05-24
2089,Baseline,2024-05-23
2089,Week 4,2024-06-20
2089,Week 8,2024-07-18
2089,Week 12,2024-08-15
2090,Baseline,2024-03-28
2090,Week 4,2024-04-25
2090,Week 8,2024-05-23
2090,Week 12,2024-06-20
2091,Baseline,2024-06-03
2091,Week 4,2024-07-01
2091,Week 8,2024-07-29
2091,Week 12,2024-08-26
2092,Baseline,2024-04-15
2092,Week 4,2024-05-13
2092,Week 8,2024-06-10
2092,Week 12,2024-07-08
2093,Baseline,2024-04-27
2093,Week 4,2024-05-25
2093,Week 8,2024-06-22
2093,Week 12,2024-07-20
2094,Baseline,2024-05-20
2094,Week 4,2024-06-17
2094,Week 8,2024-07-15
2094,Week 12,2024-08-12
2095,Baseline,2024-02-28
2095,Week 4,2024-03-27
2095,Week 8,2024-04-24
2095,Week 12,2024-05-22
2096,Baseline,2024-01-25
2096,Week 4,2024-02-22
2096,Week 8,2024-03-21
2096,Week 12,2024-04-18
2097,Baseline,2024-05-12
2097,Week 4,2024-06-09
2097,Week 8,2024-07-07
2097,Week 12,2024-08-04
2098,Baseline,2024-06-19
2098,Week 4,2024-07-17
2098,Week 8,2024-08-14
2098,Week 12,2024-09-11
2099,Baseline,2024-01-06
2099,Week 4,2024-02-03
2099,Week 8,2024-03-02
2099,Week 12,2024-03-30
2100,Baseline,2024-01-18
2100,Week 4,2024-02-15
2100,Week 8,2024-03-14
2100,Week 12,2024-04-11
2101,Baseline,2024-04-03
2101,Week 4,2024-05-01
2101,Week 8,2024-05-29
2101,Week 12,2024-06-26
2102,Baseline,2024-01-18
2102,Week 4,2024-02-15
2102,Week 8,2024-03-14
2102,Week 12,2024-04-11
2103,Baseline,2024-02-09
2103,Week 4,2024-03-08
2103,Week 8,2024-04-05
2103,Week 12,2024-05-03
2104,Baseline,2024-06-24
2104,Week 4,2024-07-22
2104,Week 8,2024-08-19
2104,Week 12,2024-09-16
2105,Baseline,2024-06-06
2105,Week 4,2024-07-04
2105,Week 8,2024-08-01
2105,Week 12,2024-08-29
2106,Baseline,2024-06-12
2106,Week 4,2024-07-10
2106,Week 8,2024-08-07
2106,Week 12,2024-09-04
2107,Baseline,2024-06-04
2107,Week 4,2024-07-02
2107,Week 8,2024-07-30
2107,Week 12,2024-08-27
2108,Baseline,2024-01-08
2108,Week 4,2024-02-05
2108,Week 8,2024-03-04
2108,Week 12,2024-04-01
2109,Baseline,2024-03-18
2109,Week 4,2024-04-15
2109,Week 8,2024-05-13
2109,Week 12,2024-06-10
2110,Baseline,2024-03-11
2110,Week 4,2024-04-08
2110,Week 8,2024-05-06
2110,Week 12,2024-06-03
2111,Baseline,2024-04-28
2111,Week 4,2024-05-26
2111,Week 8,2024-06-23
2111,Week 12,2024-07-21
2112,Baseline,2024-01-02
2112,Week 4,2024-01-30
2112,Week 8,2024-02-27
2112,Week 12,2024-03-26
2113,Baseline,2024-05-01
2113,Week 4,2024-05-29
2113,Week 8,2024-06-26
2113,Week 12,2024-07-24
2114,Baseline,2024-01-15
2114,Week 4,2024-02-12
2114,Week 8,2024-03-11
2114,Week 12,2024-04-08
2115,Baseline,2024-01-01
2115,Week 4,2024-01-29
2115,Week 8,2024-02-26
2115,Week 12,2024-03-25
2116,Baseline,2024-04-15
2116,Week 4,2024-05-13
2116,Week 8,2024-06-10
2116,Week 12,2024-07-08
2117,Baseline,2024-01-30
2117,Week 4,2024-02-27
2117,Week 8,2024-03-26
2117,Week 12,2024-04-23
2118,Baseline,2024-02-17
2118,Week 4,2024-03-16
2118,Week 8,2024-04-13
2118,Week 12,2024-05-11
2119,Baseline,2024-05-22
2119,Week 4,2024-06-19
2119,Week 8,2024-07-17
2119,Week 12,2024-08-14
2120,Baseline,2024-04-02
2120,Week 4,2024-04-30
2120,Week 8,2024-05-28
2120,Week 12,2024-06-25
2121,Baseline,2024-02-12
2121,Week 4,2024-03-11
2121,Week 8,2024-04-08
2121,Week 12,2024-05-06
2122,Baseline,2024-01-21
2122,Week 4,2024-02-18
2122,Week 8,2024-03-17
2122,Week 12,2024-04-14
2123,Baseline,2024-03-20
2123,Week 4,2024-04-17
2123,Week 8,2024-05-15
2123,Week 12,2024-06-12
2124,Baseline,2024-05-08
2124,Week 4,2024-06-05
2124,Week 8,2024-07-03
2124,Week 12,2024-07-31
2125,Baseline,2024-04-27
2125,Week 4,2024-05-25
2125,Week 8,2024-06-22
2125,Week 12,2024-07-20
2126,Baseline,2024-06-18
2126,Week 4,2024-07-16
2126,Week 8,2024-08-13
2126,Week 12,2024-09-10
2127,Baseline,2024-04-28
2127,Week 4,2024-05-26
2127,Week 8,2024-06-23
2127,Week 12,2024-07-21
2128,Baseline,2024-03-19
2128,Week 4,2024-04-16
2128,Week 8,2024-05-14
2128,Week 12,2024-06-11
2129,Baseline,2024-01-19
2129,Week 4,2024-02-16
2129,Week 8,2024-03-15
2129,Week 12,2024-04-12
2130,Baseline,2024-06-23
2130,Week 4,2024-07-21
2130,Week 8,2024-08-18
2130,Week 12,2024-09-15
2131,Baseline,2024-04-11
2131,Week 4,2024-05-09
2131,Week 8,2024-06-06
2131,Week 12,2024-07-04
2132,Baseline,2024-01-04
2132,Week 4,2024-02-01
2132,Week 8,2024-02-29
2132,Week 12,2024-03-28
2133,Baseline,2024-06-24
2133,Week 4,2024-07-22
2133,Week 8,2024-08-19
2133,Week 12,2024-09-16
2134,Baseline,2024-04-22
2134,Week 4,2024-05-20
2134,Week 8,2024-06-17
2134,Week 12,2024-07-15
2135,Baseline,2024-04-13
2135,Week 4,2024-05-11
2135,Week 8,2024-06-08
2135,Week 12,2024-07-06
2136,Baseline,2024-01-31
2136,Week 4,2024-02-28
2136,Week 8,2024-03-27
2136,Week 12,2024-04-24
2137,Baseline,2024-03-06
2137,Week 4,2024-04-03
2137,Week 8,2024-05-01
2137,Week 12,2024-05-29
2138,Baseline,2024-04-23
2138,Week 4,2024-05-21
2138,Week 8,2024-06-18
2138,Week 12,2024-07-16
2139,Baseline,2024-02-09
2139,Week 4,2024-03-08
2139,Week 8,2024-04-05
2139,Week 12,2024-05-03
2140,Baseline,2024-03-02
2140,Week 4,2024-03-30
2140,Week 8,2024-04-27
2140,Week 12,2024-05-25
2141,Baseline,2024-02-19
2141,Week 4,2024-03-18
2141,Week 8,2024-04-15
2141,Week 12,2024-05-13
2142,Baseline,2024-05-19
2142,Week 4,2024-06-16
2142,Week 8,2024-07-14
2142,Week 12,2024-08-11
2143,Baseline,2024-01-19
2143,Week 4,2024-02-16
2143,Week 8,2024-03-15
2143,Week 12,2024-04-12
2144,Baseline,2024-01-15
2144,Week 4,2024-02-12
2144,Week 8,2024-03-11
2144,Week 12,2024-04-08
2145,Baseline,2024-01-15
2145,Week 4,2024-02-12
2145,Week 8,2024-03-11
2145,Week 12,2024-04-08
2146,Baseline,2024-05-31
2146,Week 4,2024-06-28
2146,Week 8,2024-07-26
2146,Week 12,2024-08-23
2147,Baseline,2024-02-11
2147,Week 4,2024-03-10
2147,Week 8,2024-04-07
2147,Week 12,2024-05-05
2148,Baseline,2024-05-30
2148,Week 4,2024-06-27
2148,Week 8,2024-07-25
2148,Week 12,2024-08-22
2149,Baseline,2024-01-19
2149,Week 4,2024-02-16
2149,Week 8,2024-03-15
2149,Week 12,2024-04-12
2150,Baseline,2024-06-09
2150,Week 4,2024-07-07
2150,Week 8,2024-08-04
2150,Week 12,2024-09-01
2151,Baseline,2024-02-18
2151,Week 4,2024-03-17
2151,Week 8,2024-04-14
2151,Week 12,2024-05-12
2152,Baseline,2024-02-28
2152,Week 4,2024-03-27
2152,Week 8,2024-04-24
2152,Week 12,2024-05-22
2153,Baseline,2024-05-08
2153,Week 4,2024-06-05
2153,Week 8,2024-07-03
2153,Week 12,2024-07-31
2154,Baseline,2024-02-04
2154,Week 4,2024-03-03
2154,Week 8,2024-03-31
2154,Week 12,2024-04-28
2155,Baseline,2024-03-04
2155,Week 4,2024-04-01
2155,Week 8,2024-04-29
2155,Week 12,2024-05-27
2156,Baseline,2024-05-03
2156,Week 4,2024-05-31
2156,Week 8,2024-06-28
2156,Week 12,2024-07-26
2157,Baseline,2024-01-14
2157,Week 4,2024-02-11
2157,Week 8,2024-03-10
2157,Week 12,2024-04-07
2158,Baseline,2024-06-03
2158,Week 4,2024-07-01
2158,Week 8,2024-07-29
2158,Week 12,2024-08-26
2159,Baseline,2024-05-31
2159,Week 4,2024-06-28
2159,Week 8,2024-07-26
2159,Week 12,2024-08-23
2160,Baseline,2024-05-18
2160,Week 4,2024-06-15
2160,Week 8,2024-07-13
2160,Week 12,2024-08-10
2161,Baseline,2024-06-26
2161,Week 4,2024-07-24
2161,Week 8,2024-08-21
2161,Week 12,2024-09-18
2162,Baseline,2024-06-20
2162,Week 4,2024-07-18
2162,Week 8,2024-08-15
2162,Week 12,2024-09-12
2163,Baseline,2024-03-06
2163,Week 4,2024-04-03
2163,Week 8,2024-05-01
2163,Week 12,2024-05-29
2164,Baseline,2024-05-10
2164,Week 4,2024-06-07
2164,Week 8,2024-07-05
2164,Week 12,2024-08-02
2165,Baseline,2024-02-05
2165,Week 4,2024-03-04
2165,Week 8,2024-04-01
2165,Week 12,2024-04-29
2166,Baseline,2024-05-05
2166,Week 4,2024-06-02
2166,Week 8,2024-06-30
2166,Week 12,2024-07-28
2167,Baseline,2024-06-06
2167,Week 4,2024-07-04
2167,Week 8,2024-08-01
2167,Week 12,2024-08-29
2168,Baseline,2024-01-13
2168,Week 4,2024-02-10
2168,Week 8,2024-03-09
2168,Week 12,2024-04-06
2169,Baseline,2024-06-22
2169,Week 4,2024-07-20
2169,Week 8,2024-08-17
2169,Week 12,2024-09-14
2170,Baseline,2024-02-28
2170,Week 4,2024-03-27
2170,Week 8,2024-04-24
2170,Week 12,2024-05-22
2171,Baseline,2024-02-06
2171,Week 4,2024-03-05
2171,Week 8,2024-04-02
2171,Week 12,2024-04-30
2172,Baseline,2024-05-04
2172,Week 4,2024-06-01
2172,Week 8,2024-06-29
2172,Week 12,2024-07-27
2173,Baseline,2024-02-29
2173,Week 4,2024-03-28
2173,Week 8,2024-04-25
2173,Week 12,2024-05-23
2174,Baseline,2024-06-03
2174,Week 4,2024-07-01
2174,Week 8,2024-07-29
2174,Week 12,2024-08-26
2175,Baseline,2024-06-09
2175,Week 4,2024-07-07
2175,Week 8,2024-08-04
2175,Week 12,2024-09-01
2176,Baseline,2024-03-16
2176,Week 4,2024-04-13
2176,Week 8,2024-05-11
2176,Week 12,2024-06-08
2177,Baseline,2024-04-02
2177,Week 4,2024-04-30
2177,Week 8,2024-05-28
2177,Week 12,2024-06-25
2178,Baseline,2024-03-27
2178,Week 4,2024-04-24
2178,Week 8,2024-05-22
2178,Week 12,2024-06-19
2179,Baseline,2024-06-16
2179,Week 4,2024-07-14
2179,Week 8,2024-08-11
2179,Week 12,2024-09-08
2180,Baseline,2024-04-25
2180,Week 4,2024-05-23
2180,Week 8,2024-06-20
2180,Week 12,2024-07-18
2181,Baseline,2024-06-04
2181,Week 4,2024-07-02
2181,Week 8,2024-07-30
2181,Week 12,2024-08-27
2182,Baseline,2024-02-15
2182,Week 4,2024-03-14
2182,Week 8,2024-04-11
2182,Week 12,2024-05-09
2183,Baseline,2024-02-02
2183,Week 4,2024-03-01
2183,Week 8,2024-03-29
2183,Week 12,2024-04-26
2184,Baseline,2024-01-27
2184,Week 4,2024-02-24
2184,Week 8,2024-03-23
2184,Week 12,2024-04-20
2185,Baseline,2024-06-15
2185,Week 4,2024-07-13
2185,Week 8,2024-08-10
2185,Week 12,2024-09-07
2186,Baseline,2024-05-19
2186,Week 4,2024-06-16
2186,Week 8,2024-07-14
2186,Week 12,2024-08-11
2187,Baseline,2024-04-08
2187,Week 4,2024-05-06
2187,Week 8,2024-06-03
2187,Week 12,2024-07-01
2188,Baseline,2024-01-31
2188,Week 4,2024-02-28
2188,Week 8,2024-03-27
2188,Week 12,2024-04-24
2189,Baseline,2024-02-27
2189,Week 4,2024-03-26
2189,Week 8,2024-04-23
2189,Week 12,2024-05-21
2190,Baseline,2024-05-24
2190,Week 4,2024-06-21
2190,Week 8,2024-07-19
2190,Week 12,2024-08-16
2191,Baseline,2024-02-14
2191,Week 4,2024-03-13
2191,Week 8,2024-04-10
2191,Week 12,2024-05-08
2192,Baseline,2024-03-31
2192,Week 4,2024-04-28
2192,Week 8,2024-05-26
2192,Week 12,2024-06-23
2193,Baseline,2024-05-18
2193,Week 4,2024-06-15
2193,Week 8,2024-07-13
2193,Week 12,2024-08-10
2194,Baseline,2024-03-02
2194,Week 4,2024-03-30
2194,Week 8,2024-04-27
2194,Week 12,2024-05-25
2195,Baseline,2024-06-20
2195,Week 4,2024-07-18
2195,Week 8,2024-08-15
2195,Week 12,2024-09-12
2196,Baseline,2024-02-16
2196,Week 4,2024-03-15
2196,Week 8,2024-04-12
2196,Week 12,2024-05-10
2197,Baseline,2024-03-08
2197,Week 4,2024-04-05
2197,Week 8,2024-05-03
2197,Week 12,2024-05-31
2198,Baseline,2024-03-17
2198,Week 4,2024-04-14
2198,Week 8,2024-05-12
2198,Week 12,2024-06-09
2199,Baseline,2024-05-23
2199,Week 4,2024-06-20
2199,Week 8,2024-07-18
2199,Week 12,2024-08-15
2200,Baseline,2024-05-10
2200,Week 4,2024-06-07
2200,Week 8,2024-07-05
2200,Week 12,2024-08-02
2201,Baseline,2024-05-02
2201,Week 4,2024-05-30
2201,Week 8,2024-06-27
2201,Week 12,2024-07-25
2202,Baseline,2024-01-27
2202,Week 4,2024-02-24
2202,Week 8,2024-03-23
2202,Week 12,2024-04-20
2203,Baseline,2024-02-16
2203,Week 4,2024-03-15
2203,Week 8,2024-04-12
2203,Week 12,2024-05-10
2204,Baseline,2024-05-12
2204,Week 4,2024-06-09
2204,Week 8,2024-07-07
2204,Week 12,2024-08-04
2205,Baseline,2024-05-25
2205,Week 4,2024-06-22
2205,Week 8,2024-07-20
2205,Week 12,2024-08-17
2206,Baseline,2024-05-14
2206,Week 4,2024-06-11
2206,Week 8,2024-07-09
2206,Week 12,2024-08-06
2207,Baseline,2024-01-16
2207,Week 4,2024-02-13
2207,Week 8,2024-03-12
2207,Week 12,2024-04-09
2208,Baseline,2024-04-21
2208,Week 4,2024-05-19
2208,Week 8,2024-06-16
2208,Week 12,2024-07-14
2209,Baseline,2024-01-23
2209,Week 4,2024-02-20
2209,Week 8,2024-03-19
2209,Week 12,2024-04-16
2210,Baseline,2024-04-09
2210,Week 4,2024-05-07
2210,Week 8,2024-06-04
2210,Week 12,2024-07-02
2211,Baseline,2024-02-15
2211,Week 4,2024-03-14
2211,Week 8,2024-04-11
2211,Week 12,2024-05-09
2212,Baseline,2024-02-01
2212,Week 4,2024-02-29
2212,Week 8,2024-03-28
2212,Week 12,2024-04-25
2213,Baseline,2024-04-05
2213,Week 4,2024-05-03
2213,Week 8,2024-05-31
2213,Week 12,2024-06-28
2214,Baseline,2024-03-27
2214,Week 4,2024-04-24
2214,Week 8,2024-05-22
2214,Week 12,2024-06-19
2215,Baseline,2024-06-09
2215,Week 4,2024-07-07
2215,Week 8,2024-08-04
2215,Week 12,2024-09-01
2216,Baseline,2024-06-25
2216,Week 4,2024-07-23
2216,Week 8,2024-08-20
2216,Week 12,2024-09-17
2217,Baseline,2024-06-11
2217,Week 4,2024-07-09
2217,Week 8,2024-08-06
2217,Week 12,2024-09-03
2218,Baseline,2024-01-02
2218,Week 4,2024-01-30
2218,Week 8,2024-02-27
2218,Week 12,2024-03-26
2219,Baseline,2024-01-20
2219,Week 4,2024-02-17
2219,Week 8,2024-03-16
2219,Week 12,2024-04-13
2220,Baseline,2024-04-22
2220,Week 4,2024-05-20
2220,Week 8,2024-06-17
2220,Week 12,2024-07-15
2221,Baseline,2024-05-24
2221,Week 4,2024-06-21
2221,Week 8,2024-07-19
2221,Week 12,2024-08-16
2222,Baseline,2024-03-31
2222,Week 4,2024-04-28
2222,Week 8,2024-05-26
2222,Week 12,2024-06-23
2223,Baseline,2024-03-14
2223,Week 4,2024-04-11
2223,Week 8,2024-05-09
2223,Week 12,2024-06-06
2224,Baseline,2024-03-20
2224,Week 4,2024-04-17
2224,Week 8,2024-05-15
2224,Week 12,2024-06-12
2225,Baseline,2024-03-04
2225,Week 4,2024-04-01
2225,Week 8,2024-04-29
2225,Week 12,2024-05-27
2226,Baseline,2024-05-27
2226,Week 4,2024-06-24
2226,Week 8,2024-07-22
2226,Week 12,2024-08-19
2227,Baseline,2024-06-06
2227,Week 4,2024-07-04
2227,Week 8,2024-08-01
2227,Week 12,2024-08-29
2228,Baseline,2024-05-25
2228,Week 4,2024-06-22
2228,Week 8,2024-07-20
2228,Week 12,2024-08-17
2229,Baseline,2024-01-22
2229,Week 4,2024-02-19
2229,Week 8,2024-03-18
2229,Week 12,2024-04-15
2230,Baseline,2024-06-09
2230,Week 4,2024-07-07
2230,Week 8,2024-08-04
2230,Week 12,2024-09-01
2231,Baseline,2024-04-20
2231,Week 4,2024-05-18
2231,Week 8,2024-06-15
2231,Week 12,2024-07-13
2232,Baseline,2024-04-08
2232,Week 4,2024-05-06
2232,Week 8,2024-06-03
2232,Week 12,2024-07-01
2233,Baseline,2024-02-09
2233,Week 4,2024-03-08
2233,Week 8,2024-04-05
2233,Week 12,2024-05-03
2234,Baseline,2024-06-25
2234,Week 4,2024-07-23
2234,Week 8,2024-08-20
2234,Week 12,2024-09-17
2235,Baseline,2024-03-19
2235,Week 4,2024-04-16
2235,Week 8,2024-05-14
2235,Week 12,2024-06-11
2236,Baseline,2024-01-25
2236,Week 4,2024-02-22
2236,Week 8,2024-03-21
2236,Week 12,2024-04-18
2237,Baseline,2024-02-27
2237,Week 4,2024-03-26
2237,Week 8,2024-04-23
2237,Week 12,2024-05-21
2238,Baseline,2024-03-17
2238,Week 4,2024-04-14
2238,Week 8,2024-05-12
2238,Week 12,2024-06-09
2239,Baseline,2024-05-14
2239,Week 4,2024-06-11
2239,Week 8,2024-07-09
2239,Week 12,2024-08-06
2240,Baseline,2024-04-26
2240,Week 4,2024-05-24
2240,Week 8,2024-06-21
2240,Week 12,2024-07-19
2241,Baseline,2024-03-18
2241,Week 4,2024-04-15
2241,Week 8,2024-05-13
2241,Week 12,2024-06-10
2242,Baseline,2024-06-08
2242,Week 4,2024-07-06
2242,Week 8,2024-08-03
2242,Week 12,2024-08-31
2243,Baseline,2024-01-15
2243,Week 4,2024-02-12
2243,Week 8,2024-03-11
2243,Week 12,2024-04-08
2244,Baseline,2024-03-06
2244,Week 4,2024-04-03
2244,Week 8,2024-05-01
2244,Week 12,2024-05-29
2245,Baseline,2024-01-05
2245,Week 4,2024-02-02
2245,Week 8,2024-03-01
2245,Week 12,2024-03-29
2246,Baseline,2024-02-15
2246,Week 4,2024-03-14
2246,Week 8,2024-04-11
2246,Week 12,2024-05-09
2247,Baseline,2024-04-29
2247,Week 4,2024-05-27
2247,Week 8,2024-06-24
2247,Week 12,2024-07-22
2248,Baseline,2024-02-04
2248,Week 4,2024-03-03
2248,Week 8,2024-03-31
2248,Week 12,2024-04-28
2249,Baseline,2024-01-08
2249,Week 4,2024-02-05
2249,Week 8,2024-03-04
2249,Week 12,2024-04-01
2250,Baseline,2024-06-19
2250,Week 4,2024-07-17
2250,Week 8,2024-08-14
2250,Week 12,2024-09-11
2251,Baseline,2024-02-11
2251,Week 4,2024-03-10
2251,Week 8,2024-04-07
2251,Week 12,2024-05-05
2252,Baseline,2024-05-08
2252,Week 4,2024-06-05
2252,Week 8,2024-07-03
2252,Week 12,2024-07-31
2253,Baseline,2024-02-23
2253,Week 4,2024-03-22
2253,Week 8,2024-04-19
2253,Week 12,2024-05-17
2254,Baseline,2024-04-17
2254,Week 4,2024-05-15
2254,Week 8,2024-06-12
2254,Week 12,2024-07-10
2255,Baseline,2024-04-14
2255,Week 4,2024-05-12
2255,Week 8,2024-06-09
2255,Week 12,2024-07-07
2256,Baseline,2024-01-13
2256,Week 4,2024-02-10
2256,Week 8,2024-03-09
2256,Week 12,2024-04-06
2257,Baseline,2024-03-25
2257,Week 4,2024-04-22
2257,Week 8,2024-05-20
2257,Week 12,2024-06-17
2258,Baseline,2024-01-25
2258,Week 4,2024-02-22
2258,Week 8,2024-03-21
2258,Week 12,2024-04-18
2259,Baseline,2024-06-05
2259,Week 4,2024-07-03
2259,Week 8,2024-07-31
2259,Week 12,2024-08-28
2260,Baseline,2024-03-19
2260,Week 4,2024-04-16
2260,Week 8,2024-05-14
2260,Week 12,2024-06-11
2261,Baseline,2024-01-06
2261,Week 4,2024-02-03
2261,Week 8,2024-03-02
2261,Week 12,2024-03-30
2262,Baseline,2024-05-27
2262,Week 4,2024-06-24
2262,Week 8,2024-07-22
2262,Week 12,2024-08-19
2263,Baseline,2024-01-23
2263,Week 4,2024-02-20
2263,Week 8,2024-03-19
2263,Week 12,2024-04-16
2264,Baseline,2024-03-02
2264,Week 4,2024-03-30
2264,Week 8,2024-04-27
2264,Week 12,2024-05-25
2265,Baseline,2024-04-15
2265,Week 4,2024-05-13
2265,Week 8,2024-06-10
2265,Week 12,2024-07-08
2266,Baseline,2024-05-20
2266,Week 4,2024-06-17
2266,Week 8,2024-07-15
2266,Week 12,2024-08-12
2267,Baseline,2024-02-03
2267,Week 4,2024-03-02
2267,Week 8,2024-03-30
2267,Week 12,2024-04-27
2268,Baseline,2024-02-20
2268,Week 4,2024-03-19
2268,Week 8,2024-04-16
2268,Week 12,2024-05-14
2269,Baseline,2024-03-08
2269,Week 4,2024-04-05
2269,Week 8,2024-05-03
2269,Week 12,2024-05-31
2270,Baseline,2024-05-12
2270,Week 4,2024-06-09
2270,Week 8,2024-07-07
2270,Week 12,2024-08-04
2271,Baseline,2024-06-27
2271,Week 4,2024-07-25
2271,Week 8,2024-08-22
2271,Week 12,2024-09-19
2272,Baseline,2024-06-27
2272,Week 4,2024-07-25
2272,Week 8,2024-08-22
2272,Week 12,2024-09-19
2273,Baseline,2024-01-04
2273,Week 4,2024-02-01
2273,Week 8,2024-02-29
2273,Week 12,2024-03-28
2274,Baseline,2024-05-31
2274,Week 4,2024-06-28
2274,Week 8,2024-07-26
2274,Week 12,2024-08-23
2275,Baseline,2024-04-17
2275,Week 4,2024-05-15
2275,Week 8,2024-06-12
2275,Week 12,2024-07-10
2276,Baseline,2024-03-20
2276,Week 4,2024-04-17
2276,Week 8,2024-05-15
2276,Week 12,2024-06-12
2277,Baseline,2024-06-22
2277,Week 4,2024-07-20
2277,Week 8,2024-08-17
2277,Week 12,2024-09-14
2278,Baseline,2024-02-25
2278,Week 4,2024-03-24
2278,Week 8,2024-04-21
2278,Week 12,2024-05-19
2279,Baseline,2024-01-18
2279,Week 4,2024-02-15
2279,Week 8,2024-03-14
2279,Week 12,2024-04-11
2280,Baseline,2024-03-26
2280,Week 4,2024-04-23
2280,Week 8,2024-05-21
2280,Week 12,2024-06-18
2281,Baseline,2024-02-14
2281,Week 4,2024-03-13
2281,Week 8,2024-04-10
2281,Week 12,2024-05-08
2282,Baseline,2024-03-10
2282,Week 4,2024-04-07
2282,Week 8,2024-05-05
2282,Week 12,2024-06-02
2283,Baseline,2024-02-10
2283,Week 4,2024-03-09
2283,Week 8,2024-04-06
2283,Week 12,2024-05-04
2284,Baseline,2024-02-25
2284,Week 4,2024-03-24
2284,Week 8,2024-04-21
2284,Week 12,2024-05-19
2285,Baseline,2024-02-15
2285,Week 4,2024-03-14
2285,Week 8,2024-04-11
2285,Week 12,2024-05-09
2286,Baseline,2024-05-05
2286,Week 4,2024-06-02
2286,Week 8,2024-06-30
2286,Week 12,2024-07-28
2287,Baseline,2024-06-18
2287,Week 4,2024-07-16
2287,Week 8,2024-08-13
2287,Week 12,2024-09-10
2288,Baseline,2024-02-24
2288,Week 4,2024-03-23
2288,Week 8,2024-04-20
2288,Week 12,2024-05-18
2289,Baseline,2024-06-10
2289,Week 4,2024-07-08
2289,Week 8,2024-08-05
2289,Week 12,2024-09-02
2290,Baseline,2024-05-20
2290,Week 4,2024-06-17
2290,Week 8,2024-07-15
2290,Week 12,2024-08-12
2291,Baseline,2024-05-09
2291,Week 4,2024-06-06
2291,Week 8,2024-07-04
2291,Week 12,2024-08-01
2292,Baseline,2024-02-20
2292,Week 4,2024-03-19
2292,Week 8,2024-04-16
2292,Week 12,2024-05-14
2293,Baseline,2024-04-22
2293,Week 4,2024-05-20
2293,Week 8,2024-06-17
2293,Week 12,2024-07-15
2294,Baseline,2024-01-09
2294,Week 4,2024-02-06
2294,Week 8,2024-03-05
2294,Week 12,2024-04-02
2295,Baseline,2024-05-12
2295,Week 4,2024-06-09
2295,Week 8,2024-07-07
2295,Week 12,2024-08-04
2296,Baseline,2024-06-14
2296,Week 4,2024-07-12
2296,Week 8,2024-08-09
2296,Week 12,2024-09-06
2297,Baseline,2024-05-06
2297,Week 4,2024-06-03
2297,Week 8,2024-07-01
2297,Week 12,2024-07-29
2298,Baseline,2024-04-02
2298,Week 4,2024-04-30
2298,Week 8,2024-05-28
2298,Week 12,2024-06-25
2299,Baseline,2024-06-26
2299,Week 4,2024-07-24
2299,Week 8,2024-08-21
2299,Week 12,2024-09-18
2300,Baseline,2024-01-03
2300,Week 4,2024-01-31
2300,Week 8,2024-02-28
2300,Week 12,2024-03-27
2301,Baseline,2024-01-22
2301,Week 4,2024-02-19
2301,Week 8,2024-03-18
2301,Week 12,2024-04-15
2302,Baseline,2024-01-12
2302,Week 4,2024-02-09
2302,Week 8,2024-03-08
2302,Week 12,2024-04-05
2303,Baseline,2024-01-02
2303,Week 4,2024-01-30
2303,Week 8,2024-02-27
2303,Week 12,2024-03-26
2304,Baseline,2024-04-18
2304,Week 4,2024-05-16
2304,Week 8,2024-06-13
2304,Week 12,2024-07-11
2305,Baseline,2024-06-03
2305,Week 4,2024-07-01
2305,Week 8,2024-07-29
2305,Week 12,2024-08-26
2306,Baseline,2024-01-11
2306,Week 4,2024-02-08
2306,Week 8,2024-03-07
2306,Week 12,2024-04-04
2307,Baseline,2024-04-19
2307,Week 4,2024-05-17
2307,Week 8,2024-06-14
2307,Week 12,2024-07-12
2308,Baseline,2024-01-28
2308,Week 4,2024-02-25
2308,Week 8,2024-03-24
2308,Week 12,2024-04-21
2309,Baseline,2024-04-30
2309,Week 4,2024-05-28
2309,Week 8,2024-06-25
2309,Week 12,2024-07-23
2310,Baseline,2024-01-07
2310,Week 4,2024-02-04
2310,Week 8,2024-03-03
2310,Week 12,2024-03-31
2311,Baseline,2024-02-04
2311,Week 4,2024-03-03
2311,Week 8,2024-03-31
2311,Week 12,2024-04-28
2312,Baseline,2024-04-11
2312,Week 4,2024-05-09
2312,Week 8,2024-06-06
2312,Week 12,2024-07-04
2313,Baseline,2024-03-31
2313,Week 4,2024-04-28
2313,Week 8,2024-05-26
2313,Week 12,2024-06-23
2314,Baseline,2024-04-23
2314,Week 4,2024-05-21
2314,Week 8,2024-06-18
2314,Week 12,2024-07-16
2315,Baseline,2024-01-03
2315,Week 4,2024-01-31
2315,Week 8,2024-02-28
2315,Week 12,2024-03-27
2316,Baseline,2024-04-08
2316,Week 4,2024-05-06
2316,Week 8,2024-06-03
2316,Week 12,2024-07-01
2317,Baseline,2024-06-24
2317,Week 4,2024-07-22
2317,Week 8,2024-08-19
2317,Week 12,2024-09-16
2318,Baseline,2024-04-03
2318,Week 4,2024-05-01
2318,Week 8,2024-05-29
2318,Week 12,2024-06-26
2319,Baseline,2024-03-16
2319,Week 4,2024-04-13
2319,Week 8,2024-05-11
2319,Week 12,2024-06-08
2320,Baseline,2024-06-04
2320,Week 4,2024-07-02
2320,Week 8,2024-07-30
2320,Week 12,2024-08-27
2321,Baseline,2024-03-10
2321,Week 4,2024-04-07
2321,Week 8,2024-05-05
2321,Week 12,2024-06-02
2322,Baseline,2024-03-25
2322,Week 4,2024-04-22
2322,Week 8,2024-05-20
2322,Week 12,2024-06-17
2323,Baseline,2024-03-20
2323,Week 4,2024-04-17
2323,Week 8,2024-05-15
2323,Week 12,2024-06-12
2324,Baseline,2024-02-07
2324,Week 4,2024-03-06
2324,Week 8,2024-04-03
2324,Week 12,2024-05-01
2325,Baseline,2024-03-15
2325,Week 4,2024-04-12
2325,Week 8,2024-05-10
2325,Week 12,2024-06-07
2326,Baseline,2024-01-06
2326,Week 4,2024-02-03
2326,Week 8,2024-03-02
2326,Week 12,2024-03-30
2327,Baseline,2024-06-26
2327,Week 4,2024-07-24
2327,Week 8,2024-08-21
2327,Week 12,2024-09-18
2328,Baseline,2024-04-14
2328,Week 4,2024-05-12
2328,Week 8,2024-06-09
2328,Week 12,2024-07-07
2329,Baseline,2024-04-04
2329,Week 4,2024-05-02
2329,Week 8,2024-05-30
2329,Week 12,2024-06-27
2330,Baseline,2024-03-17
2330,Week 4,2024-04-14
2330,Week 8,2024-05-12
2330,Week 12,2024-06-09
2331,Baseline,2024-05-31
2331,Week 4,2024-06-28
2331,Week 8,2024-07-26
2331,Week 12,2024-08-23
2332,Baseline,2024-05-08
2332,Week 4,2024-06-05
2332,Week 8,2024-07-03
2332,Week 12,2024-07-31
2333,Baseline,2024-01-28
2333,Week 4,2024-02-25
2333,Week 8,2024-03-24
2333,Week 12,2024-04-21
2334,Baseline,2024-04-18
2334,Week 4,2024-05-16
2334,Week 8,2024-06-13
2334,Week 12,2024-07-11
2335,Baseline,2024-01-16
2335,Week 4,2024-02-13
2335,Week 8,2024-03-12
2335,Week 12,2024-04-09
2336,Baseline,2024-01-02
2336,Week 4,2024-01-30
2336,Week 8,2024-02-27
2336,Week 12,2024-03-26
2337,Baseline,2024-05-20
2337,Week 4,2024-06-17
2337,Week 8,2024-07-15
2337,Week 12,2024-08-12
2338,Baseline,2024-06-01
2338,Week 4,2024-06-29
2338,Week 8,2024-07-27
2338,Week 12,2024-08-24
2339,Baseline,2024-01-23
2339,Week 4,2024-02-20
2339,Week 8,2024-03-19
2339,Week 12,2024-04-16
2340,Baseline,2024-01-13
2340,Week 4,2024-02-10
2340,Week 8,2024-03-09
2340,Week 12,2024-04-06
2341,Baseline,2024-04-25
2341,Week 4,2024-05-23
2341,Week 8,2024-06-20
2341,Week 12,2024-07-18
2342,Baseline,2024-05-14
2342,Week 4,2024-06-11
2342,Week 8,2024-07-09
2342,Week 12,2024-08-06
2343,Baseline,2024-06-08
2343,Week 4,2024-07-06
2343,Week 8,2024-08-03
2343,Week 12,2024-08-31
2344,Baseline,2024-01-27
2344,Week 4,2024-02-24
2344,Week 8,2024-03-23
2344,Week 12,2024-04-20
2345,Baseline,2024-02-08
2345,Week 4,2024-03-07
2345,Week 8,2024-04-04
2345,Week 12,2024-05-02
2346,Baseline,2024-03-30
2346,Week 4,2024-04-27
2346,Week 8,2024-05-25
2346,Week 12,2024-06-22
2347,Baseline,2024-02-03
2347,Week 4,2024-03-02
2347,Week 8,2024-03-30
2347,Week 12,2024-04-27
2348,Baseline,2024-06-09
2348,Week 4,2024-07-07
2348,Week 8,2024-08-04
2348,Week 12,2024-09-01
2349,Baseline,2024-02-01
2349,Week 4,2024-02-29
2349,Week 8,2024-03-28
2349,Week 12,2024-04-25
2350,Baseline,2024-06-16
2350,Week 4,2024-07-14
2350,Week 8,2024-08-11
2350,Week 12,2024-09-08
2351,Baseline,2024-02-24
2351,Week 4,2024-03-23
2351,Week 8,2024-04-20
2351,Week 12,2024-05-18
2352,Baseline,2024-01-25
2352,Week 4,2024-02-22
2352,Week 8,2024-03-21
2352,Week 12,2024-04-18
2353,Baseline,2024-03-28
2353,Week 4,2024-04-25
2353,Week 8,2024-05-23
2353,Week 12,2024-06-20
2354,Baseline,2024-01-24
2354,Week 4,2024-02-21
2354,Week 8,2024-03-20
2354,Week 12,2024-04-17
2355,Baseline,2024-05-12
2355,Week 4,2024-06-09
2355,Week 8,2024-07-07
2355,Week 12,2024-08-04
2356,Baseline,2024-01-06
2356,Week 4,2024-02-03
2356,Week 8,2024-03-02
2356,Week 12,2024-03-30
2357,Baseline,2024-05-29
2357,Week 4,2024-06-26
2357,Week 8,2024-07-24
2357,Week 12,2024-08-21
2358,Baseline,2024-02-27
2358,Week 4,2024-03-26
2358,Week 8,2024-04-23
2358,Week 12,2024-05-21
2359,Baseline,2024-06-09
2359,Week 4,2024-07-07
2359,Week 8,2024-08-04
2359,Week 12,2024-09-01
2360,Baseline,2024-06-14
2360,Week 4,2024-07-12
2360,Week 8,2024-08-09
2360,Week 12,2024-09-06
2361,Baseline,2024-03-06
2361,Week 4,2024-04-03
2361,Week 8,2024-05-01
2361,Week 12,2024-05-29
2362,Baseline,2024-05-01
2362,Week 4,2024-05-29
2362,Week 8,2024-06-26
2362,Week 12,2024-07-24
2363,Baseline,2024-06-27
2363,Week 4,2024-07-25
2363,Week 8,2024-08-22
2363,Week 12,2024-09-19
2364,Baseline,2024-02-27
2364,Week 4,2024-03-26
2364,Week 8,2024-04-23
2364,Week 12,2024-05-21
2365,Baseline,2024-05-20
2365,Week 4,2024-06-17
2365,Week 8,2024-07-15
2365,Week 12,2024-08-12
2366,Baseline,2024-01-31
2366,Week 4,2024-02-28
2366,Week 8,2024-03-27
2366,Week 12,2024-04-24
2367,Baseline,2024-01-01
2367,Week 4,2024-01-29
2367,Week 8,2024-02-26
2367,Week 12,2024-03-25
2368,Baseline,2024-01-31
2368,Week 4,2024-02-28
2368,Week 8,2024-03-27
2368,Week 12,2024-04-24
2369,Baseline,2024-04-06
2369,Week 4,2024-05-04
2369,Week 8,2024-06-01
2369,Week 12,2024-06-29
2370,Baseline,2024-01-22
2370,Week 4,2024-02-19
2370,Week 8,2024-03-18
2370,Week 12,2024-04-15
2371,Baseline,2024-03-15
2371,Week 4,2024-04-12
2371,Week 8,2024-05-10
2371,Week 12,2024-06-07
2372,Baseline,2024-04-08
2372,Week 4,2024-05-06
2372,Week 8,2024-06-03
2372,Week 12,2024-07-01
2373,Baseline,2024-03-29
2373,Week 4,2024-04-26
2373,Week 8,2024-05-24
2373,Week 12,2024-06-21
2374,Baseline,2024-04-25
2374,Week 4,2024-05-23
2374,Week 8,2024-06-20
2374,Week 12,2024-07-18
2375,Baseline,2024-04-11
2375,Week 4,2024-05-09
2375,Week 8,2024-06-06
2375,Week 12,2024-07-04
2376,Baseline,2024-06-08
2376,Week 4,2024-07-06
2376,Week 8,2024-08-03
2376,Week 12,2024-08-31
2377,Baseline,2024-05-14
2377,Week 4,2024-06-11
2377,Week 8,2024-07-09
2377,Week 12,2024-08-06
2378,Baseline,2024-05-29
2378,Week 4,2024-06-26
2378,Week 8,2024-07-24
2378,Week 12,2024-08-21
2379,Baseline,2024-04-09
2379,Week 4,2024-05-07
2379,Week 8,2024-06-04
2379,Week 12,2024-07-02
2380,Baseline,2024-03-05
2380,Week 4,2024-04-02
2380,Week 8,2024-04-30
2380,Week 12,2024-05-28
2381,Baseline,2024-04-25
2381,Week 4,2024-05-23
2381,Week 8,2024-06-20
2381,Week 12,2024-07-18
2382,Baseline,2024-03-10
2382,Week 4,2024-04-07
2382,Week 8,2024-05-05
2382,Week 12,2024-06-02
2383,Baseline,2024-06-15
2383,Week 4,2024-07-13
2383,Week 8,2024-08-10
2383,Week 12,2024-09-07
2384,Baseline,2024-06-14
2384,Week 4,2024-07-12
2384,Week 8,2024-08-09
2384,Week 12,2024-09-06
2385,Baseline,2024-02-12
2385,Week 4,2024-03-11
2385,Week 8,2024-04-08
2385,Week 12,2024-05-06
2386,Baseline,2024-02-14
2386,Week 4,2024-03-13
2386,Week 8,2024-04-10
2386,Week 12,2024-05-08
2387,Baseline,2024-01-02
2387,Week 4,2024-01-30
2387,Week 8,2024-02-27
2387,Week 12,2024-03-26
2388,Baseline,2024-04-14
2388,Week 4,2024-05-12
2388,Week 8,2024-06-09
2388,Week 12,2024-07-07
2389,Baseline,2024-04-01
2389,Week 4,2024-04-29
2389,Week 8,2024-05-27
2389,Week 12,2024-06-24
2390,Baseline,2024-05-23
2390,Week 4,2024-06-20
2390,Week 8,2024-07-18
2390,Week 12,2024-08-15
2391,Baseline,2024-02-25
2391,Week 4,2024-03-24
2391,Week 8,2024-04-21
2391,Week 12,2024-05-19
2392,Baseline,2024-02-13
2392,Week 4,2024-03-12
2392,Week 8,2024-04-09
2392,Week 12,2024-05-07
2393,Baseline,2024-06-03
2393,Week 4,2024-07-01
2393,Week 8,2024-07-29
2393,Week 12,2024-08-26
2394,Baseline,2024-02-17
2394,Week 4,2024-03-16
2394,Week 8,2024-04-13
2394,Week 12,2024-05-11
2395,Baseline,2024-04-29
2395,Week 4,2024-05-27
2395,Week 8,2024-06-24
2395,Week 12,2024-07-22
2396,Baseline,2024-05-02
2396,Week 4,2024-05-30
2396,Week 8,2024-06-27
2396,Week 12,2024-07-25
2397,Baseline,2024-03-19
2397,Week 4,2024-04-16
2397,Week 8,2024-05-14
2397,Week 12,2024-06-11
2398,Baseline,2024-01-27
2398,Week 4,2024-02-24
2398,Week 8,2024-03-23
2398,Week 12,2024-04-20
2399,Baseline,2024-05-31
2399,Week 4,2024-06-28
2399,Week 8,2024-07-26
2399,Week 12,2024-08-23
2400,Baseline,2024-05-04
2400,Week 4,2024-06-01
2400,Week 8,2024-06-29
2400,Week 12,2024-07-27
2401,Baseline,2024-06-27
2401,Week 4,2024-07-25
2401,Week 8,2024-08-22
2401,Week 12,2024-09-19
2402,Baseline,2024-06-04
2402,Week 4,2024-07-02
2402,Week 8,2024-07-30
2402,Week 12,2024-08-27
2403,Baseline,2024-01-08
2403,Week 4,2024-02-05
2403,Week 8,2024-03-04
2403,Week 12,2024-04-01
2404,Baseline,2024-02-08
2404,Week 4,2024-03-07
2404,Week 8,2024-04-04
2404,Week 12,2024-05-02
2405,Baseline,2024-03-03
2405,Week 4,2024-03-31
2405,Week 8,2024-04-28
2405,Week 12,2024-05-26
2406,Baseline,2024-03-14
2406,Week 4,2024-04-11
2406,Week 8,2024-05-09
2406,Week 12,2024-06-06
2407,Baseline,2024-05-20
2407,Week 4,2024-06-17
2407,Week 8,2024-07-15
2407,Week 12,2024-08-12
2408,Baseline,2024-01-17
2408,Week 4,2024-02-14
2408,Week 8,2024-03-13
2408,Week 12,2024-04-10
2409,Baseline,2024-03-01
2409,Week 4,2024-03-29
2409,Week 8,2024-04-26
2409,Week 12,2024-05-24
2410,Baseline,2024-02-14
2410,Week 4,2024-03-13
2410,Week 8,2024-04-10
2410,Week 12,2024-05-08
2411,Baseline,2024-04-01
2411,Week 4,2024-04-29
2411,Week 8,2024-05-27
2411,Week 12,2024-06-24
2412,Baseline,2024-01-30
2412,Week 4,2024-02-27
2412,Week 8,2024-03-26
2412,Week 12,2024-04-23
2413,Baseline,2024-01-08
2413,Week 4,2024-02-05
2413,Week 8,2024-03-04
2413,Week 12,2024-04-01
2414,Baseline,2024-01-23
2414,Week 4,2024-02-20
2414,Week 8,2024-03-19
2414,Week 12,2024-04-16
2415,Baseline,2024-04-11
2415,Week 4,2024-05-09
2415,Week 8,2024-06-06
2415,Week 12,2024-07-04
2416,Baseline,2024-05-22
2416,Week 4,2024-06-19
2416,Week 8,2024-07-17
2416,Week 12,2024-08-14
2417,Baseline,2024-06-26
2417,Week 4,2024-07-24
2417,Week 8,2024-08-21
2417,Week 12,2024-09-18
2418,Baseline,2024-05-17
2418,Week 4,2024-06-14
2418,Week 8,2024-07-12
2418,Week 12,2024-08-09
2419,Baseline,2024-02-15
2419,Week 4,2024-03-14
2419,Week 8,2024-04-11
2419,Week 12,2024-05-09
2420,Baseline,2024-05-02
2420,Week 4,2024-05-30
2420,Week 8,2024-06-27
2420,Week 12,2024-07-25
2421,Baseline,2024-02-29
2421,Week 4,2024-03-28
2421,Week 8,2024-04-25
2421,Week 12,2024-05-23
2422,Baseline,2024-03-30
2422,Week 4,2024-04-27
2422,Week 8,2024-05-25
2422,Week 12,2024-06-22
2423,Baseline,2024-05-04
2423,Week 4,2024-06-01
2423,Week 8,2024-06-29
2423,Week 12,2024-07-27
2424,Baseline,2024-02-24
2424,Week 4,2024-03-23
2424,Week 8,2024-04-20
2424,Week 12,2024-05-18
2425,Baseline,2024-02-06
2425,Week 4,2024-03-05
2425,Week 8,2024-04-02
2425,Week 12,2024-04-30
2426,Baseline,2024-05-15
2426,Week 4,2024-06-12
2426,Week 8,2024-07-10
2426,Week 12,2024-08-07
2427,Baseline,2024-05-02
2427,Week 4,2024-05-30
2427,Week 8,2024-06-27
2427,Week 12,2024-07-25
2428,Baseline,2024-04-22
2428,Week 4,2024-05-20
2428,Week 8,2024-06-17
2428,Week 12,2024-07-15
2429,Baseline,2024-05-12
2429,Week 4,2024-06-09
2429,Week 8,2024-07-07
2429,Week 12,2024-08-04
2430,Baseline,2024-02-28
2430,Week 4,2024-03-27
2430,Week 8,2024-04-24
2430,Week 12,2024-05-22
2431,Baseline,2024-04-24
2431,Week 4,2024-05-22
2431,Week 8,2024-06-19
2431,Week 12,2024-07-17
2432,Baseline,2024-02-19
2432,Week 4,2024-03-18
2432,Week 8,2024-04-15
2432,Week 12,2024-05-13
2433,Baseline,2024-06-20
2433,Week 4,2024-07-18
2433,Week 8,2024-08-15
2433,Week 12,2024-09-12
2434,Baseline,2024-01-19
2434,Week 4,2024-02-16
2434,Week 8,2024-03-15
2434,Week 12,2024-04-12
2435,Baseline,2024-05-02
2435,Week 4,2024-05-30
2435,Week 8,2024-06-27
2435,Week 12,2024-07-25
2436,Baseline,2024-04-03
2436,Week 4,2024-05-01
2436,Week 8,2024-05-29
2436,Week 12,2024-06-26
2437,Baseline,2024-03-24
2437,Week 4,2024-04-21
2437,Week 8,2024-05-19
2437,Week 12,2024-06-16
2438,Baseline,2024-02-25
2438,Week 4,2024-03-24
2438,Week 8,2024-04-21
2438,Week 12,2024-05-19
2439,Baseline,2024-02-12
2439,Week 4,2024-03-11
2439,Week 8,2024-04-08
2439,Week 12,2024-05-06
2440,Baseline,2024-04-18
2440,Week 4,2024-05-16
2440,Week 8,2024-06-13
2440,Week 12,2024-07-11
2441,Baseline,2024-02-07
2441,Week 4,2024-03-06
2441,Week 8,2024-04-03
2441,Week 12,2024-05-01
2442,Baseline,2024-06-18
2442,Week 4,2024-07-16
2442,Week 8,2024-08-13
2442,Week 12,2024-09-10
2443,Baseline,2024-01-28
2443,Week 4,2024-02-25
2443,Week 8,2024-03-24
2443,Week 12,2024-04-21
2444,Baseline,2024-06-10
2444,Week 4,2024-07-08
2444,Week 8,2024-08-05
2444,Week 12,2024-09-02
2445,Baseline,2024-03-27
2445,Week 4,2024-04-24
2445,Week 8,2024-05-22
2445,Week 12,2024-06-19
2446,Baseline,2024-05-17
2446,Week 4,2024-06-14
2446,Week 8,2024-07-12
2446,Week 12,2024-08-09
2447,Baseline,2024-04-13
2447,Week 4,2024-05-11
2447,Week 8,2024-06-08
2447,Week 12,2024-07-06
2448,Baseline,2024-03-28
2448,Week 4,2024-04-25
2448,Week 8,2024-05-23
2448,Week 12,2024-06-20
2449,Baseline,2024-02-13
2449,Week 4,2024-03-12
2449,Week 8,2024-04-09
2449,Week 12,2024-05-07
2450,Baseline,2024-06-22
2450,Week 4,2024-07-20
2450,Week 8,2024-08-17
2450,Week 12,2024-09-14
2451,Baseline,2024-04-28
2451,Week 4,2024-05-26
2451,Week 8,2024-06-23
2451,Week 12,2024-07-21
2452,Baseline,2024-05-14
2452,Week 4,2024-06-11
2452,Week 8,2024-07-09
2452,Week 12,2024-08-06
2453,Baseline,2024-02-16
2453,Week 4,2024-03-15
2453,Week 8,2024-04-12
2453,Week 12,2024-05-10
2454,Baseline,2024-03-13
2454,Week 4,2024-04-10
2454,Week 8,2024-05-08
2454,Week 12,2024-06-05
2455,Baseline,2024-02-15
2455,Week 4,2024-03-14
2455,Week 8,2024-04-11
2455,Week 12,2024-05-09
2456,Baseline,2024-06-08
2456,Week 4,2024-07-06
2456,Week 8,2024-08-03
2456,Week 12,2024-08-31
2457,Baseline,2024-03-06
2457,Week 4,2024-04-03
2457,Week 8,2024-05-01
2457,Week 12,2024-05-29
2458,Baseline,2024-04-02
2458,Week 4,2024-04-30
2458,Week 8,2024-05-28
2458,Week 12,2024-06-25
2459,Baseline,2024-05-10
2459,Week 4,2024-06-07
2459,Week 8,2024-07-05
2459,Week 12,2024-08-02
2460,Baseline,2024-05-04
2460,Week 4,2024-06-01
2460,Week 8,2024-06-29
2460,Week 12,2024-07-27
2461,Baseline,2024-04-30
2461,Week 4,2024-05-28
2461,Week 8,2024-06-25
2461,Week 12,2024-07-23
2462,Baseline,2024-01-24
2462,Week 4,2024-02-21
2462,Week 8,2024-03-20
2462,Week 12,2024-04-17
2463,Baseline,2024-06-15
2463,Week 4,2024-07-13
2463,Week 8,2024-08-10
2463,Week 12,2024-09-07
2464,Baseline,2024-02-02
2464,Week 4,2024-03-01
2464,Week 8,2024-03-29
2464,Week 12,2024-04-26
2465,Baseline,2024-05-19
2465,Week 4,2024-06-16
2465,Week 8,2024-07-14
2465,Week 12,2024-08-11
2466,Baseline,2024-05-19
2466,Week 4,2024-06-16
2466,Week 8,2024-07-14
2466,Week 12,2024-08-11
2467,Baseline,2024-02-11
2467,Week 4,2024-03-10
2467,Week 8,2024-04-07
2467,Week 12,2024-05-05
2468,Baseline,2024-01-22
2468,Week 4,2024-02-19
2468,Week 8,2024-03-18
2468,Week 12,2024-04-15
2469,Baseline,2024-01-26
2469,Week 4,2024-02-23
2469,Week 8,2024-03-22
2469,Week 12,2024-04-19
2470,Baseline,2024-06-12
2470,Week 4,2024-07-10
2470,Week 8,2024-08-07
2470,Week 12,2024-09-04
2471,Baseline,2024-06-22
2471,Week 4,2024-07-20
2471,Week 8,2024-08-17
2471,Week 12,2024-09-14
2472,Baseline,2024-06-18
2472,Week 4,2024-07-16
2472,Week 8,2024-08-13
2472,Week 12,2024-09-10
2473,Baseline,2024-05-28
2473,Week 4,2024-06-25
2473,Week 8,2024-07-23
2473,Week 12,2024-08-20
2474,Baseline,2024-05-22
2474,Week 4,2024-06-19
2474,Week 8,2024-07-17
2474,Week 12,2024-08-14
2475,Baseline,2024-04-14
2475,Week 4,2024-05-12
2475,Week 8,2024-06-09
2475,Week 12,2024-07-07
2476,Baseline,2024-03-20
2476,Week 4,2024-04-17
2476,Week 8,2024-05-15
2476,Week 12,2024-06-12
2477,Baseline,2024-04-26
2477,Week 4,2024-05-24
2477,Week 8,2024-06-21
2477,Week 12,2024-07-19
2478,Baseline,2024-04-05
2478,Week 4,2024-05-03
2478,Week 8,2024-05-31
2478,Week 12,2024-06-28
2479,Baseline,2024-06-13
2479,Week 4,2024-07-11
2479,Week 8,2024-08-08
2479,Week 12,2024-09-05
2480,Baseline,2024-04-20
2480,Week 4,2024-05-18
2480,Week 8,2024-06-15
2480,Week 12,2024-07-13
2481,Baseline,2024-05-20
2481,Week 4,2024-06-17
2481,Week 8,2024-07-15
2481,Week 12,2024-08-12
2482,Baseline,2024-03-04
2482,Week 4,2024-04-01
2482,Week 8,2024-04-29
2482,Week 12,2024-05-27
2483,Baseline,2024-06-14
2483,Week 4,2024-07-12
2483,Week 8,2024-08-09
2483,Week 12,2024-09-06
2484,Baseline,2024-04-27
2484,Week 4,2024-05-25
2484,Week 8,2024-06-22
2484,Week 12,2024-07-20
2485,Baseline,2024-04-16
2485,Week 4,2024-05-14
2485,Week 8,2024-06-11
2485,Week 12,2024-07-09
2486,Baseline,2024-01-30
2486,Week 4,2024-02-27
2486,Week 8,2024-03-26
2486,Week 12,2024-04-23
2487,Baseline,2024-05-04
2487,Week 4,2024-06-01
2487,Week 8,2024-06-29
2487,Week 12,2024-07-27
2488,Baseline,2024-04-22
2488,Week 4,2024-05-20
2488,Week 8,2024-06-17
2488,Week 12,2024-07-15
2489,Baseline,2024-06-15
2489,Week 4,2024-07-13
2489,Week 8,2024-08-10
2489,Week 12,2024-09-07
2490,Baseline,2024-06-22
2490,Week 4,2024-07-20
2490,Week 8,2024-08-17
2490,Week 12,2024-09-14
2491,Baseline,2024-03-09
2491,Week 4,2024-04-06
2491,Week 8,2024-05-04
2491,Week 12,2024-06-01
2492,Baseline,2024-04-19
2492,Week 4,2024-05-17
2492,Week 8,2024-06-14
2492,Week 12,2024-07-12
2493,Baseline,2024-04-23
2493,Week 4,2024-05-21
2493,Week 8,2024-06-18
2493,Week 12,2024-07-16
2494,Baseline,2024-06-26
2494,Week 4,2024-07-24
2494,Week 8,2024-08-21
2494,Week 12,2024-09-18
2495,Baseline,2024-06-05
2495,Week 4,2024-07-03
2495,Week 8,2024-07-31
2495,Week 12,2024-08-28
2496,Baseline,2024-06-27
2496,Week 4,2024-07-25
2496,Week 8,2024-08-22
2496,Week 12,2024-09-19
2497,Baseline,2024-04-17
2497,Week 4,2024-05-15
2497,Week 8,2024-06-12
2497,Week 12,2024-07-10
2498,Baseline,2024-06-04
2498,Week 4,2024-07-02
2498,Week 8,2024-07-30
2498,Week 12,2024-08-27
2499,Baseline,2024-04-01
2499,Week 4,2024-04-29
2499,Week 8,2024-05-27
2499,Week 12,2024-06-24
2500,Baseline,2024-05-22
2500,Week 4,2024-06-19
2500,Week 8,2024-07-17
2500,Week 12,2024-08-14
2501,Baseline,2024-06-01
2501,Week 4,2024-06-29
2501,Week 8,2024-07-27
2501,Week 12,2024-08-24
2502,Baseline,2024-03-22
2502,Week 4,2024-04-19
2502,Week 8,2024-05-17
2502,Week 12,2024-06-14
2503,Baseline,2024-02-02
2503,Week 4,2024-03-01
2503,Week 8,2024-03-29
2503,Week 12,2024-04-26
2504,Baseline,2024-02-10
2504,Week 4,2024-03-09
2504,Week 8,2024-04-06
2504,Week 12,2024-05-04
2505,Baseline,2024-02-06
2505,Week 4,2024-03-05
2505,Week 8,2024-04-02
2505,Week 12,2024-04-30
2506,Baseline,2024-04-05
2506,Week 4,2024-05-03
2506,Week 8,2024-05-31
2506,Week 12,2024-06-28
2507,Baseline,2024-05-14
2507,Week 4,2024-06-11
2507,Week 8,2024-07-09
2507,Week 12,2024-08-06
2508,Baseline,2024-06-01
2508,Week 4,2024-06-29
2508,Week 8,2024-07-27
2508,Week 12,2024-08-24
2509,Baseline,2024-06-19
2509,Week 4,2024-07-17
2509,Week 8,2024-08-14
2509,Week 12,2024-09-11
2510,Baseline,2024-02-06
2510,Week 4,2024-03-05
2510,Week 8,2024-04-02
2510,Week 12,2024-04-30
2511,Baseline,2024-04-21
2511,Week 4,2024-05-19
2511,Week 8,2024-06-16
2511,Week 12,2024-07-14
2512,Baseline,2024-06-10
2512,Week 4,2024-07-08
2512,Week 8,2024-08-05
2512,Week 12,2024-09-02
2513,Baseline,2024-06-01
2513,Week 4,2024-06-29
2513,Week 8,2024-07-27
2513,Week 12,2024-08-24
2514,Baseline,2024-04-20
2514,Week 4,2024-05-18
2514,Week 8,2024-06-15
2514,Week 12,2024-07-13
2515,Baseline,2024-01-14
2515,Week 4,2024-02-11
2515,Week 8,2024-03-10
2515,Week 12,2024-04-07
2516,Baseline,2024-04-17
2516,Week 4,2024-05-15
2516,Week 8,2024-06-12
2516,Week 12,2024-07-10
2517,Baseline,2024-04-16
2517,Week 4,2024-05-14
2517,Week 8,2024-06-11
2517,Week 12,2024-07-09
2518,Baseline,2024-02-20
2518,Week 4,2024-03-19
2518,Week 8,2024-04-16
2518,Week 12,2024-05-14
2519,Baseline,2024-06-27
2519,Week 4,2024-07-25
2519,Week 8,2024-08-22
2519,Week 12,2024-09-19
2520,Baseline,2024-03-14
2520,Week 4,2024-04-11
2520,Week 8,2024-05-09
2520,Week 12,2024-06-06
2521,Baseline,2024-02-02
2521,Week 4,2024-03-01
2521,Week 8,2024-03-29
2521,Week 12,2024-04-26
2522,Baseline,2024-01-24
2522,Week 4,2024-02-21
2522,Week 8,2024-03-20
2522,Week 12,2024-04-17
2523,Baseline,2024-02-07
2523,Week 4,2024-03-06
2523,Week 8,2024-04-03
2523,Week 12,2024-05-01
2524,Baseline,2024-04-25
2524,Week 4,2024-05-23
2524,Week 8,2024-06-20
2524,Week 12,2024-07-18
2525,Baseline,2024-01-31
2525,Week 4,2024-02-28
2525,Week 8,2024-03-27
2525,Week 12,2024-04-24
2526,Baseline,2024-06-17
2526,Week 4,2024-07-15
2526,Week 8,2024-08-12
2526,Week 12,2024-09-09
2527,Baseline,2024-01-24
2527,Week 4,2024-02-21
2527,Week 8,2024-03-20
2527,Week 12,2024-04-17
2528,Baseline,2024-03-04
2528,Week 4,2024-04-01
2528,Week 8,2024-04-29
2528,Week 12,2024-05-27
2529,Baseline,2024-04-05
2529,Week 4,2024-05-03
2529,Week 8,2024-05-31
2529,Week 12,2024-06-28
2530,Baseline,2024-02-21
2530,Week 4,2024-03-20
2530,Week 8,2024-04-17
2530,Week 12,2024-05-15
2531,Baseline,2024-06-12
2531,Week 4,2024-07-10
2531,Week 8,2024-08-07
2531,Week 12,2024-09-04
2532,Baseline,2024-04-21
2532,Week 4,2024-05-19
2532,Week 8,2024-06-16
2532,Week 12,2024-07-14
2533,Baseline,2024-05-19
2533,Week 4,2024-06-16
2533,Week 8,2024-07-14
2533,Week 12,2024-08-11
2534,Baseline,2024-05-22
2534,Week 4,2024-06-19
2534,Week 8,2024-07-17
2534,Week 12,2024-08-14
2535,Baseline,2024-03-20
2535,Week 4,2024-04-17
2535,Week 8,2024-05-15
2535,Week 12,2024-06-12
2536,Baseline,2024-01-26
2536,Week 4,2024-02-23
2536,Week 8,2024-03-22
2536,Week 12,2024-04-19
2537,Baseline,2024-02-23
2537,Week 4,2024-03-22
2537,Week 8,2024-04-19
2537,Week 12,2024-05-17
2538,Baseline,2024-05-26
2538,Week 4,2024-06-23
2538,Week 8,2024-07-21
2538,Week 12,2024-08-18
2539,Baseline,2024-02-16
2539,Week 4,2024-03-15
2539,Week 8,2024-04-12
2539,Week 12,2024-05-10
2540,Baseline,2024-05-17
2540,Week 4,2024-06-14
2540,Week 8,2024-07-12
2540,Week 12,2024-08-09
2541,Baseline,2024-01-15
2541,Week 4,2024-02-12
2541,Week 8,2024-03-11
2541,Week 12,2024-04-08
2542,Baseline,2024-01-29
2542,Week 4,2024-02-26
2542,Week 8,2024-03-25
2542,Week 12,2024-04-22
2543,Baseline,2024-04-19
2543,Week 4,2024-05-17
2543,Week 8,2024-06-14
2543,Week 12,2024-07-12
2544,Baseline,2024-06-18
2544,Week 4,2024-07-16
2544,Week 8,2024-08-13
2544,Week 12,2024-09-10
2545,Baseline,2024-04-22
2545,Week 4,2024-05-20
2545,Week 8,2024-06-17
2545,Week 12,2024-07-15
2546,Baseline,2024-04-05
2546,Week 4,2024-05-03
2546,Week 8,2024-05-31
2546,Week 12,2024-06-28
2547,Baseline,2024-02-04
2547,Week 4,2024-03-03
2547,Week 8,2024-03-31
2547,Week 12,2024-04-28
2548,Baseline,2024-02-14
2548,Week 4,2024-03-13
2548,Week 8,2024-04-10
2548,Week 12,2024-05-08
2549,Baseline,2024-01-02
2549,Week 4,2024-01-30
2549,Week 8,2024-02-27
2549,Week 12,2024-03-26
2550,Baseline,2024-04-03
2550,Week 4,2024-05-01
2550,Week 8,2024-05-29
2550,Week 12,2024-06-26
2551,Baseline,2024-05-17
2551,Week 4,2024-06-14
2551,Week 8,2024-07-12
2551,Week 12,2024-08-09
2552,Baseline,2024-02-04
2552,Week 4,2024-03-03
2552,Week 8,2024-03-31
2552,Week 12,2024-04-28
2553,Baseline,2024-06-06
2553,Week 4,2024-07-04
2553,Week 8,2024-08-01
2553,Week 12,2024-08-29
2554,Baseline,2024-03-01
2554,Week 4,2024-03-29
2554,Week 8,2024-04-26
2554,Week 12,2024-05-24
2555,Baseline,2024-06-20
2555,Week 4,2024-07-18
2555,Week 8,2024-08-15
2555,Week 12,2024-09-12
2556,Baseline,2024-06-04
2556,Week 4,2024-07-02
2556,Week 8,2024-07-30
2556,Week 12,2024-08-27
2557,Baseline,2024-05-16
2557,Week 4,2024-06-13
2557,Week 8,2024-07-11
2557,Week 12,2024-08-08
2558,Baseline,2024-03-11
2558,Week 4,2024-04-08
2558,Week 8,2024-05-06
2558,Week 12,2024-06-03
2559,Baseline,2024-01-23
2559,Week 4,2024-02-20
2559,Week 8,2024-03-19
2559,Week 12,2024-04-16
2560,Baseline,2024-01-09
2560,Week 4,2024-02-06
2560,Week 8,2024-03-05
2560,Week 12,2024-04-02
2561,Baseline,2024-01-24
2561,Week 4,2024-02-21
2561,Week 8,2024-03-20
2561,Week 12,2024-04-17
2562,Baseline,2024-04-27
2562,Week 4,2024-05-25
2562,Week 8,2024-06-22
2562,Week 12,2024-07-20
2563,Baseline,2024-04-17
2563,Week 4,2024-05-15
2563,Week 8,2024-06-12
2563,Week 12,2024-07-10
2564,Baseline,2024-03-20
2564,Week 4,2024-04-17
2564,Week 8,2024-05-15
2564,Week 12,2024-06-12
2565,Baseline,2024-05-16
2565,Week 4,2024-06-13
2565,Week 8,2024-07-11
2565,Week 12,2024-08-08
2566,Baseline,2024-01-30
2566,Week 4,2024-02-27
2566,Week 8,2024-03-26
2566,Week 12,2024-04-23
2567,Baseline,2024-03-08
2567,Week 4,2024-04-05
2567,Week 8,2024-05-03
2567,Week 12,2024-05-31
2568,Baseline,2024-01-01
2568,Week 4,2024-01-29
2568,Week 8,2024-02-26
2568,Week 12,2024-03-25
2569,Baseline,2024-04-16
2569,Week 4,2024-05-14
2569,Week 8,2024-06-11
2569,Week 12,2024-07-09
2570,Baseline,2024-06-21
2570,Week 4,2024-07-19
2570,Week 8,2024-08-16
2570,Week 12,2024-09-13
2571,Baseline,2024-06-12
2571,Week 4,2024-07-10
2571,Week 8,2024-08-07
2571,Week 12,2024-09-04
2572,Baseline,2024-04-28
2572,Week 4,2024-05-26
2572,Week 8,2024-06-23
2572,Week 12,2024-07-21
2573,Baseline,2024-01-30
2573,Week 4,2024-02-27
2573,Week 8,2024-03-26
2573,Week 12,2024-04-23
2574,Baseline,2024-03-17
2574,Week 4,2024-04-14
2574,Week 8,2024-05-12
2574,Week 12,2024-06-09
2575,Baseline,2024-03-02
2575,Week 4,2024-03-30
2575,Week 8,2024-04-27
2575,Week 12,2024-05-25
2576,Baseline,2024-04-21
2576,Week 4,2024-05-19
2576,Week 8,2024-06-16
2576,Week 12,2024-07-14
2577,Baseline,2024-05-18
2577,Week 4,2024-06-15
2577,Week 8,2024-07-13
2577,Week 12,2024-08-10
2578,Baseline,2024-02-08
2578,Week 4,2024-03-07
2578,Week 8,2024-04-04
2578,Week 12,2024-05-02
2579,Baseline,2024-05-16
2579,Week 4,2024-06-13
2579,Week 8,2024-07-11
2579,Week 12,2024-08-08
2580,Baseline,2024-02-04
2580,Week 4,2024-03-03
2580,Week 8,2024-03-31
2580,Week 12,2024-04-28
2581,Baseline,2024-01-21
2581,Week 4,2024-02-18
2581,Week 8,2024-03-17
2581,Week 12,2024-04-14
2582,Baseline,2024-06-11
2582,Week 4,2024-07-09
2582,Week 8,2024-08-06
2582,Week 12,2024-09-03
2583,Baseline,2024-04-11
2583,Week 4,2024-05-09
2583,Week 8,2024-06-06
2583,Week 12,2024-07-04
2584,Baseline,2024-03-14
2584,Week 4,2024-04-11
2584,Week 8,2024-05-09
2584,Week 12,2024-06-06
2585,Baseline,2024-01-25
2585,Week 4,2024-02-22
2585,Week 8,2024-03-21
2585,Week 12,2024-04-18
2586,Baseline,2024-06-18
2586,Week 4,2024-07-16
2586,Week 8,2024-08-13
2586,Week 12,2024-09-10
2587,Baseline,2024-05-13
2587,Week 4,2024-06-10
2587,Week 8,2024-07-08
2587,Week 12,2024-08-05
2588,Baseline,2024-02-22
2588,Week 4,2024-03-21
2588,Week 8,2024-04-18
2588,Week 12,2024-05-16
2589,Baseline,2024-04-16
2589,Week 4,2024-05-14
2589,Week 8,2024-06-11
2589,Week 12,2024-07-09
2590,Baseline,2024-01-07
2590,Week 4,2024-02-04
2590,Week 8,2024-03-03
2590,Week 12,2024-03-31
2591,Baseline,2024-01-10
2591,Week 4,2024-02-07
2591,Week 8,2024-03-06
2591,Week 12,2024-04-03
2592,Baseline,2024-06-27
2592,Week 4,2024-07-25
2592,Week 8,2024-08-22
2592,Week 12,2024-09-19
2593,Baseline,2024-04-22
2593,Week 4,2024-05-20
2593,Week 8,2024-06-17
2593,Week 12,2024-07-15
2594,Baseline,2024-01-23
2594,Week 4,2024-02-20
2594,Week 8,2024-03-19
2594,Week 12,2024-04-16
2595,Baseline,2024-04-27
2595,Week 4,2024-05-25
2595,Week 8,2024-06-22
2595,Week 12,2024-07-20
2596,Baseline,2024-03-30
2596,Week 4,2024-04-27
2596,Week 8,2024-05-25
2596,Week 12,2024-06-22
2597,Baseline,2024-04-04
2597,Week 4,2024-05-02
2597,Week 8,2024-05-30
2597,Week 12,2024-06-27
2598,Baseline,2024-05-13
2598,Week 4,2024-06-10
2598,Week 8,2024-07-08
2598,Week 12,2024-08-05
2599,Baseline,2024-03-08
2599,Week 4,2024-04-05
2599,Week 8,2024-05-03
2599,Week 12,2024-05-31
2600,Baseline,2024-06-22
2600,Week 4,2024-07-20
2600,Week 8,2024-08-17
2600,Week 12,2024-09-14
2601,Baseline,2024-04-30
2601,Week 4,2024-05-28
2601,Week 8,2024-06-25
2601,Week 12,2024-07-23
2602,Baseline,2024-06-01
2602,Week 4,2024-06-29
2602,Week 8,2024-07-27
2602,Week 12,2024-08-24
2603,Baseline,2024-04-04
2603,Week 4,2024-05-02
2603,Week 8,2024-05-30
2603,Week 12,2024-06-27
2604,Baseline,2024-03-14
2604,Week 4,2024-04-11
2604,Week 8,2024-05-09
2604,Week 12,2024-06-06
2605,Baseline,2024-04-29
2605,Week 4,2024-05-27
2605,Week 8,2024-06-24
2605,Week 12,2024-07-22
2606,Baseline,2024-05-30
2606,Week 4,2024-06-27
2606,Week 8,2024-07-25
2606,Week 12,2024-08-22
2607,Baseline,2024-02-05
2607,Week 4,2024-03-04
2607,Week 8,2024-04-01
2607,Week 12,2024-04-29
2608,Baseline,2024-06-18
2608,Week 4,2024-07-16
2608,Week 8,2024-08-13
2608,Week 12,2024-09-10
2609,Baseline,2024-02-07
2609,Week 4,2024-03-06
2609,Week 8,2024-04-03
2609,Week 12,2024-05-01
2610,Baseline,2024-01-26
2610,Week 4,2024-02-23
2610,Week 8,2024-03-22
2610,Week 12,2024-04-19
2611,Baseline,2024-01-02
2611,Week 4,2024-01-30
2611,Week 8,2024-02-27
2611,Week 12,2024-03-26
2612,Baseline,2024-05-27
2612,Week 4,2024-06-24
2612,Week 8,2024-07-22
2612,Week 12,2024-08-19
2613,Baseline,2024-03-31
2613,Week 4,2024-04-28
2613,Week 8,2024-05-26
2613,Week 12,2024-06-23
2614,Baseline,2024-01-20
2614,Week 4,2024-02-17
2614,Week 8,2024-03-16
2614,Week 12,2024-04-13
2615,Baseline,2024-04-02
2615,Week 4,2024-04-30
2615,Week 8,2024-05-28
2615,Week 12,2024-06-25
2616,Baseline,2024-02-16
2616,Week 4,2024-03-15
2616,Week 8,2024-04-12
2616,Week 12,2024-05-10
2617,Baseline,2024-03-14
2617,Week 4,2024-04-11
2617,Week 8,2024-05-09
2617,Week 12,2024-06-06
2618,Baseline,2024-04-23
2618,Week 4,2024-05-21
2618,Week 8,2024-06-18
2618,Week 12,2024-07-16
2619,Baseline,2024-06-23
2619,Week 4,2024-07-21
2619,Week 8,2024-08-18
2619,Week 12,2024-09-15
2620,Baseline,2024-06-04
2620,Week 4,2024-07-02
2620,Week 8,2024-07-30
2620,Week 12,2024-08-27
2621,Baseline,2024-04-25
2621,Week 4,2024-05-23
2621,Week 8,2024-06-20
2621,Week 12,2024-07-18
2622,Baseline,2024-06-20
2622,Week 4,2024-07-18
2622,Week 8,2024-08-15
2622,Week 12,2024-09-12
2623,Baseline,2024-02-24
2623,Week 4,2024-03-23
2623,Week 8,2024-04-20
2623,Week 12,2024-05-18
2624,Baseline,2024-04-01
2624,Week 4,2024-04-29
2624,Week 8,2024-05-27
2624,Week 12,2024-06-24
2625,Baseline,2024-04-20
2625,Week 4,2024-05-18
2625,Week 8,2024-06-15
2625,Week 12,2024-07-13
2626,Baseline,2024-04-08
2626,Week 4,2024-05-06
2626,Week 8,2024-06-03
2626,Week 12,2024-07-01
2627,Baseline,2024-04-08
2627,Week 4,2024-05-06
2627,Week 8,2024-06-03
2627,Week 12,2024-07-01
2628,Baseline,2024-01-02
2628,Week 4,2024-01-30
2628,Week 8,2024-02-27
2628,Week 12,2024-03-26
2629,Baseline,2024-06-22
2629,Week 4,2024-07-20
2629,Week 8,2024-08-17
2629,Week 12,2024-09-14
2630,Baseline,2024-01-11
2630,Week 4,2024-02-08
2630,Week 8,2024-03-07
2630,Week 12,2024-04-04
2631,Baseline,2024-04-14
2631,Week 4,2024-05-12
2631,Week 8,2024-06-09
2631,Week 12,2024-07-07
2632,Baseline,2024-03-27
2632,Week 4,2024-04-24
2632,Week 8,2024-05-22
2632,Week 12,2024-06-19
2633,Baseline,2024-02-19
2633,Week 4,2024-03-18
2633,Week 8,2024-04-15
2633,Week 12,2024-05-13
2634,Baseline,2024-06-15
2634,Week 4,2024-07-13
2634,Week 8,2024-08-10
2634,Week 12,2024-09-07
2635,Baseline,2024-02-12
2635,Week 4,2024-03-11
2635,Week 8,2024-04-08
2635,Week 12,2024-05-06
2636,Baseline,2024-06-23
2636,Week 4,2024-07-21
2636,Week 8,2024-08-18
2636,Week 12,2024-09-15
2637,Baseline,2024-02-21
2637,Week 4,2024-03-20
2637,Week 8,2024-04-17
2637,Week 12,2024-05-15
2638,Baseline,2024-05-04
2638,Week 4,2024-06-01
2638,Week 8,2024-06-29
2638,Week 12,2024-07-27
2639,Baseline,2024-06-11
2639,Week 4,2024-07-09
2639,Week 8,2024-08-06
2639,Week 12,2024-09-03
2640,Baseline,2024-05-30
2640,Week 4,2024-06-27
2640,Week 8,2024-07-25
2640,Week 12,2024-08-22
2641,Baseline,2024-06-25
2641,Week 4,2024-07-23
2641,Week 8,2024-08-20
2641,Week 12,2024-09-17
2642,Baseline,2024-01-11
2642,Week 4,2024-02-08
2642,Week 8,2024-03-07
2642,Week 12,2024-04-04
2643,Baseline,2024-04-13
2643,Week 4,2024-05-11
2643,Week 8,2024-06-08
2643,Week 12,2024-07-06
2644,Baseline,2024-01-08
2644,Week 4,2024-02-05
2644,Week 8,2024-03-04
2644,Week 12,2024-04-01
2645,Baseline,2024-04-10
2645,Week 4,2024-05-08
2645,Week 8,2024-06-05
2645,Week 12,2024-07-03
2646,Baseline,2024-03-18
2646,Week 4,2024-04-15
2646,Week 8,2024-05-13
2646,Week 12,2024-06-10
2647,Baseline,2024-04-19
2647,Week 4,2024-05-17
2647,Week 8,2024-06-14
2647,Week 12,2024-07-12
2648,Baseline,2024-02-13
2648,Week 4,2024-03-12
2648,Week 8,2024-04-09
2648,Week 12,2024-05-07
2649,Baseline,2024-06-10
2649,Week 4,2024-07-08
2649,Week 8,2024-08-05
2649,Week 12,2024-09-02
2650,Baseline,2024-03-18
2650,Week 4,2024-04-15
2650,Week 8,2024-05-13
2650,Week 12,2024-06-10
2651,Baseline,2024-02-21
2651,Week 4,2024-03-20
2651,Week 8,2024-04-17
2651,Week 12,2024-05-15
2652,Baseline,2024-02-07
2652,Week 4,2024-03-06
2652,Week 8,2024-04-03
2652,Week 12,2024-05-01
2653,Baseline,2024-04-27
2653,Week 4,2024-05-25
2653,Week 8,2024-06-22
2653,Week 12,2024-07-20
2654,Baseline,2024-03-03
2654,Week 4,2024-03-31
2654,Week 8,2024-04-28
2654,Week 12,2024-05-26
2655,Baseline,2024-06-06
2655,Week 4,2024-07-04
2655,Week 8,2024-08-01
2655,Week 12,2024-08-29
2656,Baseline,2024-02-16
2656,Week 4,2024-03-15
2656,Week 8,2024-04-12
2656,Week 12,2024-05-10
2657,Baseline,2024-06-28
2657,Week 4,2024-07-26
2657,Week 8,2024-08-23
2657,Week 12,2024-09-20
2658,Baseline,2024-01-08
2658,Week 4,2024-02-05
2658,Week 8,2024-03-04
2658,Week 12,2024-04-01
2659,Baseline,2024-01-07
2659,Week 4,2024-02-04
2659,Week 8,2024-03-03
2659,Week 12,2024-03-31
2660,Baseline,2024-06-14
2660,Week 4,2024-07-12
2660,Week 8,2024-08-09
2660,Week 12,2024-09-06
2661,Baseline,2024-03-27
2661,Week 4,2024-04-24
2661,Week 8,2024-05-22
2661,Week 12,2024-06-19
2662,Baseline,2024-06-10
2662,Week 4,2024-07-08
2662,Week 8,2024-08-05
2662,Week 12,2024-09-02
2663,Baseline,2024-01-21
2663,Week 4,2024-02-18
2663,Week 8,2024-03-17
2663,Week 12,2024-04-14
2664,Baseline,2024-01-15
2664,Week 4,2024-02-12
2664,Week 8,2024-03-11
2664,Week 12,2024-04-08
2665,Baseline,2024-01-23
2665,Week 4,2024-02-20
2665,Week 8,2024-03-19
2665,Week 12,2024-04-16
2666,Baseline,2024-03-19
2666,Week 4,2024-04-16
2666,Week 8,2024-05-14
2666,Week 12,2024-06-11
2667,Baseline,2024-01-29
2667,Week 4,2024-02-26
2667,Week 8,2024-03-25
2667,Week 12,2024-04-22
2668,Baseline,2024-01-20
2668,Week 4,2024-02-17
2668,Week 8,2024-03-16
2668,Week 12,2024-04-13
2669,Baseline,2024-04-28
2669,Week 4,2024-05-26
2669,Week 8,2024-06-23
2669,Week 12,2024-07-21
2670,Baseline,2024-05-09
2670,Week 4,2024-06-06
2670,Week 8,2024-07-04
2670,Week 12,2024-08-01
2671,Baseline,2024-03-23
2671,Week 4,2024-04-20
2671,Week 8,2024-05-18
2671,Week 12,2024-06-15
2672,Baseline,2024-02-02
2672,Week 4,2024-03-01
2672,Week 8,2024-03-29
2672,Week 12,2024-04-26
2673,Baseline,2024-01-28
2673,Week 4,2024-02-25
2673,Week 8,2024-03-24
2673,Week 12,2024-04-21
2674,Baseline,2024-05-01
2674,Week 4,2024-05-29
2674,Week 8,2024-06-26
2674,Week 12,2024-07-24
2675,Baseline,2024-01-14
2675,Week 4,2024-02-11
2675,Week 8,2024-03-10
2675,Week 12,2024-04-07
2676,Baseline,2024-02-02
2676,Week 4,2024-03-01
2676,Week 8,2024-03-29
2676,Week 12,2024-04-26
2677,Baseline,2024-05-31
2677,Week 4,2024-06-28
2677,Week 8,2024-07-26
2677,Week 12,2024-08-23
2678,Baseline,2024-06-19
2678,Week 4,2024-07-17
2678,Week 8,2024-08-14
2678,Week 12,2024-09-11
2679,Baseline,2024-01-29
2679,Week 4,2024-02-26
2679,Week 8,2024-03-25
2679,Week 12,2024-04-22
2680,Baseline,2024-06-16
2680,Week 4,2024-07-14
2680,Week 8,2024-08-11
2680,Week 12,2024-09-08
2681,Baseline,2024-02-05
2681,Week 4,2024-03-04
2681,Week 8,2024-04-01
2681,Week 12,2024-04-29
2682,Baseline,2024-02-21
2682,Week 4,2024-03-20
2682,Week 8,2024-04-17
2682,Week 12,2024-05-15
2683,Baseline,2024-03-21
2683,Week 4,2024-04-18
2683,Week 8,2024-05-16
2683,Week 12,2024-06-13
2684,Baseline,2024-06-08
2684,Week 4,2024-07-06
2684,Week 8,2024-08-03
2684,Week 12,2024-08-31
2685,Baseline,2024-03-29
2685,Week 4,2024-04-26
2685,Week 8,2024-05-24
2685,Week 12,2024-06-21
2686,Baseline,2024-03-23
2686,Week 4,2024-04-20
2686,Week 8,2024-05-18
2686,Week 12,2024-06-15
2687,Baseline,2024-01-29
2687,Week 4,2024-02-26
2687,Week 8,2024-03-25
2687,Week 12,2024-04-22
2688,Baseline,2024-04-01
2688,Week 4,2024-04-29
2688,Week 8,2024-05-27
2688,Week 12,2024-06-24
2689,Baseline,2024-04-22
2689,Week 4,2024-05-20
2689,Week 8,2024-06-17
2689,Week 12,2024-07-15
2690,Baseline,2024-06-24
2690,Week 4,2024-07-22
2690,Week 8,2024-08-19
2690,Week 12,2024-09-16
2691,Baseline,2024-04-15
2691,Week 4,2024-05-13
2691,Week 8,2024-06-10
2691,Week 12,2024-07-08
2692,Baseline,2024-03-20
2692,Week 4,2024-04-17
2692,Week 8,2024-05-15
2692,Week 12,2024-06-12
2693,Baseline,2024-02-27
2693,Week 4,2024-03-26
2693,Week 8,2024-04-23
2693,Week 12,2024-05-21
2694,Baseline,2024-03-31
2694,Week 4,2024-04-28
2694,Week 8,2024-05-26
2694,Week 12,2024-06-23
2695,Baseline,2024-01-11
2695,Week 4,2024-02-08
2695,Week 8,2024-03-07
2695,Week 12,2024-04-04
2696,Baseline,2024-03-22
2696,Week 4,2024-04-19
2696,Week 8,2024-05-17
2696,Week 12,2024-06-14
2697,Baseline,2024-06-01
2697,Week 4,2024-06-29
2697,Week 8,2024-07-27
2697,Week 12,2024-08-24
2698,Baseline,2024-03-04
2698,Week 4,2024-04-01
2698,Week 8,2024-04-29
2698,Week 12,2024-05-27
2699,Baseline,2024-03-21
2699,Week 4,2024-04-18
2699,Week 8,2024-05-16
2699,Week 12,2024-06-13
2700,Baseline,2024-05-12
2700,Week 4,2024-06-09
2700,Week 8,2024-07-07
2700,Week 12,2024-08-04
2701,Baseline,2024-04-13
2701,Week 4,2024-05-11
2701,Week 8,2024-06-08
2701,Week 12,2024-07-06
2702,Baseline,2024-01-27
2702,Week 4,2024-02-24
2702,Week 8,2024-03-23
2702,Week 12,2024-04-20
2703,Baseline,2024-05-20
2703,Week 4,2024-06-17
2703,Week 8,2024-07-15
2703,Week 12,2024-08-12
2704,Baseline,2024-03-20
2704,Week 4,2024-04-17
2704,Week 8,2024-05-15
2704,Week 12,2024-06-12
2705,Baseline,2024-04-13
2705,Week 4,2024-05-11
2705,Week 8,2024-06-08
2705,Week 12,2024-07-06
2706,Baseline,2024-02-03
2706,Week 4,2024-03-02
2706,Week 8,2024-03-30
2706,Week 12,2024-04-27
2707,Baseline,2024-06-09
2707,Week 4,2024-07-07
2707,Week 8,2024-08-04
2707,Week 12,2024-09-01
2708,Baseline,2024-03-03
2708,Week 4,2024-03-31
2708,Week 8,2024-04-28
2708,Week 12,2024-05-26
2709,Baseline,2024-05-05
2709,Week 4,2024-06-02
2709,Week 8,2024-06-30
2709,Week 12,2024-07-28
2710,Baseline,2024-02-21
2710,Week 4,2024-03-20
2710,Week 8,2024-04-17
2710,Week 12,2024-05-15
2711,Baseline,2024-03-10
2711,Week 4,2024-04-07
2711,Week 8,2024-05-05
2711,Week 12,2024-06-02
2712,Baseline,2024-05-30
2712,Week 4,2024-06-27
2712,Week 8,2024-07-25
2712,Week 12,2024-08-22
2713,Baseline,2024-02-02
2713,Week 4,2024-03-01
2713,Week 8,2024-03-29
2713,Week 12,2024-04-26
2714,Baseline,2024-06-16
2714,Week 4,2024-07-14
2714,Week 8,2024-08-11
2714,Week 12,2024-09-08
2715,Baseline,2024-04-25
2715,Week 4,2024-05-23
2715,Week 8,2024-06-20
2715,Week 12,2024-07-18
2716,Baseline,2024-03-09
2716,Week 4,2024-04-06
2716,Week 8,2024-05-04
2716,Week 12,2024-06-01
2717,Baseline,2024-01-15
2717,Week 4,2024-02-12
2717,Week 8,2024-03-11
2717,Week 12,2024-04-08
2718,Baseline,2024-01-02
2718,Week 4,2024-01-30
2718,Week 8,2024-02-27
2718,Week 12,2024-03-26
2719,Baseline,2024-06-04
2719,Week 4,2024-07-02
2719,Week 8,2024-07-30
2719,Week 12,2024-08-27
2720,Baseline,2024-05-02
2720,Week 4,2024-05-30
2720,Week 8,2024-06-27
2720,Week 12,2024-07-25
2721,Baseline,2024-04-14
2721,Week 4,2024-05-12
2721,Week 8,2024-06-09
2721,Week 12,2024-07-07
2722,Baseline,2024-01-25
2722,Week 4,2024-02-22
2722,Week 8,2024-03-21
2722,Week 12,2024-04-18
2723,Baseline,2024-05-17
2723,Week 4,2024-06-14
2723,Week 8,2024-07-12
2723,Week 12,2024-08-09
2724,Baseline,2024-04-03
2724,Week 4,2024-05-01
2724,Week 8,2024-05-29
2724,Week 12,2024-06-26
2725,Baseline,2024-04-29
2725,Week 4,2024-05-27
2725,Week 8,2024-06-24
2725,Week 12,2024-07-22
2726,Baseline,2024-05-28
2726,Week 4,2024-06-25
2726,Week 8,2024-07-23
2726,Week 12,2024-08-20
2727,Baseline,2024-05-21
2727,Week 4,2024-06-18
2727,Week 8,2024-07-16
2727,Week 12,2024-08-13
2728,Baseline,2024-04-24
2728,Week 4,2024-05-22
2728,Week 8,2024-06-19
2728,Week 12,2024-07-17
2729,Baseline,2024-02-15
2729,Week 4,2024-03-14
2729,Week 8,2024-04-11
2729,Week 12,2024-05-09
2730,Baseline,2024-02-28
2730,Week 4,2024-03-27
2730,Week 8,2024-04-24
2730,Week 12,2024-05-22
2731,Baseline,2024-01-23
2731,Week 4,2024-02-20
2731,Week 8,2024-03-19
2731,Week 12,2024-04-16
2732,Baseline,2024-06-19
2732,Week 4,2024-07-17
2732,Week 8,2024-08-14
2732,Week 12,2024-09-11
2733,Baseline,2024-03-19
2733,Week 4,2024-04-16
2733,Week 8,2024-05-14
2733,Week 12,2024-06-11
2734,Baseline,2024-01-11
2734,Week 4,2024-02-08
2734,Week 8,2024-03-07
2734,Week 12,2024-04-04
2735,Baseline,2024-03-13
2735,Week 4,2024-04-10
2735,Week 8,2024-05-08
2735,Week 12,2024-06-05
2736,Baseline,2024-03-18
2736,Week 4,2024-04-15
2736,Week 8,2024-05-13
2736,Week 12,2024-06-10
2737,Baseline,2024-01-21
2737,Week 4,2024-02-18
2737,Week 8,2024-03-17
2737,Week 12,2024-04-14
2738,Baseline,2024-01-04
2738,Week 4,2024-02-01
2738,Week 8,2024-02-29
2738,Week 12,2024-03-28
2739,Baseline,2024-01-06
2739,Week 4,2024-02-03
2739,Week 8,2024-03-02
2739,Week 12,2024-03-30
2740,Baseline,2024-05-27
2740,Week 4,2024-06-24
2740,Week 8,2024-07-22
2740,Week 12,2024-08-19
2741,Baseline,2024-02-04
2741,Week 4,2024-03-03
2741,Week 8,2024-03-31
2741,Week 12,2024-04-28
2742,Baseline,2024-06-01
2742,Week 4,2024-06-29
2742,Week 8,2024-07-27
2742,Week 12,2024-08-24
2743,Baseline,2024-05-13
2743,Week 4,2024-06-10
2743,Week 8,2024-07-08
2743,Week 12,2024-08-05
2744,Baseline,2024-01-31
2744,Week 4,2024-02-28
2744,Week 8,2024-03-27
2744,Week 12,2024-04-24
2745,Baseline,2024-05-22
2745,Week 4,2024-06-19
2745,Week 8,2024-07-17
2745,Week 12,2024-08-14
2746,Baseline,2024-02-19
2746,Week 4,2024-03-18
2746,Week 8,2024-04-15
2746,Week 12,2024-05-13
2747,Baseline,2024-06-23
2747,Week 4,2024-07-21
2747,Week 8,2024-08-18
2747,Week 12,2024-09-15
2748,Baseline,2024-03-18
2748,Week 4,2024-04-15
2748,Week 8,2024-05-13
2748,Week 12,2024-06-10
2749,Baseline,2024-01-28
2749,Week 4,2024-02-25
2749,Week 8,2024-03-24
2749,Week 12,2024-04-21
2750,Baseline,2024-06-16
2750,Week 4,2024-07-14
2750,Week 8,2024-08-11
2750,Week 12,2024-09-08
2751,Baseline,2024-03-27
2751,Week 4,2024-04-24
2751,Week 8,2024-05-22
2751,Week 12,2024-06-19
2752,Baseline,2024-06-24
2752,Week 4,2024-07-22
2752,Week 8,2024-08-19
2752,Week 12,2024-09-16
2753,Baseline,2024-05-06
2753,Week 4,2024-06-03
2753,Week 8,2024-07-01
2753,Week 12,2024-07-29
2754,Baseline,2024-04-27
2754,Week 4,2024-05-25
2754,Week 8,2024-06-22
2754,Week 12,2024-07-20
2755,Baseline,2024-03-06
2755,Week 4,2024-04-03
2755,Week 8,2024-05-01
2755,Week 12,2024-05-29
2756,Baseline,2024-05-24
2756,Week 4,2024-06-21
2756,Week 8,2024-07-19
2756,Week 12,2024-08-16
2757,Baseline,2024-06-27
2757,Week 4,2024-07-25
2757,Week 8,2024-08-22
2757,Week 12,2024-09-19
2758,Baseline,2024-05-08
2758,Week 4,2024-06-05
2758,Week 8,2024-07-03
2758,Week 12,2024-07-31
2759,Baseline,2024-02-16
2759,Week 4,2024-03-15
2759,Week 8,2024-04-12
2759,Week 12,2024-05-10
2760,Baseline,2024-03-11
2760,Week 4,2024-04-08
2760,Week 8,2024-05-06
2760,Week 12,2024-06-03
2761,Baseline,2024-04-03
2761,Week 4,2024-05-01
2761,Week 8,2024-05-29
2761,Week 12,2024-06-26
2762,Baseline,2024-02-13
2762,Week 4,2024-03-12
2762,Week 8,2024-04-09
2762,Week 12,2024-05-07
2763,Baseline,2024-01-30
2763,Week 4,2024-02-27
2763,Week 8,2024-03-26
2763,Week 12,2024-04-23
2764,Baseline,2024-01-28
2764,Week 4,2024-02-25
2764,Week 8,2024-03-24
2764,Week 12,2024-04-21
2765,Baseline,2024-02-16
2765,Week 4,2024-03-15
2765,Week 8,2024-04-12
2765,Week 12,2024-05-10
2766,Baseline,2024-01-15
2766,Week 4,2024-02-12
2766,Week 8,2024-03-11
2766,Week 12,2024-04-08
2767,Baseline,2024-05-26
2767,Week 4,2024-06-23
2767,Week 8,2024-07-21
2767,Week 12,2024-08-18
2768,Baseline,2024-04-25
2768,Week 4,2024-05-23
2768,Week 8,2024-06-20
2768,Week 12,2024-07-18
2769,Baseline,2024-04-09
2769,Week 4,2024-05-07
2769,Week 8,2024-06-04
2769,Week 12,2024-07-02
2770,Baseline,2024-02-17
2770,Week 4,2024-03-16
2770,Week 8,2024-04-13
2770,Week 12,2024-05-11
2771,Baseline,2024-05-28
2771,Week 4,2024-06-25
2771,Week 8,2024-07-23
2771,Week 12,2024-08-20
2772,Baseline,2024-03-15
2772,Week 4,2024-04-12
2772,Week 8,2024-05-10
2772,Week 12,2024-06-07
2773,Baseline,2024-01-16
2773,Week 4,2024-02-13
2773,Week 8,2024-03-12
2773,Week 12,2024-04-09
2774,Baseline,2024-06-27
2774,Week 4,2024-07-25
2774,Week 8,2024-08-22
2774,Week 12,2024-09-19
2775,Baseline,2024-01-11
2775,Week 4,2024-02-08
2775,Week 8,2024-03-07
2775,Week 12,2024-04-04
2776,Baseline,2024-02-13
2776,Week 4,2024-03-12
2776,Week 8,2024-04-09
2776,Week 12,2024-05-07
2777,Baseline,2024-03-14
2777,Week 4,2024-04-11
2777,Week 8,2024-05-09
2777,Week 12,2024-06-06
2778,Baseline,2024-01-19
2778,Week 4,2024-02-16
2778,Week 8,2024-03-15
2778,Week 12,2024-04-12
2779,Baseline,2024-02-26
2779,Week 4,2024-03-25
2779,Week 8,2024-04-22
2779,Week 12,2024-05-20
2780,Baseline,2024-01-14
2780,Week 4,2024-02-11
2780,Week 8,2024-03-10
2780,Week 12,2024-04-07
2781,Baseline,2024-04-21
2781,Week 4,2024-05-19
2781,Week 8,2024-06-16
2781,Week 12,2024-07-14
2782,Baseline,2024-02-10
2782,Week 4,2024-03-09
2782,Week 8,2024-04-06
2782,Week 12,2024-05-04
2783,Baseline,2024-06-25
2783,Week 4,2024-07-23
2783,Week 8,2024-08-20
2783,Week 12,2024-09-17
2784,Baseline,2024-05-02
2784,Week 4,2024-05-30
2784,Week 8,2024-06-27
2784,Week 12,2024-07-25
2785,Baseline,2024-02-05
2785,Week 4,2024-03-04
2785,Week 8,2024-04-01
2785,Week 12,2024-04-29
2786,Baseline,2024-01-20
2786,Week 4,2024-02-17
2786,Week 8,2024-03-16
2786,Week 12,2024-04-13
2787,Baseline,2024-04-30
2787,Week 4,2024-05-28
2787,Week 8,2024-06-25
2787,Week 12,2024-07-23
2788,Baseline,2024-06-15
2788,Week 4,2024-07-13
2788,Week 8,2024-08-10
2788,Week 12,2024-09-07
2789,Baseline,2024-01-25
2789,Week 4,2024-02-22
2789,Week 8,2024-03-21
2789,Week 12,2024-04-18
2790,Baseline,2024-04-03
2790,Week 4,2024-05-01
2790,Week 8,2024-05-29
2790,Week 12,2024-06-26
2791,Baseline,2024-03-04
2791,Week 4,2024-04-01
2791,Week 8,2024-04-29
2791,Week 12,2024-05-27
2792,Baseline,2024-05-13
2792,Week 4,2024-06-10
2792,Week 8,2024-07-08
2792,Week 12,2024-08-05
2793,Baseline,2024-04-12
2793,Week 4,2024-05-10
2793,Week 8,2024-06-07
2793,Week 12,2024-07-05
2794,Baseline,2024-05-31
2794,Week 4,2024-06-28
2794,Week 8,2024-07-26
2794,Week 12,2024-08-23
2795,Baseline,2024-01-03
2795,Week 4,2024-01-31
2795,Week 8,2024-02-28
2795,Week 12,2024-03-27
2796,Baseline,2024-02-02
2796,Week 4,2024-03-01
2796,Week 8,2024-03-29
2796,Week 12,2024-04-26
2797,Baseline,2024-06-22
2797,Week 4,2024-07-20
2797,Week 8,2024-08-17
2797,Week 12,2024-09-14
2798,Baseline,2024-04-03
2798,Week 4,2024-05-01
2798,Week 8,2024-05-29
2798,Week 12,2024-06-26
2799,Baseline,2024-04-30
2799,Week 4,2024-05-28
2799,Week 8,2024-06-25
2799,Week 12,2024-07-23
2800,Baseline,2024-01-03
2800,Week 4,2024-01-31
2800,Week 8,2024-02-28
2800,Week 12,2024-03-27
2801,Baseline,2024-06-22
2801,Week 4,2024-07-20
2801,Week 8,2024-08-17
2801,Week 12,2024-09-14
2802,Baseline,2024-05-01
2802,Week 4,2024-05-29
2802,Week 8,2024-06-26
2802,Week 12,2024-07-24
2803,Baseline,2024-01-21
2803,Week 4,2024-02-18
2803,Week 8,2024-03-17
2803,Week 12,2024-04-14
2804,Baseline,2024-04-17
2804,Week 4,2024-05-15
2804,Week 8,2024-06-12
2804,Week 12,2024-07-10
2805,Baseline,2024-01-29
2805,Week 4,2024-02-26
2805,Week 8,2024-03-25
2805,Week 12,2024-04-22
2806,Baseline,2024-03-22
2806,Week 4,2024-04-19
2806,Week 8,2024-05-17
2806,Week 12,2024-06-14
2807,Baseline,2024-01-11
2807,Week 4,2024-02-08
2807,Week 8,2024-03-07
2807,Week 12,2024-04-04
2808,Baseline,2024-01-12
2808,Week 4,2024-02-09
2808,Week 8,2024-03-08
2808,Week 12,2024-04-05
2809,Baseline,2024-03-13
2809,Week 4,2024-04-10
2809,Week 8,2024-05-08
2809,Week 12,2024-06-05
2810,Baseline,2024-02-03
2810,Week 4,2024-03-02
2810,Week 8,2024-03-30
2810,Week 12,2024-04-27
2811,Baseline,2024-03-31
2811,Week 4,2024-04-28
2811,Week 8,2024-05-26
2811,Week 12,2024-06-23
2812,Baseline,2024-06-14
2812,Week 4,2024-07-12
2812,Week 8,2024-08-09
2812,Week 12,2024-09-06
2813,Baseline,2024-05-25
2813,Week 4,2024-06-22
2813,Week 8,2024-07-20
2813,Week 12,2024-08-17
2814,Baseline,2024-01-18
2814,Week 4,2024-02-15
2814,Week 8,2024-03-14
2814,Week 12,2024-04-11
2815,Baseline,2024-04-29
2815,Week 4,2024-05-27
2815,Week 8,2024-06-24
2815,Week 12,2024-07-22
2816,Baseline,2024-02-14
2816,Week 4,2024-03-13
2816,Week 8,2024-04-10
2816,Week 12,2024-05-08
2817,Baseline,2024-04-07
2817,Week 4,2024-05-05
2817,Week 8,2024-06-02
2817,Week 12,2024-06-30
2818,Baseline,2024-01-03
2818,Week 4,2024-01-31
2818,Week 8,2024-02-28
2818,Week 12,2024-03-27
2819,Baseline,2024-03-20
2819,Week 4,2024-04-17
2819,Week 8,2024-05-15
2819,Week 12,2024-06-12
2820,Baseline,2024-03-22
2820,Week 4,2024-04-19
2820,Week 8,2024-05-17
2820,Week 12,2024-06-14
2821,Baseline,2024-03-15
2821,Week 4,2024-04-12
2821,Week 8,2024-05-10
2821,Week 12,2024-06-07
2822,Baseline,2024-02-23
2822,Week 4,2024-03-22
2822,Week 8,2024-04-19
2822,Week 12,2024-05-17
2823,Baseline,2024-03-09
2823,Week 4,2024-04-06
2823,Week 8,2024-05-04
2823,Week 12,2024-06-01
2824,Baseline,2024-02-22
2824,Week 4,2024-03-21
2824,Week 8,2024-04-18
2824,Week 12,2024-05-16
2825,Baseline,2024-02-29
2825,Week 4,2024-03-28
2825,Week 8,2024-04-25
2825,Week 12,2024-05-23
2826,Baseline,2024-06-07
2826,Week 4,2024-07-05
2826,Week 8,2024-08-02
2826,Week 12,2024-08-30
2827,Baseline,2024-05-19
2827,Week 4,2024-06-16
2827,Week 8,2024-07-14
2827,Week 12,2024-08-11
2828,Baseline,2024-03-17
2828,Week 4,2024-04-14
2828,Week 8,2024-05-12
2828,Week 12,2024-06-09
2829,Baseline,2024-01-23
2829,Week 4,2024-02-20
2829,Week 8,2024-03-19
2829,Week 12,2024-04-16
2830,Baseline,2024-02-06
2830,Week 4,2024-03-05
2830,Week 8,2024-04-02
2830,Week 12,2024-04-30
2831,Baseline,2024-02-07
2831,Week 4,2024-03-06
2831,Week 8,2024-04-03
2831,Week 12,2024-05-01
2832,Baseline,2024-03-08
2832,Week 4,2024-04-05
2832,Week 8,2024-05-03
2832,Week 12,2024-05-31
2833,Baseline,2024-05-04
2833,Week 4,2024-06-01
2833,Week 8,2024-06-29
2833,Week 12,2024-07-27
2834,Baseline,2024-04-06
2834,Week 4,2024-05-04
2834,Week 8,2024-06-01
2834,Week 12,2024-06-29
2835,Baseline,2024-03-11
2835,Week 4,2024-04-08
2835,Week 8,2024-05-06
2835,Week 12,2024-06-03
2836,Baseline,2024-02-29
2836,Week 4,2024-03-28
2836,Week 8,2024-04-25
2836,Week 12,2024-05-23
2837,Baseline,2024-04-17
2837,Week 4,2024-05-15
2837,Week 8,2024-06-12
2837,Week 12,2024-07-10
2838,Baseline,2024-03-03
2838,Week 4,2024-03-31
2838,Week 8,2024-04-28
2838,Week 12,2024-05-26
2839,Baseline,2024-01-29
2839,Week 4,2024-02-26
2839,Week 8,2024-03-25
2839,Week 12,2024-04-22
2840,Baseline,2024-04-04
2840,Week 4,2024-05-02
2840,Week 8,2024-05-30
2840,Week 12,2024-06-27
2841,Baseline,2024-02-03
2841,Week 4,2024-03-02
2841,Week 8,2024-03-30
2841,Week 12,2024-04-27
2842,Baseline,2024-01-01
2842,Week 4,2024-01-29
2842,Week 8,2024-02-26
2842,Week 12,2024-03-25
2843,Baseline,2024-03-13
2843,Week 4,2024-04-10
2843,Week 8,2024-05-08
2843,Week 12,2024-06-05
2844,Baseline,2024-06-25
2844,Week 4,2024-07-23
2844,Week 8,2024-08-20
2844,Week 12,2024-09-17
2845,Baseline,2024-03-10
2845,Week 4,2024-04-07
2845,Week 8,2024-05-05
2845,Week 12,2024-06-02
2846,Baseline,2024-04-22
2846,Week 4,2024-05-20
2846,Week 8,2024-06-17
2846,Week 12,2024-07-15
2847,Baseline,2024-02-04
2847,Week 4,2024-03-03
2847,Week 8,2024-03-31
2847,Week 12,2024-04-28
2848,Baseline,2024-05-10
2848,Week 4,2024-06-07
2848,Week 8,2024-07-05
2848,Week 12,2024-08-02
2849,Baseline,2024-04-05
2849,Week 4,2024-05-03
2849,Week 8,2024-05-31
2849,Week 12,2024-06-28
2850,Baseline,2024-06-23
2850,Week 4,2024-07-21
2850,Week 8,2024-08-18
2850,Week 12,2024-09-15
2851,Baseline,2024-04-18
2851,Week 4,2024-05-16
2851,Week 8,2024-06-13
2851,Week 12,2024-07-11
2852,Baseline,2024-04-07
2852,Week 4,2024-05-05
2852,Week 8,2024-06-02
2852,Week 12,2024-06-30
2853,Baseline,2024-06-15
2853,Week 4,2024-07-13
2853,Week 8,2024-08-10
2853,Week 12,2024-09-07
2854,Baseline,2024-05-06
2854,Week 4,2024-06-03
2854,Week 8,2024-07-01
2854,Week 12,2024-07-29
2855,Baseline,2024-04-04
2855,Week 4,2024-05-02
2855,Week 8,2024-05-30
2855,Week 12,2024-06-27
2856,Baseline,2024-03-21
2856,Week 4,2024-04-18
2856,Week 8,2024-05-16
2856,Week 12,2024-06-13
2857,Baseline,2024-02-29
2857,Week 4,2024-03-28
2857,Week 8,2024-04-25
2857,Week 12,2024-05-23
2858,Baseline,2024-02-29
2858,Week 4,2024-03-28
2858,Week 8,2024-04-25
2858,Week 12,2024-05-23
2859,Baseline,2024-03-22
2859,Week 4,2024-04-19
2859,Week 8,2024-05-17
2859,Week 12,2024-06-14
2860,Baseline,2024-01-11
2860,Week 4,2024-02-08
2860,Week 8,2024-03-07
2860,Week 12,2024-04-04
2861,Baseline,2024-01-28
2861,Week 4,2024-02-25
2861,Week 8,2024-03-24
2861,Week 12,2024-04-21
2862,Baseline,2024-06-18
2862,Week 4,2024-07-16
2862,Week 8,2024-08-13
2862,Week 12,2024-09-10
2863,Baseline,2024-05-16
2863,Week 4,2024-06-13
2863,Week 8,2024-07-11
2863,Week 12,2024-08-08
2864,Baseline,2024-03-16
2864,Week 4,2024-04-13
2864,Week 8,2024-05-11
2864,Week 12,2024-06-08
2865,Baseline,2024-04-17
2865,Week 4,2024-05-15
2865,Week 8,2024-06-12
2865,Week 12,2024-07-10
2866,Baseline,2024-01-20
2866,Week 4,2024-02-17
2866,Week 8,2024-03-16
2866,Week 12,2024-04-13
2867,Baseline,2024-01-06
2867,Week 4,2024-02-03
2867,Week 8,2024-03-02
2867,Week 12,2024-03-30
2868,Baseline,2024-04-19
2868,Week 4,2024-05-17
2868,Week 8,2024-06-14
2868,Week 12,2024-07-12
2869,Baseline,2024-05-26
2869,Week 4,2024-06-23
2869,Week 8,2024-07-21
2869,Week 12,2024-08-18
2870,Baseline,2024-06-16
2870,Week 4,2024-07-14
2870,Week 8,2024-08-11
2870,Week 12,2024-09-08
2871,Baseline,2024-03-25
2871,Week 4,2024-04-22
2871,Week 8,2024-05-20
2871,Week 12,2024-06-17
2872,Baseline,2024-06-03
2872,Week 4,2024-07-01
2872,Week 8,2024-07-29
2872,Week 12,2024-08-26
2873,Baseline,2024-06-04
2873,Week 4,2024-07-02
2873,Week 8,2024-07-30
2873,Week 12,2024-08-27
2874,Baseline,2024-02-19
2874,Week 4,2024-03-18
2874,Week 8,2024-04-15
2874,Week 12,2024-05-13
2875,Baseline,2024-01-16
2875,Week 4,2024-02-13
2875,Week 8,2024-03-12
2875,Week 12,2024-04-09
2876,Baseline,2024-02-27
2876,Week 4,2024-03-26
2876,Week 8,2024-04-23
2876,Week 12,2024-05-21
2877,Baseline,2024-02-01
2877,Week 4,2024-02-29
2877,Week 8,2024-03-28
2877,Week 12,2024-04-25
2878,Baseline,2024-04-21
2878,Week 4,2024-05-19
2878,Week 8,2024-06-16
2878,Week 12,2024-07-14
2879,Baseline,2024-06-14
2879,Week 4,2024-07-12
2879,Week 8,2024-08-09
2879,Week 12,2024-09-06
2880,Baseline,2024-01-11
2880,Week 4,2024-02-08
2880,Week 8,2024-03-07
2880,Week 12,2024-04-04
2881,Baseline,2024-01-01
2881,Week 4,2024-01-29
2881,Week 8,2024-02-26
2881,Week 12,2024-03-25
2882,Baseline,2024-04-22
2882,Week 4,2024-05-20
2882,Week 8,2024-06-17
2882,Week 12,2024-07-15
2883,Baseline,2024-03-29
2883,Week 4,2024-04-26
2883,Week 8,2024-05-24
2883,Week 12,2024-06-21
2884,Baseline,2024-06-26
2884,Week 4,2024-07-24
2884,Week 8,2024-08-21
2884,Week 12,2024-09-18
2885,Baseline,2024-03-23
2885,Week 4,2024-04-20
2885,Week 8,2024-05-18
2885,Week 12,2024-06-15
2886,Baseline,2024-03-05
2886,Week 4,2024-04-02
2886,Week 8,2024-04-30
2886,Week 12,2024-05-28
2887,Baseline,2024-04-11
2887,Week 4,2024-05-09
2887,Week 8,2024-06-06
2887,Week 12,2024-07-04
2888,Baseline,2024-04-14
2888,Week 4,2024-05-12
2888,Week 8,2024-06-09
2888,Week 12,2024-07-07
2889,Baseline,2024-05-20
2889,Week 4,2024-06-17
2889,Week 8,2024-07-15
2889,Week 12,2024-08-12
2890,Baseline,2024-06-20
2890,Week 4,2024-07-18
2890,Week 8,2024-08-15
2890,Week 12,2024-09-12
2891,Baseline,2024-03-13
2891,Week 4,2024-04-10
2891,Week 8,2024-05-08
2891,Week 12,2024-06-05
2892,Baseline,2024-05-28
2892,Week 4,2024-06-25
2892,Week 8,2024-07-23
2892,Week 12,2024-08-20
2893,Baseline,2024-02-12
2893,Week 4,2024-03-11
2893,Week 8,2024-04-08
2893,Week 12,2024-05-06
2894,Baseline,2024-02-12
2894,Week 4,2024-03-11
2894,Week 8,2024-04-08
2894,Week 12,2024-05-06
2895,Baseline,2024-02-15
2895,Week 4,2024-03-14
2895,Week 8,2024-04-11
2895,Week 12,2024-05-09
2896,Baseline,2024-02-02
2896,Week 4,2024-03-01
2896,Week 8,2024-03-29
2896,Week 12,2024-04-26
2897,Baseline,2024-04-19
2897,Week 4,2024-05-17
2897,Week 8,2024-06-14
2897,Week 12,2024-07-12
2898,Baseline,2024-01-17
2898,Week 4,2024-02-14
2898,Week 8,2024-03-13
2898,Week 12,2024-04-10
2899,Baseline,2024-03-05
2899,Week 4,2024-04-02
2899,Week 8,2024-04-30
2899,Week 12,2024-05-28
2900,Baseline,2024-04-28
2900,Week 4,2024-05-26
2900,Week 8,2024-06-23
2900,Week 12,2024-07-21
2901,Baseline,2024-02-27
2901,Week 4,2024-03-26
2901,Week 8,2024-04-23
2901,Week 12,2024-05-21
2902,Baseline,2024-01-20
2902,Week 4,2024-02-17
2902,Week 8,2024-03-16
2902,Week 12,2024-04-13
2903,Baseline,2024-04-09
2903,Week 4,2024-05-07
2903,Week 8,2024-06-04
2903,Week 12,2024-07-02
2904,Baseline,2024-02-12
2904,Week 4,2024-03-11
2904,Week 8,2024-04-08
2904,Week 12,2024-05-06
2905,Baseline,2024-05-06
2905,Week 4,2024-06-03
2905,Week 8,2024-07-01
2905,Week 12,2024-07-29
2906,Baseline,2024-02-15
2906,Week 4,2024-03-14
2906,Week 8,2024-04-11
2906,Week 12,2024-05-09
2907,Baseline,2024-06-04
2907,Week 4,2024-07-02
2907,Week 8,2024-07-30
2907,Week 12,2024-08-27
2908,Baseline,2024-02-17
2908,Week 4,2024-03-16
2908,Week 8,2024-04-13
2908,Week 12,2024-05-11
2909,Baseline,2024-04-07
2909,Week 4,2024-05-05
2909,Week 8,2024-06-02
2909,Week 12,2024-06-30
2910,Baseline,2024-03-24
2910,Week 4,2024-04-21
2910,Week 8,2024-05-19
2910,Week 12,2024-06-16
2911,Baseline,2024-04-23
2911,Week 4,2024-05-21
2911,Week 8,2024-06-18
2911,Week 12,2024-07-16
2912,Baseline,2024-03-30
2912,Week 4,2024-04-27
2912,Week 8,2024-05-25
2912,Week 12,2024-06-22
2913,Baseline,2024-04-28
2913,Week 4,2024-05-26
2913,Week 8,2024-06-23
2913,Week 12,2024-07-21
2914,Baseline,2024-02-27
2914,Week 4,2024-03-26
2914,Week 8,2024-04-23
2914,Week 12,2024-05-21
2915,Baseline,2024-06-08
2915,Week 4,2024-07-06
2915,Week 8,2024-08-03
2915,Week 12,2024-08-31
2916,Baseline,2024-02-11
2916,Week 4,2024-03-10
2916,Week 8,2024-04-07
2916,Week 12,2024-05-05
2917,Baseline,2024-06-19
2917,Week 4,2024-07-17
2917,Week 8,2024-08-14
2917,Week 12,2024-09-11
2918,Baseline,2024-03-26
2918,Week 4,2024-04-23
2918,Week 8,2024-05-21
2918,Week 12,2024-06-18
2919,Baseline,2024-05-17
2919,Week 4,2024-06-14
2919,Week 8,2024-07-12
2919,Week 12,2024-08-09
2920,Baseline,2024-06-09
2920,Week 4,2024-07-07
2920,Week 8,2024-08-04
2920,Week 12,2024-09-01
2921,Baseline,2024-02-12
2921,Week 4,2024-03-11
2921,Week 8,2024-04-08
2921,Week 12,2024-05-06
2922,Baseline,2024-03-18
2922,Week 4,2024-04-15
2922,Week 8,2024-05-13
2922,Week 12,2024-06-10
2923,Baseline,2024-02-03
2923,Week 4,2024-03-02
2923,Week 8,2024-03-30
2923,Week 12,2024-04-27
2924,Baseline,2024-06-03
2924,Week 4,2024-07-01
2924,Week 8,2024-07-29
2924,Week 12,2024-08-26
2925,Baseline,2024-01-23
2925,Week 4,2024-02-20
2925,Week 8,2024-03-19
2925,Week 12,2024-04-16
2926,Baseline,2024-06-21
2926,Week 4,2024-07-19
2926,Week 8,2024-08-16
2926,Week 12,2024-09-13
2927,Baseline,2024-05-31
2927,Week 4,2024-06-28
2927,Week 8,2024-07-26
2927,Week 12,2024-08-23
2928,Baseline,2024-06-21
2928,Week 4,2024-07-19
2928,Week 8,2024-08-16
2928,Week 12,2024-09-13
2929,Baseline,2024-05-10
2929,Week 4,2024-06-07
2929,Week 8,2024-07-05
2929,Week 12,2024-08-02
2930,Baseline,2024-02-03
2930,Week 4,2024-03-02
2930,Week 8,2024-03-30
2930,Week 12,2024-04-27
2931,Baseline,2024-05-11
2931,Week 4,2024-06-08
2931,Week 8,2024-07-06
2931,Week 12,2024-08-03
2932,Baseline,2024-03-21
2932,Week 4,2024-04-18
2932,Week 8,2024-05-16
2932,Week 12,2024-06-13
2933,Baseline,2024-05-28
2933,Week 4,2024-06-25
2933,Week 8,2024-07-23
2933,Week 12,2024-08-20
2934,Baseline,2024-02-12
2934,Week 4,2024-03-11
2934,Week 8,2024-04-08
2934,Week 12,2024-05-06
2935,Baseline,2024-02-18
2935,Week 4,2024-03-17
2935,Week 8,2024-04-14
2935,Week 12,2024-05-12
2936,Baseline,2024-05-16
2936,Week 4,2024-06-13
2936,Week 8,2024-07-11
2936,Week 12,2024-08-08
2937,Baseline,2024-06-01
2937,Week 4,2024-06-29
2937,Week 8,2024-07-27
2937,Week 12,2024-08-24
2938,Baseline,2024-05-30
2938,Week 4,2024-06-27
2938,Week 8,2024-07-25
2938,Week 12,2024-08-22
2939,Baseline,2024-03-10
2939,Week 4,2024-04-07
2939,Week 8,2024-05-05
2939,Week 12,2024-06-02
2940,Baseline,2024-02-28
2940,Week 4,2024-03-27
2940,Week 8,2024-04-24
2940,Week 12,2024-05-22
2941,Baseline,2024-03-04
2941,Week 4,2024-04-01
2941,Week 8,2024-04-29
2941,Week 12,2024-05-27
2942,Baseline,2024-01-22
2942,Week 4,2024-02-19
2942,Week 8,2024-03-18
2942,Week 12,2024-04-15
2943,Baseline,2024-04-14
2943,Week 4,2024-05-12
2943,Week 8,2024-06-09
2943,Week 12,2024-07-07
2944,Baseline,2024-01-29
2944,Week 4,2024-02-26
2944,Week 8,2024-03-25
2944,Week 12,2024-04-22
2945,Baseline,2024-01-20
2945,Week 4,2024-02-17
2945,Week 8,2024-03-16
2945,Week 12,2024-04-13
2946,Baseline,2024-02-01
2946,Week 4,2024-02-29
2946,Week 8,2024-03-28
2946,Week 12,2024-04-25
2947,Baseline,2024-03-09
2947,Week 4,2024-04-06
2947,Week 8,2024-05-04
2947,Week 12,2024-06-01
2948,Baseline,2024-06-26
2948,Week 4,2024-07-24
2948,Week 8,2024-08-21
2948,Week 12,2024-09-18
2949,Baseline,2024-05-01
2949,Week 4,2024-05-29
2949,Week 8,2024-06-26
2949,Week 12,2024-07-24
2950,Baseline,2024-02-28
2950,Week 4,2024-03-27
2950,Week 8,2024-04-24
2950,Week 12,2024-05-22
2951,Baseline,2024-05-15
2951,Week 4,2024-06-12
2951,Week 8,2024-07-10
2951,Week 12,2024-08-07
2952,Baseline,2024-03-29
2952,Week 4,2024-04-26
2952,Week 8,2024-05-24
2952,Week 12,2024-06-21
2953,Baseline,2024-04-07
2953,Week 4,2024-05-05
2953,Week 8,2024-06-02
2953,Week 12,2024-06-30
2954,Baseline,2024-05-01
2954,Week 4,2024-05-29
2954,Week 8,2024-06-26
2954,Week 12,2024-07-24
2955,Baseline,2024-01-02
2955,Week 4,2024-01-30
2955,Week 8,2024-02-27
2955,Week 12,2024-03-26
2956,Baseline,2024-04-09
2956,Week 4,2024-05-07
2956,Week 8,2024-06-04
2956,Week 12,2024-07-02
2957,Baseline,2024-02-01
2957,Week 4,2024-02-29
2957,Week 8,2024-03-28
2957,Week 12,2024-04-25
2958,Baseline,2024-01-10
2958,Week 4,2024-02-07
2958,Week 8,2024-03-06
2958,Week 12,2024-04-03
2959,Baseline,2024-06-18
2959,Week 4,2024-07-16
2959,Week 8,2024-08-13
2959,Week 12,2024-09-10
2960,Baseline,2024-03-23
2960,Week 4,2024-04-20
2960,Week 8,2024-05-18
2960,Week 12,2024-06-15
2961,Baseline,2024-03-28
2961,Week 4,2024-04-25
2961,Week 8,2024-05-23
2961,Week 12,2024-06-20
2962,Baseline,2024-01-25
2962,Week 4,2024-02-22
2962,Week 8,2024-03-21
2962,Week 12,2024-04-18
2963,Baseline,2024-02-09
2963,Week 4,2024-03-08
2963,Week 8,2024-04-05
2963,Week 12,2024-05-03
2964,Baseline,2024-03-20
2964,Week 4,2024-04-17
2964,Week 8,2024-05-15
2964,Week 12,2024-06-12
2965,Baseline,2024-01-18
2965,Week 4,2024-02-15
2965,Week 8,2024-03-14
2965,Week 12,2024-04-11
2966,Baseline,2024-02-08
2966,Week 4,2024-03-07
2966,Week 8,2024-04-04
2966,Week 12,2024-05-02
2967,Baseline,2024-06-10
2967,Week 4,2024-07-08
2967,Week 8,2024-08-05
2967,Week 12,2024-09-02
2968,Baseline,2024-06-07
2968,Week 4,2024-07-05
2968,Week 8,2024-08-02
2968,Week 12,2024-08-30
2969,Baseline,2024-05-13
2969,Week 4,2024-06-10
2969,Week 8,2024-07-08
2969,Week 12,2024-08-05
2970,Baseline,2024-01-13
2970,Week 4,2024-02-10
2970,Week 8,2024-03-09
2970,Week 12,2024-04-06
2971,Baseline,2024-05-10
2971,Week 4,2024-06-07
2971,Week 8,2024-07-05
2971,Week 12,2024-08-02
2972,Baseline,2024-02-10
2972,Week 4,2024-03-09
2972,Week 8,2024-04-06
2972,Week 12,2024-05-04
2973,Baseline,2024-04-01
2973,Week 4,2024-04-29
2973,Week 8,2024-05-27
2973,Week 12,2024-06-24
2974,Baseline,2024-05-26
2974,Week 4,2024-06-23
2974,Week 8,2024-07-21
2974,Week 12,2024-08-18
2975,Baseline,2024-03-08
2975,Week 4,2024-04-05
2975,Week 8,2024-05-03
2975,Week 12,2024-05-31
2976,Baseline,2024-01-20
2976,Week 4,2024-02-17
2976,Week 8,2024-03-16
2976,Week 12,2024-04-13
2977,Baseline,2024-01-31
2977,Week 4,2024-02-28
2977,Week 8,2024-03-27
2977,Week 12,2024-04-24
2978,Baseline,2024-02-03
2978,Week 4,2024-03-02
2978,Week 8,2024-03-30
2978,Week 12,2024-04-27
2979,Baseline,2024-05-07
2979,Week 4,2024-06-04
2979,Week 8,2024-07-02
2979,Week 12,2024-07-30
2980,Baseline,2024-05-07
2980,Week 4,2024-06-04
2980,Week 8,2024-07-02
2980,Week 12,2024-07-30
2981,Baseline,2024-03-02
2981,Week 4,2024-03-30
2981,Week 8,2024-04-27
2981,Week 12,2024-05-25
2982,Baseline,2024-03-15
2982,Week 4,2024-04-12
2982,Week 8,2024-05-10
2982,Week 12,2024-06-07
2983,Baseline,2024-03-01
2983,Week 4,2024-03-29
2983,Week 8,2024-04-26
2983,Week 12,2024-05-24
2984,Baseline,2024-06-13
2984,Week 4,2024-07-11
2984,Week 8,2024-08-08
2984,Week 12,2024-09-05
2985,Baseline,2024-05-11
2985,Week 4,2024-06-08
2985,Week 8,2024-07-06
2985,Week 12,2024-08-03
2986,Baseline,2024-01-01
2986,Week 4,2024-01-29
2986,Week 8,2024-02-26
2986,Week 12,2024-03-25
2987,Baseline,2024-04-24
2987,Week 4,2024-05-22
2987,Week 8,2024-06-19
2987,Week 12,2024-07-17
2988,Baseline,2024-02-17
2988,Week 4,2024-03-16
2988,Week 8,2024-04-13
2988,Week 12,2024-05-11
2989,Baseline,2024-06-24
2989,Week 4,2024-07-22
2989,Week 8,2024-08-19
2989,Week 12,2024-09-16
2990,Baseline,2024-01-20
2990,Week 4,2024-02-17
2990,Week 8,2024-03-16
2990,Week 12,2024-04-13
2991,Baseline,2024-05-06
2991,Week 4,2024-06-03
2991,Week 8,2024-07-01
2991,Week 12,2024-07-29
2992,Baseline,2024-03-01
2992,Week 4,2024-03-29
2992,Week 8,2024-04-26
2992,Week 12,2024-05-24
2993,Baseline,2024-03-01
2993,Week 4,2024-03-29
2993,Week 8,2024-04-26
2993,Week 12,2024-05-24
2994,Baseline,2024-04-11
2994,Week 4,2024-05-09
2994,Week 8,2024-06-06
2994,Week 12,2024-07-04
2995,Baseline,2024-03-17
2995,Week 4,2024-04-14
2995,Week 8,2024-05-12
2995,Week 12,2024-06-09
2996,Baseline,2024-02-25
2996,Week 4,2024-03-24
2996,Week 8,2024-04-21
2996,Week 12,2024-05-19
2997,Baseline,2024-03-28
2997,Week 4,2024-04-25
2997,Week 8,2024-05-23
2997,Week 12,2024-06-20
2998,Baseline,2024-01-11
2998,Week 4,2024-02-08
2998,Week 8,2024-03-07
2998,Week 12,2024-04-04
2999,Baseline,2024-04-09
2999,Week 4,2024-05-07
2999,Week 8,2024-06-04
2999,Week 12,2024-07-02
3000,Baseline,2024-02-19
3000,Week 4,2024-03-18
3000,Week 8,2024-04-15
3000,Week 12,2024-05-13
3001,Baseline,2024-04-24
3001,Week 4,2024-05-22
3001,Week 8,2024-06-19
3001,Week 12,2024-07-17
3002,Baseline,2024-03-13
3002,Week 4,2024-04-10
3002,Week 8,2024-05-08
3002,Week 12,2024-06-05
3003,Baseline,2024-03-23
3003,Week 4,2024-04-20
3003,Week 8,2024-05-18
3003,Week 12,2024-06-15
3004,Baseline,2024-02-07
3004,Week 4,2024-03-06
3004,Week 8,2024-04-03
3004,Week 12,2024-05-01
3005,Baseline,2024-06-11
3005,Week 4,2024-07-09
3005,Week 8,2024-08-06
3005,Week 12,2024-09-03
3006,Baseline,2024-06-01
3006,Week 4,2024-06-29
3006,Week 8,2024-07-27
3006,Week 12,2024-08-24
3007,Baseline,2024-04-25
3007,Week 4,2024-05-23
3007,Week 8,2024-06-20
3007,Week 12,2024-07-18
3008,Baseline,2024-06-04
3008,Week 4,2024-07-02
3008,Week 8,2024-07-30
3008,Week 12,2024-08-27
3009,Baseline,2024-01-01
3009,Week 4,2024-01-29
3009,Week 8,2024-02-26
3009,Week 12,2024-03-25
3010,Baseline,2024-05-15
3010,Week 4,2024-06-12
3010,Week 8,2024-07-10
3010,Week 12,2024-08-07
3011,Baseline,2024-03-09
3011,Week 4,2024-04-06
3011,Week 8,2024-05-04
3011,Week 12,2024-06-01
3012,Baseline,2024-03-06
3012,Week 4,2024-04-03
3012,Week 8,2024-05-01
3012,Week 12,2024-05-29
3013,Baseline,2024-05-21
3013,Week 4,2024-06-18
3013,Week 8,2024-07-16
3013,Week 12,2024-08-13
3014,Baseline,2024-04-29
3014,Week 4,2024-05-27
3014,Week 8,2024-06-24
3014,Week 12,2024-07-22
3015,Baseline,2024-06-07
3015,Week 4,2024-07-05
3015,Week 8,2024-08-02
3015,Week 12,2024-08-30
3016,Baseline,2024-06-14
3016,Week 4,2024-07-12
3016,Week 8,2024-08-09
3016,Week 12,2024-09-06
3017,Baseline,2024-01-27
3017,Week 4,2024-02-24
3017,Week 8,2024-03-23
3017,Week 12,2024-04-20
3018,Baseline,2024-01-04
3018,Week 4,2024-02-01
3018,Week 8,2024-02-29
3018,Week 12,2024-03-28
3019,Baseline,2024-06-21
3019,Week 4,2024-07-19
3019,Week 8,2024-08-16
3019,Week 12,2024-09-13
3020,Baseline,2024-05-02
3020,Week 4,2024-05-30
3020,Week 8,2024-06-27
3020,Week 12,2024-07-25
3021,Baseline,2024-03-31
3021,Week 4,2024-04-28
3021,Week 8,2024-05-26
3021,Week 12,2024-06-23
3022,Baseline,2024-06-26
3022,Week 4,2024-07-24
3022,Week 8,2024-08-21
3022,Week 12,2024-09-18
3023,Baseline,2024-05-14
3023,Week 4,2024-06-11
3023,Week 8,2024-07-09
3023,Week 12,2024-08-06
3024,Baseline,2024-01-21
3024,Week 4,2024-02-18
3024,Week 8,2024-03-17
3024,Week 12,2024-04-14
3025,Baseline,2024-03-07
3025,Week 4,2024-04-04
3025,Week 8,2024-05-02
3025,Week 12,2024-05-30
3026,Baseline,2024-06-24
3026,Week 4,2024-07-22
3026,Week 8,2024-08-19
3026,Week 12,2024-09-16
3027,Baseline,2024-05-04
3027,Week 4,2024-06-01
3027,Week 8,2024-06-29
3027,Week 12,2024-07-27
3028,Baseline,2024-04-23
3028,Week 4,2024-05-21
3028,Week 8,2024-06-18
3028,Week 12,2024-07-16
3029,Baseline,2024-03-06
3029,Week 4,2024-04-03
3029,Week 8,2024-05-01
3029,Week 12,2024-05-29
3030,Baseline,2024-05-07
3030,Week 4,2024-06-04
3030,Week 8,2024-07-02
3030,Week 12,2024-07-30
3031,Baseline,2024-05-13
3031,Week 4,2024-06-10
3031,Week 8,2024-07-08
3031,Week 12,2024-08-05
3032,Baseline,2024-06-07
3032,Week 4,2024-07-05
3032,Week 8,2024-08-02
3032,Week 12,2024-08-30
3033,Baseline,2024-02-27
3033,Week 4,2024-03-26
3033,Week 8,2024-04-23
3033,Week 12,2024-05-21
3034,Baseline,2024-04-01
3034,Week 4,2024-04-29
3034,Week 8,2024-05-27
3034,Week 12,2024-06-24
3035,Baseline,2024-05-30
3035,Week 4,2024-06-27
3035,Week 8,2024-07-25
3035,Week 12,2024-08-22
3036,Baseline,2024-03-17
3036,Week 4,2024-04-14
3036,Week 8,2024-05-12
3036,Week 12,2024-06-09
3037,Baseline,2024-02-28
3037,Week 4,2024-03-27
3037,Week 8,2024-04-24
3037,Week 12,2024-05-22
3038,Baseline,2024-05-02
3038,Week 4,2024-05-30
3038,Week 8,2024-06-27
3038,Week 12,2024-07-25
3039,Baseline,2024-05-25
3039,Week 4,2024-06-22
3039,Week 8,2024-07-20
3039,Week 12,2024-08-17
3040,Baseline,2024-04-30
3040,Week 4,2024-05-28
3040,Week 8,2024-06-25
3040,Week 12,2024-07-23
3041,Baseline,2024-06-25
3041,Week 4,2024-07-23
3041,Week 8,2024-08-20
3041,Week 12,2024-09-17
3042,Baseline,2024-06-04
3042,Week 4,2024-07-02
3042,Week 8,2024-07-30
3042,Week 12,2024-08-27
3043,Baseline,2024-01-12
3043,Week 4,2024-02-09
3043,Week 8,2024-03-08
3043,Week 12,2024-04-05
3044,Baseline,2024-02-22
3044,Week 4,2024-03-21
3044,Week 8,2024-04-18
3044,Week 12,2024-05-16
3045,Baseline,2024-01-15
3045,Week 4,2024-02-12
3045,Week 8,2024-03-11
3045,Week 12,2024-04-08
3046,Baseline,2024-05-25
3046,Week 4,2024-06-22
3046,Week 8,2024-07-20
3046,Week 12,2024-08-17
3047,Baseline,2024-03-31
3047,Week 4,2024-04-28
3047,Week 8,2024-05-26
3047,Week 12,2024-06-23
3048,Baseline,2024-05-06
3048,Week 4,2024-06-03
3048,Week 8,2024-07-01
3048,Week 12,2024-07-29
3049,Baseline,2024-01-09
3049,Week 4,2024-02-06
3049,Week 8,2024-03-05
3049,Week 12,2024-04-02
3050,Baseline,2024-04-12
3050,Week 4,2024-05-10
3050,Week 8,2024-06-07
3050,Week 12,2024-07-05
3051,Baseline,2024-02-17
3051,Week 4,2024-03-16
3051,Week 8,2024-04-13
3051,Week 12,2024-05-11
3052,Baseline,2024-06-25
3052,Week 4,2024-07-23
3052,Week 8,2024-08-20
3052,Week 12,2024-09-17
3053,Baseline,2024-05-11
3053,Week 4,2024-06-08
3053,Week 8,2024-07-06
3053,Week 12,2024-08-03
3054,Baseline,2024-06-12
3054,Week 4,2024-07-10
3054,Week 8,2024-08-07
3054,Week 12,2024-09-04
3055,Baseline,2024-06-06
3055,Week 4,2024-07-04
3055,Week 8,2024-08-01
3055,Week 12,2024-08-29
3056,Baseline,2024-02-09
3056,Week 4,2024-03-08
3056,Week 8,2024-04-05
3056,Week 12,2024-05-03
3057,Baseline,2024-06-20
3057,Week 4,2024-07-18
3057,Week 8,2024-08-15
3057,Week 12,2024-09-12
3058,Baseline,2024-04-05
3058,Week 4,2024-05-03
3058,Week 8,2024-05-31
3058,Week 12,2024-06-28
3059,Baseline,2024-01-31
3059,Week 4,2024-02-28
3059,Week 8,2024-03-27
3059,Week 12,2024-04-24
3060,Baseline,2024-03-26
3060,Week 4,2024-04-23
3060,Week 8,2024-05-21
3060,Week 12,2024-06-18
3061,Baseline,2024-02-14
3061,Week 4,2024-03-13
3061,Week 8,2024-04-10
3061,Week 12,2024-05-08
3062,Baseline,2024-01-19
3062,Week 4,2024-02-16
3062,Week 8,2024-03-15
3062,Week 12,2024-04-12
3063,Baseline,2024-03-04
3063,Week 4,2024-04-01
3063,Week 8,2024-04-29
3063,Week 12,2024-05-27
3064,Baseline,2024-01-10
3064,Week 4,2024-02-07
3064,Week 8,2024-03-06
3064,Week 12,2024-04-03
3065,Baseline,2024-05-31
3065,Week 4,2024-06-28
3065,Week 8,2024-07-26
3065,Week 12,2024-08-23
3066,Baseline,2024-01-29
3066,Week 4,2024-02-26
3066,Week 8,2024-03-25
3066,Week 12,2024-04-22
3067,Baseline,2024-04-19
3067,Week 4,2024-05-17
3067,Week 8,2024-06-14
3067,Week 12,2024-07-12
3068,Baseline,2024-04-07
3068,Week 4,2024-05-05
3068,Week 8,2024-06-02
3068,Week 12,2024-06-30
3069,Baseline,2024-02-24
3069,Week 4,2024-03-23
3069,Week 8,2024-04-20
3069,Week 12,2024-05-18
3070,Baseline,2024-04-13
3070,Week 4,2024-05-11
3070,Week 8,2024-06-08
3070,Week 12,2024-07-06
3071,Baseline,2024-01-06
3071,Week 4,2024-02-03
3071,Week 8,2024-03-02
3071,Week 12,2024-03-30
3072,Baseline,2024-01-08
3072,Week 4,2024-02-05
3072,Week 8,2024-03-04
3072,Week 12,2024-04-01
3073,Baseline,2024-03-19
3073,Week 4,2024-04-16
3073,Week 8,2024-05-14
3073,Week 12,2024-06-11
3074,Baseline,2024-05-29
3074,Week 4,2024-06-26
3074,Week 8,2024-07-24
3074,Week 12,2024-08-21
3075,Baseline,2024-06-13
3075,Week 4,2024-07-11
3075,Week 8,2024-08-08
3075,Week 12,2024-09-05
3076,Baseline,2024-04-25
3076,Week 4,2024-05-23
3076,Week 8,2024-06-20
3076,Week 12,2024-07-18
3077,Baseline,2024-02-15
3077,Week 4,2024-03-14
3077,Week 8,2024-04-11
3077,Week 12,2024-05-09
3078,Baseline,2024-06-06
3078,Week 4,2024-07-04
3078,Week 8,2024-08-01
3078,Week 12,2024-08-29
3079,Baseline,2024-04-16
3079,Week 4,2024-05-14
3079,Week 8,2024-06-11
3079,Week 12,2024-07-09
3080,Baseline,2024-05-26
3080,Week 4,2024-06-23
3080,Week 8,2024-07-21
3080,Week 12,2024-08-18
3081,Baseline,2024-05-25
3081,Week 4,2024-06-22
3081,Week 8,2024-07-20
3081,Week 12,2024-08-17
3082,Baseline,2024-04-24
3082,Week 4,2024-05-22
3082,Week 8,2024-06-19
3082,Week 12,2024-07-17
3083,Baseline,2024-05-07
3083,Week 4,2024-06-04
3083,Week 8,2024-07-02
3083,Week 12,2024-07-30
3084,Baseline,2024-04-21
3084,Week 4,2024-05-19
3084,Week 8,2024-06-16
3084,Week 12,2024-07-14
3085,Baseline,2024-05-17
3085,Week 4,2024-06-14
3085,Week 8,2024-07-12
3085,Week 12,2024-08-09
3086,Baseline,2024-03-24
3086,Week 4,2024-04-21
3086,Week 8,2024-05-19
3086,Week 12,2024-06-16
3087,Baseline,2024-05-04
3087,Week 4,2024-06-01
3087,Week 8,2024-06-29
3087,Week 12,2024-07-27
3088,Baseline,2024-03-03
3088,Week 4,2024-03-31
3088,Week 8,2024-04-28
3088,Week 12,2024-05-26
3089,Baseline,2024-06-24
3089,Week 4,2024-07-22
3089,Week 8,2024-08-19
3089,Week 12,2024-09-16
3090,Baseline,2024-04-20
3090,Week 4,2024-05-18
3090,Week 8,2024-06-15
3090,Week 12,2024-07-13
3091,Baseline,2024-06-18
3091,Week 4,2024-07-16
3091,Week 8,2024-08-13
3091,Week 12,2024-09-10
3092,Baseline,2024-01-19
3092,Week 4,2024-02-16
3092,Week 8,2024-03-15
3092,Week 12,2024-04-12
3093,Baseline,2024-03-16
3093,Week 4,2024-04-13
3093,Week 8,2024-05-11
3093,Week 12,2024-06-08
3094,Baseline,2024-04-06
3094,Week 4,2024-05-04
3094,Week 8,2024-06-01
3094,Week 12,2024-06-29
3095,Baseline,2024-03-31
3095,Week 4,2024-04-28
3095,Week 8,2024-05-26
3095,Week 12,2024-06-23
3096,Baseline,2024-06-01
3096,Week 4,2024-06-29
3096,Week 8,2024-07-27
3096,Week 12,2024-08-24
3097,Baseline,2024-04-28
3097,Week 4,2024-05-26
3097,Week 8,2024-06-23
3097,Week 12,2024-07-21
3098,Baseline,2024-04-29
3098,Week 4,2024-05-27
3098,Week 8,2024-06-24
3098,Week 12,2024-07-22
3099,Baseline,2024-06-15
3099,Week 4,2024-07-13
3099,Week 8,2024-08-10
3099,Week 12,2024-09-07
3100,Baseline,2024-03-25
3100,Week 4,2024-04-22
3100,Week 8,2024-05-20
3100,Week 12,2024-06-17
3101,Baseline,2024-01-15
3101,Week 4,2024-02-12
3101,Week 8,2024-03-11
3101,Week 12,2024-04-08
3102,Baseline,2024-05-29
3102,Week 4,2024-06-26
3102,Week 8,2024-07-24
3102,Week 12,2024-08-21
3103,Baseline,2024-03-29
3103,Week 4,2024-04-26
3103,Week 8,2024-05-24
3103,Week 12,2024-06-21
3104,Baseline,2024-03-01
3104,Week 4,2024-03-29
3104,Week 8,2024-04-26
3104,Week 12,2024-05-24
3105,Baseline,2024-03-09
3105,Week 4,2024-04-06
3105,Week 8,2024-05-04
3105,Week 12,2024-06-01
3106,Baseline,2024-05-13
3106,Week 4,2024-06-10
3106,Week 8,2024-07-08
3106,Week 12,2024-08-05
3107,Baseline,2024-03-26
3107,Week 4,2024-04-23
3107,Week 8,2024-05-21
3107,Week 12,2024-06-18
3108,Baseline,2024-01-27
3108,Week 4,2024-02-24
3108,Week 8,2024-03-23
3108,Week 12,2024-04-20
3109,Baseline,2024-02-01
3109,Week 4,2024-02-29
3109,Week 8,2024-03-28
3109,Week 12,2024-04-25
3110,Baseline,2024-04-16
3110,Week 4,2024-05-14
3110,Week 8,2024-06-11
3110,Week 12,2024-07-09
3111,Baseline,2024-05-04
3111,Week 4,2024-06-01
3111,Week 8,2024-06-29
3111,Week 12,2024-07-27
3112,Baseline,2024-05-08
3112,Week 4,2024-06-05
3112,Week 8,2024-07-03
3112,Week 12,2024-07-31
3113,Baseline,2024-02-10
3113,Week 4,2024-03-09
3113,Week 8,2024-04-06
3113,Week 12,2024-05-04
3114,Baseline,2024-03-30
3114,Week 4,2024-04-27
3114,Week 8,2024-05-25
3114,Week 12,2024-06-22
3115,Baseline,2024-06-13
3115,Week 4,2024-07-11
3115,Week 8,2024-08-08
3115,Week 12,2024-09-05
3116,Baseline,2024-05-03
3116,Week 4,2024-05-31
3116,Week 8,2024-06-28
3116,Week 12,2024-07-26
3117,Baseline,2024-02-23
3117,Week 4,2024-03-22
3117,Week 8,2024-04-19
3117,Week 12,2024-05-17
3118,Baseline,2024-06-03
3118,Week 4,2024-07-01
3118,Week 8,2024-07-29
3118,Week 12,2024-08-26
3119,Baseline,2024-06-02
3119,Week 4,2024-06-30
3119,Week 8,2024-07-28
3119,Week 12,2024-08-25
3120,Baseline,2024-02-05
3120,Week 4,2024-03-04
3120,Week 8,2024-04-01
3120,Week 12,2024-04-29
3121,Baseline,2024-05-06
3121,Week 4,2024-06-03
3121,Week 8,2024-07-01
3121,Week 12,2024-07-29
3122,Baseline,2024-05-25
3122,Week 4,2024-06-22
3122,Week 8,2024-07-20
3122,Week 12,2024-08-17
3123,Baseline,2024-05-01
3123,Week 4,2024-05-29
3123,Week 8,2024-06-26
3123,Week 12,2024-07-24
3124,Baseline,2024-04-10
3124,Week 4,2024-05-08
3124,Week 8,2024-06-05
3124,Week 12,2024-07-03
3125,Baseline,2024-03-20
3125,Week 4,2024-04-17
3125,Week 8,2024-05-15
3125,Week 12,2024-06-12
3126,Baseline,2024-06-15
3126,Week 4,2024-07-13
3126,Week 8,2024-08-10
3126,Week 12,2024-09-07
3127,Baseline,2024-04-28
3127,Week 4,2024-05-26
3127,Week 8,2024-06-23
3127,Week 12,2024-07-21
3128,Baseline,2024-06-06
3128,Week 4,2024-07-04
3128,Week 8,2024-08-01
3128,Week 12,2024-08-29
3129,Baseline,2024-06-13
3129,Week 4,2024-07-11
3129,Week 8,2024-08-08
3129,Week 12,2024-09-05
3130,Baseline,2024-02-17
3130,Week 4,2024-03-16
3130,Week 8,2024-04-13
3130,Week 12,2024-05-11
3131,Baseline,2024-01-06
3131,Week 4,2024-02-03
3131,Week 8,2024-03-02
3131,Week 12,2024-03-30
3132,Baseline,2024-04-10
3132,Week 4,2024-05-08
3132,Week 8,2024-06-05
3132,Week 12,2024-07-03
3133,Baseline,2024-06-10
3133,Week 4,2024-07-08
3133,Week 8,2024-08-05
3133,Week 12,2024-09-02
3134,Baseline,2024-05-30
3134,Week 4,2024-06-27
3134,Week 8,2024-07-25
3134,Week 12,2024-08-22
3135,Baseline,2024-04-01
3135,Week 4,2024-04-29
3135,Week 8,2024-05-27
3135,Week 12,2024-06-24
3136,Baseline,2024-05-24
3136,Week 4,2024-06-21
3136,Week 8,2024-07-19
3136,Week 12,2024-08-16
3137,Baseline,2024-06-06
3137,Week 4,2024-07-04
3137,Week 8,2024-08-01
3137,Week 12,2024-08-29
3138,Baseline,2024-02-18
3138,Week 4,2024-03-17
3138,Week 8,2024-04-14
3138,Week 12,2024-05-12
3139,Baseline,2024-05-07
3139,Week 4,2024-06-04
3139,Week 8,2024-07-02
3139,Week 12,2024-07-30
3140,Baseline,2024-03-02
3140,Week 4,2024-03-30
3140,Week 8,2024-04-27
3140,Week 12,2024-05-25
3141,Baseline,2024-05-31
3141,Week 4,2024-06-28
3141,Week 8,2024-07-26
3141,Week 12,2024-08-23
3142,Baseline,2024-04-13
3142,Week 4,2024-05-11
3142,Week 8,2024-06-08
3142,Week 12,2024-07-06
3143,Baseline,2024-04-14
3143,Week 4,2024-05-12
3143,Week 8,2024-06-09
3143,Week 12,2024-07-07
3144,Baseline,2024-06-26
3144,Week 4,2024-07-24
3144,Week 8,2024-08-21
3144,Week 12,2024-09-18
3145,Baseline,2024-06-02
3145,Week 4,2024-06-30
3145,Week 8,2024-07-28
3145,Week 12,2024-08-25
3146,Baseline,2024-03-19
3146,Week 4,2024-04-16
3146,Week 8,2024-05-14
3146,Week 12,2024-06-11
3147,Baseline,2024-02-12
3147,Week 4,2024-03-11
3147,Week 8,2024-04-08
3147,Week 12,2024-05-06
3148,Baseline,2024-05-14
3148,Week 4,2024-06-11
3148,Week 8,2024-07-09
3148,Week 12,2024-08-06
3149,Baseline,2024-05-18
3149,Week 4,2024-06-15
3149,Week 8,2024-07-13
3149,Week 12,2024-08-10
3150,Baseline,2024-06-27
3150,Week 4,2024-07-25
3150,Week 8,2024-08-22
3150,Week 12,2024-09-19
3151,Baseline,2024-06-08
3151,Week 4,2024-07-06
3151,Week 8,2024-08-03
3151,Week 12,2024-08-31
3152,Baseline,2024-03-15
3152,Week 4,2024-04-12
3152,Week 8,2024-05-10
3152,Week 12,2024-06-07
3153,Baseline,2024-02-13
3153,Week 4,2024-03-12
3153,Week 8,2024-04-09
3153,Week 12,2024-05-07
3154,Baseline,2024-03-29
3154,Week 4,2024-04-26
3154,Week 8,2024-05-24
3154,Week 12,2024-06-21
3155,Baseline,2024-05-02
3155,Week 4,2024-05-30
3155,Week 8,2024-06-27
3155,Week 12,2024-07-25
3156,Baseline,2024-06-20
3156,Week 4,2024-07-18
3156,Week 8,2024-08-15
3156,Week 12,2024-09-12
3157,Baseline,2024-06-23
3157,Week 4,2024-07-21
3157,Week 8,2024-08-18
3157,Week 12,2024-09-15
3158,Baseline,2024-06-11
3158,Week 4,2024-07-09
3158,Week 8,2024-08-06
3158,Week 12,2024-09-03
3159,Baseline,2024-04-04
3159,Week 4,2024-05-02
3159,Week 8,2024-05-30
3159,Week 12,2024-06-27
3160,Baseline,2024-06-28
3160,Week 4,2024-07-26
3160,Week 8,2024-08-23
3160,Week 12,2024-09-20
3161,Baseline,2024-05-24
3161,Week 4,2024-06-21
3161,Week 8,2024-07-19
3161,Week 12,2024-08-16
3162,Baseline,2024-05-14
3162,Week 4,2024-06-11
3162,Week 8,2024-07-09
3162,Week 12,2024-08-06
3163,Baseline,2024-03-21
3163,Week 4,2024-04-18
3163,Week 8,2024-05-16
3163,Week 12,2024-06-13
3164,Baseline,2024-04-16
3164,Week 4,2024-05-14
3164,Week 8,2024-06-11
3164,Week 12,2024-07-09
3165,Baseline,2024-03-31
3165,Week 4,2024-04-28
3165,Week 8,2024-05-26
3165,Week 12,2024-06-23
3166,Baseline,2024-06-25
3166,Week 4,2024-07-23
3166,Week 8,2024-08-20
3166,Week 12,2024-09-17
3167,Baseline,2024-06-25
3167,Week 4,2024-07-23
3167,Week 8,2024-08-20
3167,Week 12,2024-09-17
3168,Baseline,2024-02-10
3168,Week 4,2024-03-09
3168,Week 8,2024-04-06
3168,Week 12,2024-05-04
3169,Baseline,2024-01-19
3169,Week 4,2024-02-16
3169,Week 8,2024-03-15
3169,Week 12,2024-04-12
3170,Baseline,2024-02-14
3170,Week 4,2024-03-13
3170,Week 8,2024-04-10
3170,Week 12,2024-05-08
3171,Baseline,2024-01-19
3171,Week 4,2024-02-16
3171,Week 8,2024-03-15
3171,Week 12,2024-04-12
3172,Baseline,2024-04-01
3172,Week 4,2024-04-29
3172,Week 8,2024-05-27
3172,Week 12,2024-06-24
3173,Baseline,2024-04-30
3173,Week 4,2024-05-28
3173,Week 8,2024-06-25
3173,Week 12,2024-07-23
3174,Baseline,2024-06-14
3174,Week 4,2024-07-12
3174,Week 8,2024-08-09
3174,Week 12,2024-09-06
3175,Baseline,2024-05-19
3175,Week 4,2024-06-16
3175,Week 8,2024-07-14
3175,Week 12,2024-08-11
3176,Baseline,2024-02-05
3176,Week 4,2024-03-04
3176,Week 8,2024-04-01
3176,Week 12,2024-04-29
3177,Baseline,2024-02-24
3177,Week 4,2024-03-23
3177,Week 8,2024-04-20
3177,Week 12,2024-05-18
3178,Baseline,2024-03-01
3178,Week 4,2024-03-29
3178,Week 8,2024-04-26
3178,Week 12,2024-05-24
3179,Baseline,2024-01-16
3179,Week 4,2024-02-13
3179,Week 8,2024-03-12
3179,Week 12,2024-04-09
3180,Baseline,2024-05-16
3180,Week 4,2024-06-13
3180,Week 8,2024-07-11
3180,Week 12,2024-08-08
3181,Baseline,2024-05-06
3181,Week 4,2024-06-03
3181,Week 8,2024-07-01
3181,Week 12,2024-07-29
3182,Baseline,2024-03-29
3182,Week 4,2024-04-26
3182,Week 8,2024-05-24
3182,Week 12,2024-06-21
3183,Baseline,2024-04-14
3183,Week 4,2024-05-12
3183,Week 8,2024-06-09
3183,Week 12,2024-07-07
3184,Baseline,2024-04-26
3184,Week 4,2024-05-24
3184,Week 8,2024-06-21
3184,Week 12,2024-07-19
3185,Baseline,2024-01-07
3185,Week 4,2024-02-04
3185,Week 8,2024-03-03
3185,Week 12,2024-03-31
3186,Baseline,2024-03-13
3186,Week 4,2024-04-10
3186,Week 8,2024-05-08
3186,Week 12,2024-06-05
3187,Baseline,2024-01-16
3187,Week 4,2024-02-13
3187,Week 8,2024-03-12
3187,Week 12,2024-04-09
3188,Baseline,2024-05-09
3188,Week 4,2024-06-06
3188,Week 8,2024-07-04
3188,Week 12,2024-08-01
3189,Baseline,2024-03-08
3189,Week 4,2024-04-05
3189,Week 8,2024-05-03
3189,Week 12,2024-05-31
3190,Baseline,2024-05-18
3190,Week 4,2024-06-15
3190,Week 8,2024-07-13
3190,Week 12,2024-08-10
3191,Baseline,2024-01-13
3191,Week 4,2024-02-10
3191,Week 8,2024-03-09
3191,Week 12,2024-04-06
3192,Baseline,2024-02-09
3192,Week 4,2024-03-08
3192,Week 8,2024-04-05
3192,Week 12,2024-05-03
3193,Baseline,2024-04-05
3193,Week 4,2024-05-03
3193,Week 8,2024-05-31
3193,Week 12,2024-06-28
3194,Baseline,2024-04-17
3194,Week 4,2024-05-15
3194,Week 8,2024-06-12
3194,Week 12,2024-07-10
3195,Baseline,2024-06-17
3195,Week 4,2024-07-15
3195,Week 8,2024-08-12
3195,Week 12,2024-09-09
3196,Baseline,2024-05-24
3196,Week 4,2024-06-21
3196,Week 8,2024-07-19
3196,Week 12,2024-08-16
3197,Baseline,2024-03-11
3197,Week 4,2024-04-08
3197,Week 8,2024-05-06
3197,Week 12,2024-06-03
3198,Baseline,2024-05-11
3198,Week 4,2024-06-08
3198,Week 8,2024-07-06
3198,Week 12,2024-08-03
3199,Baseline,2024-04-10
3199,Week 4,2024-05-08
3199,Week 8,2024-06-05
3199,Week 12,2024-07-03
3200,Baseline,2024-06-18
3200,Week 4,2024-07-16
3200,Week 8,2024-08-13
3200,Week 12,2024-09-10
3201,Baseline,2024-05-18
3201,Week 4,2024-06-15
3201,Week 8,2024-07-13
3201,Week 12,2024-08-10
3202,Baseline,2024-05-04
3202,Week 4,2024-06-01
3202,Week 8,2024-06-29
3202,Week 12,2024-07-27
3203,Baseline,2024-05-13
3203,Week 4,2024-06-10
3203,Week 8,2024-07-08
3203,Week 12,2024-08-05
3204,Baseline,2024-06-12
3204,Week 4,2024-07-10
3204,Week 8,2024-08-07
3204,Week 12,2024-09-04
3205,Baseline,2024-05-18
3205,Week 4,2024-06-15
3205,Week 8,2024-07-13
3205,Week 12,2024-08-10
3206,Baseline,2024-01-13
3206,Week 4,2024-02-10
3206,Week 8,2024-03-09
3206,Week 12,2024-04-06
3207,Baseline,2024-05-31
3207,Week 4,2024-06-28
3207,Week 8,2024-07-26
3207,Week 12,2024-08-23
3208,Baseline,2024-02-02
3208,Week 4,2024-03-01
3208,Week 8,2024-03-29
3208,Week 12,2024-04-26
3209,Baseline,2024-01-06
3209,Week 4,2024-02-03
3209,Week 8,2024-03-02
3209,Week 12,2024-03-30
3210,Baseline,2024-01-14
3210,Week 4,2024-02-11
3210,Week 8,2024-03-10
3210,Week 12,2024-04-07
3211,Baseline,2024-06-12
3211,Week 4,2024-07-10
3211,Week 8,2024-08-07
3211,Week 12,2024-09-04
3212,Baseline,2024-06-02
3212,Week 4,2024-06-30
3212,Week 8,2024-07-28
3212,Week 12,2024-08-25
3213,Baseline,2024-06-20
3213,Week 4,2024-07-18
3213,Week 8,2024-08-15
3213,Week 12,2024-09-12
3214,Baseline,2024-06-10
3214,Week 4,2024-07-08
3214,Week 8,2024-08-05
3214,Week 12,2024-09-02
3215,Baseline,2024-06-19
3215,Week 4,2024-07-17
3215,Week 8,2024-08-14
3215,Week 12,2024-09-11
3216,Baseline,2024-06-01
3216,Week 4,2024-06-29
3216,Week 8,2024-07-27
3216,Week 12,2024-08-24
3217,Baseline,2024-03-23
3217,Week 4,2024-04-20
3217,Week 8,2024-05-18
3217,Week 12,2024-06-15
3218,Baseline,2024-01-22
3218,Week 4,2024-02-19
3218,Week 8,2024-03-18
3218,Week 12,2024-04-15
3219,Baseline,2024-02-28
3219,Week 4,2024-03-27
3219,Week 8,2024-04-24
3219,Week 12,2024-05-22
3220,Baseline,2024-01-06
3220,Week 4,2024-02-03
3220,Week 8,2024-03-02
3220,Week 12,2024-03-30
3221,Baseline,2024-06-13
3221,Week 4,2024-07-11
3221,Week 8,2024-08-08
3221,Week 12,2024-09-05
3222,Baseline,2024-02-04
3222,Week 4,2024-03-03
3222,Week 8,2024-03-31
3222,Week 12,2024-04-28
3223,Baseline,2024-02-08
3223,Week 4,2024-03-07
3223,Week 8,2024-04-04
3223,Week 12,2024-05-02
3224,Baseline,2024-02-25
3224,Week 4,2024-03-24
3224,Week 8,2024-04-21
3224,Week 12,2024-05-19
3225,Baseline,2024-06-09
3225,Week 4,2024-07-07
3225,Week 8,2024-08-04
3225,Week 12,2024-09-01
3226,Baseline,2024-03-17
3226,Week 4,2024-04-14
3226,Week 8,2024-05-12
3226,Week 12,2024-06-09
3227,Baseline,2024-06-28
3227,Week 4,2024-07-26
3227,Week 8,2024-08-23
3227,Week 12,2024-09-20
3228,Baseline,2024-02-10
3228,Week 4,2024-03-09
3228,Week 8,2024-04-06
3228,Week 12,2024-05-04
3229,Baseline,2024-04-25
3229,Week 4,2024-05-23
3229,Week 8,2024-06-20
3229,Week 12,2024-07-18
3230,Baseline,2024-06-28
3230,Week 4,2024-07-26
3230,Week 8,2024-08-23
3230,Week 12,2024-09-20
3231,Baseline,2024-03-17
3231,Week 4,2024-04-14
3231,Week 8,2024-05-12
3231,Week 12,2024-06-09
3232,Baseline,2024-02-15
3232,Week 4,2024-03-14
3232,Week 8,2024-04-11
3232,Week 12,2024-05-09
3233,Baseline,2024-04-09
3233,Week 4,2024-05-07
3233,Week 8,2024-06-04
3233,Week 12,2024-07-02
3234,Baseline,2024-05-21
3234,Week 4,2024-06-18
3234,Week 8,2024-07-16
3234,Week 12,2024-08-13
3235,Baseline,2024-04-10
3235,Week 4,2024-05-08
3235,Week 8,2024-06-05
3235,Week 12,2024-07-03
3236,Baseline,2024-05-21
3236,Week 4,2024-06-18
3236,Week 8,2024-07-16
3236,Week 12,2024-08-13
3237,Baseline,2024-05-15
3237,Week 4,2024-06-12
3237,Week 8,2024-07-10
3237,Week 12,2024-08-07
3238,Baseline,2024-06-22
3238,Week 4,2024-07-20
3238,Week 8,2024-08-17
3238,Week 12,2024-09-14
3239,Baseline,2024-05-11
3239,Week 4,2024-06-08
3239,Week 8,2024-07-06
3239,Week 12,2024-08-03
3240,Baseline,2024-01-01
3240,Week 4,2024-01-29
3240,Week 8,2024-02-26
3240,Week 12,2024-03-25
3241,Baseline,2024-01-15
3241,Week 4,2024-02-12
3241,Week 8,2024-03-11
3241,Week 12,2024-04-08
3242,Baseline,2024-01-29
3242,Week 4,2024-02-26
3242,Week 8,2024-03-25
3242,Week 12,2024-04-22
3243,Baseline,2024-02-14
3243,Week 4,2024-03-13
3243,Week 8,2024-04-10
3243,Week 12,2024-05-08
3244,Baseline,2024-05-07
3244,Week 4,2024-06-04
3244,Week 8,2024-07-02
3244,Week 12,2024-07-30
3245,Baseline,2024-06-25
3245,Week 4,2024-07-23
3245,Week 8,2024-08-20
3245,Week 12,2024-09-17
3246,Baseline,2024-06-04
3246,Week 4,2024-07-02
3246,Week 8,2024-07-30
3246,Week 12,2024-08-27
3247,Baseline,2024-01-10
3247,Week 4,2024-02-07
3247,Week 8,2024-03-06
3247,Week 12,2024-04-03
3248,Baseline,2024-05-08
3248,Week 4,2024-06-05
3248,Week 8,2024-07-03
3248,Week 12,2024-07-31
3249,Baseline,2024-02-12
3249,Week 4,2024-03-11
3249,Week 8,2024-04-08
3249,Week 12,2024-05-06
3250,Baseline,2024-06-05
3250,Week 4,2024-07-03
3250,Week 8,2024-07-31
3250,Week 12,2024-08-28
3251,Baseline,2024-05-15
3251,Week 4,2024-06-12
3251,Week 8,2024-07-10
3251,Week 12,2024-08-07
3252,Baseline,2024-01-25
3252,Week 4,2024-02-22
3252,Week 8,2024-03-21
3252,Week 12,2024-04-18
3253,Baseline,2024-01-05
3253,Week 4,2024-02-02
3253,Week 8,2024-03-01
3253,Week 12,2024-03-29
3254,Baseline,2024-06-11
3254,Week 4,2024-07-09
3254,Week 8,2024-08-06
3254,Week 12,2024-09-03
3255,Baseline,2024-03-06
3255,Week 4,2024-04-03
3255,Week 8,2024-05-01
3255,Week 12,2024-05-29
3256,Baseline,2024-03-20
3256,Week 4,2024-04-17
3256,Week 8,2024-05-15
3256,Week 12,2024-06-12
3257,Baseline,2024-06-21
3257,Week 4,2024-07-19
3257,Week 8,2024-08-16
3257,Week 12,2024-09-13
3258,Baseline,2024-03-23
3258,Week 4,2024-04-20
3258,Week 8,2024-05-18
3258,Week 12,2024-06-15
3259,Baseline,2024-05-01
3259,Week 4,2024-05-29
3259,Week 8,2024-06-26
3259,Week 12,2024-07-24
3260,Baseline,2024-03-18
3260,Week 4,2024-04-15
3260,Week 8,2024-05-13
3260,Week 12,2024-06-10
3261,Baseline,2024-04-24
3261,Week 4,2024-05-22
3261,Week 8,2024-06-19
3261,Week 12,2024-07-17
3262,Baseline,2024-02-01
3262,Week 4,2024-02-29
3262,Week 8,2024-03-28
3262,Week 12,2024-04-25
3263,Baseline,2024-01-27
3263,Week 4,2024-02-24
3263,Week 8,2024-03-23
3263,Week 12,2024-04-20
3264,Baseline,2024-02-01
3264,Week 4,2024-02-29
3264,Week 8,2024-03-28
3264,Week 12,2024-04-25
3265,Baseline,2024-02-16
3265,Week 4,2024-03-15
3265,Week 8,2024-04-12
3265,Week 12,2024-05-10
3266,Baseline,2024-06-14
3266,Week 4,2024-07-12
3266,Week 8,2024-08-09
3266,Week 12,2024-09-06
3267,Baseline,2024-01-05
3267,Week 4,2024-02-02
3267,Week 8,2024-03-01
3267,Week 12,2024-03-29
3268,Baseline,2024-06-17
3268,Week 4,2024-07-15
3268,Week 8,2024-08-12
3268,Week 12,2024-09-09
3269,Baseline,2024-06-06
3269,Week 4,2024-07-04
3269,Week 8,2024-08-01
3269,Week 12,2024-08-29
3270,Baseline,2024-03-04
3270,Week 4,2024-04-01
3270,Week 8,2024-04-29
3270,Week 12,2024-05-27
3271,Baseline,2024-04-22
3271,Week 4,2024-05-20
3271,Week 8,2024-06-17
3271,Week 12,2024-07-15
3272,Baseline,2024-01-03
3272,Week 4,2024-01-31
3272,Week 8,2024-02-28
3272,Week 12,2024-03-27
3273,Baseline,2024-06-05
3273,Week 4,2024-07-03
3273,Week 8,2024-07-31
3273,Week 12,2024-08-28
3274,Baseline,2024-01-01
3274,Week 4,2024-01-29
3274,Week 8,2024-02-26
3274,Week 12,2024-03-25
3275,Baseline,2024-06-16
3275,Week 4,2024-07-14
3275,Week 8,2024-08-11
3275,Week 12,2024-09-08
3276,Baseline,2024-03-19
3276,Week 4,2024-04-16
3276,Week 8,2024-05-14
3276,Week 12,2024-06-11
3277,Baseline,2024-01-22
3277,Week 4,2024-02-19
3277,Week 8,2024-03-18
3277,Week 12,2024-04-15
3278,Baseline,2024-02-25
3278,Week 4,2024-03-24
3278,Week 8,2024-04-21
3278,Week 12,2024-05-19
3279,Baseline,2024-06-22
3279,Week 4,2024-07-20
3279,Week 8,2024-08-17
3279,Week 12,2024-09-14
3280,Baseline,2024-05-01
3280,Week 4,2024-05-29
3280,Week 8,2024-06-26
3280,Week 12,2024-07-24
3281,Baseline,2024-06-17
3281,Week 4,2024-07-15
3281,Week 8,2024-08-12
3281,Week 12,2024-09-09
3282,Baseline,2024-01-06
3282,Week 4,2024-02-03
3282,Week 8,2024-03-02
3282,Week 12,2024-03-30
3283,Baseline,2024-05-25
3283,Week 4,2024-06-22
3283,Week 8,2024-07-20
3283,Week 12,2024-08-17
3284,Baseline,2024-05-25
3284,Week 4,2024-06-22
3284,Week 8,2024-07-20
3284,Week 12,2024-08-17
3285,Baseline,2024-01-30
3285,Week 4,2024-02-27
3285,Week 8,2024-03-26
3285,Week 12,2024-04-23
3286,Baseline,2024-02-16
3286,Week 4,2024-03-15
3286,Week 8,2024-04-12
3286,Week 12,2024-05-10
3287,Baseline,2024-04-27
3287,Week 4,2024-05-25
3287,Week 8,2024-06-22
3287,Week 12,2024-07-20
3288,Baseline,2024-04-21
3288,Week 4,2024-05-19
3288,Week 8,2024-06-16
3288,Week 12,2024-07-14
3289,Baseline,2024-02-26
3289,Week 4,2024-03-25
3289,Week 8,2024-04-22
3289,Week 12,2024-05-20
3290,Baseline,2024-01-14
3290,Week 4,2024-02-11
3290,Week 8,2024-03-10
3290,Week 12,2024-04-07
3291,Baseline,2024-06-17
3291,Week 4,2024-07-15
3291,Week 8,2024-08-12
3291,Week 12,2024-09-09
3292,Baseline,2024-06-27
3292,Week 4,2024-07-25
3292,Week 8,2024-08-22
3292,Week 12,2024-09-19
3293,Baseline,2024-01-30
3293,Week 4,2024-02-27
3293,Week 8,2024-03-26
3293,Week 12,2024-04-23
3294,Baseline,2024-01-27
3294,Week 4,2024-02-24
3294,Week 8,2024-03-23
3294,Week 12,2024-04-20
3295,Baseline,2024-06-19
3295,Week 4,2024-07-17
3295,Week 8,2024-08-14
3295,Week 12,2024-09-11
3296,Baseline,2024-05-29
3296,Week 4,2024-06-26
3296,Week 8,2024-07-24
3296,Week 12,2024-08-21
3297,Baseline,2024-05-31
3297,Week 4,2024-06-28
3297,Week 8,2024-07-26
3297,Week 12,2024-08-23
3298,Baseline,2024-01-28
3298,Week 4,2024-02-25
3298,Week 8,2024-03-24
3298,Week 12,2024-04-21
3299,Baseline,2024-04-23
3299,Week 4,2024-05-21
3299,Week 8,2024-06-18
3299,Week 12,2024-07-16
3300,Baseline,2024-01-08
3300,Week 4,2024-02-05
3300,Week 8,2024-03-04
3300,Week 12,2024-04-01
3301,Baseline,2024-06-08
3301,Week 4,2024-07-06
3301,Week 8,2024-08-03
3301,Week 12,2024-08-31
3302,Baseline,2024-02-13
3302,Week 4,2024-03-12
3302,Week 8,2024-04-09
3302,Week 12,2024-05-07
3303,Baseline,2024-03-08
3303,Week 4,2024-04-05
3303,Week 8,2024-05-03
3303,Week 12,2024-05-31
3304,Baseline,2024-06-04
3304,Week 4,2024-07-02
3304,Week 8,2024-07-30
3304,Week 12,2024-08-27
3305,Baseline,2024-04-29
3305,Week 4,2024-05-27
3305,Week 8,2024-06-24
3305,Week 12,2024-07-22
3306,Baseline,2024-06-10
3306,Week 4,2024-07-08
3306,Week 8,2024-08-05
3306,Week 12,2024-09-02
3307,Baseline,2024-02-16
3307,Week 4,2024-03-15
3307,Week 8,2024-04-12
3307,Week 12,2024-05-10
3308,Baseline,2024-06-12
3308,Week 4,2024-07-10
3308,Week 8,2024-08-07
3308,Week 12,2024-09-04
3309,Baseline,2024-03-14
3309,Week 4,2024-04-11
3309,Week 8,2024-05-09
3309,Week 12,2024-06-06
3310,Baseline,2024-01-29
3310,Week 4,2024-02-26
3310,Week 8,2024-03-25
3310,Week 12,2024-04-22
3311,Baseline,2024-05-15
3311,Week 4,2024-06-12
3311,Week 8,2024-07-10
3311,Week 12,2024-08-07
3312,Baseline,2024-01-19
3312,Week 4,2024-02-16
3312,Week 8,2024-03-15
3312,Week 12,2024-04-12
3313,Baseline,2024-05-22
3313,Week 4,2024-06-19
3313,Week 8,2024-07-17
3313,Week 12,2024-08-14
3314,Baseline,2024-01-06
3314,Week 4,2024-02-03
3314,Week 8,2024-03-02
3314,Week 12,2024-03-30
3315,Baseline,2024-06-02
3315,Week 4,2024-06-30
3315,Week 8,2024-07-28
3315,Week 12,2024-08-25
3316,Baseline,2024-05-01
3316,Week 4,2024-05-29
3316,Week 8,2024-06-26
3316,Week 12,2024-07-24
3317,Baseline,2024-01-22
3317,Week 4,2024-02-19
3317,Week 8,2024-03-18
3317,Week 12,2024-04-15
3318,Baseline,2024-02-29
3318,Week 4,2024-03-28
3318,Week 8,2024-04-25
3318,Week 12,2024-05-23
3319,Baseline,2024-03-25
3319,Week 4,2024-04-22
3319,Week 8,2024-05-20
3319,Week 12,2024-06-17
3320,Baseline,2024-04-27
3320,Week 4,2024-05-25
3320,Week 8,2024-06-22
3320,Week 12,2024-07-20
3321,Baseline,2024-01-18
3321,Week 4,2024-02-15
3321,Week 8,2024-03-14
3321,Week 12,2024-04-11
3322,Baseline,2024-02-23
3322,Week 4,2024-03-22
3322,Week 8,2024-04-19
3322,Week 12,2024-05-17
3323,Baseline,2024-04-21
3323,Week 4,2024-05-19
3323,Week 8,2024-06-16
3323,Week 12,2024-07-14
3324,Baseline,2024-06-17
3324,Week 4,2024-07-15
3324,Week 8,2024-08-12
3324,Week 12,2024-09-09
3325,Baseline,2024-03-25
3325,Week 4,2024-04-22
3325,Week 8,2024-05-20
3325,Week 12,2024-06-17
3326,Baseline,2024-05-11
3326,Week 4,2024-06-08
3326,Week 8,2024-07-06
3326,Week 12,2024-08-03
3327,Baseline,2024-05-22
3327,Week 4,2024-06-19
3327,Week 8,2024-07-17
3327,Week 12,2024-08-14
3328,Baseline,2024-06-02
3328,Week 4,2024-06-30
3328,Week 8,2024-07-28
3328,Week 12,2024-08-25
3329,Baseline,2024-05-05
3329,Week 4,2024-06-02
3329,Week 8,2024-06-30
3329,Week 12,2024-07-28
3330,Baseline,2024-04-04
3330,Week 4,2024-05-02
3330,Week 8,2024-05-30
3330,Week 12,2024-06-27
3331,Baseline,2024-02-02
3331,Week 4,2024-03-01
3331,Week 8,2024-03-29
3331,Week 12,2024-04-26
3332,Baseline,2024-05-07
3332,Week 4,2024-06-04
3332,Week 8,2024-07-02
3332,Week 12,2024-07-30
3333,Baseline,2024-06-11
3333,Week 4,2024-07-09
3333,Week 8,2024-08-06
3333,Week 12,2024-09-03
3334,Baseline,2024-01-28
3334,Week 4,2024-02-25
3334,Week 8,2024-03-24
3334,Week 12,2024-04-21
3335,Baseline,2024-05-01
3335,Week 4,2024-05-29
3335,Week 8,2024-06-26
3335,Week 12,2024-07-24
3336,Baseline,2024-01-31
3336,Week 4,2024-02-28
3336,Week 8,2024-03-27
3336,Week 12,2024-04-24
3337,Baseline,2024-06-14
3337,Week 4,2024-07-12
3337,Week 8,2024-08-09
3337,Week 12,2024-09-06
3338,Baseline,2024-03-03
3338,Week 4,2024-03-31
3338,Week 8,2024-04-28
3338,Week 12,2024-05-26
3339,Baseline,2024-01-03
3339,Week 4,2024-01-31
3339,Week 8,2024-02-28
3339,Week 12,2024-03-27
3340,Baseline,2024-06-12
3340,Week 4,2024-07-10
3340,Week 8,2024-08-07
3340,Week 12,2024-09-04
3341,Baseline,2024-05-09
3341,Week 4,2024-06-06
3341,Week 8,2024-07-04
3341,Week 12,2024-08-01
3342,Baseline,2024-04-08
3342,Week 4,2024-05-06
3342,Week 8,2024-06-03
3342,Week 12,2024-07-01
3343,Baseline,2024-04-17
3343,Week 4,2024-05-15
3343,Week 8,2024-06-12
3343,Week 12,2024-07-10
3344,Baseline,2024-02-22
3344,Week 4,2024-03-21
3344,Week 8,2024-04-18
3344,Week 12,2024-05-16
3345,Baseline,2024-05-27
3345,Week 4,2024-06-24
3345,Week 8,2024-07-22
3345,Week 12,2024-08-19
3346,Baseline,2024-01-15
3346,Week 4,2024-02-12
3346,Week 8,2024-03-11
3346,Week 12,2024-04-08
3347,Baseline,2024-04-12
3347,Week 4,2024-05-10
3347,Week 8,2024-06-07
3347,Week 12,2024-07-05
3348,Baseline,2024-02-24
3348,Week 4,2024-03-23
3348,Week 8,2024-04-20
3348,Week 12,2024-05-18
3349,Baseline,2024-06-23
3349,Week 4,2024-07-21
3349,Week 8,2024-08-18
3349,Week 12,2024-09-15
3350,Baseline,2024-04-19
3350,Week 4,2024-05-17
3350,Week 8,2024-06-14
3350,Week 12,2024-07-12
3351,Baseline,2024-04-03
3351,Week 4,2024-05-01
3351,Week 8,2024-05-29
3351,Week 12,2024-06-26
3352,Baseline,2024-01-05
3352,Week 4,2024-02-02
3352,Week 8,2024-03-01
3352,Week 12,2024-03-29
3353,Baseline,2024-03-15
3353,Week 4,2024-04-12
3353,Week 8,2024-05-10
3353,Week 12,2024-06-07
3354,Baseline,2024-05-02
3354,Week 4,2024-05-30
3354,Week 8,2024-06-27
3354,Week 12,2024-07-25
3355,Baseline,2024-01-14
3355,Week 4,2024-02-11
3355,Week 8,2024-03-10
3355,Week 12,2024-04-07
3356,Baseline,2024-03-10
3356,Week 4,2024-04-07
3356,Week 8,2024-05-05
3356,Week 12,2024-06-02
3357,Baseline,2024-03-13
3357,Week 4,2024-04-10
3357,Week 8,2024-05-08
3357,Week 12,2024-06-05
3358,Baseline,2024-04-18
3358,Week 4,2024-05-16
3358,Week 8,2024-06-13
3358,Week 12,2024-07-11
3359,Baseline,2024-02-11
3359,Week 4,2024-03-10
3359,Week 8,2024-04-07
3359,Week 12,2024-05-05
3360,Baseline,2024-03-15
3360,Week 4,2024-04-12
3360,Week 8,2024-05-10
3360,Week 12,2024-06-07
3361,Baseline,2024-04-12
3361,Week 4,2024-05-10
3361,Week 8,2024-06-07
3361,Week 12,2024-07-05
3362,Baseline,2024-06-25
3362,Week 4,2024-07-23
3362,Week 8,2024-08-20
3362,Week 12,2024-09-17
3363,Baseline,2024-02-09
3363,Week 4,2024-03-08
3363,Week 8,2024-04-05
3363,Week 12,2024-05-03
3364,Baseline,2024-06-13
3364,Week 4,2024-07-11
3364,Week 8,2024-08-08
3364,Week 12,2024-09-05
3365,Baseline,2024-06-02
3365,Week 4,2024-06-30
3365,Week 8,2024-07-28
3365,Week 12,2024-08-25
3366,Baseline,2024-05-31
3366,Week 4,2024-06-28
3366,Week 8,2024-07-26
3366,Week 12,2024-08-23
3367,Baseline,2024-05-15
3367,Week 4,2024-06-12
3367,Week 8,2024-07-10
3367,Week 12,2024-08-07
3368,Baseline,2024-03-16
3368,Week 4,2024-04-13
3368,Week 8,2024-05-11
3368,Week 12,2024-06-08
3369,Baseline,2024-05-07
3369,Week 4,2024-06-04
3369,Week 8,2024-07-02
3369,Week 12,2024-07-30
3370,Baseline,2024-02-17
3370,Week 4,2024-03-16
3370,Week 8,2024-04-13
3370,Week 12,2024-05-11
3371,Baseline,2024-06-21
3371,Week 4,2024-07-19
3371,Week 8,2024-08-16
3371,Week 12,2024-09-13
3372,Baseline,2024-04-09
3372,Week 4,2024-05-07
3372,Week 8,2024-06-04
3372,Week 12,2024-07-02
3373,Baseline,2024-01-02
3373,Week 4,2024-01-30
3373,Week 8,2024-02-27
3373,Week 12,2024-03-26
3374,Baseline,2024-04-11
3374,Week 4,2024-05-09
3374,Week 8,2024-06-06
3374,Week 12,2024-07-04
3375,Baseline,2024-04-14
3375,Week 4,2024-05-12
3375,Week 8,2024-06-09
3375,Week 12,2024-07-07
3376,Baseline,2024-01-31
3376,Week 4,2024-02-28
3376,Week 8,2024-03-27
3376,Week 12,2024-04-24
3377,Baseline,2024-01-18
3377,Week 4,2024-02-15
3377,Week 8,2024-03-14
3377,Week 12,2024-04-11
3378,Baseline,2024-04-09
3378,Week 4,2024-05-07
3378,Week 8,2024-06-04
3378,Week 12,2024-07-02
3379,Baseline,2024-03-03
3379,Week 4,2024-03-31
3379,Week 8,2024-04-28
3379,Week 12,2024-05-26
3380,Baseline,2024-02-10
3380,Week 4,2024-03-09
3380,Week 8,2024-04-06
3380,Week 12,2024-05-04
3381,Baseline,2024-05-02
3381,Week 4,2024-05-30
3381,Week 8,2024-06-27
3381,Week 12,2024-07-25
3382,Baseline,2024-04-27
3382,Week 4,2024-05-25
3382,Week 8,2024-06-22
3382,Week 12,2024-07-20
3383,Baseline,2024-02-07
3383,Week 4,2024-03-06
3383,Week 8,2024-04-03
3383,Week 12,2024-05-01
3384,Baseline,2024-02-29
3384,Week 4,2024-03-28
3384,Week 8,2024-04-25
3384,Week 12,2024-05-23
3385,Baseline,2024-04-21
3385,Week 4,2024-05-19
3385,Week 8,2024-06-16
3385,Week 12,2024-07-14
3386,Baseline,2024-02-23
3386,Week 4,2024-03-22
3386,Week 8,2024-04-19
3386,Week 12,2024-05-17
3387,Baseline,2024-01-18
3387,Week 4,2024-02-15
3387,Week 8,2024-03-14
3387,Week 12,2024-04-11
3388,Baseline,2024-04-03
3388,Week 4,2024-05-01
3388,Week 8,2024-05-29
3388,Week 12,2024-06-26
3389,Baseline,2024-06-22
3389,Week 4,2024-07-20
3389,Week 8,2024-08-17
3389,Week 12,2024-09-14
3390,Baseline,2024-03-11
3390,Week 4,2024-04-08
3390,Week 8,2024-05-06
3390,Week 12,2024-06-03
3391,Baseline,2024-05-29
3391,Week 4,2024-06-26
3391,Week 8,2024-07-24
3391,Week 12,2024-08-21
3392,Baseline,2024-05-24
3392,Week 4,2024-06-21
3392,Week 8,2024-07-19
3392,Week 12,2024-08-16
3393,Baseline,2024-03-16
3393,Week 4,2024-04-13
3393,Week 8,2024-05-11
3393,Week 12,2024-06-08
3394,Baseline,2024-01-18
3394,Week 4,2024-02-15
3394,Week 8,2024-03-14
3394,Week 12,2024-04-11
3395,Baseline,2024-04-07
3395,Week 4,2024-05-05
3395,Week 8,2024-06-02
3395,Week 12,2024-06-30
3396,Baseline,2024-01-01
3396,Week 4,2024-01-29
3396,Week 8,2024-02-26
3396,Week 12,2024-03-25
3397,Baseline,2024-02-24
3397,Week 4,2024-03-23
3397,Week 8,2024-04-20
3397,Week 12,2024-05-18
3398,Baseline,2024-03-29
3398,Week 4,2024-04-26
3398,Week 8,2024-05-24
3398,Week 12,2024-06-21
3399,Baseline,2024-03-12
3399,Week 4,2024-04-09
3399,Week 8,2024-05-07
3399,Week 12,2024-06-04
3400,Baseline,2024-03-03
3400,Week 4,2024-03-31
3400,Week 8,2024-04-28
3400,Week 12,2024-05-26
3401,Baseline,2024-06-03
3401,Week 4,2024-07-01
3401,Week 8,2024-07-29
3401,Week 12,2024-08-26
3402,Baseline,2024-01-15
3402,Week 4,2024-02-12
3402,Week 8,2024-03-11
3402,Week 12,2024-04-08
3403,Baseline,2024-05-09
3403,Week 4,2024-06-06
3403,Week 8,2024-07-04
3403,Week 12,2024-08-01
3404,Baseline,2024-03-25
3404,Week 4,2024-04-22
3404,Week 8,2024-05-20
3404,Week 12,2024-06-17
3405,Baseline,2024-01-27
3405,Week 4,2024-02-24
3405,Week 8,2024-03-23
3405,Week 12,2024-04-20
3406,Baseline,2024-05-08
3406,Week 4,2024-06-05
3406,Week 8,2024-07-03
3406,Week 12,2024-07-31
3407,Baseline,2024-06-07
3407,Week 4,2024-07-05
3407,Week 8,2024-08-02
3407,Week 12,2024-08-30
3408,Baseline,2024-03-19
3408,Week 4,2024-04-16
3408,Week 8,2024-05-14
3408,Week 12,2024-06-11
3409,Baseline,2024-03-31
3409,Week 4,2024-04-28
3409,Week 8,2024-05-26
3409,Week 12,2024-06-23
3410,Baseline,2024-02-23
3410,Week 4,2024-03-22
3410,Week 8,2024-04-19
3410,Week 12,2024-05-17
3411,Baseline,2024-02-15
3411,Week 4,2024-03-14
3411,Week 8,2024-04-11
3411,Week 12,2024-05-09
3412,Baseline,2024-05-30
3412,Week 4,2024-06-27
3412,Week 8,2024-07-25
3412,Week 12,2024-08-22
3413,Baseline,2024-03-18
3413,Week 4,2024-04-15
3413,Week 8,2024-05-13
3413,Week 12,2024-06-10
3414,Baseline,2024-03-16
3414,Week 4,2024-04-13
3414,Week 8,2024-05-11
3414,Week 12,2024-06-08
3415,Baseline,2024-06-20
3415,Week 4,2024-07-18
3415,Week 8,2024-08-15
3415,Week 12,2024-09-12
3416,Baseline,2024-02-22
3416,Week 4,2024-03-21
3416,Week 8,2024-04-18
3416,Week 12,2024-05-16
3417,Baseline,2024-05-02
3417,Week 4,2024-05-30
3417,Week 8,2024-06-27
3417,Week 12,2024-07-25
3418,Baseline,2024-04-22
3418,Week 4,2024-05-20
3418,Week 8,2024-06-17
3418,Week 12,2024-07-15
3419,Baseline,2024-05-20
3419,Week 4,2024-06-17
3419,Week 8,2024-07-15
3419,Week 12,2024-08-12
3420,Baseline,2024-04-09
3420,Week 4,2024-05-07
3420,Week 8,2024-06-04
3420,Week 12,2024-07-02
3421,Baseline,2024-04-15
3421,Week 4,2024-05-13
3421,Week 8,2024-06-10
3421,Week 12,2024-07-08
3422,Baseline,2024-04-08
3422,Week 4,2024-05-06
3422,Week 8,2024-06-03
3422,Week 12,2024-07-01
3423,Baseline,2024-02-11
3423,Week 4,2024-03-10
3423,Week 8,2024-04-07
3423,Week 12,2024-05-05
3424,Baseline,2024-03-19
3424,Week 4,2024-04-16
3424,Week 8,2024-05-14
3424,Week 12,2024-06-11
3425,Baseline,2024-02-09
3425,Week 4,2024-03-08
3425,Week 8,2024-04-05
3425,Week 12,2024-05-03
3426,Baseline,2024-05-12
3426,Week 4,2024-06-09
3426,Week 8,2024-07-07
3426,Week 12,2024-08-04
3427,Baseline,2024-04-01
3427,Week 4,2024-04-29
3427,Week 8,2024-05-27
3427,Week 12,2024-06-24
3428,Baseline,2024-02-27
3428,Week 4,2024-03-26
3428,Week 8,2024-04-23
3428,Week 12,2024-05-21
3429,Baseline,2024-02-10
3429,Week 4,2024-03-09
3429,Week 8,2024-04-06
3429,Week 12,2024-05-04
3430,Baseline,2024-03-07
3430,Week 4,2024-04-04
3430,Week 8,2024-05-02
3430,Week 12,2024-05-30
3431,Baseline,2024-01-24
3431,Week 4,2024-02-21
3431,Week 8,2024-03-20
3431,Week 12,2024-04-17
3432,Baseline,2024-01-26
3432,Week 4,2024-02-23
3432,Week 8,2024-03-22
3432,Week 12,2024-04-19
3433,Baseline,2024-01-27
3433,Week 4,2024-02-24
3433,Week 8,2024-03-23
3433,Week 12,2024-04-20
3434,Baseline,2024-01-08
3434,Week 4,2024-02-05
3434,Week 8,2024-03-04
3434,Week 12,2024-04-01
3435,Baseline,2024-05-21
3435,Week 4,2024-06-18
3435,Week 8,2024-07-16
3435,Week 12,2024-08-13
3436,Baseline,2024-05-10
3436,Week 4,2024-06-07
3436,Week 8,2024-07-05
3436,Week 12,2024-08-02
3437,Baseline,2024-05-30
3437,Week 4,2024-06-27
3437,Week 8,2024-07-25
3437,Week 12,2024-08-22
3438,Baseline,2024-06-07
3438,Week 4,2024-07-05
3438,Week 8,2024-08-02
3438,Week 12,2024-08-30
3439,Baseline,2024-03-20
3439,Week 4,2024-04-17
3439,Week 8,2024-05-15
3439,Week 12,2024-06-12
3440,Baseline,2024-03-03
3440,Week 4,2024-03-31
3440,Week 8,2024-04-28
3440,Week 12,2024-05-26
3441,Baseline,2024-02-02
3441,Week 4,2024-03-01
3441,Week 8,2024-03-29
3441,Week 12,2024-04-26
3442,Baseline,2024-03-04
3442,Week 4,2024-04-01
3442,Week 8,2024-04-29
3442,Week 12,2024-05-27
3443,Baseline,2024-06-19
3443,Week 4,2024-07-17
3443,Week 8,2024-08-14
3443,Week 12,2024-09-11
3444,Baseline,2024-03-19
3444,Week 4,2024-04-16
3444,Week 8,2024-05-14
3444,Week 12,2024-06-11
3445,Baseline,2024-02-15
3445,Week 4,2024-03-14
3445,Week 8,2024-04-11
3445,Week 12,2024-05-09
3446,Baseline,2024-06-28
3446,Week 4,2024-07-26
3446,Week 8,2024-08-23
3446,Week 12,2024-09-20
3447,Baseline,2024-03-07
3447,Week 4,2024-04-04
3447,Week 8,2024-05-02
3447,Week 12,2024-05-30
3448,Baseline,2024-04-19
3448,Week 4,2024-05-17
3448,Week 8,2024-06-14
3448,Week 12,2024-07-12
3449,Baseline,2024-04-07
3449,Week 4,2024-05-05
3449,Week 8,2024-06-02
3449,Week 12,2024-06-30
3450,Baseline,2024-06-19
3450,Week 4,2024-07-17
3450,Week 8,2024-08-14
3450,Week 12,2024-09-11
3451,Baseline,2024-04-29
3451,Week 4,2024-05-27
3451,Week 8,2024-06-24
3451,Week 12,2024-07-22
3452,Baseline,2024-06-10
3452,Week 4,2024-07-08
3452,Week 8,2024-08-05
3452,Week 12,2024-09-02
3453,Baseline,2024-01-25
3453,Week 4,2024-02-22
3453,Week 8,2024-03-21
3453,Week 12,2024-04-18
3454,Baseline,2024-01-12
3454,Week 4,2024-02-09
3454,Week 8,2024-03-08
3454,Week 12,2024-04-05
3455,Baseline,2024-04-12
3455,Week 4,2024-05-10
3455,Week 8,2024-06-07
3455,Week 12,2024-07-05
3456,Baseline,2024-04-06
3456,Week 4,2024-05-04
3456,Week 8,2024-06-01
3456,Week 12,2024-06-29
3457,Baseline,2024-01-22
3457,Week 4,2024-02-19
3457,Week 8,2024-03-18
3457,Week 12,2024-04-15
3458,Baseline,2024-03-04
3458,Week 4,2024-04-01
3458,Week 8,2024-04-29
3458,Week 12,2024-05-27
3459,Baseline,2024-01-20
3459,Week 4,2024-02-17
3459,Week 8,2024-03-16
3459,Week 12,2024-04-13
3460,Baseline,2024-05-05
3460,Week 4,2024-06-02
3460,Week 8,2024-06-30
3460,Week 12,2024-07-28
3461,Baseline,2024-02-23
3461,Week 4,2024-03-22
3461,Week 8,2024-04-19
3461,Week 12,2024-05-17
3462,Baseline,2024-04-25
3462,Week 4,2024-05-23
3462,Week 8,2024-06-20
3462,Week 12,2024-07-18
3463,Baseline,2024-04-23
3463,Week 4,2024-05-21
3463,Week 8,2024-06-18
3463,Week 12,2024-07-16
3464,Baseline,2024-06-12
3464,Week 4,2024-07-10
3464,Week 8,2024-08-07
3464,Week 12,2024-09-04
3465,Baseline,2024-03-27
3465,Week 4,2024-04-24
3465,Week 8,2024-05-22
3465,Week 12,2024-06-19
3466,Baseline,2024-03-23
3466,Week 4,2024-04-20
3466,Week 8,2024-05-18
3466,Week 12,2024-06-15
3467,Baseline,2024-04-25
3467,Week 4,2024-05-23
3467,Week 8,2024-06-20
3467,Week 12,2024-07-18
3468,Baseline,2024-04-11
3468,Week 4,2024-05-09
3468,Week 8,2024-06-06
3468,Week 12,2024-07-04
3469,Baseline,2024-04-04
3469,Week 4,2024-05-02
3469,Week 8,2024-05-30
3469,Week 12,2024-06-27
3470,Baseline,2024-02-08
3470,Week 4,2024-03-07
3470,Week 8,2024-04-04
3470,Week 12,2024-05-02
3471,Baseline,2024-04-21
3471,Week 4,2024-05-19
3471,Week 8,2024-06-16
3471,Week 12,2024-07-14
3472,Baseline,2024-02-11
3472,Week 4,2024-03-10
3472,Week 8,2024-04-07
3472,Week 12,2024-05-05
3473,Baseline,2024-01-17
3473,Week 4,2024-02-14
3473,Week 8,2024-03-13
3473,Week 12,2024-04-10
3474,Baseline,2024-04-09
3474,Week 4,2024-05-07
3474,Week 8,2024-06-04
3474,Week 12,2024-07-02
3475,Baseline,2024-05-18
3475,Week 4,2024-06-15
3475,Week 8,2024-07-13
3475,Week 12,2024-08-10
3476,Baseline,2024-05-22
3476,Week 4,2024-06-19
3476,Week 8,2024-07-17
3476,Week 12,2024-08-14
3477,Baseline,2024-01-24
3477,Week 4,2024-02-21
3477,Week 8,2024-03-20
3477,Week 12,2024-04-17
3478,Baseline,2024-03-21
3478,Week 4,2024-04-18
3478,Week 8,2024-05-16
3478,Week 12,2024-06-13
3479,Baseline,2024-05-11
3479,Week 4,2024-06-08
3479,Week 8,2024-07-06
3479,Week 12,2024-08-03
3480,Baseline,2024-04-23
3480,Week 4,2024-05-21
3480,Week 8,2024-06-18
3480,Week 12,2024-07-16
3481,Baseline,2024-05-15
3481,Week 4,2024-06-12
3481,Week 8,2024-07-10
3481,Week 12,2024-08-07
3482,Baseline,2024-03-19
3482,Week 4,2024-04-16
3482,Week 8,2024-05-14
3482,Week 12,2024-06-11
3483,Baseline,2024-02-16
3483,Week 4,2024-03-15
3483,Week 8,2024-04-12
3483,Week 12,2024-05-10
3484,Baseline,2024-03-01
3484,Week 4,2024-03-29
3484,Week 8,2024-04-26
3484,Week 12,2024-05-24
3485,Baseline,2024-03-03
3485,Week 4,2024-03-31
3485,Week 8,2024-04-28
3485,Week 12,2024-05-26
3486,Baseline,2024-05-02
3486,Week 4,2024-05-30
3486,Week 8,2024-06-27
3486,Week 12,2024-07-25
3487,Baseline,2024-01-23
3487,Week 4,2024-02-20
3487,Week 8,2024-03-19
3487,Week 12,2024-04-16
3488,Baseline,2024-02-10
3488,Week 4,2024-03-09
3488,Week 8,2024-04-06
3488,Week 12,2024-05-04
3489,Baseline,2024-03-23
3489,Week 4,2024-04-20
3489,Week 8,2024-05-18
3489,Week 12,2024-06-15
3490,Baseline,2024-02-03
3490,Week 4,2024-03-02
3490,Week 8,2024-03-30
3490,Week 12,2024-04-27
3491,Baseline,2024-05-20
3491,Week 4,2024-06-17
3491,Week 8,2024-07-15
3491,Week 12,2024-08-12
3492,Baseline,2024-06-18
3492,Week 4,2024-07-16
3492,Week 8,2024-08-13
3492,Week 12,2024-09-10
3493,Baseline,2024-01-16
3493,Week 4,2024-02-13
3493,Week 8,2024-03-12
3493,Week 12,2024-04-09
3494,Baseline,2024-02-10
3494,Week 4,2024-03-09
3494,Week 8,2024-04-06
3494,Week 12,2024-05-04
3495,Baseline,2024-03-24
3495,Week 4,2024-04-21
3495,Week 8,2024-05-19
3495,Week 12,2024-06-16
3496,Baseline,2024-05-03
3496,Week 4,2024-05-31
3496,Week 8,2024-06-28
3496,Week 12,2024-07-26
3497,Baseline,2024-02-17
3497,Week 4,2024-03-16
3497,Week 8,2024-04-13
3497,Week 12,2024-05-11
3498,Baseline,2024-04-06
3498,Week 4,2024-05-04
3498,Week 8,2024-06-01
3498,Week 12,2024-06-29
3499,Baseline,2024-06-27
3499,Week 4,2024-07-25
3499,Week 8,2024-08-22
3499,Week 12,2024-09-19
3500,Baseline,2024-02-11
3500,Week 4,2024-03-10
3500,Week 8,2024-04-07
3500,Week 12,2024-05-05
3501,Baseline,2024-01-06
3501,Week 4,2024-02-03
3501,Week 8,2024-03-02
3501,Week 12,2024-03-30
3502,Baseline,2024-01-18
3502,Week 4,2024-02-15
3502,Week 8,2024-03-14
3502,Week 12,2024-04-11
3503,Baseline,2024-04-26
3503,Week 4,2024-05-24
3503,Week 8,2024-06-21
3503,Week 12,2024-07-19
3504,Baseline,2024-05-16
3504,Week 4,2024-06-13
3504,Week 8,2024-07-11
3504,Week 12,2024-08-08
3505,Baseline,2024-02-09
3505,Week 4,2024-03-08
3505,Week 8,2024-04-05
3505,Week 12,2024-05-03
3506,Baseline,2024-01-20
3506,Week 4,2024-02-17
3506,Week 8,2024-03-16
3506,Week 12,2024-04-13
3507,Baseline,2024-06-17
3507,Week 4,2024-07-15
3507,Week 8,2024-08-12
3507,Week 12,2024-09-09
3508,Baseline,2024-06-24
3508,Week 4,2024-07-22
3508,Week 8,2024-08-19
3508,Week 12,2024-09-16
3509,Baseline,2024-04-03
3509,Week 4,2024-05-01
3509,Week 8,2024-05-29
3509,Week 12,2024-06-26
3510,Baseline,2024-05-02
3510,Week 4,2024-05-30
3510,Week 8,2024-06-27
3510,Week 12,2024-07-25
3511,Baseline,2024-03-26
3511,Week 4,2024-04-23
3511,Week 8,2024-05-21
3511,Week 12,2024-06-18
3512,Baseline,2024-01-21
3512,Week 4,2024-02-18
3512,Week 8,2024-03-17
3512,Week 12,2024-04-14
3513,Baseline,2024-05-11
3513,Week 4,2024-06-08
3513,Week 8,2024-07-06
3513,Week 12,2024-08-03
3514,Baseline,2024-03-13
3514,Week 4,2024-04-10
3514,Week 8,2024-05-08
3514,Week 12,2024-06-05
3515,Baseline,2024-06-07
3515,Week 4,2024-07-05
3515,Week 8,2024-08-02
3515,Week 12,2024-08-30
3516,Baseline,2024-06-18
3516,Week 4,2024-07-16
3516,Week 8,2024-08-13
3516,Week 12,2024-09-10
3517,Baseline,2024-05-07
3517,Week 4,2024-06-04
3517,Week 8,2024-07-02
3517,Week 12,2024-07-30
3518,Baseline,2024-04-30
3518,Week 4,2024-05-28
3518,Week 8,2024-06-25
3518,Week 12,2024-07-23
3519,Baseline,2024-06-13
3519,Week 4,2024-07-11
3519,Week 8,2024-08-08
3519,Week 12,2024-09-05
3520,Baseline,2024-01-30
3520,Week 4,2024-02-27
3520,Week 8,2024-03-26
3520,Week 12,2024-04-23
3521,Baseline,2024-04-04
3521,Week 4,2024-05-02
3521,Week 8,2024-05-30
3521,Week 12,2024-06-27
3522,Baseline,2024-05-24
3522,Week 4,2024-06-21
3522,Week 8,2024-07-19
3522,Week 12,2024-08-16
3523,Baseline,2024-03-27
3523,Week 4,2024-04-24
3523,Week 8,2024-05-22
3523,Week 12,2024-06-19
3524,Baseline,2024-01-13
3524,Week 4,2024-02-10
3524,Week 8,2024-03-09
3524,Week 12,2024-04-06
3525,Baseline,2024-01-28
3525,Week 4,2024-02-25
3525,Week 8,2024-03-24
3525,Week 12,2024-04-21
3526,Baseline,2024-05-26
3526,Week 4,2024-06-23
3526,Week 8,2024-07-21
3526,Week 12,2024-08-18
3527,Baseline,2024-02-25
3527,Week 4,2024-03-24
3527,Week 8,2024-04-21
3527,Week 12,2024-05-19
3528,Baseline,2024-01-29
3528,Week 4,2024-02-26
3528,Week 8,2024-03-25
3528,Week 12,2024-04-22
3529,Baseline,2024-06-13
3529,Week 4,2024-07-11
3529,Week 8,2024-08-08
3529,Week 12,2024-09-05
3530,Baseline,2024-05-06
3530,Week 4,2024-06-03
3530,Week 8,2024-07-01
3530,Week 12,2024-07-29
3531,Baseline,2024-04-01
3531,Week 4,2024-04-29
3531,Week 8,2024-05-27
3531,Week 12,2024-06-24
3532,Baseline,2024-01-17
3532,Week 4,2024-02-14
3532,Week 8,2024-03-13
3532,Week 12,2024-04-10
3533,Baseline,2024-03-16
3533,Week 4,2024-04-13
3533,Week 8,2024-05-11
3533,Week 12,2024-06-08
3534,Baseline,2024-03-06
3534,Week 4,2024-04-03
3534,Week 8,2024-05-01
3534,Week 12,2024-05-29
3535,Baseline,2024-03-23
3535,Week 4,2024-04-20
3535,Week 8,2024-05-18
3535,Week 12,2024-06-15
3536,Baseline,2024-04-22
3536,Week 4,2024-05-20
3536,Week 8,2024-06-17
3536,Week 12,2024-07-15
3537,Baseline,2024-06-20
3537,Week 4,2024-07-18
3537,Week 8,2024-08-15
3537,Week 12,2024-09-12
3538,Baseline,2024-01-24
3538,Week 4,2024-02-21
3538,Week 8,2024-03-20
3538,Week 12,2024-04-17
3539,Baseline,2024-04-12
3539,Week 4,2024-05-10
3539,Week 8,2024-06-07
3539,Week 12,2024-07-05
3540,Baseline,2024-02-02
3540,Week 4,2024-03-01
3540,Week 8,2024-03-29
3540,Week 12,2024-04-26
3541,Baseline,2024-06-23
3541,Week 4,2024-07-21
3541,Week 8,2024-08-18
3541,Week 12,2024-09-15
3542,Baseline,2024-04-12
3542,Week 4,2024-05-10
3542,Week 8,2024-06-07
3542,Week 12,2024-07-05
3543,Baseline,2024-01-19
3543,Week 4,2024-02-16
3543,Week 8,2024-03-15
3543,Week 12,2024-04-12
3544,Baseline,2024-02-23
3544,Week 4,2024-03-22
3544,Week 8,2024-04-19
3544,Week 12,2024-05-17
3545,Baseline,2024-03-22
3545,Week 4,2024-04-19
3545,Week 8,2024-05-17
3545,Week 12,2024-06-14
3546,Baseline,2024-06-05
3546,Week 4,2024-07-03
3546,Week 8,2024-07-31
3546,Week 12,2024-08-28
3547,Baseline,2024-01-26
3547,Week 4,2024-02-23
3547,Week 8,2024-03-22
3547,Week 12,2024-04-19
3548,Baseline,2024-06-11
3548,Week 4,2024-07-09
3548,Week 8,2024-08-06
3548,Week 12,2024-09-03
3549,Baseline,2024-03-06
3549,Week 4,2024-04-03
3549,Week 8,2024-05-01
3549,Week 12,2024-05-29
3550,Baseline,2024-02-05
3550,Week 4,2024-03-04
3550,Week 8,2024-04-01
3550,Week 12,2024-04-29
3551,Baseline,2024-02-13
3551,Week 4,2024-03-12
3551,Week 8,2024-04-09
3551,Week 12,2024-05-07
3552,Baseline,2024-02-11
3552,Week 4,2024-03-10
3552,Week 8,2024-04-07
3552,Week 12,2024-05-05
3553,Baseline,2024-06-14
3553,Week 4,2024-07-12
3553,Week 8,2024-08-09
3553,Week 12,2024-09-06
3554,Baseline,2024-04-23
3554,Week 4,2024-05-21
3554,Week 8,2024-06-18
3554,Week 12,2024-07-16
3555,Baseline,2024-04-12
3555,Week 4,2024-05-10
3555,Week 8,2024-06-07
3555,Week 12,2024-07-05
3556,Baseline,2024-03-27
3556,Week 4,2024-04-24
3556,Week 8,2024-05-22
3556,Week 12,2024-06-19
3557,Baseline,2024-01-23
3557,Week 4,2024-02-20
3557,Week 8,2024-03-19
3557,Week 12,2024-04-16
3558,Baseline,2024-06-18
3558,Week 4,2024-07-16
3558,Week 8,2024-08-13
3558,Week 12,2024-09-10
3559,Baseline,2024-05-02
3559,Week 4,2024-05-30
3559,Week 8,2024-06-27
3559,Week 12,2024-07-25
3560,Baseline,2024-02-05
3560,Week 4,2024-03-04
3560,Week 8,2024-04-01
3560,Week 12,2024-04-29
3561,Baseline,2024-05-22
3561,Week 4,2024-06-19
3561,Week 8,2024-07-17
3561,Week 12,2024-08-14
3562,Baseline,2024-01-04
3562,Week 4,2024-02-01
3562,Week 8,2024-02-29
3562,Week 12,2024-03-28
3563,Baseline,2024-01-25
3563,Week 4,2024-02-22
3563,Week 8,2024-03-21
3563,Week 12,2024-04-18
3564,Baseline,2024-05-05
3564,Week 4,2024-06-02
3564,Week 8,2024-06-30
3564,Week 12,2024-07-28
3565,Baseline,2024-01-09
3565,Week 4,2024-02-06
3565,Week 8,2024-03-05
3565,Week 12,2024-04-02
3566,Baseline,2024-04-29
3566,Week 4,2024-05-27
3566,Week 8,2024-06-24
3566,Week 12,2024-07-22
3567,Baseline,2024-02-05
3567,Week 4,2024-03-04
3567,Week 8,2024-04-01
3567,Week 12,2024-04-29
3568,Baseline,2024-03-24
3568,Week 4,2024-04-21
3568,Week 8,2024-05-19
3568,Week 12,2024-06-16
3569,Baseline,2024-02-02
3569,Week 4,2024-03-01
3569,Week 8,2024-03-29
3569,Week 12,2024-04-26
3570,Baseline,2024-03-29
3570,Week 4,2024-04-26
3570,Week 8,2024-05-24
3570,Week 12,2024-06-21
3571,Baseline,2024-06-11
3571,Week 4,2024-07-09
3571,Week 8,2024-08-06
3571,Week 12,2024-09-03
3572,Baseline,2024-06-15
3572,Week 4,2024-07-13
3572,Week 8,2024-08-10
3572,Week 12,2024-09-07
3573,Baseline,2024-04-06
3573,Week 4,2024-05-04
3573,Week 8,2024-06-01
3573,Week 12,2024-06-29
3574,Baseline,2024-02-10
3574,Week 4,2024-03-09
3574,Week 8,2024-04-06
3574,Week 12,2024-05-04
3575,Baseline,2024-04-06
3575,Week 4,2024-05-04
3575,Week 8,2024-06-01
3575,Week 12,2024-06-29
3576,Baseline,2024-06-04
3576,Week 4,2024-07-02
3576,Week 8,2024-07-30
3576,Week 12,2024-08-27
3577,Baseline,2024-04-16
3577,Week 4,2024-05-14
3577,Week 8,2024-06-11
3577,Week 12,2024-07-09
3578,Baseline,2024-03-08
3578,Week 4,2024-04-05
3578,Week 8,2024-05-03
3578,Week 12,2024-05-31
3579,Baseline,2024-01-12
3579,Week 4,2024-02-09
3579,Week 8,2024-03-08
3579,Week 12,2024-04-05
3580,Baseline,2024-02-01
3580,Week 4,2024-02-29
3580,Week 8,2024-03-28
3580,Week 12,2024-04-25
3581,Baseline,2024-02-28
3581,Week 4,2024-03-27
3581,Week 8,2024-04-24
3581,Week 12,2024-05-22
3582,Baseline,2024-04-10
3582,Week 4,2024-05-08
3582,Week 8,2024-06-05
3582,Week 12,2024-07-03
3583,Baseline,2024-05-12
3583,Week 4,2024-06-09
3583,Week 8,2024-07-07
3583,Week 12,2024-08-04
3584,Baseline,2024-06-25
3584,Week 4,2024-07-23
3584,Week 8,2024-08-20
3584,Week 12,2024-09-17
3585,Baseline,2024-04-06
3585,Week 4,2024-05-04
3585,Week 8,2024-06-01
3585,Week 12,2024-06-29
3586,Baseline,2024-03-16
3586,Week 4,2024-04-13
3586,Week 8,2024-05-11
3586,Week 12,2024-06-08
3587,Baseline,2024-06-07
3587,Week 4,2024-07-05
3587,Week 8,2024-08-02
3587,Week 12,2024-08-30
3588,Baseline,2024-06-06
3588,Week 4,2024-07-04
3588,Week 8,2024-08-01
3588,Week 12,2024-08-29
3589,Baseline,2024-06-05
3589,Week 4,2024-07-03
3589,Week 8,2024-07-31
3589,Week 12,2024-08-28
3590,Baseline,2024-05-18
3590,Week 4,2024-06-15
3590,Week 8,2024-07-13
3590,Week 12,2024-08-10
3591,Baseline,2024-04-06
3591,Week 4,2024-05-04
3591,Week 8,2024-06-01
3591,Week 12,2024-06-29
3592,Baseline,2024-03-16
3592,Week 4,2024-04-13
3592,Week 8,2024-05-11
3592,Week 12,2024-06-08
3593,Baseline,2024-05-22
3593,Week 4,2024-06-19
3593,Week 8,2024-07-17
3593,Week 12,2024-08-14
3594,Baseline,2024-04-04
3594,Week 4,2024-05-02
3594,Week 8,2024-05-30
3594,Week 12,2024-06-27
3595,Baseline,2024-04-24
3595,Week 4,2024-05-22
3595,Week 8,2024-06-19
3595,Week 12,2024-07-17
3596,Baseline,2024-01-10
3596,Week 4,2024-02-07
3596,Week 8,2024-03-06
3596,Week 12,2024-04-03
3597,Baseline,2024-04-22
3597,Week 4,2024-05-20
3597,Week 8,2024-06-17
3597,Week 12,2024-07-15
3598,Baseline,2024-03-30
3598,Week 4,2024-04-27
3598,Week 8,2024-05-25
3598,Week 12,2024-06-22
3599,Baseline,2024-03-22
3599,Week 4,2024-04-19
3599,Week 8,2024-05-17
3599,Week 12,2024-06-14
3600,Baseline,2024-02-19
3600,Week 4,2024-03-18
3600,Week 8,2024-04-15
3600,Week 12,2024-05-13
3601,Baseline,2024-04-23
3601,Week 4,2024-05-21
3601,Week 8,2024-06-18
3601,Week 12,2024-07-16
3602,Baseline,2024-04-13
3602,Week 4,2024-05-11
3602,Week 8,2024-06-08
3602,Week 12,2024-07-06
3603,Baseline,2024-04-26
3603,Week 4,2024-05-24
3603,Week 8,2024-06-21
3603,Week 12,2024-07-19
3604,Baseline,2024-03-01
3604,Week 4,2024-03-29
3604,Week 8,2024-04-26
3604,Week 12,2024-05-24
3605,Baseline,2024-04-20
3605,Week 4,2024-05-18
3605,Week 8,2024-06-15
3605,Week 12,2024-07-13
3606,Baseline,2024-02-02
3606,Week 4,2024-03-01
3606,Week 8,2024-03-29
3606,Week 12,2024-04-26
3607,Baseline,2024-06-05
3607,Week 4,2024-07-03
3607,Week 8,2024-07-31
3607,Week 12,2024-08-28
3608,Baseline,2024-03-20
3608,Week 4,2024-04-17
3608,Week 8,2024-05-15
3608,Week 12,2024-06-12
3609,Baseline,2024-04-30
3609,Week 4,2024-05-28
3609,Week 8,2024-06-25
3609,Week 12,2024-07-23
3610,Baseline,2024-01-18
3610,Week 4,2024-02-15
3610,Week 8,2024-03-14
3610,Week 12,2024-04-11
3611,Baseline,2024-03-02
3611,Week 4,2024-03-30
3611,Week 8,2024-04-27
3611,Week 12,2024-05-25
3612,Baseline,2024-04-11
3612,Week 4,2024-05-09
3612,Week 8,2024-06-06
3612,Week 12,2024-07-04
3613,Baseline,2024-03-06
3613,Week 4,2024-04-03
3613,Week 8,2024-05-01
3613,Week 12,2024-05-29
3614,Baseline,2024-01-18
3614,Week 4,2024-02-15
3614,Week 8,2024-03-14
3614,Week 12,2024-04-11
3615,Baseline,2024-02-02
3615,Week 4,2024-03-01
3615,Week 8,2024-03-29
3615,Week 12,2024-04-26
3616,Baseline,2024-04-25
3616,Week 4,2024-05-23
3616,Week 8,2024-06-20
3616,Week 12,2024-07-18
3617,Baseline,2024-03-06
3617,Week 4,2024-04-03
3617,Week 8,2024-05-01
3617,Week 12,2024-05-29
3618,Baseline,2024-04-02
3618,Week 4,2024-04-30
3618,Week 8,2024-05-28
3618,Week 12,2024-06-25
3619,Baseline,2024-05-09
3619,Week 4,2024-06-06
3619,Week 8,2024-07-04
3619,Week 12,2024-08-01
3620,Baseline,2024-01-14
3620,Week 4,2024-02-11
3620,Week 8,2024-03-10
3620,Week 12,2024-04-07
3621,Baseline,2024-06-20
3621,Week 4,2024-07-18
3621,Week 8,2024-08-15
3621,Week 12,2024-09-12
3622,Baseline,2024-04-11
3622,Week 4,2024-05-09
3622,Week 8,2024-06-06
3622,Week 12,2024-07-04
3623,Baseline,2024-06-22
3623,Week 4,2024-07-20
3623,Week 8,2024-08-17
3623,Week 12,2024-09-14
3624,Baseline,2024-02-13
3624,Week 4,2024-03-12
3624,Week 8,2024-04-09
3624,Week 12,2024-05-07
3625,Baseline,2024-04-18
3625,Week 4,2024-05-16
3625,Week 8,2024-06-13
3625,Week 12,2024-07-11
3626,Baseline,2024-03-19
3626,Week 4,2024-04-16
3626,Week 8,2024-05-14
3626,Week 12,2024-06-11
3627,Baseline,2024-04-13
3627,Week 4,2024-05-11
3627,Week 8,2024-06-08
3627,Week 12,2024-07-06
3628,Baseline,2024-01-31
3628,Week 4,2024-02-28
3628,Week 8,2024-03-27
3628,Week 12,2024-04-24
3629,Baseline,2024-01-23
3629,Week 4,2024-02-20
3629,Week 8,2024-03-19
3629,Week 12,2024-04-16
3630,Baseline,2024-02-12
3630,Week 4,2024-03-11
3630,Week 8,2024-04-08
3630,Week 12,2024-05-06
3631,Baseline,2024-02-18
3631,Week 4,2024-03-17
3631,Week 8,2024-04-14
3631,Week 12,2024-05-12
3632,Baseline,2024-05-03
3632,Week 4,2024-05-31
3632,Week 8,2024-06-28
3632,Week 12,2024-07-26
3633,Baseline,2024-03-21
3633,Week 4,2024-04-18
3633,Week 8,2024-05-16
3633,Week 12,2024-06-13
3634,Baseline,2024-05-18
3634,Week 4,2024-06-15
3634,Week 8,2024-07-13
3634,Week 12,2024-08-10
3635,Baseline,2024-01-22
3635,Week 4,2024-02-19
3635,Week 8,2024-03-18
3635,Week 12,2024-04-15
3636,Baseline,2024-02-24
3636,Week 4,2024-03-23
3636,Week 8,2024-04-20
3636,Week 12,2024-05-18
3637,Baseline,2024-01-24
3637,Week 4,2024-02-21
3637,Week 8,2024-03-20
3637,Week 12,2024-04-17
3638,Baseline,2024-03-29
3638,Week 4,2024-04-26
3638,Week 8,2024-05-24
3638,Week 12,2024-06-21
3639,Baseline,2024-04-04
3639,Week 4,2024-05-02
3639,Week 8,2024-05-30
3639,Week 12,2024-06-27
3640,Baseline,2024-05-21
3640,Week 4,2024-06-18
3640,Week 8,2024-07-16
3640,Week 12,2024-08-13
3641,Baseline,2024-03-27
3641,Week 4,2024-04-24
3641,Week 8,2024-05-22
3641,Week 12,2024-06-19
3642,Baseline,2024-05-03
3642,Week 4,2024-05-31
3642,Week 8,2024-06-28
3642,Week 12,2024-07-26
3643,Baseline,2024-06-19
3643,Week 4,2024-07-17
3643,Week 8,2024-08-14
3643,Week 12,2024-09-11
3644,Baseline,2024-03-20
3644,Week 4,2024-04-17
3644,Week 8,2024-05-15
3644,Week 12,2024-06-12
3645,Baseline,2024-02-23
3645,Week 4,2024-03-22
3645,Week 8,2024-04-19
3645,Week 12,2024-05-17
3646,Baseline,2024-05-28
3646,Week 4,2024-06-25
3646,Week 8,2024-07-23
3646,Week 12,2024-08-20
3647,Baseline,2024-06-17
3647,Week 4,2024-07-15
3647,Week 8,2024-08-12
3647,Week 12,2024-09-09
3648,Baseline,2024-03-10
3648,Week 4,2024-04-07
3648,Week 8,2024-05-05
3648,Week 12,2024-06-02
3649,Baseline,2024-03-08
3649,Week 4,2024-04-05
3649,Week 8,2024-05-03
3649,Week 12,2024-05-31
3650,Baseline,2024-02-12
3650,Week 4,2024-03-11
3650,Week 8,2024-04-08
3650,Week 12,2024-05-06
3651,Baseline,2024-05-07
3651,Week 4,2024-06-04
3651,Week 8,2024-07-02
3651,Week 12,2024-07-30
3652,Baseline,2024-05-17
3652,Week 4,2024-06-14
3652,Week 8,2024-07-12
3652,Week 12,2024-08-09
3653,Baseline,2024-05-09
3653,Week 4,2024-06-06
3653,Week 8,2024-07-04
3653,Week 12,2024-08-01
3654,Baseline,2024-03-26
3654,Week 4,2024-04-23
3654,Week 8,2024-05-21
3654,Week 12,2024-06-18
3655,Baseline,2024-06-14
3655,Week 4,2024-07-12
3655,Week 8,2024-08-09
3655,Week 12,2024-09-06
3656,Baseline,2024-03-03
3656,Week 4,2024-03-31
3656,Week 8,2024-04-28
3656,Week 12,2024-05-26
3657,Baseline,2024-04-26
3657,Week 4,2024-05-24
3657,Week 8,2024-06-21
3657,Week 12,2024-07-19
3658,Baseline,2024-06-13
3658,Week 4,2024-07-11
3658,Week 8,2024-08-08
3658,Week 12,2024-09-05
3659,Baseline,2024-04-03
3659,Week 4,2024-05-01
3659,Week 8,2024-05-29
3659,Week 12,2024-06-26
3660,Baseline,2024-02-09
3660,Week 4,2024-03-08
3660,Week 8,2024-04-05
3660,Week 12,2024-05-03
3661,Baseline,2024-01-09
3661,Week 4,2024-02-06
3661,Week 8,2024-03-05
3661,Week 12,2024-04-02
3662,Baseline,2024-01-09
3662,Week 4,2024-02-06
3662,Week 8,2024-03-05
3662,Week 12,2024-04-02
3663,Baseline,2024-05-15
3663,Week 4,2024-06-12
3663,Week 8,2024-07-10
3663,Week 12,2024-08-07
3664,Baseline,2024-02-01
3664,Week 4,2024-02-29
3664,Week 8,2024-03-28
3664,Week 12,2024-04-25
3665,Baseline,2024-03-04
3665,Week 4,2024-04-01
3665,Week 8,2024-04-29
3665,Week 12,2024-05-27
3666,Baseline,2024-02-04
3666,Week 4,2024-03-03
3666,Week 8,2024-03-31
3666,Week 12,2024-04-28
3667,Baseline,2024-06-25
3667,Week 4,2024-07-23
3667,Week 8,2024-08-20
3667,Week 12,2024-09-17
3668,Baseline,2024-05-26
3668,Week 4,2024-06-23
3668,Week 8,2024-07-21
3668,Week 12,2024-08-18
3669,Baseline,2024-03-18
3669,Week 4,2024-04-15
3669,Week 8,2024-05-13
3669,Week 12,2024-06-10
3670,Baseline,2024-02-05
3670,Week 4,2024-03-04
3670,Week 8,2024-04-01
3670,Week 12,2024-04-29
3671,Baseline,2024-01-22
3671,Week 4,2024-02-19
3671,Week 8,2024-03-18
3671,Week 12,2024-04-15
3672,Baseline,2024-04-24
3672,Week 4,2024-05-22
3672,Week 8,2024-06-19
3672,Week 12,2024-07-17
3673,Baseline,2024-04-09
3673,Week 4,2024-05-07
3673,Week 8,2024-06-04
3673,Week 12,2024-07-02
3674,Baseline,2024-01-04
3674,Week 4,2024-02-01
3674,Week 8,2024-02-29
3674,Week 12,2024-03-28
3675,Baseline,2024-03-31
3675,Week 4,2024-04-28
3675,Week 8,2024-05-26
3675,Week 12,2024-06-23
3676,Baseline,2024-02-02
3676,Week 4,2024-03-01
3676,Week 8,2024-03-29
3676,Week 12,2024-04-26
3677,Baseline,2024-03-24
3677,Week 4,2024-04-21
3677,Week 8,2024-05-19
3677,Week 12,2024-06-16
3678,Baseline,2024-03-29
3678,Week 4,2024-04-26
3678,Week 8,2024-05-24
3678,Week 12,2024-06-21
3679,Baseline,2024-06-08
3679,Week 4,2024-07-06
3679,Week 8,2024-08-03
3679,Week 12,2024-08-31
3680,Baseline,2024-01-27
3680,Week 4,2024-02-24
3680,Week 8,2024-03-23
3680,Week 12,2024-04-20
3681,Baseline,2024-03-13
3681,Week 4,2024-04-10
3681,Week 8,2024-05-08
3681,Week 12,2024-06-05
3682,Baseline,2024-01-14
3682,Week 4,2024-02-11
3682,Week 8,2024-03-10
3682,Week 12,2024-04-07
3683,Baseline,2024-01-01
3683,Week 4,2024-01-29
3683,Week 8,2024-02-26
3683,Week 12,2024-03-25
3684,Baseline,2024-01-24
3684,Week 4,2024-02-21
3684,Week 8,2024-03-20
3684,Week 12,2024-04-17
3685,Baseline,2024-01-02
3685,Week 4,2024-01-30
3685,Week 8,2024-02-27
3685,Week 12,2024-03-26
3686,Baseline,2024-04-15
3686,Week 4,2024-05-13
3686,Week 8,2024-06-10
3686,Week 12,2024-07-08
3687,Baseline,2024-03-27
3687,Week 4,2024-04-24
3687,Week 8,2024-05-22
3687,Week 12,2024-06-19
3688,Baseline,2024-02-29
3688,Week 4,2024-03-28
3688,Week 8,2024-04-25
3688,Week 12,2024-05-23
3689,Baseline,2024-05-14
3689,Week 4,2024-06-11
3689,Week 8,2024-07-09
3689,Week 12,2024-08-06
3690,Baseline,2024-03-04
3690,Week 4,2024-04-01
3690,Week 8,2024-04-29
3690,Week 12,2024-05-27
3691,Baseline,2024-01-10
3691,Week 4,2024-02-07
3691,Week 8,2024-03-06
3691,Week 12,2024-04-03
3692,Baseline,2024-01-31
3692,Week 4,2024-02-28
3692,Week 8,2024-03-27
3692,Week 12,2024-04-24
3693,Baseline,2024-01-26
3693,Week 4,2024-02-23
3693,Week 8,2024-03-22
3693,Week 12,2024-04-19
3694,Baseline,2024-05-30
3694,Week 4,2024-06-27
3694,Week 8,2024-07-25
3694,Week 12,2024-08-22
3695,Baseline,2024-01-25
3695,Week 4,2024-02-22
3695,Week 8,2024-03-21
3695,Week 12,2024-04-18
3696,Baseline,2024-01-13
3696,Week 4,2024-02-10
3696,Week 8,2024-03-09
3696,Week 12,2024-04-06
3697,Baseline,2024-05-19
3697,Week 4,2024-06-16
3697,Week 8,2024-07-14
3697,Week 12,2024-08-11
3698,Baseline,2024-05-20
3698,Week 4,2024-06-17
3698,Week 8,2024-07-15
3698,Week 12,2024-08-12
3699,Baseline,2024-05-14
3699,Week 4,2024-06-11
3699,Week 8,2024-07-09
3699,Week 12,2024-08-06
3700,Baseline,2024-04-17
3700,Week 4,2024-05-15
3700,Week 8,2024-06-12
3700,Week 12,2024-07-10
3701,Baseline,2024-01-10
3701,Week 4,2024-02-07
3701,Week 8,2024-03-06
3701,Week 12,2024-04-03
3702,Baseline,2024-01-04
3702,Week 4,2024-02-01
3702,Week 8,2024-02-29
3702,Week 12,2024-03-28
3703,Baseline,2024-04-19
3703,Week 4,2024-05-17
3703,Week 8,2024-06-14
3703,Week 12,2024-07-12
3704,Baseline,2024-02-09
3704,Week 4,2024-03-08
3704,Week 8,2024-04-05
3704,Week 12,2024-05-03
3705,Baseline,2024-02-22
3705,Week 4,2024-03-21
3705,Week 8,2024-04-18
3705,Week 12,2024-05-16
3706,Baseline,2024-04-28
3706,Week 4,2024-05-26
3706,Week 8,2024-06-23
3706,Week 12,2024-07-21
3707,Baseline,2024-03-01
3707,Week 4,2024-03-29
3707,Week 8,2024-04-26
3707,Week 12,2024-05-24
3708,Baseline,2024-01-21
3708,Week 4,2024-02-18
3708,Week 8,2024-03-17
3708,Week 12,2024-04-14
3709,Baseline,2024-06-28
3709,Week 4,2024-07-26
3709,Week 8,2024-08-23
3709,Week 12,2024-09-20
3710,Baseline,2024-04-21
3710,Week 4,2024-05-19
3710,Week 8,2024-06-16
3710,Week 12,2024-07-14
3711,Baseline,2024-02-08
3711,Week 4,2024-03-07
3711,Week 8,2024-04-04
3711,Week 12,2024-05-02
3712,Baseline,2024-05-10
3712,Week 4,2024-06-07
3712,Week 8,2024-07-05
3712,Week 12,2024-08-02
3713,Baseline,2024-06-03
3713,Week 4,2024-07-01
3713,Week 8,2024-07-29
3713,Week 12,2024-08-26
3714,Baseline,2024-03-13
3714,Week 4,2024-04-10
3714,Week 8,2024-05-08
3714,Week 12,2024-06-05
3715,Baseline,2024-06-26
3715,Week 4,2024-07-24
3715,Week 8,2024-08-21
3715,Week 12,2024-09-18
3716,Baseline,2024-02-06
3716,Week 4,2024-03-05
3716,Week 8,2024-04-02
3716,Week 12,2024-04-30
3717,Baseline,2024-04-06
3717,Week 4,2024-05-04
3717,Week 8,2024-06-01
3717,Week 12,2024-06-29
3718,Baseline,2024-06-16
3718,Week 4,2024-07-14
3718,Week 8,2024-08-11
3718,Week 12,2024-09-08
3719,Baseline,2024-03-01
3719,Week 4,2024-03-29
3719,Week 8,2024-04-26
3719,Week 12,2024-05-24
3720,Baseline,2024-03-28
3720,Week 4,2024-04-25
3720,Week 8,2024-05-23
3720,Week 12,2024-06-20
3721,Baseline,2024-01-02
3721,Week 4,2024-01-30
3721,Week 8,2024-02-27
3721,Week 12,2024-03-26
3722,Baseline,2024-04-30
3722,Week 4,2024-05-28
3722,Week 8,2024-06-25
3722,Week 12,2024-07-23
3723,Baseline,2024-04-16
3723,Week 4,2024-05-14
3723,Week 8,2024-06-11
3723,Week 12,2024-07-09
3724,Baseline,2024-01-23
3724,Week 4,2024-02-20
3724,Week 8,2024-03-19
3724,Week 12,2024-04-16
3725,Baseline,2024-01-16
3725,Week 4,2024-02-13
3725,Week 8,2024-03-12
3725,Week 12,2024-04-09
3726,Baseline,2024-02-22
3726,Week 4,2024-03-21
3726,Week 8,2024-04-18
3726,Week 12,2024-05-16
3727,Baseline,2024-02-18
3727,Week 4,2024-03-17
3727,Week 8,2024-04-14
3727,Week 12,2024-05-12
3728,Baseline,2024-03-06
3728,Week 4,2024-04-03
3728,Week 8,2024-05-01
3728,Week 12,2024-05-29
3729,Baseline,2024-06-12
3729,Week 4,2024-07-10
3729,Week 8,2024-08-07
3729,Week 12,2024-09-04
3730,Baseline,2024-03-02
3730,Week 4,2024-03-30
3730,Week 8,2024-04-27
3730,Week 12,2024-05-25
3731,Baseline,2024-03-07
3731,Week 4,2024-04-04
3731,Week 8,2024-05-02
3731,Week 12,2024-05-30
3732,Baseline,2024-03-29
3732,Week 4,2024-04-26
3732,Week 8,2024-05-24
3732,Week 12,2024-06-21
3733,Baseline,2024-03-19
3733,Week 4,2024-04-16
3733,Week 8,2024-05-14
3733,Week 12,2024-06-11
3734,Baseline,2024-06-26
3734,Week 4,2024-07-24
3734,Week 8,2024-08-21
3734,Week 12,2024-09-18
3735,Baseline,2024-06-26
3735,Week 4,2024-07-24
3735,Week 8,2024-08-21
3735,Week 12,2024-09-18
3736,Baseline,2024-02-25
3736,Week 4,2024-03-24
3736,Week 8,2024-04-21
3736,Week 12,2024-05-19
3737,Baseline,2024-05-03
3737,Week 4,2024-05-31
3737,Week 8,2024-06-28
3737,Week 12,2024-07-26
3738,Baseline,2024-01-31
3738,Week 4,2024-02-28
3738,Week 8,2024-03-27
3738,Week 12,2024-04-24
3739,Baseline,2024-04-20
3739,Week 4,2024-05-18
3739,Week 8,2024-06-15
3739,Week 12,2024-07-13
3740,Baseline,2024-03-07
3740,Week 4,2024-04-04
3740,Week 8,2024-05-02
3740,Week 12,2024-05-30
3741,Baseline,2024-02-12
3741,Week 4,2024-03-11
3741,Week 8,2024-04-08
3741,Week 12,2024-05-06
3742,Baseline,2024-02-28
3742,Week 4,2024-03-27
3742,Week 8,2024-04-24
3742,Week 12,2024-05-22
3743,Baseline,2024-01-25
3743,Week 4,2024-02-22
3743,Week 8,2024-03-21
3743,Week 12,2024-04-18
3744,Baseline,2024-05-23
3744,Week 4,2024-06-20
3744,Week 8,2024-07-18
3744,Week 12,2024-08-15
3745,Baseline,2024-04-24
3745,Week 4,2024-05-22
3745,Week 8,2024-06-19
3745,Week 12,2024-07-17
3746,Baseline,2024-01-11
3746,Week 4,2024-02-08
3746,Week 8,2024-03-07
3746,Week 12,2024-04-04
3747,Baseline,2024-03-09
3747,Week 4,2024-04-06
3747,Week 8,2024-05-04
3747,Week 12,2024-06-01
3748,Baseline,2024-05-01
3748,Week 4,2024-05-29
3748,Week 8,2024-06-26
3748,Week 12,2024-07-24
3749,Baseline,2024-06-03
3749,Week 4,2024-07-01
3749,Week 8,2024-07-29
3749,Week 12,2024-08-26
3750,Baseline,2024-01-03
3750,Week 4,2024-01-31
3750,Week 8,2024-02-28
3750,Week 12,2024-03-27
3751,Baseline,2024-03-07
3751,Week 4,2024-04-04
3751,Week 8,2024-05-02
3751,Week 12,2024-05-30
3752,Baseline,2024-03-09
3752,Week 4,2024-04-06
3752,Week 8,2024-05-04
3752,Week 12,2024-06-01
3753,Baseline,2024-01-07
3753,Week 4,2024-02-04
3753,Week 8,2024-03-03
3753,Week 12,2024-03-31
3754,Baseline,2024-01-29
3754,Week 4,2024-02-26
3754,Week 8,2024-03-25
3754,Week 12,2024-04-22
3755,Baseline,2024-01-13
3755,Week 4,2024-02-10
3755,Week 8,2024-03-09
3755,Week 12,2024-04-06
3756,Baseline,2024-02-04
3756,Week 4,2024-03-03
3756,Week 8,2024-03-31
3756,Week 12,2024-04-28
3757,Baseline,2024-01-07
3757,Week 4,2024-02-04
3757,Week 8,2024-03-03
3757,Week 12,2024-03-31
3758,Baseline,2024-04-14
3758,Week 4,2024-05-12
3758,Week 8,2024-06-09
3758,Week 12,2024-07-07
3759,Baseline,2024-06-09
3759,Week 4,2024-07-07
3759,Week 8,2024-08-04
3759,Week 12,2024-09-01
3760,Baseline,2024-03-20
3760,Week 4,2024-04-17
3760,Week 8,2024-05-15
3760,Week 12,2024-06-12
3761,Baseline,2024-03-11
3761,Week 4,2024-04-08
3761,Week 8,2024-05-06
3761,Week 12,2024-06-03
3762,Baseline,2024-04-03
3762,Week 4,2024-05-01
3762,Week 8,2024-05-29
3762,Week 12,2024-06-26
3763,Baseline,2024-02-08
3763,Week 4,2024-03-07
3763,Week 8,2024-04-04
3763,Week 12,2024-05-02
3764,Baseline,2024-05-03
3764,Week 4,2024-05-31
3764,Week 8,2024-06-28
3764,Week 12,2024-07-26
3765,Baseline,2024-01-25
3765,Week 4,2024-02-22
3765,Week 8,2024-03-21
3765,Week 12,2024-04-18
3766,Baseline,2024-03-29
3766,Week 4,2024-04-26
3766,Week 8,2024-05-24
3766,Week 12,2024-06-21
3767,Baseline,2024-05-22
3767,Week 4,2024-06-19
3767,Week 8,2024-07-17
3767,Week 12,2024-08-14
3768,Baseline,2024-01-01
3768,Week 4,2024-01-29
3768,Week 8,2024-02-26
3768,Week 12,2024-03-25
3769,Baseline,2024-06-05
3769,Week 4,2024-07-03
3769,Week 8,2024-07-31
3769,Week 12,2024-08-28
3770,Baseline,2024-05-26
3770,Week 4,2024-06-23
3770,Week 8,2024-07-21
3770,Week 12,2024-08-18
3771,Baseline,2024-04-15
3771,Week 4,2024-05-13
3771,Week 8,2024-06-10
3771,Week 12,2024-07-08
3772,Baseline,2024-03-26
3772,Week 4,2024-04-23
3772,Week 8,2024-05-21
3772,Week 12,2024-06-18
3773,Baseline,2024-02-15
3773,Week 4,2024-03-14
3773,Week 8,2024-04-11
3773,Week 12,2024-05-09
3774,Baseline,2024-01-31
3774,Week 4,2024-02-28
3774,Week 8,2024-03-27
3774,Week 12,2024-04-24
3775,Baseline,2024-03-04
3775,Week 4,2024-04-01
3775,Week 8,2024-04-29
3775,Week 12,2024-05-27
3776,Baseline,2024-02-19
3776,Week 4,2024-03-18
3776,Week 8,2024-04-15
3776,Week 12,2024-05-13
3777,Baseline,2024-06-05
3777,Week 4,2024-07-03
3777,Week 8,2024-07-31
3777,Week 12,2024-08-28
3778,Baseline,2024-01-01
3778,Week 4,2024-01-29
3778,Week 8,2024-02-26
3778,Week 12,2024-03-25
3779,Baseline,2024-04-10
3779,Week 4,2024-05-08
3779,Week 8,2024-06-05
3779,Week 12,2024-07-03
3780,Baseline,2024-06-24
3780,Week 4,2024-07-22
3780,Week 8,2024-08-19
3780,Week 12,2024-09-16
3781,Baseline,2024-01-22
3781,Week 4,2024-02-19
3781,Week 8,2024-03-18
3781,Week 12,2024-04-15
3782,Baseline,2024-01-02
3782,Week 4,2024-01-30
3782,Week 8,2024-02-27
3782,Week 12,2024-03-26
3783,Baseline,2024-06-28
3783,Week 4,2024-07-26
3783,Week 8,2024-08-23
3783,Week 12,2024-09-20
3784,Baseline,2024-01-25
3784,Week 4,2024-02-22
3784,Week 8,2024-03-21
3784,Week 12,2024-04-18
3785,Baseline,2024-04-28
3785,Week 4,2024-05-26
3785,Week 8,2024-06-23
3785,Week 12,2024-07-21
3786,Baseline,2024-01-23
3786,Week 4,2024-02-20
3786,Week 8,2024-03-19
3786,Week 12,2024-04-16
3787,Baseline,2024-01-03
3787,Week 4,2024-01-31
3787,Week 8,2024-02-28
3787,Week 12,2024-03-27
3788,Baseline,2024-06-11
3788,Week 4,2024-07-09
3788,Week 8,2024-08-06
3788,Week 12,2024-09-03
3789,Baseline,2024-01-09
3789,Week 4,2024-02-06
3789,Week 8,2024-03-05
3789,Week 12,2024-04-02
3790,Baseline,2024-03-12
3790,Week 4,2024-04-09
3790,Week 8,2024-05-07
3790,Week 12,2024-06-04
3791,Baseline,2024-05-08
3791,Week 4,2024-06-05
3791,Week 8,2024-07-03
3791,Week 12,2024-07-31
3792,Baseline,2024-01-29
3792,Week 4,2024-02-26
3792,Week 8,2024-03-25
3792,Week 12,2024-04-22
3793,Baseline,2024-04-08
3793,Week 4,2024-05-06
3793,Week 8,2024-06-03
3793,Week 12,2024-07-01
3794,Baseline,2024-04-21
3794,Week 4,2024-05-19
3794,Week 8,2024-06-16
3794,Week 12,2024-07-14
3795,Baseline,2024-06-09
3795,Week 4,2024-07-07
3795,Week 8,2024-08-04
3795,Week 12,2024-09-01
3796,Baseline,2024-01-23
3796,Week 4,2024-02-20
3796,Week 8,2024-03-19
3796,Week 12,2024-04-16
3797,Baseline,2024-05-15
3797,Week 4,2024-06-12
3797,Week 8,2024-07-10
3797,Week 12,2024-08-07
3798,Baseline,2024-01-11
3798,Week 4,2024-02-08
3798,Week 8,2024-03-07
3798,Week 12,2024-04-04
3799,Baseline,2024-06-27
3799,Week 4,2024-07-25
3799,Week 8,2024-08-22
3799,Week 12,2024-09-19
3800,Baseline,2024-06-04
3800,Week 4,2024-07-02
3800,Week 8,2024-07-30
3800,Week 12,2024-08-27
3801,Baseline,2024-04-26
3801,Week 4,2024-05-24
3801,Week 8,2024-06-21
3801,Week 12,2024-07-19
3802,Baseline,2024-02-04
3802,Week 4,2024-03-03
3802,Week 8,2024-03-31
3802,Week 12,2024-04-28
3803,Baseline,2024-06-27
3803,Week 4,2024-07-25
3803,Week 8,2024-08-22
3803,Week 12,2024-09-19
3804,Baseline,2024-04-24
3804,Week 4,2024-05-22
3804,Week 8,2024-06-19
3804,Week 12,2024-07-17
3805,Baseline,2024-01-31
3805,Week 4,2024-02-28
3805,Week 8,2024-03-27
3805,Week 12,2024-04-24
3806,Baseline,2024-01-10
3806,Week 4,2024-02-07
3806,Week 8,2024-03-06
3806,Week 12,2024-04-03
3807,Baseline,2024-01-09
3807,Week 4,2024-02-06
3807,Week 8,2024-03-05
3807,Week 12,2024-04-02
3808,Baseline,2024-06-09
3808,Week 4,2024-07-07
3808,Week 8,2024-08-04
3808,Week 12,2024-09-01
3809,Baseline,2024-04-04
3809,Week 4,2024-05-02
3809,Week 8,2024-05-30
3809,Week 12,2024-06-27
3810,Baseline,2024-05-21
3810,Week 4,2024-06-18
3810,Week 8,2024-07-16
3810,Week 12,2024-08-13
3811,Baseline,2024-04-15
3811,Week 4,2024-05-13
3811,Week 8,2024-06-10
3811,Week 12,2024-07-08
3812,Baseline,2024-04-02
3812,Week 4,2024-04-30
3812,Week 8,2024-05-28
3812,Week 12,2024-06-25
3813,Baseline,2024-03-16
3813,Week 4,2024-04-13
3813,Week 8,2024-05-11
3813,Week 12,2024-06-08
3814,Baseline,2024-04-19
3814,Week 4,2024-05-17
3814,Week 8,2024-06-14
3814,Week 12,2024-07-12
3815,Baseline,2024-01-02
3815,Week 4,2024-01-30
3815,Week 8,2024-02-27
3815,Week 12,2024-03-26
3816,Baseline,2024-05-13
3816,Week 4,2024-06-10
3816,Week 8,2024-07-08
3816,Week 12,2024-08-05
3817,Baseline,2024-01-02
3817,Week 4,2024-01-30
3817,Week 8,2024-02-27
3817,Week 12,2024-03-26
3818,Baseline,2024-06-14
3818,Week 4,2024-07-12
3818,Week 8,2024-08-09
3818,Week 12,2024-09-06
3819,Baseline,2024-04-10
3819,Week 4,2024-05-08
3819,Week 8,2024-06-05
3819,Week 12,2024-07-03
3820,Baseline,2024-06-03
3820,Week 4,2024-07-01
3820,Week 8,2024-07-29
3820,Week 12,2024-08-26
3821,Baseline,2024-06-20
3821,Week 4,2024-07-18
3821,Week 8,2024-08-15
3821,Week 12,2024-09-12
3822,Baseline,2024-02-21
3822,Week 4,2024-03-20
3822,Week 8,2024-04-17
3822,Week 12,2024-05-15
3823,Baseline,2024-04-06
3823,Week 4,2024-05-04
3823,Week 8,2024-06-01
3823,Week 12,2024-06-29
3824,Baseline,2024-05-23
3824,Week 4,2024-06-20
3824,Week 8,2024-07-18
3824,Week 12,2024-08-15
3825,Baseline,2024-02-15
3825,Week 4,2024-03-14
3825,Week 8,2024-04-11
3825,Week 12,2024-05-09
3826,Baseline,2024-02-28
3826,Week 4,2024-03-27
3826,Week 8,2024-04-24
3826,Week 12,2024-05-22
3827,Baseline,2024-04-14
3827,Week 4,2024-05-12
3827,Week 8,2024-06-09
3827,Week 12,2024-07-07
3828,Baseline,2024-06-04
3828,Week 4,2024-07-02
3828,Week 8,2024-07-30
3828,Week 12,2024-08-27
3829,Baseline,2024-04-06
3829,Week 4,2024-05-04
3829,Week 8,2024-06-01
3829,Week 12,2024-06-29
3830,Baseline,2024-01-15
3830,Week 4,2024-02-12
3830,Week 8,2024-03-11
3830,Week 12,2024-04-08
3831,Baseline,2024-06-02
3831,Week 4,2024-06-30
3831,Week 8,2024-07-28
3831,Week 12,2024-08-25
3832,Baseline,2024-01-28
3832,Week 4,2024-02-25
3832,Week 8,2024-03-24
3832,Week 12,2024-04-21
3833,Baseline,2024-05-16
3833,Week 4,2024-06-13
3833,Week 8,2024-07-11
3833,Week 12,2024-08-08
3834,Baseline,2024-03-21
3834,Week 4,2024-04-18
3834,Week 8,2024-05-16
3834,Week 12,2024-06-13
3835,Baseline,2024-06-11
3835,Week 4,2024-07-09
3835,Week 8,2024-08-06
3835,Week 12,2024-09-03
3836,Baseline,2024-05-10
3836,Week 4,2024-06-07
3836,Week 8,2024-07-05
3836,Week 12,2024-08-02
3837,Baseline,2024-01-12
3837,Week 4,2024-02-09
3837,Week 8,2024-03-08
3837,Week 12,2024-04-05
3838,Baseline,2024-01-23
3838,Week 4,2024-02-20
3838,Week 8,2024-03-19
3838,Week 12,2024-04-16
3839,Baseline,2024-04-01
3839,Week 4,2024-04-29
3839,Week 8,2024-05-27
3839,Week 12,2024-06-24
3840,Baseline,2024-01-17
3840,Week 4,2024-02-14
3840,Week 8,2024-03-13
3840,Week 12,2024-04-10
3841,Baseline,2024-06-14
3841,Week 4,2024-07-12
3841,Week 8,2024-08-09
3841,Week 12,2024-09-06
3842,Baseline,2024-05-31
3842,Week 4,2024-06-28
3842,Week 8,2024-07-26
3842,Week 12,2024-08-23
3843,Baseline,2024-03-28
3843,Week 4,2024-04-25
3843,Week 8,2024-05-23
3843,Week 12,2024-06-20
3844,Baseline,2024-05-20
3844,Week 4,2024-06-17
3844,Week 8,2024-07-15
3844,Week 12,2024-08-12
3845,Baseline,2024-04-20
3845,Week 4,2024-05-18
3845,Week 8,2024-06-15
3845,Week 12,2024-07-13
3846,Baseline,2024-02-07
3846,Week 4,2024-03-06
3846,Week 8,2024-04-03
3846,Week 12,2024-05-01
3847,Baseline,2024-04-10
3847,Week 4,2024-05-08
3847,Week 8,2024-06-05
3847,Week 12,2024-07-03
3848,Baseline,2024-01-31
3848,Week 4,2024-02-28
3848,Week 8,2024-03-27
3848,Week 12,2024-04-24
3849,Baseline,2024-03-18
3849,Week 4,2024-04-15
3849,Week 8,2024-05-13
3849,Week 12,2024-06-10
3850,Baseline,2024-02-21
3850,Week 4,2024-03-20
3850,Week 8,2024-04-17
3850,Week 12,2024-05-15
3851,Baseline,2024-05-01
3851,Week 4,2024-05-29
3851,Week 8,2024-06-26
3851,Week 12,2024-07-24
3852,Baseline,2024-06-02
3852,Week 4,2024-06-30
3852,Week 8,2024-07-28
3852,Week 12,2024-08-25
3853,Baseline,2024-02-29
3853,Week 4,2024-03-28
3853,Week 8,2024-04-25
3853,Week 12,2024-05-23
3854,Baseline,2024-01-20
3854,Week 4,2024-02-17
3854,Week 8,2024-03-16
3854,Week 12,2024-04-13
3855,Baseline,2024-01-26
3855,Week 4,2024-02-23
3855,Week 8,2024-03-22
3855,Week 12,2024-04-19
3856,Baseline,2024-01-30
3856,Week 4,2024-02-27
3856,Week 8,2024-03-26
3856,Week 12,2024-04-23
3857,Baseline,2024-03-14
3857,Week 4,2024-04-11
3857,Week 8,2024-05-09
3857,Week 12,2024-06-06
3858,Baseline,2024-01-06
3858,Week 4,2024-02-03
3858,Week 8,2024-03-02
3858,Week 12,2024-03-30
3859,Baseline,2024-01-04
3859,Week 4,2024-02-01
3859,Week 8,2024-02-29
3859,Week 12,2024-03-28
3860,Baseline,2024-03-13
3860,Week 4,2024-04-10
3860,Week 8,2024-05-08
3860,Week 12,2024-06-05
3861,Baseline,2024-04-17
3861,Week 4,2024-05-15
3861,Week 8,2024-06-12
3861,Week 12,2024-07-10
3862,Baseline,2024-06-08
3862,Week 4,2024-07-06
3862,Week 8,2024-08-03
3862,Week 12,2024-08-31
3863,Baseline,2024-02-14
3863,Week 4,2024-03-13
3863,Week 8,2024-04-10
3863,Week 12,2024-05-08
3864,Baseline,2024-05-16
3864,Week 4,2024-06-13
3864,Week 8,2024-07-11
3864,Week 12,2024-08-08
3865,Baseline,2024-04-17
3865,Week 4,2024-05-15
3865,Week 8,2024-06-12
3865,Week 12,2024-07-10
3866,Baseline,2024-01-04
3866,Week 4,2024-02-01
3866,Week 8,2024-02-29
3866,Week 12,2024-03-28
3867,Baseline,2024-03-24
3867,Week 4,2024-04-21
3867,Week 8,2024-05-19
3867,Week 12,2024-06-16
3868,Baseline,2024-05-13
3868,Week 4,2024-06-10
3868,Week 8,2024-07-08
3868,Week 12,2024-08-05
3869,Baseline,2024-03-12
3869,Week 4,2024-04-09
3869,Week 8,2024-05-07
3869,Week 12,2024-06-04
3870,Baseline,2024-03-16
3870,Week 4,2024-04-13
3870,Week 8,2024-05-11
3870,Week 12,2024-06-08
3871,Baseline,2024-06-01
3871,Week 4,2024-06-29
3871,Week 8,2024-07-27
3871,Week 12,2024-08-24
3872,Baseline,2024-01-03
3872,Week 4,2024-01-31
3872,Week 8,2024-02-28
3872,Week 12,2024-03-27
3873,Baseline,2024-01-13
3873,Week 4,2024-02-10
3873,Week 8,2024-03-09
3873,Week 12,2024-04-06
3874,Baseline,2024-03-29
3874,Week 4,2024-04-26
3874,Week 8,2024-05-24
3874,Week 12,2024-06-21
3875,Baseline,2024-03-16
3875,Week 4,2024-04-13
3875,Week 8,2024-05-11
3875,Week 12,2024-06-08
3876,Baseline,2024-05-31
3876,Week 4,2024-06-28
3876,Week 8,2024-07-26
3876,Week 12,2024-08-23
3877,Baseline,2024-01-27
3877,Week 4,2024-02-24
3877,Week 8,2024-03-23
3877,Week 12,2024-04-20
3878,Baseline,2024-04-08
3878,Week 4,2024-05-06
3878,Week 8,2024-06-03
3878,Week 12,2024-07-01
3879,Baseline,2024-02-12
3879,Week 4,2024-03-11
3879,Week 8,2024-04-08
3879,Week 12,2024-05-06
3880,Baseline,2024-04-09
3880,Week 4,2024-05-07
3880,Week 8,2024-06-04
3880,Week 12,2024-07-02
3881,Baseline,2024-01-09
3881,Week 4,2024-02-06
3881,Week 8,2024-03-05
3881,Week 12,2024-04-02
3882,Baseline,2024-06-27
3882,Week 4,2024-07-25
3882,Week 8,2024-08-22
3882,Week 12,2024-09-19
3883,Baseline,2024-01-29
3883,Week 4,2024-02-26
3883,Week 8,2024-03-25
3883,Week 12,2024-04-22
3884,Baseline,2024-04-22
3884,Week 4,2024-05-20
3884,Week 8,2024-06-17
3884,Week 12,2024-07-15
3885,Baseline,2024-03-23
3885,Week 4,2024-04-20
3885,Week 8,2024-05-18
3885,Week 12,2024-06-15
3886,Baseline,2024-04-06
3886,Week 4,2024-05-04
3886,Week 8,2024-06-01
3886,Week 12,2024-06-29
3887,Baseline,2024-01-12
3887,Week 4,2024-02-09
3887,Week 8,2024-03-08
3887,Week 12,2024-04-05
3888,Baseline,2024-06-12
3888,Week 4,2024-07-10
3888,Week 8,2024-08-07
3888,Week 12,2024-09-04
3889,Baseline,2024-06-15
3889,Week 4,2024-07-13
3889,Week 8,2024-08-10
3889,Week 12,2024-09-07
3890,Baseline,2024-05-22
3890,Week 4,2024-06-19
3890,Week 8,2024-07-17
3890,Week 12,2024-08-14
3891,Baseline,2024-02-24
3891,Week 4,2024-03-23
3891,Week 8,2024-04-20
3891,Week 12,2024-05-18
3892,Baseline,2024-03-29
3892,Week 4,2024-04-26
3892,Week 8,2024-05-24
3892,Week 12,2024-06-21
3893,Baseline,2024-06-14
3893,Week 4,2024-07-12
3893,Week 8,2024-08-09
3893,Week 12,2024-09-06
3894,Baseline,2024-01-04
3894,Week 4,2024-02-01
3894,Week 8,2024-02-29
3894,Week 12,2024-03-28
3895,Baseline,2024-04-15
3895,Week 4,2024-05-13
3895,Week 8,2024-06-10
3895,Week 12,2024-07-08
3896,Baseline,2024-04-28
3896,Week 4,2024-05-26
3896,Week 8,2024-06-23
3896,Week 12,2024-07-21
3897,Baseline,2024-03-31
3897,Week 4,2024-04-28
3897,Week 8,2024-05-26
3897,Week 12,2024-06-23
3898,Baseline,2024-04-16
3898,Week 4,2024-05-14
3898,Week 8,2024-06-11
3898,Week 12,2024-07-09
3899,Baseline,2024-02-19
3899,Week 4,2024-03-18
3899,Week 8,2024-04-15
3899,Week 12,2024-05-13
3900,Baseline,2024-05-31
3900,Week 4,2024-06-28
3900,Week 8,2024-07-26
3900,Week 12,2024-08-23
3901,Baseline,2024-03-28
3901,Week 4,2024-04-25
3901,Week 8,2024-05-23
3901,Week 12,2024-06-20
3902,Baseline,2024-05-23
3902,Week 4,2024-06-20
3902,Week 8,2024-07-18
3902,Week 12,2024-08-15
3903,Baseline,2024-03-18
3903,Week 4,2024-04-15
3903,Week 8,2024-05-13
3903,Week 12,2024-06-10
3904,Baseline,2024-04-11
3904,Week 4,2024-05-09
3904,Week 8,2024-06-06
3904,Week 12,2024-07-04
3905,Baseline,2024-05-05
3905,Week 4,2024-06-02
3905,Week 8,2024-06-30
3905,Week 12,2024-07-28
3906,Baseline,2024-06-14
3906,Week 4,2024-07-12
3906,Week 8,2024-08-09
3906,Week 12,2024-09-06
3907,Baseline,2024-01-08
3907,Week 4,2024-02-05
3907,Week 8,2024-03-04
3907,Week 12,2024-04-01
3908,Baseline,2024-06-10
3908,Week 4,2024-07-08
3908,Week 8,2024-08-05
3908,Week 12,2024-09-02
3909,Baseline,2024-02-22
3909,Week 4,2024-03-21
3909,Week 8,2024-04-18
3909,Week 12,2024-05-16
3910,Baseline,2024-02-19
3910,Week 4,2024-03-18
3910,Week 8,2024-04-15
3910,Week 12,2024-05-13
3911,Baseline,2024-03-31
3911,Week 4,2024-04-28
3911,Week 8,2024-05-26
3911,Week 12,2024-06-23
3912,Baseline,2024-04-13
3912,Week 4,2024-05-11
3912,Week 8,2024-06-08
3912,Week 12,2024-07-06
3913,Baseline,2024-03-03
3913,Week 4,2024-03-31
3913,Week 8,2024-04-28
3913,Week 12,2024-05-26
3914,Baseline,2024-04-25
3914,Week 4,2024-05-23
3914,Week 8,2024-06-20
3914,Week 12,2024-07-18
3915,Baseline,2024-01-27
3915,Week 4,2024-02-24
3915,Week 8,2024-03-23
3915,Week 12,2024-04-20
3916,Baseline,2024-03-21
3916,Week 4,2024-04-18
3916,Week 8,2024-05-16
3916,Week 12,2024-06-13
3917,Baseline,2024-04-19
3917,Week 4,2024-05-17
3917,Week 8,2024-06-14
3917,Week 12,2024-07-12
3918,Baseline,2024-04-27
3918,Week 4,2024-05-25
3918,Week 8,2024-06-22
3918,Week 12,2024-07-20
3919,Baseline,2024-06-21
3919,Week 4,2024-07-19
3919,Week 8,2024-08-16
3919,Week 12,2024-09-13
3920,Baseline,2024-05-08
3920,Week 4,2024-06-05
3920,Week 8,2024-07-03
3920,Week 12,2024-07-31
3921,Baseline,2024-02-07
3921,Week 4,2024-03-06
3921,Week 8,2024-04-03
3921,Week 12,2024-05-01
3922,Baseline,2024-04-09
3922,Week 4,2024-05-07
3922,Week 8,2024-06-04
3922,Week 12,2024-07-02
3923,Baseline,2024-06-12
3923,Week 4,2024-07-10
3923,Week 8,2024-08-07
3923,Week 12,2024-09-04
3924,Baseline,2024-01-16
3924,Week 4,2024-02-13
3924,Week 8,2024-03-12
3924,Week 12,2024-04-09
3925,Baseline,2024-06-23
3925,Week 4,2024-07-21
3925,Week 8,2024-08-18
3925,Week 12,2024-09-15
3926,Baseline,2024-06-01
3926,Week 4,2024-06-29
3926,Week 8,2024-07-27
3926,Week 12,2024-08-24
3927,Baseline,2024-05-25
3927,Week 4,2024-06-22
3927,Week 8,2024-07-20
3927,Week 12,2024-08-17
3928,Baseline,2024-06-26
3928,Week 4,2024-07-24
3928,Week 8,2024-08-21
3928,Week 12,2024-09-18
3929,Baseline,2024-06-13
3929,Week 4,2024-07-11
3929,Week 8,2024-08-08
3929,Week 12,2024-09-05
3930,Baseline,2024-03-12
3930,Week 4,2024-04-09
3930,Week 8,2024-05-07
3930,Week 12,2024-06-04
3931,Baseline,2024-04-23
3931,Week 4,2024-05-21
3931,Week 8,2024-06-18
3931,Week 12,2024-07-16
3932,Baseline,2024-03-16
3932,Week 4,2024-04-13
3932,Week 8,2024-05-11
3932,Week 12,2024-06-08
3933,Baseline,2024-03-17
3933,Week 4,2024-04-14
3933,Week 8,2024-05-12
3933,Week 12,2024-06-09
3934,Baseline,2024-01-29
3934,Week 4,2024-02-26
3934,Week 8,2024-03-25
3934,Week 12,2024-04-22
3935,Baseline,2024-05-31
3935,Week 4,2024-06-28
3935,Week 8,2024-07-26
3935,Week 12,2024-08-23
3936,Baseline,2024-06-23
3936,Week 4,2024-07-21
3936,Week 8,2024-08-18
3936,Week 12,2024-09-15
3937,Baseline,2024-01-10
3937,Week 4,2024-02-07
3937,Week 8,2024-03-06
3937,Week 12,2024-04-03
3938,Baseline,2024-04-21
3938,Week 4,2024-05-19
3938,Week 8,2024-06-16
3938,Week 12,2024-07-14
3939,Baseline,2024-05-26
3939,Week 4,2024-06-23
3939,Week 8,2024-07-21
3939,Week 12,2024-08-18
3940,Baseline,2024-03-06
3940,Week 4,2024-04-03
3940,Week 8,2024-05-01
3940,Week 12,2024-05-29
3941,Baseline,2024-02-20
3941,Week 4,2024-03-19
3941,Week 8,2024-04-16
3941,Week 12,2024-05-14
3942,Baseline,2024-04-29
3942,Week 4,2024-05-27
3942,Week 8,2024-06-24
3942,Week 12,2024-07-22
3943,Baseline,2024-03-30
3943,Week 4,2024-04-27
3943,Week 8,2024-05-25
3943,Week 12,2024-06-22
3944,Baseline,2024-04-07
3944,Week 4,2024-05-05
3944,Week 8,2024-06-02
3944,Week 12,2024-06-30
3945,Baseline,2024-01-15
3945,Week 4,2024-02-12
3945,Week 8,2024-03-11
3945,Week 12,2024-04-08
3946,Baseline,2024-01-11
3946,Week 4,2024-02-08
3946,Week 8,2024-03-07
3946,Week 12,2024-04-04
3947,Baseline,2024-05-21
3947,Week 4,2024-06-18
3947,Week 8,2024-07-16
3947,Week 12,2024-08-13
3948,Baseline,2024-02-13
3948,Week 4,2024-03-12
3948,Week 8,2024-04-09
3948,Week 12,2024-05-07
3949,Baseline,2024-04-29
3949,Week 4,2024-05-27
3949,Week 8,2024-06-24
3949,Week 12,2024-07-22
3950,Baseline,2024-05-27
3950,Week 4,2024-06-24
3950,Week 8,2024-07-22
3950,Week 12,2024-08-19
3951,Baseline,2024-03-23
3951,Week 4,2024-04-20
3951,Week 8,2024-05-18
3951,Week 12,2024-06-15
3952,Baseline,2024-01-24
3952,Week 4,2024-02-21
3952,Week 8,2024-03-20
3952,Week 12,2024-04-17
3953,Baseline,2024-01-14
3953,Week 4,2024-02-11
3953,Week 8,2024-03-10
3953,Week 12,2024-04-07
3954,Baseline,2024-01-31
3954,Week 4,2024-02-28
3954,Week 8,2024-03-27
3954,Week 12,2024-04-24
3955,Baseline,2024-05-31
3955,Week 4,2024-06-28
3955,Week 8,2024-07-26
3955,Week 12,2024-08-23
3956,Baseline,2024-04-26
3956,Week 4,2024-05-24
3956,Week 8,2024-06-21
3956,Week 12,2024-07-19
3957,Baseline,2024-05-04
3957,Week 4,2024-06-01
3957,Week 8,2024-06-29
3957,Week 12,2024-07-27
3958,Baseline,2024-06-22
3958,Week 4,2024-07-20
3958,Week 8,2024-08-17
3958,Week 12,2024-09-14
3959,Baseline,2024-02-23
3959,Week 4,2024-03-22
3959,Week 8,2024-04-19
3959,Week 12,2024-05-17
3960,Baseline,2024-03-29
3960,Week 4,2024-04-26
3960,Week 8,2024-05-24
3960,Week 12,2024-06-21
3961,Baseline,2024-01-04
3961,Week 4,2024-02-01
3961,Week 8,2024-02-29
3961,Week 12,2024-03-28
3962,Baseline,2024-02-20
3962,Week 4,2024-03-19
3962,Week 8,2024-04-16
3962,Week 12,2024-05-14
3963,Baseline,2024-04-28
3963,Week 4,2024-05-26
3963,Week 8,2024-06-23
3963,Week 12,2024-07-21
3964,Baseline,2024-01-19
3964,Week 4,2024-02-16
3964,Week 8,2024-03-15
3964,Week 12,2024-04-12
3965,Baseline,2024-05-16
3965,Week 4,2024-06-13
3965,Week 8,2024-07-11
3965,Week 12,2024-08-08
3966,Baseline,2024-01-11
3966,Week 4,2024-02-08
3966,Week 8,2024-03-07
3966,Week 12,2024-04-04
3967,Baseline,2024-02-24
3967,Week 4,2024-03-23
3967,Week 8,2024-04-20
3967,Week 12,2024-05-18
3968,Baseline,2024-01-03
3968,Week 4,2024-01-31
3968,Week 8,2024-02-28
3968,Week 12,2024-03-27
3969,Baseline,2024-02-08
3969,Week 4,2024-03-07
3969,Week 8,2024-04-04
3969,Week 12,2024-05-02
3970,Baseline,2024-04-26
3970,Week 4,2024-05-24
3970,Week 8,2024-06-21
3970,Week 12,2024-07-19
3971,Baseline,2024-05-08
3971,Week 4,2024-06-05
3971,Week 8,2024-07-03
3971,Week 12,2024-07-31
3972,Baseline,2024-04-17
3972,Week 4,2024-05-15
3972,Week 8,2024-06-12
3972,Week 12,2024-07-10
3973,Baseline,2024-02-29
3973,Week 4,2024-03-28
3973,Week 8,2024-04-25
3973,Week 12,2024-05-23
3974,Baseline,2024-02-17
3974,Week 4,2024-03-16
3974,Week 8,2024-04-13
3974,Week 12,2024-05-11
3975,Baseline,2024-03-19
3975,Week 4,2024-04-16
3975,Week 8,2024-05-14
3975,Week 12,2024-06-11
3976,Baseline,2024-05-23
3976,Week 4,2024-06-20
3976,Week 8,2024-07-18
3976,Week 12,2024-08-15
3977,Baseline,2024-06-01
3977,Week 4,2024-06-29
3977,Week 8,2024-07-27
3977,Week 12,2024-08-24
3978,Baseline,2024-01-30
3978,Week 4,2024-02-27
3978,Week 8,2024-03-26
3978,Week 12,2024-04-23
3979,Baseline,2024-03-13
3979,Week 4,2024-04-10
3979,Week 8,2024-05-08
3979,Week 12,2024-06-05
3980,Baseline,2024-03-16
3980,Week 4,2024-04-13
3980,Week 8,2024-05-11
3980,Week 12,2024-06-08
3981,Baseline,2024-05-26
3981,Week 4,2024-06-23
3981,Week 8,2024-07-21
3981,Week 12,2024-08-18
3982,Baseline,2024-01-18
3982,Week 4,2024-02-15
3982,Week 8,2024-03-14
3982,Week 12,2024-04-11
3983,Baseline,2024-05-12
3983,Week 4,2024-06-09
3983,Week 8,2024-07-07
3983,Week 12,2024-08-04
3984,Baseline,2024-06-28
3984,Week 4,2024-07-26
3984,Week 8,2024-08-23
3984,Week 12,2024-09-20
3985,Baseline,2024-02-04
3985,Week 4,2024-03-03
3985,Week 8,2024-03-31
3985,Week 12,2024-04-28
3986,Baseline,2024-04-30
3986,Week 4,2024-05-28
3986,Week 8,2024-06-25
3986,Week 12,2024-07-23
3987,Baseline,2024-01-22
3987,Week 4,2024-02-19
3987,Week 8,2024-03-18
3987,Week 12,2024-04-15
3988,Baseline,2024-02-29
3988,Week 4,2024-03-28
3988,Week 8,2024-04-25
3988,Week 12,2024-05-23
3989,Baseline,2024-01-07
3989,Week 4,2024-02-04
3989,Week 8,2024-03-03
3989,Week 12,2024-03-31
3990,Baseline,2024-02-03
3990,Week 4,2024-03-02
3990,Week 8,2024-03-30
3990,Week 12,2024-04-27
3991,Baseline,2024-06-24
3991,Week 4,2024-07-22
3991,Week 8,2024-08-19
3991,Week 12,2024-09-16
3992,Baseline,2024-04-30
3992,Week 4,2024-05-28
3992,Week 8,2024-06-25
3992,Week 12,2024-07-23
3993,Baseline,2024-06-07
3993,Week 4,2024-07-05
3993,Week 8,2024-08-02
3993,Week 12,2024-08-30
3994,Baseline,2024-01-20
3994,Week 4,2024-02-17
3994,Week 8,2024-03-16
3994,Week 12,2024-04-13
3995,Baseline,2024-06-22
3995,Week 4,2024-07-20
3995,Week 8,2024-08-17
3995,Week 12,2024-09-14
3996,Baseline,2024-03-06
3996,Week 4,2024-04-03
3996,Week 8,2024-05-01
3996,Week 12,2024-05-29
3997,Baseline,2024-04-13
3997,Week 4,2024-05-11
3997,Week 8,2024-06-08
3997,Week 12,2024-07-06
3998,Baseline,2024-03-01
3998,Week 4,2024-03-29
3998,Week 8,2024-04-26
3998,Week 12,2024-05-24
3999,Baseline,2024-01-14
3999,Week 4,2024-02-11
3999,Week 8,2024-03-10
3999,Week 12,2024-04-07
4000,Baseline,2024-05-19
4000,Week 4,2024-06-16
4000,Week 8,2024-07-14
4000,Week 12,2024-08-11
4001,Baseline,2024-02-29
4001,Week 4,2024-03-28
4001,Week 8,2024-04-25
4001,Week 12,2024-05-23
4002,Baseline,2024-03-11
4002,Week 4,2024-04-08
4002,Week 8,2024-05-06
4002,Week 12,2024-06-03
4003,Baseline,2024-01-14
4003,Week 4,2024-02-11
4003,Week 8,2024-03-10
4003,Week 12,2024-04-07
4004,Baseline,2024-04-20
4004,Week 4,2024-05-18
4004,Week 8,2024-06-15
4004,Week 12,2024-07-13
4005,Baseline,2024-06-01
4005,Week 4,2024-06-29
4005,Week 8,2024-07-27
4005,Week 12,2024-08-24
4006,Baseline,2024-05-29
4006,Week 4,2024-06-26
4006,Week 8,2024-07-24
4006,Week 12,2024-08-21
4007,Baseline,2024-03-18
4007,Week 4,2024-04-15
4007,Week 8,2024-05-13
4007,Week 12,2024-06-10
4008,Baseline,2024-05-13
4008,Week 4,2024-06-10
4008,Week 8,2024-07-08
4008,Week 12,2024-08-05
4009,Baseline,2024-01-30
4009,Week 4,2024-02-27
4009,Week 8,2024-03-26
4009,Week 12,2024-04-23
4010,Baseline,2024-04-04
4010,Week 4,2024-05-02
4010,Week 8,2024-05-30
4010,Week 12,2024-06-27
4011,Baseline,2024-01-05
4011,Week 4,2024-02-02
4011,Week 8,2024-03-01
4011,Week 12,2024-03-29
4012,Baseline,2024-02-24
4012,Week 4,2024-03-23
4012,Week 8,2024-04-20
4012,Week 12,2024-05-18
4013,Baseline,2024-03-21
4013,Week 4,2024-04-18
4013,Week 8,2024-05-16
4013,Week 12,2024-06-13
4014,Baseline,2024-06-04
4014,Week 4,2024-07-02
4014,Week 8,2024-07-30
4014,Week 12,2024-08-27
4015,Baseline,2024-05-24
4015,Week 4,2024-06-21
4015,Week 8,2024-07-19
4015,Week 12,2024-08-16
4016,Baseline,2024-05-29
4016,Week 4,2024-06-26
4016,Week 8,2024-07-24
4016,Week 12,2024-08-21
4017,Baseline,2024-01-03
4017,Week 4,2024-01-31
4017,Week 8,2024-02-28
4017,Week 12,2024-03-27
4018,Baseline,2024-05-06
4018,Week 4,2024-06-03
4018,Week 8,2024-07-01
4018,Week 12,2024-07-29
4019,Baseline,2024-05-01
4019,Week 4,2024-05-29
4019,Week 8,2024-06-26
4019,Week 12,2024-07-24
4020,Baseline,2024-06-08
4020,Week 4,2024-07-06
4020,Week 8,2024-08-03
4020,Week 12,2024-08-31
4021,Baseline,2024-05-09
4021,Week 4,2024-06-06
4021,Week 8,2024-07-04
4021,Week 12,2024-08-01
4022,Baseline,2024-01-30
4022,Week 4,2024-02-27
4022,Week 8,2024-03-26
4022,Week 12,2024-04-23
4023,Baseline,2024-03-09
4023,Week 4,2024-04-06
4023,Week 8,2024-05-04
4023,Week 12,2024-06-01
4024,Baseline,2024-01-15
4024,Week 4,2024-02-12
4024,Week 8,2024-03-11
4024,Week 12,2024-04-08
4025,Baseline,2024-02-19
4025,Week 4,2024-03-18
4025,Week 8,2024-04-15
4025,Week 12,2024-05-13
4026,Baseline,2024-01-11
4026,Week 4,2024-02-08
4026,Week 8,2024-03-07
4026,Week 12,2024-04-04
4027,Baseline,2024-03-20
4027,Week 4,2024-04-17
4027,Week 8,2024-05-15
4027,Week 12,2024-06-12
4028,Baseline,2024-03-02
4028,Week 4,2024-03-30
4028,Week 8,2024-04-27
4028,Week 12,2024-05-25
4029,Baseline,2024-02-23
4029,Week 4,2024-03-22
4029,Week 8,2024-04-19
4029,Week 12,2024-05-17
4030,Baseline,2024-05-08
4030,Week 4,2024-06-05
4030,Week 8,2024-07-03
4030,Week 12,2024-07-31
4031,Baseline,2024-01-01
4031,Week 4,2024-01-29
4031,Week 8,2024-02-26
4031,Week 12,2024-03-25
4032,Baseline,2024-04-10
4032,Week 4,2024-05-08
4032,Week 8,2024-06-05
4032,Week 12,2024-07-03
4033,Baseline,2024-05-21
4033,Week 4,2024-06-18
4033,Week 8,2024-07-16
4033,Week 12,2024-08-13
4034,Baseline,2024-02-08
4034,Week 4,2024-03-07
4034,Week 8,2024-04-04
4034,Week 12,2024-05-02
4035,Baseline,2024-02-13
4035,Week 4,2024-03-12
4035,Week 8,2024-04-09
4035,Week 12,2024-05-07
4036,Baseline,2024-01-14
4036,Week 4,2024-02-11
4036,Week 8,2024-03-10
4036,Week 12,2024-04-07
4037,Baseline,2024-04-18
4037,Week 4,2024-05-16
4037,Week 8,2024-06-13
4037,Week 12,2024-07-11
4038,Baseline,2024-06-21
4038,Week 4,2024-07-19
4038,Week 8,2024-08-16
4038,Week 12,2024-09-13
4039,Baseline,2024-01-12
4039,Week 4,2024-02-09
4039,Week 8,2024-03-08
4039,Week 12,2024-04-05
4040,Baseline,2024-02-05
4040,Week 4,2024-03-04
4040,Week 8,2024-04-01
4040,Week 12,2024-04-29
4041,Baseline,2024-03-30
4041,Week 4,2024-04-27
4041,Week 8,2024-05-25
4041,Week 12,2024-06-22
4042,Baseline,2024-04-23
4042,Week 4,2024-05-21
4042,Week 8,2024-06-18
4042,Week 12,2024-07-16
4043,Baseline,2024-01-20
4043,Week 4,2024-02-17
4043,Week 8,2024-03-16
4043,Week 12,2024-04-13
4044,Baseline,2024-04-15
4044,Week 4,2024-05-13
4044,Week 8,2024-06-10
4044,Week 12,2024-07-08
4045,Baseline,2024-05-10
4045,Week 4,2024-06-07
4045,Week 8,2024-07-05
4045,Week 12,2024-08-02
4046,Baseline,2024-05-21
4046,Week 4,2024-06-18
4046,Week 8,2024-07-16
4046,Week 12,2024-08-13
4047,Baseline,2024-03-06
4047,Week 4,2024-04-03
4047,Week 8,2024-05-01
4047,Week 12,2024-05-29
4048,Baseline,2024-01-03
4048,Week 4,2024-01-31
4048,Week 8,2024-02-28
4048,Week 12,2024-03-27
4049,Baseline,2024-04-01
4049,Week 4,2024-04-29
4049,Week 8,2024-05-27
4049,Week 12,2024-06-24
4050,Baseline,2024-02-12
4050,Week 4,2024-03-11
4050,Week 8,2024-04-08
4050,Week 12,2024-05-06
4051,Baseline,2024-05-27
4051,Week 4,2024-06-24
4051,Week 8,2024-07-22
4051,Week 12,2024-08-19
4052,Baseline,2024-06-20
4052,Week 4,2024-07-18
4052,Week 8,2024-08-15
4052,Week 12,2024-09-12
4053,Baseline,2024-03-21
4053,Week 4,2024-04-18
4053,Week 8,2024-05-16
4053,Week 12,2024-06-13
4054,Baseline,2024-05-29
4054,Week 4,2024-06-26
4054,Week 8,2024-07-24
4054,Week 12,2024-08-21
4055,Baseline,2024-03-20
4055,Week 4,2024-04-17
4055,Week 8,2024-05-15
4055,Week 12,2024-06-12
4056,Baseline,2024-03-28
4056,Week 4,2024-04-25
4056,Week 8,2024-05-23
4056,Week 12,2024-06-20
4057,Baseline,2024-04-28
4057,Week 4,2024-05-26
4057,Week 8,2024-06-23
4057,Week 12,2024-07-21
4058,Baseline,2024-06-16
4058,Week 4,2024-07-14
4058,Week 8,2024-08-11
4058,Week 12,2024-09-08
4059,Baseline,2024-04-10
4059,Week 4,2024-05-08
4059,Week 8,2024-06-05
4059,Week 12,2024-07-03
4060,Baseline,2024-01-25
4060,Week 4,2024-02-22
4060,Week 8,2024-03-21
4060,Week 12,2024-04-18
4061,Baseline,2024-01-27
4061,Week 4,2024-02-24
4061,Week 8,2024-03-23
4061,Week 12,2024-04-20
4062,Baseline,2024-03-21
4062,Week 4,2024-04-18
4062,Week 8,2024-05-16
4062,Week 12,2024-06-13
4063,Baseline,2024-01-23
4063,Week 4,2024-02-20
4063,Week 8,2024-03-19
4063,Week 12,2024-04-16
4064,Baseline,2024-03-21
4064,Week 4,2024-04-18
4064,Week 8,2024-05-16
4064,Week 12,2024-06-13
4065,Baseline,2024-05-28
4065,Week 4,2024-06-25
4065,Week 8,2024-07-23
4065,Week 12,2024-08-20
4066,Baseline,2024-04-19
4066,Week 4,2024-05-17
4066,Week 8,2024-06-14
4066,Week 12,2024-07-12
4067,Baseline,2024-03-04
4067,Week 4,2024-04-01
4067,Week 8,2024-04-29
4067,Week 12,2024-05-27
4068,Baseline,2024-05-07
4068,Week 4,2024-06-04
4068,Week 8,2024-07-02
4068,Week 12,2024-07-30
4069,Baseline,2024-02-25
4069,Week 4,2024-03-24
4069,Week 8,2024-04-21
4069,Week 12,2024-05-19
4070,Baseline,2024-02-20
4070,Week 4,2024-03-19
4070,Week 8,2024-04-16
4070,Week 12,2024-05-14
4071,Baseline,2024-02-11
4071,Week 4,2024-03-10
4071,Week 8,2024-04-07
4071,Week 12,2024-05-05
4072,Baseline,2024-02-06
4072,Week 4,2024-03-05
4072,Week 8,2024-04-02
4072,Week 12,2024-04-30
4073,Baseline,2024-01-30
4073,Week 4,2024-02-27
4073,Week 8,2024-03-26
4073,Week 12,2024-04-23
4074,Baseline,2024-01-01
4074,Week 4,2024-01-29
4074,Week 8,2024-02-26
4074,Week 12,2024-03-25
4075,Baseline,2024-06-04
4075,Week 4,2024-07-02
4075,Week 8,2024-07-30
4075,Week 12,2024-08-27
4076,Baseline,2024-05-25
4076,Week 4,2024-06-22
4076,Week 8,2024-07-20
4076,Week 12,2024-08-17
4077,Baseline,2024-04-27
4077,Week 4,2024-05-25
4077,Week 8,2024-06-22
4077,Week 12,2024-07-20
4078,Baseline,2024-03-08
4078,Week 4,2024-04-05
4078,Week 8,2024-05-03
4078,Week 12,2024-05-31
4079,Baseline,2024-03-01
4079,Week 4,2024-03-29
4079,Week 8,2024-04-26
4079,Week 12,2024-05-24
4080,Baseline,2024-06-10
4080,Week 4,2024-07-08
4080,Week 8,2024-08-05
4080,Week 12,2024-09-02
4081,Baseline,2024-05-16
4081,Week 4,2024-06-13
4081,Week 8,2024-07-11
4081,Week 12,2024-08-08
4082,Baseline,2024-06-09
4082,Week 4,2024-07-07
4082,Week 8,2024-08-04
4082,Week 12,2024-09-01
4083,Baseline,2024-06-27
4083,Week 4,2024-07-25
4083,Week 8,2024-08-22
4083,Week 12,2024-09-19
4084,Baseline,2024-04-26
4084,Week 4,2024-05-24
4084,Week 8,2024-06-21
4084,Week 12,2024-07-19
4085,Baseline,2024-03-17
4085,Week 4,2024-04-14
4085,Week 8,2024-05-12
4085,Week 12,2024-06-09
4086,Baseline,2024-05-17
4086,Week 4,2024-06-14
4086,Week 8,2024-07-12
4086,Week 12,2024-08-09
4087,Baseline,2024-03-01
4087,Week 4,2024-03-29
4087,Week 8,2024-04-26
4087,Week 12,2024-05-24
4088,Baseline,2024-01-30
4088,Week 4,2024-02-27
4088,Week 8,2024-03-26
4088,Week 12,2024-04-23
4089,Baseline,2024-03-23
4089,Week 4,2024-04-20
4089,Week 8,2024-05-18
4089,Week 12,2024-06-15
4090,Baseline,2024-01-25
4090,Week 4,2024-02-22
4090,Week 8,2024-03-21
4090,Week 12,2024-04-18
4091,Baseline,2024-03-07
4091,Week 4,2024-04-04
4091,Week 8,2024-05-02
4091,Week 12,2024-05-30
4092,Baseline,2024-01-14
4092,Week 4,2024-02-11
4092,Week 8,2024-03-10
4092,Week 12,2024-04-07
4093,Baseline,2024-04-01
4093,Week 4,2024-04-29
4093,Week 8,2024-05-27
4093,Week 12,2024-06-24
4094,Baseline,2024-06-28
4094,Week 4,2024-07-26
4094,Week 8,2024-08-23
4094,Week 12,2024-09-20
4095,Baseline,2024-01-16
4095,Week 4,2024-02-13
4095,Week 8,2024-03-12
4095,Week 12,2024-04-09
4096,Baseline,2024-05-20
4096,Week 4,2024-06-17
4096,Week 8,2024-07-15
4096,Week 12,2024-08-12
4097,Baseline,2024-06-05
4097,Week 4,2024-07-03
4097,Week 8,2024-07-31
4097,Week 12,2024-08-28
4098,Baseline,2024-03-22
4098,Week 4,2024-04-19
4098,Week 8,2024-05-17
4098,Week 12,2024-06-14
4099,Baseline,2024-05-17
4099,Week 4,2024-06-14
4099,Week 8,2024-07-12
4099,Week 12,2024-08-09
4100,Baseline,2024-05-27
4100,Week 4,2024-06-24
4100,Week 8,2024-07-22
4100,Week 12,2024-08-19
4101,Baseline,2024-06-08
4101,Week 4,2024-07-06
4101,Week 8,2024-08-03
4101,Week 12,2024-08-31
4102,Baseline,2024-03-07
4102,Week 4,2024-04-04
4102,Week 8,2024-05-02
4102,Week 12,2024-05-30
4103,Baseline,2024-05-23
4103,Week 4,2024-06-20
4103,Week 8,2024-07-18
4103,Week 12,2024-08-15
4104,Baseline,2024-03-10
4104,Week 4,2024-04-07
4104,Week 8,2024-05-05
4104,Week 12,2024-06-02
4105,Baseline,2024-02-07
4105,Week 4,2024-03-06
4105,Week 8,2024-04-03
4105,Week 12,2024-05-01
4106,Baseline,2024-03-11
4106,Week 4,2024-04-08
4106,Week 8,2024-05-06
4106,Week 12,2024-06-03
4107,Baseline,2024-01-06
4107,Week 4,2024-02-03
4107,Week 8,2024-03-02
4107,Week 12,2024-03-30
4108,Baseline,2024-04-21
4108,Week 4,2024-05-19
4108,Week 8,2024-06-16
4108,Week 12,2024-07-14
4109,Baseline,2024-04-14
4109,Week 4,2024-05-12
4109,Week 8,2024-06-09
4109,Week 12,2024-07-07
4110,Baseline,2024-04-29
4110,Week 4,2024-05-27
4110,Week 8,2024-06-24
4110,Week 12,2024-07-22
4111,Baseline,2024-04-30
4111,Week 4,2024-05-28
4111,Week 8,2024-06-25
4111,Week 12,2024-07-23
4112,Baseline,2024-03-17
4112,Week 4,2024-04-14
4112,Week 8,2024-05-12
4112,Week 12,2024-06-09
4113,Baseline,2024-04-24
4113,Week 4,2024-05-22
4113,Week 8,2024-06-19
4113,Week 12,2024-07-17
4114,Baseline,2024-06-18
4114,Week 4,2024-07-16
4114,Week 8,2024-08-13
4114,Week 12,2024-09-10
4115,Baseline,2024-02-04
4115,Week 4,2024-03-03
4115,Week 8,2024-03-31
4115,Week 12,2024-04-28
4116,Baseline,2024-05-13
4116,Week 4,2024-06-10
4116,Week 8,2024-07-08
4116,Week 12,2024-08-05
4117,Baseline,2024-03-11
4117,Week 4,2024-04-08
4117,Week 8,2024-05-06
4117,Week 12,2024-06-03
4118,Baseline,2024-01-21
4118,Week 4,2024-02-18
4118,Week 8,2024-03-17
4118,Week 12,2024-04-14
4119,Baseline,2024-05-12
4119,Week 4,2024-06-09
4119,Week 8,2024-07-07
4119,Week 12,2024-08-04
4120,Baseline,2024-04-17
4120,Week 4,2024-05-15
4120,Week 8,2024-06-12
4120,Week 12,2024-07-10
4121,Baseline,2024-01-17
4121,Week 4,2024-02-14
4121,Week 8,2024-03-13
4121,Week 12,2024-04-10
4122,Baseline,2024-03-28
4122,Week 4,2024-04-25
4122,Week 8,2024-05-23
4122,Week 12,2024-06-20
4123,Baseline,2024-02-02
4123,Week 4,2024-03-01
4123,Week 8,2024-03-29
4123,Week 12,2024-04-26
4124,Baseline,2024-01-17
4124,Week 4,2024-02-14
4124,Week 8,2024-03-13
4124,Week 12,2024-04-10
4125,Baseline,2024-01-30
4125,Week 4,2024-02-27
4125,Week 8,2024-03-26
4125,Week 12,2024-04-23
4126,Baseline,2024-06-12
4126,Week 4,2024-07-10
4126,Week 8,2024-08-07
4126,Week 12,2024-09-04
4127,Baseline,2024-01-24
4127,Week 4,2024-02-21
4127,Week 8,2024-03-20
4127,Week 12,2024-04-17
4128,Baseline,2024-06-11
4128,Week 4,2024-07-09
4128,Week 8,2024-08-06
4128,Week 12,2024-09-03
4129,Baseline,2024-06-24
4129,Week 4,2024-07-22
4129,Week 8,2024-08-19
4129,Week 12,2024-09-16
4130,Baseline,2024-06-17
4130,Week 4,2024-07-15
4130,Week 8,2024-08-12
4130,Week 12,2024-09-09
4131,Baseline,2024-02-12
4131,Week 4,2024-03-11
4131,Week 8,2024-04-08
4131,Week 12,2024-05-06
4132,Baseline,2024-05-21
4132,Week 4,2024-06-18
4132,Week 8,2024-07-16
4132,Week 12,2024-08-13
4133,Baseline,2024-02-08
4133,Week 4,2024-03-07
4133,Week 8,2024-04-04
4133,Week 12,2024-05-02
4134,Baseline,2024-01-30
4134,Week 4,2024-02-27
4134,Week 8,2024-03-26
4134,Week 12,2024-04-23
4135,Baseline,2024-05-26
4135,Week 4,2024-06-23
4135,Week 8,2024-07-21
4135,Week 12,2024-08-18
4136,Baseline,2024-01-25
4136,Week 4,2024-02-22
4136,Week 8,2024-03-21
4136,Week 12,2024-04-18
4137,Baseline,2024-05-03
4137,Week 4,2024-05-31
4137,Week 8,2024-06-28
4137,Week 12,2024-07-26
4138,Baseline,2024-04-16
4138,Week 4,2024-05-14
4138,Week 8,2024-06-11
4138,Week 12,2024-07-09
4139,Baseline,2024-05-15
4139,Week 4,2024-06-12
4139,Week 8,2024-07-10
4139,Week 12,2024-08-07
4140,Baseline,2024-01-18
4140,Week 4,2024-02-15
4140,Week 8,2024-03-14
4140,Week 12,2024-04-11
4141,Baseline,2024-03-30
4141,Week 4,2024-04-27
4141,Week 8,2024-05-25
4141,Week 12,2024-06-22
4142,Baseline,2024-05-13
4142,Week 4,2024-06-10
4142,Week 8,2024-07-08
4142,Week 12,2024-08-05
4143,Baseline,2024-02-29
4143,Week 4,2024-03-28
4143,Week 8,2024-04-25
4143,Week 12,2024-05-23
4144,Baseline,2024-06-13
4144,Week 4,2024-07-11
4144,Week 8,2024-08-08
4144,Week 12,2024-09-05
4145,Baseline,2024-02-25
4145,Week 4,2024-03-24
4145,Week 8,2024-04-21
4145,Week 12,2024-05-19
4146,Baseline,2024-01-15
4146,Week 4,2024-02-12
4146,Week 8,2024-03-11
4146,Week 12,2024-04-08
4147,Baseline,2024-01-25
4147,Week 4,2024-02-22
4147,Week 8,2024-03-21
4147,Week 12,2024-04-18
4148,Baseline,2024-05-15
4148,Week 4,2024-06-12
4148,Week 8,2024-07-10
4148,Week 12,2024-08-07
4149,Baseline,2024-05-17
4149,Week 4,2024-06-14
4149,Week 8,2024-07-12
4149,Week 12,2024-08-09
4150,Baseline,2024-05-27
4150,Week 4,2024-06-24
4150,Week 8,2024-07-22
4150,Week 12,2024-08-19
4151,Baseline,2024-06-20
4151,Week 4,2024-07-18
4151,Week 8,2024-08-15
4151,Week 12,2024-09-12
4152,Baseline,2024-06-25
4152,Week 4,2024-07-23
4152,Week 8,2024-08-20
4152,Week 12,2024-09-17
4153,Baseline,2024-03-09
4153,Week 4,2024-04-06
4153,Week 8,2024-05-04
4153,Week 12,2024-06-01
4154,Baseline,2024-02-13
4154,Week 4,2024-03-12
4154,Week 8,2024-04-09
4154,Week 12,2024-05-07
4155,Baseline,2024-06-27
4155,Week 4,2024-07-25
4155,Week 8,2024-08-22
4155,Week 12,2024-09-19
4156,Baseline,2024-03-07
4156,Week 4,2024-04-04
4156,Week 8,2024-05-02
4156,Week 12,2024-05-30
4157,Baseline,2024-01-27
4157,Week 4,2024-02-24
4157,Week 8,2024-03-23
4157,Week 12,2024-04-20
4158,Baseline,2024-04-13
4158,Week 4,2024-05-11
4158,Week 8,2024-06-08
4158,Week 12,2024-07-06
4159,Baseline,2024-05-12
4159,Week 4,2024-06-09
4159,Week 8,2024-07-07
4159,Week 12,2024-08-04
4160,Baseline,2024-02-13
4160,Week 4,2024-03-12
4160,Week 8,2024-04-09
4160,Week 12,2024-05-07
4161,Baseline,2024-05-27
4161,Week 4,2024-06-24
4161,Week 8,2024-07-22
4161,Week 12,2024-08-19
4162,Baseline,2024-01-13
4162,Week 4,2024-02-10
4162,Week 8,2024-03-09
4162,Week 12,2024-04-06
4163,Baseline,2024-01-29
4163,Week 4,2024-02-26
4163,Week 8,2024-03-25
4163,Week 12,2024-04-22
4164,Baseline,2024-06-10
4164,Week 4,2024-07-08
4164,Week 8,2024-08-05
4164,Week 12,2024-09-02
4165,Baseline,2024-04-14
4165,Week 4,2024-05-12
4165,Week 8,2024-06-09
4165,Week 12,2024-07-07
4166,Baseline,2024-06-09
4166,Week 4,2024-07-07
4166,Week 8,2024-08-04
4166,Week 12,2024-09-01
4167,Baseline,2024-03-05
4167,Week 4,2024-04-02
4167,Week 8,2024-04-30
4167,Week 12,2024-05-28
4168,Baseline,2024-04-14
4168,Week 4,2024-05-12
4168,Week 8,2024-06-09
4168,Week 12,2024-07-07
4169,Baseline,2024-04-26
4169,Week 4,2024-05-24
4169,Week 8,2024-06-21
4169,Week 12,2024-07-19
4170,Baseline,2024-05-16
4170,Week 4,2024-06-13
4170,Week 8,2024-07-11
4170,Week 12,2024-08-08
4171,Baseline,2024-04-11
4171,Week 4,2024-05-09
4171,Week 8,2024-06-06
4171,Week 12,2024-07-04
4172,Baseline,2024-03-08
4172,Week 4,2024-04-05
4172,Week 8,2024-05-03
4172,Week 12,2024-05-31
4173,Baseline,2024-02-29
4173,Week 4,2024-03-28
4173,Week 8,2024-04-25
4173,Week 12,2024-05-23
4174,Baseline,2024-01-26
4174,Week 4,2024-02-23
4174,Week 8,2024-03-22
4174,Week 12,2024-04-19
4175,Baseline,2024-03-14
4175,Week 4,2024-04-11
4175,Week 8,2024-05-09
4175,Week 12,2024-06-06
4176,Baseline,2024-03-13
4176,Week 4,2024-04-10
4176,Week 8,2024-05-08
4176,Week 12,2024-06-05
4177,Baseline,2024-01-15
4177,Week 4,2024-02-12
4177,Week 8,2024-03-11
4177,Week 12,2024-04-08
4178,Baseline,2024-01-28
4178,Week 4,2024-02-25
4178,Week 8,2024-03-24
4178,Week 12,2024-04-21
4179,Baseline,2024-03-20
4179,Week 4,2024-04-17
4179,Week 8,2024-05-15
4179,Week 12,2024-06-12
4180,Baseline,2024-01-29
4180,Week 4,2024-02-26
4180,Week 8,2024-03-25
4180,Week 12,2024-04-22
4181,Baseline,2024-01-13
4181,Week 4,2024-02-10
4181,Week 8,2024-03-09
4181,Week 12,2024-04-06
4182,Baseline,2024-06-18
4182,Week 4,2024-07-16
4182,Week 8,2024-08-13
4182,Week 12,2024-09-10
4183,Baseline,2024-06-08
4183,Week 4,2024-07-06
4183,Week 8,2024-08-03
4183,Week 12,2024-08-31
4184,Baseline,2024-04-09
4184,Week 4,2024-05-07
4184,Week 8,2024-06-04
4184,Week 12,2024-07-02
4185,Baseline,2024-01-09
4185,Week 4,2024-02-06
4185,Week 8,2024-03-05
4185,Week 12,2024-04-02
4186,Baseline,2024-05-16
4186,Week 4,2024-06-13
4186,Week 8,2024-07-11
4186,Week 12,2024-08-08
4187,Baseline,2024-06-22
4187,Week 4,2024-07-20
4187,Week 8,2024-08-17
4187,Week 12,2024-09-14
4188,Baseline,2024-04-05
4188,Week 4,2024-05-03
4188,Week 8,2024-05-31
4188,Week 12,2024-06-28
4189,Baseline,2024-04-30
4189,Week 4,2024-05-28
4189,Week 8,2024-06-25
4189,Week 12,2024-07-23
4190,Baseline,2024-05-01
4190,Week 4,2024-05-29
4190,Week 8,2024-06-26
4190,Week 12,2024-07-24
4191,Baseline,2024-02-12
4191,Week 4,2024-03-11
4191,Week 8,2024-04-08
4191,Week 12,2024-05-06
4192,Baseline,2024-03-28
4192,Week 4,2024-04-25
4192,Week 8,2024-05-23
4192,Week 12,2024-06-20
4193,Baseline,2024-06-01
4193,Week 4,2024-06-29
4193,Week 8,2024-07-27
4193,Week 12,2024-08-24
4194,Baseline,2024-02-20
4194,Week 4,2024-03-19
4194,Week 8,2024-04-16
4194,Week 12,2024-05-14
4195,Baseline,2024-05-06
4195,Week 4,2024-06-03
4195,Week 8,2024-07-01
4195,Week 12,2024-07-29
4196,Baseline,2024-01-19
4196,Week 4,2024-02-16
4196,Week 8,2024-03-15
4196,Week 12,2024-04-12
4197,Baseline,2024-06-05
4197,Week 4,2024-07-03
4197,Week 8,2024-07-31
4197,Week 12,2024-08-28
4198,Baseline,2024-02-22
4198,Week 4,2024-03-21
4198,Week 8,2024-04-18
4198,Week 12,2024-05-16
4199,Baseline,2024-03-01
4199,Week 4,2024-03-29
4199,Week 8,2024-04-26
4199,Week 12,2024-05-24
4200,Baseline,2024-06-22
4200,Week 4,2024-07-20
4200,Week 8,2024-08-17
4200,Week 12,2024-09-14
4201,Baseline,2024-05-31
4201,Week 4,2024-06-28
4201,Week 8,2024-07-26
4201,Week 12,2024-08-23
4202,Baseline,2024-05-11
4202,Week 4,2024-06-08
4202,Week 8,2024-07-06
4202,Week 12,2024-08-03
4203,Baseline,2024-04-03
4203,Week 4,2024-05-01
4203,Week 8,2024-05-29
4203,Week 12,2024-06-26
4204,Baseline,2024-02-15
4204,Week 4,2024-03-14
4204,Week 8,2024-04-11
4204,Week 12,2024-05-09
4205,Baseline,2024-01-29
4205,Week 4,2024-02-26
4205,Week 8,2024-03-25
4205,Week 12,2024-04-22
4206,Baseline,2024-04-19
4206,Week 4,2024-05-17
4206,Week 8,2024-06-14
4206,Week 12,2024-07-12
4207,Baseline,2024-04-13
4207,Week 4,2024-05-11
4207,Week 8,2024-06-08
4207,Week 12,2024-07-06
4208,Baseline,2024-03-31
4208,Week 4,2024-04-28
4208,Week 8,2024-05-26
4208,Week 12,2024-06-23
4209,Baseline,2024-06-09
4209,Week 4,2024-07-07
4209,Week 8,2024-08-04
4209,Week 12,2024-09-01
4210,Baseline,2024-01-09
4210,Week 4,2024-02-06
4210,Week 8,2024-03-05
4210,Week 12,2024-04-02
4211,Baseline,2024-01-05
4211,Week 4,2024-02-02
4211,Week 8,2024-03-01
4211,Week 12,2024-03-29
4212,Baseline,2024-03-26
4212,Week 4,2024-04-23
4212,Week 8,2024-05-21
4212,Week 12,2024-06-18
4213,Baseline,2024-06-18
4213,Week 4,2024-07-16
4213,Week 8,2024-08-13
4213,Week 12,2024-09-10
4214,Baseline,2024-06-02
4214,Week 4,2024-06-30
4214,Week 8,2024-07-28
4214,Week 12,2024-08-25
4215,Baseline,2024-06-13
4215,Week 4,2024-07-11
4215,Week 8,2024-08-08
4215,Week 12,2024-09-05
4216,Baseline,2024-01-09
4216,Week 4,2024-02-06
4216,Week 8,2024-03-05
4216,Week 12,2024-04-02
4217,Baseline,2024-02-12
4217,Week 4,2024-03-11
4217,Week 8,2024-04-08
4217,Week 12,2024-05-06
4218,Baseline,2024-03-04
4218,Week 4,2024-04-01
4218,Week 8,2024-04-29
4218,Week 12,2024-05-27
4219,Baseline,2024-03-02
4219,Week 4,2024-03-30
4219,Week 8,2024-04-27
4219,Week 12,2024-05-25
4220,Baseline,2024-04-07
4220,Week 4,2024-05-05
4220,Week 8,2024-06-02
4220,Week 12,2024-06-30
4221,Baseline,2024-01-09
4221,Week 4,2024-02-06
4221,Week 8,2024-03-05
4221,Week 12,2024-04-02
4222,Baseline,2024-06-21
4222,Week 4,2024-07-19
4222,Week 8,2024-08-16
4222,Week 12,2024-09-13
4223,Baseline,2024-06-12
4223,Week 4,2024-07-10
4223,Week 8,2024-08-07
4223,Week 12,2024-09-04
4224,Baseline,2024-02-29
4224,Week 4,2024-03-28
4224,Week 8,2024-04-25
4224,Week 12,2024-05-23
4225,Baseline,2024-01-23
4225,Week 4,2024-02-20
4225,Week 8,2024-03-19
4225,Week 12,2024-04-16
4226,Baseline,2024-01-01
4226,Week 4,2024-01-29
4226,Week 8,2024-02-26
4226,Week 12,2024-03-25
4227,Baseline,2024-03-24
4227,Week 4,2024-04-21
4227,Week 8,2024-05-19
4227,Week 12,2024-06-16
4228,Baseline,2024-02-02
4228,Week 4,2024-03-01
4228,Week 8,2024-03-29
4228,Week 12,2024-04-26
4229,Baseline,2024-06-24
4229,Week 4,2024-07-22
4229,Week 8,2024-08-19
4229,Week 12,2024-09-16
4230,Baseline,2024-05-20
4230,Week 4,2024-06-17
4230,Week 8,2024-07-15
4230,Week 12,2024-08-12
4231,Baseline,2024-03-28
4231,Week 4,2024-04-25
4231,Week 8,2024-05-23
4231,Week 12,2024-06-20
4232,Baseline,2024-04-04
4232,Week 4,2024-05-02
4232,Week 8,2024-05-30
4232,Week 12,2024-06-27
4233,Baseline,2024-03-27
4233,Week 4,2024-04-24
4233,Week 8,2024-05-22
4233,Week 12,2024-06-19
4234,Baseline,2024-03-25
4234,Week 4,2024-04-22
4234,Week 8,2024-05-20
4234,Week 12,2024-06-17
4235,Baseline,2024-04-25
4235,Week 4,2024-05-23
4235,Week 8,2024-06-20
4235,Week 12,2024-07-18
4236,Baseline,2024-05-08
4236,Week 4,2024-06-05
4236,Week 8,2024-07-03
4236,Week 12,2024-07-31
4237,Baseline,2024-02-07
4237,Week 4,2024-03-06
4237,Week 8,2024-04-03
4237,Week 12,2024-05-01
4238,Baseline,2024-04-12
4238,Week 4,2024-05-10
4238,Week 8,2024-06-07
4238,Week 12,2024-07-05
4239,Baseline,2024-06-19
4239,Week 4,2024-07-17
4239,Week 8,2024-08-14
4239,Week 12,2024-09-11
4240,Baseline,2024-01-01
4240,Week 4,2024-01-29
4240,Week 8,2024-02-26
4240,Week 12,2024-03-25
4241,Baseline,2024-03-29
4241,Week 4,2024-04-26
4241,Week 8,2024-05-24
4241,Week 12,2024-06-21
4242,Baseline,2024-05-15
4242,Week 4,2024-06-12
4242,Week 8,2024-07-10
4242,Week 12,2024-08-07
4243,Baseline,2024-02-04
4243,Week 4,2024-03-03
4243,Week 8,2024-03-31
4243,Week 12,2024-04-28
4244,Baseline,2024-03-18
4244,Week 4,2024-04-15
4244,Week 8,2024-05-13
4244,Week 12,2024-06-10
4245,Baseline,2024-01-03
4245,Week 4,2024-01-31
4245,Week 8,2024-02-28
4245,Week 12,2024-03-27
4246,Baseline,2024-02-01
4246,Week 4,2024-02-29
4246,Week 8,2024-03-28
4246,Week 12,2024-04-25
4247,Baseline,2024-04-29
4247,Week 4,2024-05-27
4247,Week 8,2024-06-24
4247,Week 12,2024-07-22
4248,Baseline,2024-05-17
4248,Week 4,2024-06-14
4248,Week 8,2024-07-12
4248,Week 12,2024-08-09
4249,Baseline,2024-01-09
4249,Week 4,2024-02-06
4249,Week 8,2024-03-05
4249,Week 12,2024-04-02
4250,Baseline,2024-06-07
4250,Week 4,2024-07-05
4250,Week 8,2024-08-02
4250,Week 12,2024-08-30
4251,Baseline,2024-02-24
4251,Week 4,2024-03-23
4251,Week 8,2024-04-20
4251,Week 12,2024-05-18
4252,Baseline,2024-03-26
4252,Week 4,2024-04-23
4252,Week 8,2024-05-21
4252,Week 12,2024-06-18
4253,Baseline,2024-03-25
4253,Week 4,2024-04-22
4253,Week 8,2024-05-20
4253,Week 12,2024-06-17
4254,Baseline,2024-04-17
4254,Week 4,2024-05-15
4254,Week 8,2024-06-12
4254,Week 12,2024-07-10
4255,Baseline,2024-02-06
4255,Week 4,2024-03-05
4255,Week 8,2024-04-02
4255,Week 12,2024-04-30
4256,Baseline,2024-02-06
4256,Week 4,2024-03-05
4256,Week 8,2024-04-02
4256,Week 12,2024-04-30
4257,Baseline,2024-01-09
4257,Week 4,2024-02-06
4257,Week 8,2024-03-05
4257,Week 12,2024-04-02
4258,Baseline,2024-01-26
4258,Week 4,2024-02-23
4258,Week 8,2024-03-22
4258,Week 12,2024-04-19
4259,Baseline,2024-01-15
4259,Week 4,2024-02-12
4259,Week 8,2024-03-11
4259,Week 12,2024-04-08
4260,Baseline,2024-01-20
4260,Week 4,2024-02-17
4260,Week 8,2024-03-16
4260,Week 12,2024-04-13
4261,Baseline,2024-02-25
4261,Week 4,2024-03-24
4261,Week 8,2024-04-21
4261,Week 12,2024-05-19
4262,Baseline,2024-06-16
4262,Week 4,2024-07-14
4262,Week 8,2024-08-11
4262,Week 12,2024-09-08
4263,Baseline,2024-05-12
4263,Week 4,2024-06-09
4263,Week 8,2024-07-07
4263,Week 12,2024-08-04
4264,Baseline,2024-01-26
4264,Week 4,2024-02-23
4264,Week 8,2024-03-22
4264,Week 12,2024-04-19
4265,Baseline,2024-03-25
4265,Week 4,2024-04-22
4265,Week 8,2024-05-20
4265,Week 12,2024-06-17
4266,Baseline,2024-01-14
4266,Week 4,2024-02-11
4266,Week 8,2024-03-10
4266,Week 12,2024-04-07
4267,Baseline,2024-05-14
4267,Week 4,2024-06-11
4267,Week 8,2024-07-09
4267,Week 12,2024-08-06
4268,Baseline,2024-03-30
4268,Week 4,2024-04-27
4268,Week 8,2024-05-25
4268,Week 12,2024-06-22
4269,Baseline,2024-01-25
4269,Week 4,2024-02-22
4269,Week 8,2024-03-21
4269,Week 12,2024-04-18
4270,Baseline,2024-05-23
4270,Week 4,2024-06-20
4270,Week 8,2024-07-18
4270,Week 12,2024-08-15
4271,Baseline,2024-05-22
4271,Week 4,2024-06-19
4271,Week 8,2024-07-17
4271,Week 12,2024-08-14
4272,Baseline,2024-06-11
4272,Week 4,2024-07-09
4272,Week 8,2024-08-06
4272,Week 12,2024-09-03
4273,Baseline,2024-04-10
4273,Week 4,2024-05-08
4273,Week 8,2024-06-05
4273,Week 12,2024-07-03
4274,Baseline,2024-05-14
4274,Week 4,2024-06-11
4274,Week 8,2024-07-09
4274,Week 12,2024-08-06
4275,Baseline,2024-02-13
4275,Week 4,2024-03-12
4275,Week 8,2024-04-09
4275,Week 12,2024-05-07
4276,Baseline,2024-04-03
4276,Week 4,2024-05-01
4276,Week 8,2024-05-29
4276,Week 12,2024-06-26
4277,Baseline,2024-02-11
4277,Week 4,2024-03-10
4277,Week 8,2024-04-07
4277,Week 12,2024-05-05
4278,Baseline,2024-02-04
4278,Week 4,2024-03-03
4278,Week 8,2024-03-31
4278,Week 12,2024-04-28
4279,Baseline,2024-03-29
4279,Week 4,2024-04-26
4279,Week 8,2024-05-24
4279,Week 12,2024-06-21
4280,Baseline,2024-04-25
4280,Week 4,2024-05-23
4280,Week 8,2024-06-20
4280,Week 12,2024-07-18
4281,Baseline,2024-03-27
4281,Week 4,2024-04-24
4281,Week 8,2024-05-22
4281,Week 12,2024-06-19
4282,Baseline,2024-06-11
4282,Week 4,2024-07-09
4282,Week 8,2024-08-06
4282,Week 12,2024-09-03
4283,Baseline,2024-01-08
4283,Week 4,2024-02-05
4283,Week 8,2024-03-04
4283,Week 12,2024-04-01
4284,Baseline,2024-01-31
4284,Week 4,2024-02-28
4284,Week 8,2024-03-27
4284,Week 12,2024-04-24
4285,Baseline,2024-01-26
4285,Week 4,2024-02-23
4285,Week 8,2024-03-22
4285,Week 12,2024-04-19
4286,Baseline,2024-04-19
4286,Week 4,2024-05-17
4286,Week 8,2024-06-14
4286,Week 12,2024-07-12
4287,Baseline,2024-03-15
4287,Week 4,2024-04-12
4287,Week 8,2024-05-10
4287,Week 12,2024-06-07
4288,Baseline,2024-05-19
4288,Week 4,2024-06-16
4288,Week 8,2024-07-14
4288,Week 12,2024-08-11
4289,Baseline,2024-05-23
4289,Week 4,2024-06-20
4289,Week 8,2024-07-18
4289,Week 12,2024-08-15
4290,Baseline,2024-06-08
4290,Week 4,2024-07-06
4290,Week 8,2024-08-03
4290,Week 12,2024-08-31
4291,Baseline,2024-05-17
4291,Week 4,2024-06-14
4291,Week 8,2024-07-12
4291,Week 12,2024-08-09
4292,Baseline,2024-03-11
4292,Week 4,2024-04-08
4292,Week 8,2024-05-06
4292,Week 12,2024-06-03
4293,Baseline,2024-03-06
4293,Week 4,2024-04-03
4293,Week 8,2024-05-01
4293,Week 12,2024-05-29
4294,Baseline,2024-06-04
4294,Week 4,2024-07-02
4294,Week 8,2024-07-30
4294,Week 12,2024-08-27
4295,Baseline,2024-05-27
4295,Week 4,2024-06-24
4295,Week 8,2024-07-22
4295,Week 12,2024-08-19
4296,Baseline,2024-02-03
4296,Week 4,2024-03-02
4296,Week 8,2024-03-30
4296,Week 12,2024-04-27
4297,Baseline,2024-04-17
4297,Week 4,2024-05-15
4297,Week 8,2024-06-12
4297,Week 12,2024-07-10
4298,Baseline,2024-06-15
4298,Week 4,2024-07-13
4298,Week 8,2024-08-10
4298,Week 12,2024-09-07
4299,Baseline,2024-01-27
4299,Week 4,2024-02-24
4299,Week 8,2024-03-23
4299,Week 12,2024-04-20
4300,Baseline,2024-01-04
4300,Week 4,2024-02-01
4300,Week 8,2024-02-29
4300,Week 12,2024-03-28
4301,Baseline,2024-04-23
4301,Week 4,2024-05-21
4301,Week 8,2024-06-18
4301,Week 12,2024-07-16
4302,Baseline,2024-03-31
4302,Week 4,2024-04-28
4302,Week 8,2024-05-26
4302,Week 12,2024-06-23
4303,Baseline,2024-06-11
4303,Week 4,2024-07-09
4303,Week 8,2024-08-06
4303,Week 12,2024-09-03
4304,Baseline,2024-01-26
4304,Week 4,2024-02-23
4304,Week 8,2024-03-22
4304,Week 12,2024-04-19
4305,Baseline,2024-04-30
4305,Week 4,2024-05-28
4305,Week 8,2024-06-25
4305,Week 12,2024-07-23
4306,Baseline,2024-06-16
4306,Week 4,2024-07-14
4306,Week 8,2024-08-11
4306,Week 12,2024-09-08
4307,Baseline,2024-04-22
4307,Week 4,2024-05-20
4307,Week 8,2024-06-17
4307,Week 12,2024-07-15
4308,Baseline,2024-03-20
4308,Week 4,2024-04-17
4308,Week 8,2024-05-15
4308,Week 12,2024-06-12
4309,Baseline,2024-01-12
4309,Week 4,2024-02-09
4309,Week 8,2024-03-08
4309,Week 12,2024-04-05
4310,Baseline,2024-05-13
4310,Week 4,2024-06-10
4310,Week 8,2024-07-08
4310,Week 12,2024-08-05
4311,Baseline,2024-06-12
4311,Week 4,2024-07-10
4311,Week 8,2024-08-07
4311,Week 12,2024-09-04
4312,Baseline,2024-06-20
4312,Week 4,2024-07-18
4312,Week 8,2024-08-15
4312,Week 12,2024-09-12
4313,Baseline,2024-05-31
4313,Week 4,2024-06-28
4313,Week 8,2024-07-26
4313,Week 12,2024-08-23
4314,Baseline,2024-01-13
4314,Week 4,2024-02-10
4314,Week 8,2024-03-09
4314,Week 12,2024-04-06
4315,Baseline,2024-05-09
4315,Week 4,2024-06-06
4315,Week 8,2024-07-04
4315,Week 12,2024-08-01
4316,Baseline,2024-03-06
4316,Week 4,2024-04-03
4316,Week 8,2024-05-01
4316,Week 12,2024-05-29
4317,Baseline,2024-02-10
4317,Week 4,2024-03-09
4317,Week 8,2024-04-06
4317,Week 12,2024-05-04
4318,Baseline,2024-04-19
4318,Week 4,2024-05-17
4318,Week 8,2024-06-14
4318,Week 12,2024-07-12
4319,Baseline,2024-05-09
4319,Week 4,2024-06-06
4319,Week 8,2024-07-04
4319,Week 12,2024-08-01
4320,Baseline,2024-05-20
4320,Week 4,2024-06-17
4320,Week 8,2024-07-15
4320,Week 12,2024-08-12
4321,Baseline,2024-01-30
4321,Week 4,2024-02-27
4321,Week 8,2024-03-26
4321,Week 12,2024-04-23
4322,Baseline,2024-02-28
4322,Week 4,2024-03-27
4322,Week 8,2024-04-24
4322,Week 12,2024-05-22
4323,Baseline,2024-01-11
4323,Week 4,2024-02-08
4323,Week 8,2024-03-07
4323,Week 12,2024-04-04
4324,Baseline,2024-04-01
4324,Week 4,2024-04-29
4324,Week 8,2024-05-27
4324,Week 12,2024-06-24
4325,Baseline,2024-02-13
4325,Week 4,2024-03-12
4325,Week 8,2024-04-09
4325,Week 12,2024-05-07
4326,Baseline,2024-03-13
4326,Week 4,2024-04-10
4326,Week 8,2024-05-08
4326,Week 12,2024-06-05
4327,Baseline,2024-04-19
4327,Week 4,2024-05-17
4327,Week 8,2024-06-14
4327,Week 12,2024-07-12
4328,Baseline,2024-02-19
4328,Week 4,2024-03-18
4328,Week 8,2024-04-15
4328,Week 12,2024-05-13
4329,Baseline,2024-01-04
4329,Week 4,2024-02-01
4329,Week 8,2024-02-29
4329,Week 12,2024-03-28
4330,Baseline,2024-03-16
4330,Week 4,2024-04-13
4330,Week 8,2024-05-11
4330,Week 12,2024-06-08
4331,Baseline,2024-05-18
4331,Week 4,2024-06-15
4331,Week 8,2024-07-13
4331,Week 12,2024-08-10
4332,Baseline,2024-05-23
4332,Week 4,2024-06-20
4332,Week 8,2024-07-18
4332,Week 12,2024-08-15
4333,Baseline,2024-03-16
4333,Week 4,2024-04-13
4333,Week 8,2024-05-11
4333,Week 12,2024-06-08
4334,Baseline,2024-03-09
4334,Week 4,2024-04-06
4334,Week 8,2024-05-04
4334,Week 12,2024-06-01
4335,Baseline,2024-01-14
4335,Week 4,2024-02-11
4335,Week 8,2024-03-10
4335,Week 12,2024-04-07
4336,Baseline,2024-05-14
4336,Week 4,2024-06-11
4336,Week 8,2024-07-09
4336,Week 12,2024-08-06
4337,Baseline,2024-01-08
4337,Week 4,2024-02-05
4337,Week 8,2024-03-04
4337,Week 12,2024-04-01
4338,Baseline,2024-05-31
4338,Week 4,2024-06-28
4338,Week 8,2024-07-26
4338,Week 12,2024-08-23
4339,Baseline,2024-05-16
4339,Week 4,2024-06-13
4339,Week 8,2024-07-11
4339,Week 12,2024-08-08
4340,Baseline,2024-06-16
4340,Week 4,2024-07-14
4340,Week 8,2024-08-11
4340,Week 12,2024-09-08
4341,Baseline,2024-02-09
4341,Week 4,2024-03-08
4341,Week 8,2024-04-05
4341,Week 12,2024-05-03
4342,Baseline,2024-04-14
4342,Week 4,2024-05-12
4342,Week 8,2024-06-09
4342,Week 12,2024-07-07
4343,Baseline,2024-06-02
4343,Week 4,2024-06-30
4343,Week 8,2024-07-28
4343,Week 12,2024-08-25
4344,Baseline,2024-05-02
4344,Week 4,2024-05-30
4344,Week 8,2024-06-27
4344,Week 12,2024-07-25
4345,Baseline,2024-04-01
4345,Week 4,2024-04-29
4345,Week 8,2024-05-27
4345,Week 12,2024-06-24
4346,Baseline,2024-02-18
4346,Week 4,2024-03-17
4346,Week 8,2024-04-14
4346,Week 12,2024-05-12
4347,Baseline,2024-03-08
4347,Week 4,2024-04-05
4347,Week 8,2024-05-03
4347,Week 12,2024-05-31
4348,Baseline,2024-02-04
4348,Week 4,2024-03-03
4348,Week 8,2024-03-31
4348,Week 12,2024-04-28
4349,Baseline,2024-06-22
4349,Week 4,2024-07-20
4349,Week 8,2024-08-17
4349,Week 12,2024-09-14
4350,Baseline,2024-01-18
4350,Week 4,2024-02-15
4350,Week 8,2024-03-14
4350,Week 12,2024-04-11
4351,Baseline,2024-04-05
4351,Week 4,2024-05-03
4351,Week 8,2024-05-31
4351,Week 12,2024-06-28
4352,Baseline,2024-03-26
4352,Week 4,2024-04-23
4352,Week 8,2024-05-21
4352,Week 12,2024-06-18
4353,Baseline,2024-06-14
4353,Week 4,2024-07-12
4353,Week 8,2024-08-09
4353,Week 12,2024-09-06
4354,Baseline,2024-01-19
4354,Week 4,2024-02-16
4354,Week 8,2024-03-15
4354,Week 12,2024-04-12
4355,Baseline,2024-01-17
4355,Week 4,2024-02-14
4355,Week 8,2024-03-13
4355,Week 12,2024-04-10
4356,Baseline,2024-04-05
4356,Week 4,2024-05-03
4356,Week 8,2024-05-31
4356,Week 12,2024-06-28
4357,Baseline,2024-04-14
4357,Week 4,2024-05-12
4357,Week 8,2024-06-09
4357,Week 12,2024-07-07
4358,Baseline,2024-01-20
4358,Week 4,2024-02-17
4358,Week 8,2024-03-16
4358,Week 12,2024-04-13
4359,Baseline,2024-02-29
4359,Week 4,2024-03-28
4359,Week 8,2024-04-25
4359,Week 12,2024-05-23
4360,Baseline,2024-06-05
4360,Week 4,2024-07-03
4360,Week 8,2024-07-31
4360,Week 12,2024-08-28
4361,Baseline,2024-05-30
4361,Week 4,2024-06-27
4361,Week 8,2024-07-25
4361,Week 12,2024-08-22
4362,Baseline,2024-05-16
4362,Week 4,2024-06-13
4362,Week 8,2024-07-11
4362,Week 12,2024-08-08
4363,Baseline,2024-06-07
4363,Week 4,2024-07-05
4363,Week 8,2024-08-02
4363,Week 12,2024-08-30
4364,Baseline,2024-03-22
4364,Week 4,2024-04-19
4364,Week 8,2024-05-17
4364,Week 12,2024-06-14
4365,Baseline,2024-06-28
4365,Week 4,2024-07-26
4365,Week 8,2024-08-23
4365,Week 12,2024-09-20
4366,Baseline,2024-02-20
4366,Week 4,2024-03-19
4366,Week 8,2024-04-16
4366,Week 12,2024-05-14
4367,Baseline,2024-04-29
4367,Week 4,2024-05-27
4367,Week 8,2024-06-24
4367,Week 12,2024-07-22
4368,Baseline,2024-01-28
4368,Week 4,2024-02-25
4368,Week 8,2024-03-24
4368,Week 12,2024-04-21
4369,Baseline,2024-02-19
4369,Week 4,2024-03-18
4369,Week 8,2024-04-15
4369,Week 12,2024-05-13
4370,Baseline,2024-02-21
4370,Week 4,2024-03-20
4370,Week 8,2024-04-17
4370,Week 12,2024-05-15
4371,Baseline,2024-04-03
4371,Week 4,2024-05-01
4371,Week 8,2024-05-29
4371,Week 12,2024-06-26
4372,Baseline,2024-01-14
4372,Week 4,2024-02-11
4372,Week 8,2024-03-10
4372,Week 12,2024-04-07
4373,Baseline,2024-06-08
4373,Week 4,2024-07-06
4373,Week 8,2024-08-03
4373,Week 12,2024-08-31
4374,Baseline,2024-02-25
4374,Week 4,2024-03-24
4374,Week 8,2024-04-21
4374,Week 12,2024-05-19
4375,Baseline,2024-02-22
4375,Week 4,2024-03-21
4375,Week 8,2024-04-18
4375,Week 12,2024-05-16
4376,Baseline,2024-04-04
4376,Week 4,2024-05-02
4376,Week 8,2024-05-30
4376,Week 12,2024-06-27
4377,Baseline,2024-06-04
4377,Week 4,2024-07-02
4377,Week 8,2024-07-30
4377,Week 12,2024-08-27
4378,Baseline,2024-06-20
4378,Week 4,2024-07-18
4378,Week 8,2024-08-15
4378,Week 12,2024-09-12
4379,Baseline,2024-03-28
4379,Week 4,2024-04-25
4379,Week 8,2024-05-23
4379,Week 12,2024-06-20
4380,Baseline,2024-03-03
4380,Week 4,2024-03-31
4380,Week 8,2024-04-28
4380,Week 12,2024-05-26
4381,Baseline,2024-06-11
4381,Week 4,2024-07-09
4381,Week 8,2024-08-06
4381,Week 12,2024-09-03
4382,Baseline,2024-02-19
4382,Week 4,2024-03-18
4382,Week 8,2024-04-15
4382,Week 12,2024-05-13
4383,Baseline,2024-01-25
4383,Week 4,2024-02-22
4383,Week 8,2024-03-21
4383,Week 12,2024-04-18
4384,Baseline,2024-02-09
4384,Week 4,2024-03-08
4384,Week 8,2024-04-05
4384,Week 12,2024-05-03
4385,Baseline,2024-03-23
4385,Week 4,2024-04-20
4385,Week 8,2024-05-18
4385,Week 12,2024-06-15
4386,Baseline,2024-01-19
4386,Week 4,2024-02-16
4386,Week 8,2024-03-15
4386,Week 12,2024-04-12
4387,Baseline,2024-01-17
4387,Week 4,2024-02-14
4387,Week 8,2024-03-13
4387,Week 12,2024-04-10
4388,Baseline,2024-05-07
4388,Week 4,2024-06-04
4388,Week 8,2024-07-02
4388,Week 12,2024-07-30
4389,Baseline,2024-05-12
4389,Week 4,2024-06-09
4389,Week 8,2024-07-07
4389,Week 12,2024-08-04
4390,Baseline,2024-01-09
4390,Week 4,2024-02-06
4390,Week 8,2024-03-05
4390,Week 12,2024-04-02
4391,Baseline,2024-03-20
4391,Week 4,2024-04-17
4391,Week 8,2024-05-15
4391,Week 12,2024-06-12
4392,Baseline,2024-05-04
4392,Week 4,2024-06-01
4392,Week 8,2024-06-29
4392,Week 12,2024-07-27
4393,Baseline,2024-06-16
4393,Week 4,2024-07-14
4393,Week 8,2024-08-11
4393,Week 12,2024-09-08
4394,Baseline,2024-04-10
4394,Week 4,2024-05-08
4394,Week 8,2024-06-05
4394,Week 12,2024-07-03
4395,Baseline,2024-06-03
4395,Week 4,2024-07-01
4395,Week 8,2024-07-29
4395,Week 12,2024-08-26
4396,Baseline,2024-01-18
4396,Week 4,2024-02-15
4396,Week 8,2024-03-14
4396,Week 12,2024-04-11
4397,Baseline,2024-01-06
4397,Week 4,2024-02-03
4397,Week 8,2024-03-02
4397,Week 12,2024-03-30
4398,Baseline,2024-01-04
4398,Week 4,2024-02-01
4398,Week 8,2024-02-29
4398,Week 12,2024-03-28
4399,Baseline,2024-01-01
4399,Week 4,2024-01-29
4399,Week 8,2024-02-26
4399,Week 12,2024-03-25
4400,Baseline,2024-04-04
4400,Week 4,2024-05-02
4400,Week 8,2024-05-30
4400,Week 12,2024-06-27
4401,Baseline,2024-04-25
4401,Week 4,2024-05-23
4401,Week 8,2024-06-20
4401,Week 12,2024-07-18
4402,Baseline,2024-05-27
4402,Week 4,2024-06-24
4402,Week 8,2024-07-22
4402,Week 12,2024-08-19
4403,Baseline,2024-01-15
4403,Week 4,2024-02-12
4403,Week 8,2024-03-11
4403,Week 12,2024-04-08
4404,Baseline,2024-03-12
4404,Week 4,2024-04-09
4404,Week 8,2024-05-07
4404,Week 12,2024-06-04
4405,Baseline,2024-05-26
4405,Week 4,2024-06-23
4405,Week 8,2024-07-21
4405,Week 12,2024-08-18
4406,Baseline,2024-05-06
4406,Week 4,2024-06-03
4406,Week 8,2024-07-01
4406,Week 12,2024-07-29
4407,Baseline,2024-06-24
4407,Week 4,2024-07-22
4407,Week 8,2024-08-19
4407,Week 12,2024-09-16
4408,Baseline,2024-04-20
4408,Week 4,2024-05-18
4408,Week 8,2024-06-15
4408,Week 12,2024-07-13
4409,Baseline,2024-06-27
4409,Week 4,2024-07-25
4409,Week 8,2024-08-22
4409,Week 12,2024-09-19
4410,Baseline,2024-01-01
4410,Week 4,2024-01-29
4410,Week 8,2024-02-26
4410,Week 12,2024-03-25
4411,Baseline,2024-04-08
4411,Week 4,2024-05-06
4411,Week 8,2024-06-03
4411,Week 12,2024-07-01
4412,Baseline,2024-03-29
4412,Week 4,2024-04-26
4412,Week 8,2024-05-24
4412,Week 12,2024-06-21
4413,Baseline,2024-06-13
4413,Week 4,2024-07-11
4413,Week 8,2024-08-08
4413,Week 12,2024-09-05
4414,Baseline,2024-06-18
4414,Week 4,2024-07-16
4414,Week 8,2024-08-13
4414,Week 12,2024-09-10
4415,Baseline,2024-03-02
4415,Week 4,2024-03-30
4415,Week 8,2024-04-27
4415,Week 12,2024-05-25
4416,Baseline,2024-06-03
4416,Week 4,2024-07-01
4416,Week 8,2024-07-29
4416,Week 12,2024-08-26
4417,Baseline,2024-05-08
4417,Week 4,2024-06-05
4417,Week 8,2024-07-03
4417,Week 12,2024-07-31
4418,Baseline,2024-01-08
4418,Week 4,2024-02-05
4418,Week 8,2024-03-04
4418,Week 12,2024-04-01
4419,Baseline,2024-02-19
4419,Week 4,2024-03-18
4419,Week 8,2024-04-15
4419,Week 12,2024-05-13
4420,Baseline,2024-03-24
4420,Week 4,2024-04-21
4420,Week 8,2024-05-19
4420,Week 12,2024-06-16
4421,Baseline,2024-05-21
4421,Week 4,2024-06-18
4421,Week 8,2024-07-16
4421,Week 12,2024-08-13
4422,Baseline,2024-02-17
4422,Week 4,2024-03-16
4422,Week 8,2024-04-13
4422,Week 12,2024-05-11
4423,Baseline,2024-01-17
4423,Week 4,2024-02-14
4423,Week 8,2024-03-13
4423,Week 12,2024-04-10
4424,Baseline,2024-01-08
4424,Week 4,2024-02-05
4424,Week 8,2024-03-04
4424,Week 12,2024-04-01
4425,Baseline,2024-02-17
4425,Week 4,2024-03-16
4425,Week 8,2024-04-13
4425,Week 12,2024-05-11
4426,Baseline,2024-01-04
4426,Week 4,2024-02-01
4426,Week 8,2024-02-29
4426,Week 12,2024-03-28
4427,Baseline,2024-01-11
4427,Week 4,2024-02-08
4427,Week 8,2024-03-07
4427,Week 12,2024-04-04
4428,Baseline,2024-06-23
4428,Week 4,2024-07-21
4428,Week 8,2024-08-18
4428,Week 12,2024-09-15
4429,Baseline,2024-02-21
4429,Week 4,2024-03-20
4429,Week 8,2024-04-17
4429,Week 12,2024-05-15
4430,Baseline,2024-02-11
4430,Week 4,2024-03-10
4430,Week 8,2024-04-07
4430,Week 12,2024-05-05
4431,Baseline,2024-02-26
4431,Week 4,2024-03-25
4431,Week 8,2024-04-22
4431,Week 12,2024-05-20
4432,Baseline,2024-05-27
4432,Week 4,2024-06-24
4432,Week 8,2024-07-22
4432,Week 12,2024-08-19
4433,Baseline,2024-03-03
4433,Week 4,2024-03-31
4433,Week 8,2024-04-28
4433,Week 12,2024-05-26
4434,Baseline,2024-04-18
4434,Week 4,2024-05-16
4434,Week 8,2024-06-13
4434,Week 12,2024-07-11
4435,Baseline,2024-05-13
4435,Week 4,2024-06-10
4435,Week 8,2024-07-08
4435,Week 12,2024-08-05
4436,Baseline,2024-06-16
4436,Week 4,2024-07-14
4436,Week 8,2024-08-11
4436,Week 12,2024-09-08
4437,Baseline,2024-03-12
4437,Week 4,2024-04-09
4437,Week 8,2024-05-07
4437,Week 12,2024-06-04
4438,Baseline,2024-01-13
4438,Week 4,2024-02-10
4438,Week 8,2024-03-09
4438,Week 12,2024-04-06
4439,Baseline,2024-04-26
4439,Week 4,2024-05-24
4439,Week 8,2024-06-21
4439,Week 12,2024-07-19
4440,Baseline,2024-03-13
4440,Week 4,2024-04-10
4440,Week 8,2024-05-08
4440,Week 12,2024-06-05
4441,Baseline,2024-05-15
4441,Week 4,2024-06-12
4441,Week 8,2024-07-10
4441,Week 12,2024-08-07
4442,Baseline,2024-05-01
4442,Week 4,2024-05-29
4442,Week 8,2024-06-26
4442,Week 12,2024-07-24
4443,Baseline,2024-06-08
4443,Week 4,2024-07-06
4443,Week 8,2024-08-03
4443,Week 12,2024-08-31
4444,Baseline,2024-06-03
4444,Week 4,2024-07-01
4444,Week 8,2024-07-29
4444,Week 12,2024-08-26
4445,Baseline,2024-01-02
4445,Week 4,2024-01-30
4445,Week 8,2024-02-27
4445,Week 12,2024-03-26
4446,Baseline,2024-01-18
4446,Week 4,2024-02-15
4446,Week 8,2024-03-14
4446,Week 12,2024-04-11
4447,Baseline,2024-03-11
4447,Week 4,2024-04-08
4447,Week 8,2024-05-06
4447,Week 12,2024-06-03
4448,Baseline,2024-05-24
4448,Week 4,2024-06-21
4448,Week 8,2024-07-19
4448,Week 12,2024-08-16
4449,Baseline,2024-05-15
4449,Week 4,2024-06-12
4449,Week 8,2024-07-10
4449,Week 12,2024-08-07
4450,Baseline,2024-04-22
4450,Week 4,2024-05-20
4450,Week 8,2024-06-17
4450,Week 12,2024-07-15
4451,Baseline,2024-05-24
4451,Week 4,2024-06-21
4451,Week 8,2024-07-19
4451,Week 12,2024-08-16
4452,Baseline,2024-01-04
4452,Week 4,2024-02-01
4452,Week 8,2024-02-29
4452,Week 12,2024-03-28
4453,Baseline,2024-02-28
4453,Week 4,2024-03-27
4453,Week 8,2024-04-24
4453,Week 12,2024-05-22
4454,Baseline,2024-03-28
4454,Week 4,2024-04-25
4454,Week 8,2024-05-23
4454,Week 12,2024-06-20
4455,Baseline,2024-01-11
4455,Week 4,2024-02-08
4455,Week 8,2024-03-07
4455,Week 12,2024-04-04
4456,Baseline,2024-01-03
4456,Week 4,2024-01-31
4456,Week 8,2024-02-28
4456,Week 12,2024-03-27
4457,Baseline,2024-02-24
4457,Week 4,2024-03-23
4457,Week 8,2024-04-20
4457,Week 12,2024-05-18
4458,Baseline,2024-04-03
4458,Week 4,2024-05-01
4458,Week 8,2024-05-29
4458,Week 12,2024-06-26
4459,Baseline,2024-03-15
4459,Week 4,2024-04-12
4459,Week 8,2024-05-10
4459,Week 12,2024-06-07
4460,Baseline,2024-01-11
4460,Week 4,2024-02-08
4460,Week 8,2024-03-07
4460,Week 12,2024-04-04
4461,Baseline,2024-06-05
4461,Week 4,2024-07-03
4461,Week 8,2024-07-31
4461,Week 12,2024-08-28
4462,Baseline,2024-03-24
4462,Week 4,2024-04-21
4462,Week 8,2024-05-19
4462,Week 12,2024-06-16
4463,Baseline,2024-03-16
4463,Week 4,2024-04-13
4463,Week 8,2024-05-11
4463,Week 12,2024-06-08
4464,Baseline,2024-04-14
4464,Week 4,2024-05-12
4464,Week 8,2024-06-09
4464,Week 12,2024-07-07
4465,Baseline,2024-04-03
4465,Week 4,2024-05-01
4465,Week 8,2024-05-29
4465,Week 12,2024-06-26
4466,Baseline,2024-03-01
4466,Week 4,2024-03-29
4466,Week 8,2024-04-26
4466,Week 12,2024-05-24
4467,Baseline,2024-03-29
4467,Week 4,2024-04-26
4467,Week 8,2024-05-24
4467,Week 12,2024-06-21
4468,Baseline,2024-02-19
4468,Week 4,2024-03-18
4468,Week 8,2024-04-15
4468,Week 12,2024-05-13
4469,Baseline,2024-05-07
4469,Week 4,2024-06-04
4469,Week 8,2024-07-02
4469,Week 12,2024-07-30
4470,Baseline,2024-01-18
4470,Week 4,2024-02-15
4470,Week 8,2024-03-14
4470,Week 12,2024-04-11
4471,Baseline,2024-06-11
4471,Week 4,2024-07-09
4471,Week 8,2024-08-06
4471,Week 12,2024-09-03
4472,Baseline,2024-03-31
4472,Week 4,2024-04-28
4472,Week 8,2024-05-26
4472,Week 12,2024-06-23
4473,Baseline,2024-03-01
4473,Week 4,2024-03-29
4473,Week 8,2024-04-26
4473,Week 12,2024-05-24
4474,Baseline,2024-01-07
4474,Week 4,2024-02-04
4474,Week 8,2024-03-03
4474,Week 12,2024-03-31
4475,Baseline,2024-05-17
4475,Week 4,2024-06-14
4475,Week 8,2024-07-12
4475,Week 12,2024-08-09
4476,Baseline,2024-05-27
4476,Week 4,2024-06-24
4476,Week 8,2024-07-22
4476,Week 12,2024-08-19
4477,Baseline,2024-05-21
4477,Week 4,2024-06-18
4477,Week 8,2024-07-16
4477,Week 12,2024-08-13
4478,Baseline,2024-04-10
4478,Week 4,2024-05-08
4478,Week 8,2024-06-05
4478,Week 12,2024-07-03
4479,Baseline,2024-04-28
4479,Week 4,2024-05-26
4479,Week 8,2024-06-23
4479,Week 12,2024-07-21
4480,Baseline,2024-06-13
4480,Week 4,2024-07-11
4480,Week 8,2024-08-08
4480,Week 12,2024-09-05
4481,Baseline,2024-03-07
4481,Week 4,2024-04-04
4481,Week 8,2024-05-02
4481,Week 12,2024-05-30
4482,Baseline,2024-03-05
4482,Week 4,2024-04-02
4482,Week 8,2024-04-30
4482,Week 12,2024-05-28
4483,Baseline,2024-04-10
4483,Week 4,2024-05-08
4483,Week 8,2024-06-05
4483,Week 12,2024-07-03
4484,Baseline,2024-06-22
4484,Week 4,2024-07-20
4484,Week 8,2024-08-17
4484,Week 12,2024-09-14
4485,Baseline,2024-03-12
4485,Week 4,2024-04-09
4485,Week 8,2024-05-07
4485,Week 12,2024-06-04
4486,Baseline,2024-04-20
4486,Week 4,2024-05-18
4486,Week 8,2024-06-15
4486,Week 12,2024-07-13
4487,Baseline,2024-02-05
4487,Week 4,2024-03-04
4487,Week 8,2024-04-01
4487,Week 12,2024-04-29
4488,Baseline,2024-02-15
4488,Week 4,2024-03-14
4488,Week 8,2024-04-11
4488,Week 12,2024-05-09
4489,Baseline,2024-05-23
4489,Week 4,2024-06-20
4489,Week 8,2024-07-18
4489,Week 12,2024-08-15
4490,Baseline,2024-06-12
4490,Week 4,2024-07-10
4490,Week 8,2024-08-07
4490,Week 12,2024-09-04
4491,Baseline,2024-03-08
4491,Week 4,2024-04-05
4491,Week 8,2024-05-03
4491,Week 12,2024-05-31
4492,Baseline,2024-03-26
4492,Week 4,2024-04-23
4492,Week 8,2024-05-21
4492,Week 12,2024-06-18
4493,Baseline,2024-06-13
4493,Week 4,2024-07-11
4493,Week 8,2024-08-08
4493,Week 12,2024-09-05
4494,Baseline,2024-06-20
4494,Week 4,2024-07-18
4494,Week 8,2024-08-15
4494,Week 12,2024-09-12
4495,Baseline,2024-02-26
4495,Week 4,2024-03-25
4495,Week 8,2024-04-22
4495,Week 12,2024-05-20
4496,Baseline,2024-05-04
4496,Week 4,2024-06-01
4496,Week 8,2024-06-29
4496,Week 12,2024-07-27
4497,Baseline,2024-04-11
4497,Week 4,2024-05-09
4497,Week 8,2024-06-06
4497,Week 12,2024-07-04
4498,Baseline,2024-01-04
4498,Week 4,2024-02-01
4498,Week 8,2024-02-29
4498,Week 12,2024-03-28
4499,Baseline,2024-02-17
4499,Week 4,2024-03-16
4499,Week 8,2024-04-13
4499,Week 12,2024-05-11
4500,Baseline,2024-06-05
4500,Week 4,2024-07-03
4500,Week 8,2024-07-31
4500,Week 12,2024-08-28
4501,Baseline,2024-02-01
4501,Week 4,2024-02-29
4501,Week 8,2024-03-28
4501,Week 12,2024-04-25
4502,Baseline,2024-05-15
4502,Week 4,2024-06-12
4502,Week 8,2024-07-10
4502,Week 12,2024-08-07
4503,Baseline,2024-03-02
4503,Week 4,2024-03-30
4503,Week 8,2024-04-27
4503,Week 12,2024-05-25
4504,Baseline,2024-04-18
4504,Week 4,2024-05-16
4504,Week 8,2024-06-13
4504,Week 12,2024-07-11
4505,Baseline,2024-02-20
4505,Week 4,2024-03-19
4505,Week 8,2024-04-16
4505,Week 12,2024-05-14
4506,Baseline,2024-02-22
4506,Week 4,2024-03-21
4506,Week 8,2024-04-18
4506,Week 12,2024-05-16
4507,Baseline,2024-05-21
4507,Week 4,2024-06-18
4507,Week 8,2024-07-16
4507,Week 12,2024-08-13
4508,Baseline,2024-04-29
4508,Week 4,2024-05-27
4508,Week 8,2024-06-24
4508,Week 12,2024-07-22
4509,Baseline,2024-05-31
4509,Week 4,2024-06-28
4509,Week 8,2024-07-26
4509,Week 12,2024-08-23
4510,Baseline,2024-06-18
4510,Week 4,2024-07-16
4510,Week 8,2024-08-13
4510,Week 12,2024-09-10
4511,Baseline,2024-06-13
4511,Week 4,2024-07-11
4511,Week 8,2024-08-08
4511,Week 12,2024-09-05
4512,Baseline,2024-06-08
4512,Week 4,2024-07-06
4512,Week 8,2024-08-03
4512,Week 12,2024-08-31
4513,Baseline,2024-06-04
4513,Week 4,2024-07-02
4513,Week 8,2024-07-30
4513,Week 12,2024-08-27
4514,Baseline,2024-06-03
4514,Week 4,2024-07-01
4514,Week 8,2024-07-29
4514,Week 12,2024-08-26
4515,Baseline,2024-05-26
4515,Week 4,2024-06-23
4515,Week 8,2024-07-21
4515,Week 12,2024-08-18
4516,Baseline,2024-06-01
4516,Week 4,2024-06-29
4516,Week 8,2024-07-27
4516,Week 12,2024-08-24
4517,Baseline,2024-01-01
4517,Week 4,2024-01-29
4517,Week 8,2024-02-26
4517,Week 12,2024-03-25
4518,Baseline,2024-06-25
4518,Week 4,2024-07-23
4518,Week 8,2024-08-20
4518,Week 12,2024-09-17
4519,Baseline,2024-02-04
4519,Week 4,2024-03-03
4519,Week 8,2024-03-31
4519,Week 12,2024-04-28
4520,Baseline,2024-05-03
4520,Week 4,2024-05-31
4520,Week 8,2024-06-28
4520,Week 12,2024-07-26
4521,Baseline,2024-03-15
4521,Week 4,2024-04-12
4521,Week 8,2024-05-10
4521,Week 12,2024-06-07
4522,Baseline,2024-02-24
4522,Week 4,2024-03-23
4522,Week 8,2024-04-20
4522,Week 12,2024-05-18
4523,Baseline,2024-03-16
4523,Week 4,2024-04-13
4523,Week 8,2024-05-11
4523,Week 12,2024-06-08
4524,Baseline,2024-05-30
4524,Week 4,2024-06-27
4524,Week 8,2024-07-25
4524,Week 12,2024-08-22
4525,Baseline,2024-06-06
4525,Week 4,2024-07-04
4525,Week 8,2024-08-01
4525,Week 12,2024-08-29
4526,Baseline,2024-04-07
4526,Week 4,2024-05-05
4526,Week 8,2024-06-02
4526,Week 12,2024-06-30
4527,Baseline,2024-03-31
4527,Week 4,2024-04-28
4527,Week 8,2024-05-26
4527,Week 12,2024-06-23
4528,Baseline,2024-01-06
4528,Week 4,2024-02-03
4528,Week 8,2024-03-02
4528,Week 12,2024-03-30
4529,Baseline,2024-01-23
4529,Week 4,2024-02-20
4529,Week 8,2024-03-19
4529,Week 12,2024-04-16
4530,Baseline,2024-03-03
4530,Week 4,2024-03-31
4530,Week 8,2024-04-28
4530,Week 12,2024-05-26
4531,Baseline,2024-01-28
4531,Week 4,2024-02-25
4531,Week 8,2024-03-24
4531,Week 12,2024-04-21
4532,Baseline,2024-05-13
4532,Week 4,2024-06-10
4532,Week 8,2024-07-08
4532,Week 12,2024-08-05
4533,Baseline,2024-03-21
4533,Week 4,2024-04-18
4533,Week 8,2024-05-16
4533,Week 12,2024-06-13
4534,Baseline,2024-03-29
4534,Week 4,2024-04-26
4534,Week 8,2024-05-24
4534,Week 12,2024-06-21
4535,Baseline,2024-02-14
4535,Week 4,2024-03-13
4535,Week 8,2024-04-10
4535,Week 12,2024-05-08
4536,Baseline,2024-05-21
4536,Week 4,2024-06-18
4536,Week 8,2024-07-16
4536,Week 12,2024-08-13
4537,Baseline,2024-02-07
4537,Week 4,2024-03-06
4537,Week 8,2024-04-03
4537,Week 12,2024-05-01
4538,Baseline,2024-04-01
4538,Week 4,2024-04-29
4538,Week 8,2024-05-27
4538,Week 12,2024-06-24
4539,Baseline,2024-02-18
4539,Week 4,2024-03-17
4539,Week 8,2024-04-14
4539,Week 12,2024-05-12
4540,Baseline,2024-03-07
4540,Week 4,2024-04-04
4540,Week 8,2024-05-02
4540,Week 12,2024-05-30
4541,Baseline,2024-05-20
4541,Week 4,2024-06-17
4541,Week 8,2024-07-15
4541,Week 12,2024-08-12
4542,Baseline,2024-04-18
4542,Week 4,2024-05-16
4542,Week 8,2024-06-13
4542,Week 12,2024-07-11
4543,Baseline,2024-05-03
4543,Week 4,2024-05-31
4543,Week 8,2024-06-28
4543,Week 12,2024-07-26
4544,Baseline,2024-03-05
4544,Week 4,2024-04-02
4544,Week 8,2024-04-30
4544,Week 12,2024-05-28
4545,Baseline,2024-01-09
4545,Week 4,2024-02-06
4545,Week 8,2024-03-05
4545,Week 12,2024-04-02
4546,Baseline,2024-02-14
4546,Week 4,2024-03-13
4546,Week 8,2024-04-10
4546,Week 12,2024-05-08
4547,Baseline,2024-02-17
4547,Week 4,2024-03-16
4547,Week 8,2024-04-13
4547,Week 12,2024-05-11
4548,Baseline,2024-05-22
4548,Week 4,2024-06-19
4548,Week 8,2024-07-17
4548,Week 12,2024-08-14
4549,Baseline,2024-01-30
4549,Week 4,2024-02-27
4549,Week 8,2024-03-26
4549,Week 12,2024-04-23
4550,Baseline,2024-04-19
4550,Week 4,2024-05-17
4550,Week 8,2024-06-14
4550,Week 12,2024-07-12
4551,Baseline,2024-02-19
4551,Week 4,2024-03-18
4551,Week 8,2024-04-15
4551,Week 12,2024-05-13
4552,Baseline,2024-04-15
4552,Week 4,2024-05-13
4552,Week 8,2024-06-10
4552,Week 12,2024-07-08
4553,Baseline,2024-06-21
4553,Week 4,2024-07-19
4553,Week 8,2024-08-16
4553,Week 12,2024-09-13
4554,Baseline,2024-04-17
4554,Week 4,2024-05-15
4554,Week 8,2024-06-12
4554,Week 12,2024-07-10
4555,Baseline,2024-03-06
4555,Week 4,2024-04-03
4555,Week 8,2024-05-01
4555,Week 12,2024-05-29
4556,Baseline,2024-03-24
4556,Week 4,2024-04-21
4556,Week 8,2024-05-19
4556,Week 12,2024-06-16
4557,Baseline,2024-04-21
4557,Week 4,2024-05-19
4557,Week 8,2024-06-16
4557,Week 12,2024-07-14
4558,Baseline,2024-03-14
4558,Week 4,2024-04-11
4558,Week 8,2024-05-09
4558,Week 12,2024-06-06
4559,Baseline,2024-01-13
4559,Week 4,2024-02-10
4559,Week 8,2024-03-09
4559,Week 12,2024-04-06
4560,Baseline,2024-03-04
4560,Week 4,2024-04-01
4560,Week 8,2024-04-29
4560,Week 12,2024-05-27
4561,Baseline,2024-01-24
4561,Week 4,2024-02-21
4561,Week 8,2024-03-20
4561,Week 12,2024-04-17
4562,Baseline,2024-01-28
4562,Week 4,2024-02-25
4562,Week 8,2024-03-24
4562,Week 12,2024-04-21
4563,Baseline,2024-06-10
4563,Week 4,2024-07-08
4563,Week 8,2024-08-05
4563,Week 12,2024-09-02
4564,Baseline,2024-05-15
4564,Week 4,2024-06-12
4564,Week 8,2024-07-10
4564,Week 12,2024-08-07
4565,Baseline,2024-01-04
4565,Week 4,2024-02-01
4565,Week 8,2024-02-29
4565,Week 12,2024-03-28
4566,Baseline,2024-06-11
4566,Week 4,2024-07-09
4566,Week 8,2024-08-06
4566,Week 12,2024-09-03
4567,Baseline,2024-01-23
4567,Week 4,2024-02-20
4567,Week 8,2024-03-19
4567,Week 12,2024-04-16
4568,Baseline,2024-01-03
4568,Week 4,2024-01-31
4568,Week 8,2024-02-28
4568,Week 12,2024-03-27
4569,Baseline,2024-04-30
4569,Week 4,2024-05-28
4569,Week 8,2024-06-25
4569,Week 12,2024-07-23
4570,Baseline,2024-01-17
4570,Week 4,2024-02-14
4570,Week 8,2024-03-13
4570,Week 12,2024-04-10
4571,Baseline,2024-05-06
4571,Week 4,2024-06-03
4571,Week 8,2024-07-01
4571,Week 12,2024-07-29
4572,Baseline,2024-03-21
4572,Week 4,2024-04-18
4572,Week 8,2024-05-16
4572,Week 12,2024-06-13
4573,Baseline,2024-05-23
4573,Week 4,2024-06-20
4573,Week 8,2024-07-18
4573,Week 12,2024-08-15
4574,Baseline,2024-06-06
4574,Week 4,2024-07-04
4574,Week 8,2024-08-01
4574,Week 12,2024-08-29
4575,Baseline,2024-06-26
4575,Week 4,2024-07-24
4575,Week 8,2024-08-21
4575,Week 12,2024-09-18
4576,Baseline,2024-06-11
4576,Week 4,2024-07-09
4576,Week 8,2024-08-06
4576,Week 12,2024-09-03
4577,Baseline,2024-01-16
4577,Week 4,2024-02-13
4577,Week 8,2024-03-12
4577,Week 12,2024-04-09
4578,Baseline,2024-01-18
4578,Week 4,2024-02-15
4578,Week 8,2024-03-14
4578,Week 12,2024-04-11
4579,Baseline,2024-02-11
4579,Week 4,2024-03-10
4579,Week 8,2024-04-07
4579,Week 12,2024-05-05
4580,Baseline,2024-04-08
4580,Week 4,2024-05-06
4580,Week 8,2024-06-03
4580,Week 12,2024-07-01
4581,Baseline,2024-04-24
4581,Week 4,2024-05-22
4581,Week 8,2024-06-19
4581,Week 12,2024-07-17
4582,Baseline,2024-01-08
4582,Week 4,2024-02-05
4582,Week 8,2024-03-04
4582,Week 12,2024-04-01
4583,Baseline,2024-02-20
4583,Week 4,2024-03-19
4583,Week 8,2024-04-16
4583,Week 12,2024-05-14
4584,Baseline,2024-03-05
4584,Week 4,2024-04-02
4584,Week 8,2024-04-30
4584,Week 12,2024-05-28
4585,Baseline,2024-06-12
4585,Week 4,2024-07-10
4585,Week 8,2024-08-07
4585,Week 12,2024-09-04
4586,Baseline,2024-01-21
4586,Week 4,2024-02-18
4586,Week 8,2024-03-17
4586,Week 12,2024-04-14
4587,Baseline,2024-05-23
4587,Week 4,2024-06-20
4587,Week 8,2024-07-18
4587,Week 12,2024-08-15
4588,Baseline,2024-02-02
4588,Week 4,2024-03-01
4588,Week 8,2024-03-29
4588,Week 12,2024-04-26
4589,Baseline,2024-01-13
4589,Week 4,2024-02-10
4589,Week 8,2024-03-09
4589,Week 12,2024-04-06
4590,Baseline,2024-03-12
4590,Week 4,2024-04-09
4590,Week 8,2024-05-07
4590,Week 12,2024-06-04
4591,Baseline,2024-06-10
4591,Week 4,2024-07-08
4591,Week 8,2024-08-05
4591,Week 12,2024-09-02
4592,Baseline,2024-01-08
4592,Week 4,2024-02-05
4592,Week 8,2024-03-04
4592,Week 12,2024-04-01
4593,Baseline,2024-04-15
4593,Week 4,2024-05-13
4593,Week 8,2024-06-10
4593,Week 12,2024-07-08
4594,Baseline,2024-02-09
4594,Week 4,2024-03-08
4594,Week 8,2024-04-05
4594,Week 12,2024-05-03
4595,Baseline,2024-01-25
4595,Week 4,2024-02-22
4595,Week 8,2024-03-21
4595,Week 12,2024-04-18
4596,Baseline,2024-01-11
4596,Week 4,2024-02-08
4596,Week 8,2024-03-07
4596,Week 12,2024-04-04
4597,Baseline,2024-04-21
4597,Week 4,2024-05-19
4597,Week 8,2024-06-16
4597,Week 12,2024-07-14
4598,Baseline,2024-01-26
4598,Week 4,2024-02-23
4598,Week 8,2024-03-22
4598,Week 12,2024-04-19
4599,Baseline,2024-04-16
4599,Week 4,2024-05-14
4599,Week 8,2024-06-11
4599,Week 12,2024-07-09
4600,Baseline,2024-02-14
4600,Week 4,2024-03-13
4600,Week 8,2024-04-10
4600,Week 12,2024-05-08
4601,Baseline,2024-03-05
4601,Week 4,2024-04-02
4601,Week 8,2024-04-30
4601,Week 12,2024-05-28
4602,Baseline,2024-05-24
4602,Week 4,2024-06-21
4602,Week 8,2024-07-19
4602,Week 12,2024-08-16
4603,Baseline,2024-04-15
4603,Week 4,2024-05-13
4603,Week 8,2024-06-10
4603,Week 12,2024-07-08
4604,Baseline,2024-03-31
4604,Week 4,2024-04-28
4604,Week 8,2024-05-26
4604,Week 12,2024-06-23
4605,Baseline,2024-02-12
4605,Week 4,2024-03-11
4605,Week 8,2024-04-08
4605,Week 12,2024-05-06
4606,Baseline,2024-04-14
4606,Week 4,2024-05-12
4606,Week 8,2024-06-09
4606,Week 12,2024-07-07
4607,Baseline,2024-01-28
4607,Week 4,2024-02-25
4607,Week 8,2024-03-24
4607,Week 12,2024-04-21
4608,Baseline,2024-06-13
4608,Week 4,2024-07-11
4608,Week 8,2024-08-08
4608,Week 12,2024-09-05
4609,Baseline,2024-01-04
4609,Week 4,2024-02-01
4609,Week 8,2024-02-29
4609,Week 12,2024-03-28
4610,Baseline,2024-06-10
4610,Week 4,2024-07-08
4610,Week 8,2024-08-05
4610,Week 12,2024-09-02
4611,Baseline,2024-01-13
4611,Week 4,2024-02-10
4611,Week 8,2024-03-09
4611,Week 12,2024-04-06
4612,Baseline,2024-05-01
4612,Week 4,2024-05-29
4612,Week 8,2024-06-26
4612,Week 12,2024-07-24
4613,Baseline,2024-06-08
4613,Week 4,2024-07-06
4613,Week 8,2024-08-03
4613,Week 12,2024-08-31
4614,Baseline,2024-03-29
4614,Week 4,2024-04-26
4614,Week 8,2024-05-24
4614,Week 12,2024-06-21
4615,Baseline,2024-04-19
4615,Week 4,2024-05-17
4615,Week 8,2024-06-14
4615,Week 12,2024-07-12
4616,Baseline,2024-01-23
4616,Week 4,2024-02-20
4616,Week 8,2024-03-19
4616,Week 12,2024-04-16
4617,Baseline,2024-05-13
4617,Week 4,2024-06-10
4617,Week 8,2024-07-08
4617,Week 12,2024-08-05
4618,Baseline,2024-02-28
4618,Week 4,2024-03-27
4618,Week 8,2024-04-24
4618,Week 12,2024-05-22
4619,Baseline,2024-02-28
4619,Week 4,2024-03-27
4619,Week 8,2024-04-24
4619,Week 12,2024-05-22
4620,Baseline,2024-03-10
4620,Week 4,2024-04-07
4620,Week 8,2024-05-05
4620,Week 12,2024-06-02
4621,Baseline,2024-05-18
4621,Week 4,2024-06-15
4621,Week 8,2024-07-13
4621,Week 12,2024-08-10
4622,Baseline,2024-05-05
4622,Week 4,2024-06-02
4622,Week 8,2024-06-30
4622,Week 12,2024-07-28
4623,Baseline,2024-06-08
4623,Week 4,2024-07-06
4623,Week 8,2024-08-03
4623,Week 12,2024-08-31
4624,Baseline,2024-06-12
4624,Week 4,2024-07-10
4624,Week 8,2024-08-07
4624,Week 12,2024-09-04
4625,Baseline,2024-03-29
4625,Week 4,2024-04-26
4625,Week 8,2024-05-24
4625,Week 12,2024-06-21
4626,Baseline,2024-01-16
4626,Week 4,2024-02-13
4626,Week 8,2024-03-12
4626,Week 12,2024-04-09
4627,Baseline,2024-01-01
4627,Week 4,2024-01-29
4627,Week 8,2024-02-26
4627,Week 12,2024-03-25
4628,Baseline,2024-06-05
4628,Week 4,2024-07-03
4628,Week 8,2024-07-31
4628,Week 12,2024-08-28
4629,Baseline,2024-05-11
4629,Week 4,2024-06-08
4629,Week 8,2024-07-06
4629,Week 12,2024-08-03
4630,Baseline,2024-03-20
4630,Week 4,2024-04-17
4630,Week 8,2024-05-15
4630,Week 12,2024-06-12
4631,Baseline,2024-05-18
4631,Week 4,2024-06-15
4631,Week 8,2024-07-13
4631,Week 12,2024-08-10
4632,Baseline,2024-02-26
4632,Week 4,2024-03-25
4632,Week 8,2024-04-22
4632,Week 12,2024-05-20
4633,Baseline,2024-01-02
4633,Week 4,2024-01-30
4633,Week 8,2024-02-27
4633,Week 12,2024-03-26
4634,Baseline,2024-02-26
4634,Week 4,2024-03-25
4634,Week 8,2024-04-22
4634,Week 12,2024-05-20
4635,Baseline,2024-01-09
4635,Week 4,2024-02-06
4635,Week 8,2024-03-05
4635,Week 12,2024-04-02
4636,Baseline,2024-06-07
4636,Week 4,2024-07-05
4636,Week 8,2024-08-02
4636,Week 12,2024-08-30
4637,Baseline,2024-06-25
4637,Week 4,2024-07-23
4637,Week 8,2024-08-20
4637,Week 12,2024-09-17
4638,Baseline,2024-04-15
4638,Week 4,2024-05-13
4638,Week 8,2024-06-10
4638,Week 12,2024-07-08
4639,Baseline,2024-02-23
4639,Week 4,2024-03-22
4639,Week 8,2024-04-19
4639,Week 12,2024-05-17
4640,Baseline,2024-02-27
4640,Week 4,2024-03-26
4640,Week 8,2024-04-23
4640,Week 12,2024-05-21
4641,Baseline,2024-03-23
4641,Week 4,2024-04-20
4641,Week 8,2024-05-18
4641,Week 12,2024-06-15
4642,Baseline,2024-01-26
4642,Week 4,2024-02-23
4642,Week 8,2024-03-22
4642,Week 12,2024-04-19
4643,Baseline,2024-04-25
4643,Week 4,2024-05-23
4643,Week 8,2024-06-20
4643,Week 12,2024-07-18
4644,Baseline,2024-04-19
4644,Week 4,2024-05-17
4644,Week 8,2024-06-14
4644,Week 12,2024-07-12
4645,Baseline,2024-02-11
4645,Week 4,2024-03-10
4645,Week 8,2024-04-07
4645,Week 12,2024-05-05
4646,Baseline,2024-04-29
4646,Week 4,2024-05-27
4646,Week 8,2024-06-24
4646,Week 12,2024-07-22
4647,Baseline,2024-03-25
4647,Week 4,2024-04-22
4647,Week 8,2024-05-20
4647,Week 12,2024-06-17
4648,Baseline,2024-02-08
4648,Week 4,2024-03-07
4648,Week 8,2024-04-04
4648,Week 12,2024-05-02
4649,Baseline,2024-03-26
4649,Week 4,2024-04-23
4649,Week 8,2024-05-21
4649,Week 12,2024-06-18
4650,Baseline,2024-03-28
4650,Week 4,2024-04-25
4650,Week 8,2024-05-23
4650,Week 12,2024-06-20
4651,Baseline,2024-04-04
4651,Week 4,2024-05-02
4651,Week 8,2024-05-30
4651,Week 12,2024-06-27
4652,Baseline,2024-05-25
4652,Week 4,2024-06-22
4652,Week 8,2024-07-20
4652,Week 12,2024-08-17
4653,Baseline,2024-03-04
4653,Week 4,2024-04-01
4653,Week 8,2024-04-29
4653,Week 12,2024-05-27
4654,Baseline,2024-01-09
4654,Week 4,2024-02-06
4654,Week 8,2024-03-05
4654,Week 12,2024-04-02
4655,Baseline,2024-04-08
4655,Week 4,2024-05-06
4655,Week 8,2024-06-03
4655,Week 12,2024-07-01
4656,Baseline,2024-05-01
4656,Week 4,2024-05-29
4656,Week 8,2024-06-26
4656,Week 12,2024-07-24
4657,Baseline,2024-02-13
4657,Week 4,2024-03-12
4657,Week 8,2024-04-09
4657,Week 12,2024-05-07
4658,Baseline,2024-03-07
4658,Week 4,2024-04-04
4658,Week 8,2024-05-02
4658,Week 12,2024-05-30
4659,Baseline,2024-01-20
4659,Week 4,2024-02-17
4659,Week 8,2024-03-16
4659,Week 12,2024-04-13
4660,Baseline,2024-04-10
4660,Week 4,2024-05-08
4660,Week 8,2024-06-05
4660,Week 12,2024-07-03
4661,Baseline,2024-05-14
4661,Week 4,2024-06-11
4661,Week 8,2024-07-09
4661,Week 12,2024-08-06
4662,Baseline,2024-05-30
4662,Week 4,2024-06-27
4662,Week 8,2024-07-25
4662,Week 12,2024-08-22
4663,Baseline,2024-05-09
4663,Week 4,2024-06-06
4663,Week 8,2024-07-04
4663,Week 12,2024-08-01
4664,Baseline,2024-03-10
4664,Week 4,2024-04-07
4664,Week 8,2024-05-05
4664,Week 12,2024-06-02
4665,Baseline,2024-05-04
4665,Week 4,2024-06-01
4665,Week 8,2024-06-29
4665,Week 12,2024-07-27
4666,Baseline,2024-04-14
4666,Week 4,2024-05-12
4666,Week 8,2024-06-09
4666,Week 12,2024-07-07
4667,Baseline,2024-04-10
4667,Week 4,2024-05-08
4667,Week 8,2024-06-05
4667,Week 12,2024-07-03
4668,Baseline,2024-05-20
4668,Week 4,2024-06-17
4668,Week 8,2024-07-15
4668,Week 12,2024-08-12
4669,Baseline,2024-04-29
4669,Week 4,2024-05-27
4669,Week 8,2024-06-24
4669,Week 12,2024-07-22
4670,Baseline,2024-02-24
4670,Week 4,2024-03-23
4670,Week 8,2024-04-20
4670,Week 12,2024-05-18
4671,Baseline,2024-06-22
4671,Week 4,2024-07-20
4671,Week 8,2024-08-17
4671,Week 12,2024-09-14
4672,Baseline,2024-03-20
4672,Week 4,2024-04-17
4672,Week 8,2024-05-15
4672,Week 12,2024-06-12
4673,Baseline,2024-06-18
4673,Week 4,2024-07-16
4673,Week 8,2024-08-13
4673,Week 12,2024-09-10
4674,Baseline,2024-03-28
4674,Week 4,2024-04-25
4674,Week 8,2024-05-23
4674,Week 12,2024-06-20
4675,Baseline,2024-02-03
4675,Week 4,2024-03-02
4675,Week 8,2024-03-30
4675,Week 12,2024-04-27
4676,Baseline,2024-01-01
4676,Week 4,2024-01-29
4676,Week 8,2024-02-26
4676,Week 12,2024-03-25
4677,Baseline,2024-02-25
4677,Week 4,2024-03-24
4677,Week 8,2024-04-21
4677,Week 12,2024-05-19
4678,Baseline,2024-01-16
4678,Week 4,2024-02-13
4678,Week 8,2024-03-12
4678,Week 12,2024-04-09
4679,Baseline,2024-05-19
4679,Week 4,2024-06-16
4679,Week 8,2024-07-14
4679,Week 12,2024-08-11
4680,Baseline,2024-05-18
4680,Week 4,2024-06-15
4680,Week 8,2024-07-13
4680,Week 12,2024-08-10
4681,Baseline,2024-01-28
4681,Week 4,2024-02-25
4681,Week 8,2024-03-24
4681,Week 12,2024-04-21
4682,Baseline,2024-06-24
4682,Week 4,2024-07-22
4682,Week 8,2024-08-19
4682,Week 12,2024-09-16
4683,Baseline,2024-04-27
4683,Week 4,2024-05-25
4683,Week 8,2024-06-22
4683,Week 12,2024-07-20
4684,Baseline,2024-01-02
4684,Week 4,2024-01-30
4684,Week 8,2024-02-27
4684,Week 12,2024-03-26
4685,Baseline,2024-01-28
4685,Week 4,2024-02-25
4685,Week 8,2024-03-24
4685,Week 12,2024-04-21
4686,Baseline,2024-05-18
4686,Week 4,2024-06-15
4686,Week 8,2024-07-13
4686,Week 12,2024-08-10
4687,Baseline,2024-04-15
4687,Week 4,2024-05-13
4687,Week 8,2024-06-10
4687,Week 12,2024-07-08
4688,Baseline,2024-01-12
4688,Week 4,2024-02-09
4688,Week 8,2024-03-08
4688,Week 12,2024-04-05
4689,Baseline,2024-04-11
4689,Week 4,2024-05-09
4689,Week 8,2024-06-06
4689,Week 12,2024-07-04
4690,Baseline,2024-01-22
4690,Week 4,2024-02-19
4690,Week 8,2024-03-18
4690,Week 12,2024-04-15
4691,Baseline,2024-03-03
4691,Week 4,2024-03-31
4691,Week 8,2024-04-28
4691,Week 12,2024-05-26
4692,Baseline,2024-05-27
4692,Week 4,2024-06-24
4692,Week 8,2024-07-22
4692,Week 12,2024-08-19
4693,Baseline,2024-04-28
4693,Week 4,2024-05-26
4693,Week 8,2024-06-23
4693,Week 12,2024-07-21
4694,Baseline,2024-01-23
4694,Week 4,2024-02-20
4694,Week 8,2024-03-19
4694,Week 12,2024-04-16
4695,Baseline,2024-04-01
4695,Week 4,2024-04-29
4695,Week 8,2024-05-27
4695,Week 12,2024-06-24
4696,Baseline,2024-01-08
4696,Week 4,2024-02-05
4696,Week 8,2024-03-04
4696,Week 12,2024-04-01
4697,Baseline,2024-02-15
4697,Week 4,2024-03-14
4697,Week 8,2024-04-11
4697,Week 12,2024-05-09
4698,Baseline,2024-02-17
4698,Week 4,2024-03-16
4698,Week 8,2024-04-13
4698,Week 12,2024-05-11
4699,Baseline,2024-03-05
4699,Week 4,2024-04-02
4699,Week 8,2024-04-30
4699,Week 12,2024-05-28
4700,Baseline,2024-05-18
4700,Week 4,2024-06-15
4700,Week 8,2024-07-13
4700,Week 12,2024-08-10
4701,Baseline,2024-03-22
4701,Week 4,2024-04-19
4701,Week 8,2024-05-17
4701,Week 12,2024-06-14
4702,Baseline,2024-01-31
4702,Week 4,2024-02-28
4702,Week 8,2024-03-27
4702,Week 12,2024-04-24
4703,Baseline,2024-06-20
4703,Week 4,2024-07-18
4703,Week 8,2024-08-15
4703,Week 12,2024-09-12
4704,Baseline,2024-04-24
4704,Week 4,2024-05-22
4704,Week 8,2024-06-19
4704,Week 12,2024-07-17
4705,Baseline,2024-04-14
4705,Week 4,2024-05-12
4705,Week 8,2024-06-09
4705,Week 12,2024-07-07
4706,Baseline,2024-04-11
4706,Week 4,2024-05-09
4706,Week 8,2024-06-06
4706,Week 12,2024-07-04
4707,Baseline,2024-06-24
4707,Week 4,2024-07-22
4707,Week 8,2024-08-19
4707,Week 12,2024-09-16
4708,Baseline,2024-03-26
4708,Week 4,2024-04-23
4708,Week 8,2024-05-21
4708,Week 12,2024-06-18
4709,Baseline,2024-02-18
4709,Week 4,2024-03-17
4709,Week 8,2024-04-14
4709,Week 12,2024-05-12
4710,Baseline,2024-06-02
4710,Week 4,2024-06-30
4710,Week 8,2024-07-28
4710,Week 12,2024-08-25
4711,Baseline,2024-03-26
4711,Week 4,2024-04-23
4711,Week 8,2024-05-21
4711,Week 12,2024-06-18
4712,Baseline,2024-02-16
4712,Week 4,2024-03-15
4712,Week 8,2024-04-12
4712,Week 12,2024-05-10
4713,Baseline,2024-02-19
4713,Week 4,2024-03-18
4713,Week 8,2024-04-15
4713,Week 12,2024-05-13
4714,Baseline,2024-02-19
4714,Week 4,2024-03-18
4714,Week 8,2024-04-15
4714,Week 12,2024-05-13
4715,Baseline,2024-05-05
4715,Week 4,2024-06-02
4715,Week 8,2024-06-30
4715,Week 12,2024-07-28
4716,Baseline,2024-02-14
4716,Week 4,2024-03-13
4716,Week 8,2024-04-10
4716,Week 12,2024-05-08
4717,Baseline,2024-04-30
4717,Week 4,2024-05-28
4717,Week 8,2024-06-25
4717,Week 12,2024-07-23
4718,Baseline,2024-02-28
4718,Week 4,2024-03-27
4718,Week 8,2024-04-24
4718,Week 12,2024-05-22
4719,Baseline,2024-04-22
4719,Week 4,2024-05-20
4719,Week 8,2024-06-17
4719,Week 12,2024-07-15
4720,Baseline,2024-01-11
4720,Week 4,2024-02-08
4720,Week 8,2024-03-07
4720,Week 12,2024-04-04
4721,Baseline,2024-03-31
4721,Week 4,2024-04-28
4721,Week 8,2024-05-26
4721,Week 12,2024-06-23
4722,Baseline,2024-04-07
4722,Week 4,2024-05-05
4722,Week 8,2024-06-02
4722,Week 12,2024-06-30
4723,Baseline,2024-05-27
4723,Week 4,2024-06-24
4723,Week 8,2024-07-22
4723,Week 12,2024-08-19
4724,Baseline,2024-01-08
4724,Week 4,2024-02-05
4724,Week 8,2024-03-04
4724,Week 12,2024-04-01
4725,Baseline,2024-01-03
4725,Week 4,2024-01-31
4725,Week 8,2024-02-28
4725,Week 12,2024-03-27
4726,Baseline,2024-03-08
4726,Week 4,2024-04-05
4726,Week 8,2024-05-03
4726,Week 12,2024-05-31
4727,Baseline,2024-06-24
4727,Week 4,2024-07-22
4727,Week 8,2024-08-19
4727,Week 12,2024-09-16
4728,Baseline,2024-04-05
4728,Week 4,2024-05-03
4728,Week 8,2024-05-31
4728,Week 12,2024-06-28
4729,Baseline,2024-03-08
4729,Week 4,2024-04-05
4729,Week 8,2024-05-03
4729,Week 12,2024-05-31
4730,Baseline,2024-06-06
4730,Week 4,2024-07-04
4730,Week 8,2024-08-01
4730,Week 12,2024-08-29
4731,Baseline,2024-01-19
4731,Week 4,2024-02-16
4731,Week 8,2024-03-15
4731,Week 12,2024-04-12
4732,Baseline,2024-02-13
4732,Week 4,2024-03-12
4732,Week 8,2024-04-09
4732,Week 12,2024-05-07
4733,Baseline,2024-03-14
4733,Week 4,2024-04-11
4733,Week 8,2024-05-09
4733,Week 12,2024-06-06
4734,Baseline,2024-01-06
4734,Week 4,2024-02-03
4734,Week 8,2024-03-02
4734,Week 12,2024-03-30
4735,Baseline,2024-05-02
4735,Week 4,2024-05-30
4735,Week 8,2024-06-27
4735,Week 12,2024-07-25
4736,Baseline,2024-02-26
4736,Week 4,2024-03-25
4736,Week 8,2024-04-22
4736,Week 12,2024-05-20
4737,Baseline,2024-04-05
4737,Week 4,2024-05-03
4737,Week 8,2024-05-31
4737,Week 12,2024-06-28
4738,Baseline,2024-02-28
4738,Week 4,2024-03-27
4738,Week 8,2024-04-24
4738,Week 12,2024-05-22
4739,Baseline,2024-06-13
4739,Week 4,2024-07-11
4739,Week 8,2024-08-08
4739,Week 12,2024-09-05
4740,Baseline,2024-04-24
4740,Week 4,2024-05-22
4740,Week 8,2024-06-19
4740,Week 12,2024-07-17
4741,Baseline,2024-02-22
4741,Week 4,2024-03-21
4741,Week 8,2024-04-18
4741,Week 12,2024-05-16
4742,Baseline,2024-03-14
4742,Week 4,2024-04-11
4742,Week 8,2024-05-09
4742,Week 12,2024-06-06
4743,Baseline,2024-03-08
4743,Week 4,2024-04-05
4743,Week 8,2024-05-03
4743,Week 12,2024-05-31
4744,Baseline,2024-03-09
4744,Week 4,2024-04-06
4744,Week 8,2024-05-04
4744,Week 12,2024-06-01
4745,Baseline,2024-02-27
4745,Week 4,2024-03-26
4745,Week 8,2024-04-23
4745,Week 12,2024-05-21
4746,Baseline,2024-04-01
4746,Week 4,2024-04-29
4746,Week 8,2024-05-27
4746,Week 12,2024-06-24
4747,Baseline,2024-06-04
4747,Week 4,2024-07-02
4747,Week 8,2024-07-30
4747,Week 12,2024-08-27
4748,Baseline,2024-02-19
4748,Week 4,2024-03-18
4748,Week 8,2024-04-15
4748,Week 12,2024-05-13
4749,Baseline,2024-04-19
4749,Week 4,2024-05-17
4749,Week 8,2024-06-14
4749,Week 12,2024-07-12
4750,Baseline,2024-03-15
4750,Week 4,2024-04-12
4750,Week 8,2024-05-10
4750,Week 12,2024-06-07
4751,Baseline,2024-06-28
4751,Week 4,2024-07-26
4751,Week 8,2024-08-23
4751,Week 12,2024-09-20
4752,Baseline,2024-04-18
4752,Week 4,2024-05-16
4752,Week 8,2024-06-13
4752,Week 12,2024-07-11
4753,Baseline,2024-05-15
4753,Week 4,2024-06-12
4753,Week 8,2024-07-10
4753,Week 12,2024-08-07
4754,Baseline,2024-05-31
4754,Week 4,2024-06-28
4754,Week 8,2024-07-26
4754,Week 12,2024-08-23
4755,Baseline,2024-01-26
4755,Week 4,2024-02-23
4755,Week 8,2024-03-22
4755,Week 12,2024-04-19
4756,Baseline,2024-02-09
4756,Week 4,2024-03-08
4756,Week 8,2024-04-05
4756,Week 12,2024-05-03
4757,Baseline,2024-04-25
4757,Week 4,2024-05-23
4757,Week 8,2024-06-20
4757,Week 12,2024-07-18
4758,Baseline,2024-01-25
4758,Week 4,2024-02-22
4758,Week 8,2024-03-21
4758,Week 12,2024-04-18
4759,Baseline,2024-01-31
4759,Week 4,2024-02-28
4759,Week 8,2024-03-27
4759,Week 12,2024-04-24
4760,Baseline,2024-04-11
4760,Week 4,2024-05-09
4760,Week 8,2024-06-06
4760,Week 12,2024-07-04
4761,Baseline,2024-01-12
4761,Week 4,2024-02-09
4761,Week 8,2024-03-08
4761,Week 12,2024-04-05
4762,Baseline,2024-05-24
4762,Week 4,2024-06-21
4762,Week 8,2024-07-19
4762,Week 12,2024-08-16
4763,Baseline,2024-02-22
4763,Week 4,2024-03-21
4763,Week 8,2024-04-18
4763,Week 12,2024-05-16
4764,Baseline,2024-01-20
4764,Week 4,2024-02-17
4764,Week 8,2024-03-16
4764,Week 12,2024-04-13
4765,Baseline,2024-06-27
4765,Week 4,2024-07-25
4765,Week 8,2024-08-22
4765,Week 12,2024-09-19
4766,Baseline,2024-02-09
4766,Week 4,2024-03-08
4766,Week 8,2024-04-05
4766,Week 12,2024-05-03
4767,Baseline,2024-03-30
4767,Week 4,2024-04-27
4767,Week 8,2024-05-25
4767,Week 12,2024-06-22
4768,Baseline,2024-06-13
4768,Week 4,2024-07-11
4768,Week 8,2024-08-08
4768,Week 12,2024-09-05
4769,Baseline,2024-06-17
4769,Week 4,2024-07-15
4769,Week 8,2024-08-12
4769,Week 12,2024-09-09
4770,Baseline,2024-06-01
4770,Week 4,2024-06-29
4770,Week 8,2024-07-27
4770,Week 12,2024-08-24
4771,Baseline,2024-05-18
4771,Week 4,2024-06-15
4771,Week 8,2024-07-13
4771,Week 12,2024-08-10
4772,Baseline,2024-03-14
4772,Week 4,2024-04-11
4772,Week 8,2024-05-09
4772,Week 12,2024-06-06
4773,Baseline,2024-06-15
4773,Week 4,2024-07-13
4773,Week 8,2024-08-10
4773,Week 12,2024-09-07
4774,Baseline,2024-05-18
4774,Week 4,2024-06-15
4774,Week 8,2024-07-13
4774,Week 12,2024-08-10
4775,Baseline,2024-05-08
4775,Week 4,2024-06-05
4775,Week 8,2024-07-03
4775,Week 12,2024-07-31
4776,Baseline,2024-03-17
4776,Week 4,2024-04-14
4776,Week 8,2024-05-12
4776,Week 12,2024-06-09
4777,Baseline,2024-04-29
4777,Week 4,2024-05-27
4777,Week 8,2024-06-24
4777,Week 12,2024-07-22
4778,Baseline,2024-01-20
4778,Week 4,2024-02-17
4778,Week 8,2024-03-16
4778,Week 12,2024-04-13
4779,Baseline,2024-01-24
4779,Week 4,2024-02-21
4779,Week 8,2024-03-20
4779,Week 12,2024-04-17
4780,Baseline,2024-02-03
4780,Week 4,2024-03-02
4780,Week 8,2024-03-30
4780,Week 12,2024-04-27
4781,Baseline,2024-05-02
4781,Week 4,2024-05-30
4781,Week 8,2024-06-27
4781,Week 12,2024-07-25
4782,Baseline,2024-01-19
4782,Week 4,2024-02-16
4782,Week 8,2024-03-15
4782,Week 12,2024-04-12
4783,Baseline,2024-05-21
4783,Week 4,2024-06-18
4783,Week 8,2024-07-16
4783,Week 12,2024-08-13
4784,Baseline,2024-05-30
4784,Week 4,2024-06-27
4784,Week 8,2024-07-25
4784,Week 12,2024-08-22
4785,Baseline,2024-02-08
4785,Week 4,2024-03-07
4785,Week 8,2024-04-04
4785,Week 12,2024-05-02
4786,Baseline,2024-05-21
4786,Week 4,2024-06-18
4786,Week 8,2024-07-16
4786,Week 12,2024-08-13
4787,Baseline,2024-02-07
4787,Week 4,2024-03-06
4787,Week 8,2024-04-03
4787,Week 12,2024-05-01
4788,Baseline,2024-05-31
4788,Week 4,2024-06-28
4788,Week 8,2024-07-26
4788,Week 12,2024-08-23
4789,Baseline,2024-02-06
4789,Week 4,2024-03-05
4789,Week 8,2024-04-02
4789,Week 12,2024-04-30
4790,Baseline,2024-04-30
4790,Week 4,2024-05-28
4790,Week 8,2024-06-25
4790,Week 12,2024-07-23
4791,Baseline,2024-02-03
4791,Week 4,2024-03-02
4791,Week 8,2024-03-30
4791,Week 12,2024-04-27
4792,Baseline,2024-02-05
4792,Week 4,2024-03-04
4792,Week 8,2024-04-01
4792,Week 12,2024-04-29
4793,Baseline,2024-01-14
4793,Week 4,2024-02-11
4793,Week 8,2024-03-10
4793,Week 12,2024-04-07
4794,Baseline,2024-05-17
4794,Week 4,2024-06-14
4794,Week 8,2024-07-12
4794,Week 12,2024-08-09
4795,Baseline,2024-06-24
4795,Week 4,2024-07-22
4795,Week 8,2024-08-19
4795,Week 12,2024-09-16
4796,Baseline,2024-04-15
4796,Week 4,2024-05-13
4796,Week 8,2024-06-10
4796,Week 12,2024-07-08
4797,Baseline,2024-05-20
4797,Week 4,2024-06-17
4797,Week 8,2024-07-15
4797,Week 12,2024-08-12
4798,Baseline,2024-01-23
4798,Week 4,2024-02-20
4798,Week 8,2024-03-19
4798,Week 12,2024-04-16
4799,Baseline,2024-05-29
4799,Week 4,2024-06-26
4799,Week 8,2024-07-24
4799,Week 12,2024-08-21
4800,Baseline,2024-03-02
4800,Week 4,2024-03-30
4800,Week 8,2024-04-27
4800,Week 12,2024-05-25
4801,Baseline,2024-01-19
4801,Week 4,2024-02-16
4801,Week 8,2024-03-15
4801,Week 12,2024-04-12
4802,Baseline,2024-05-27
4802,Week 4,2024-06-24
4802,Week 8,2024-07-22
4802,Week 12,2024-08-19
4803,Baseline,2024-05-14
4803,Week 4,2024-06-11
4803,Week 8,2024-07-09
4803,Week 12,2024-08-06
4804,Baseline,2024-06-19
4804,Week 4,2024-07-17
4804,Week 8,2024-08-14
4804,Week 12,2024-09-11
4805,Baseline,2024-06-14
4805,Week 4,2024-07-12
4805,Week 8,2024-08-09
4805,Week 12,2024-09-06
4806,Baseline,2024-05-04
4806,Week 4,2024-06-01
4806,Week 8,2024-06-29
4806,Week 12,2024-07-27
4807,Baseline,2024-01-03
4807,Week 4,2024-01-31
4807,Week 8,2024-02-28
4807,Week 12,2024-03-27
4808,Baseline,2024-01-04
4808,Week 4,2024-02-01
4808,Week 8,2024-02-29
4808,Week 12,2024-03-28
4809,Baseline,2024-04-03
4809,Week 4,2024-05-01
4809,Week 8,2024-05-29
4809,Week 12,2024-06-26
4810,Baseline,2024-03-27
4810,Week 4,2024-04-24
4810,Week 8,2024-05-22
4810,Week 12,2024-06-19
4811,Baseline,2024-01-06
4811,Week 4,2024-02-03
4811,Week 8,2024-03-02
4811,Week 12,2024-03-30
4812,Baseline,2024-02-16
4812,Week 4,2024-03-15
4812,Week 8,2024-04-12
4812,Week 12,2024-05-10
4813,Baseline,2024-01-29
4813,Week 4,2024-02-26
4813,Week 8,2024-03-25
4813,Week 12,2024-04-22
4814,Baseline,2024-04-22
4814,Week 4,2024-05-20
4814,Week 8,2024-06-17
4814,Week 12,2024-07-15
4815,Baseline,2024-01-06
4815,Week 4,2024-02-03
4815,Week 8,2024-03-02
4815,Week 12,2024-03-30
4816,Baseline,2024-06-27
4816,Week 4,2024-07-25
4816,Week 8,2024-08-22
4816,Week 12,2024-09-19
4817,Baseline,2024-04-25
4817,Week 4,2024-05-23
4817,Week 8,2024-06-20
4817,Week 12,2024-07-18
4818,Baseline,2024-05-19
4818,Week 4,2024-06-16
4818,Week 8,2024-07-14
4818,Week 12,2024-08-11
4819,Baseline,2024-04-21
4819,Week 4,2024-05-19
4819,Week 8,2024-06-16
4819,Week 12,2024-07-14
4820,Baseline,2024-04-17
4820,Week 4,2024-05-15
4820,Week 8,2024-06-12
4820,Week 12,2024-07-10
4821,Baseline,2024-05-18
4821,Week 4,2024-06-15
4821,Week 8,2024-07-13
4821,Week 12,2024-08-10
4822,Baseline,2024-04-09
4822,Week 4,2024-05-07
4822,Week 8,2024-06-04
4822,Week 12,2024-07-02
4823,Baseline,2024-04-19
4823,Week 4,2024-05-17
4823,Week 8,2024-06-14
4823,Week 12,2024-07-12
4824,Baseline,2024-05-06
4824,Week 4,2024-06-03
4824,Week 8,2024-07-01
4824,Week 12,2024-07-29
4825,Baseline,2024-05-03
4825,Week 4,2024-05-31
4825,Week 8,2024-06-28
4825,Week 12,2024-07-26
4826,Baseline,2024-04-19
4826,Week 4,2024-05-17
4826,Week 8,2024-06-14
4826,Week 12,2024-07-12
4827,Baseline,2024-03-01
4827,Week 4,2024-03-29
4827,Week 8,2024-04-26
4827,Week 12,2024-05-24
4828,Baseline,2024-01-23
4828,Week 4,2024-02-20
4828,Week 8,2024-03-19
4828,Week 12,2024-04-16
4829,Baseline,2024-05-16
4829,Week 4,2024-06-13
4829,Week 8,2024-07-11
4829,Week 12,2024-08-08
4830,Baseline,2024-06-06
4830,Week 4,2024-07-04
4830,Week 8,2024-08-01
4830,Week 12,2024-08-29
4831,Baseline,2024-03-24
4831,Week 4,2024-04-21
4831,Week 8,2024-05-19
4831,Week 12,2024-06-16
4832,Baseline,2024-02-14
4832,Week 4,2024-03-13
4832,Week 8,2024-04-10
4832,Week 12,2024-05-08
4833,Baseline,2024-03-30
4833,Week 4,2024-04-27
4833,Week 8,2024-05-25
4833,Week 12,2024-06-22
4834,Baseline,2024-05-13
4834,Week 4,2024-06-10
4834,Week 8,2024-07-08
4834,Week 12,2024-08-05
4835,Baseline,2024-05-22
4835,Week 4,2024-06-19
4835,Week 8,2024-07-17
4835,Week 12,2024-08-14
4836,Baseline,2024-03-21
4836,Week 4,2024-04-18
4836,Week 8,2024-05-16
4836,Week 12,2024-06-13
4837,Baseline,2024-05-02
4837,Week 4,2024-05-30
4837,Week 8,2024-06-27
4837,Week 12,2024-07-25
4838,Baseline,2024-06-10
4838,Week 4,2024-07-08
4838,Week 8,2024-08-05
4838,Week 12,2024-09-02
4839,Baseline,2024-04-15
4839,Week 4,2024-05-13
4839,Week 8,2024-06-10
4839,Week 12,2024-07-08
4840,Baseline,2024-06-15
4840,Week 4,2024-07-13
4840,Week 8,2024-08-10
4840,Week 12,2024-09-07
4841,Baseline,2024-06-09
4841,Week 4,2024-07-07
4841,Week 8,2024-08-04
4841,Week 12,2024-09-01
4842,Baseline,2024-02-22
4842,Week 4,2024-03-21
4842,Week 8,2024-04-18
4842,Week 12,2024-05-16
4843,Baseline,2024-06-13
4843,Week 4,2024-07-11
4843,Week 8,2024-08-08
4843,Week 12,2024-09-05
4844,Baseline,2024-02-11
4844,Week 4,2024-03-10
4844,Week 8,2024-04-07
4844,Week 12,2024-05-05
4845,Baseline,2024-05-09
4845,Week 4,2024-06-06
4845,Week 8,2024-07-04
4845,Week 12,2024-08-01
4846,Baseline,2024-05-05
4846,Week 4,2024-06-02
4846,Week 8,2024-06-30
4846,Week 12,2024-07-28
4847,Baseline,2024-01-30
4847,Week 4,2024-02-27
4847,Week 8,2024-03-26
4847,Week 12,2024-04-23
4848,Baseline,2024-03-22
4848,Week 4,2024-04-19
4848,Week 8,2024-05-17
4848,Week 12,2024-06-14
4849,Baseline,2024-03-24
4849,Week 4,2024-04-21
4849,Week 8,2024-05-19
4849,Week 12,2024-06-16
4850,Baseline,2024-04-29
4850,Week 4,2024-05-27
4850,Week 8,2024-06-24
4850,Week 12,2024-07-22
4851,Baseline,2024-03-20
4851,Week 4,2024-04-17
4851,Week 8,2024-05-15
4851,Week 12,2024-06-12
4852,Baseline,2024-03-18
4852,Week 4,2024-04-15
4852,Week 8,2024-05-13
4852,Week 12,2024-06-10
4853,Baseline,2024-04-11
4853,Week 4,2024-05-09
4853,Week 8,2024-06-06
4853,Week 12,2024-07-04
4854,Baseline,2024-02-22
4854,Week 4,2024-03-21
4854,Week 8,2024-04-18
4854,Week 12,2024-05-16
4855,Baseline,2024-05-12
4855,Week 4,2024-06-09
4855,Week 8,2024-07-07
4855,Week 12,2024-08-04
4856,Baseline,2024-04-03
4856,Week 4,2024-05-01
4856,Week 8,2024-05-29
4856,Week 12,2024-06-26
4857,Baseline,2024-06-09
4857,Week 4,2024-07-07
4857,Week 8,2024-08-04
4857,Week 12,2024-09-01
4858,Baseline,2024-02-25
4858,Week 4,2024-03-24
4858,Week 8,2024-04-21
4858,Week 12,2024-05-19
4859,Baseline,2024-06-14
4859,Week 4,2024-07-12
4859,Week 8,2024-08-09
4859,Week 12,2024-09-06
4860,Baseline,2024-01-23
4860,Week 4,2024-02-20
4860,Week 8,2024-03-19
4860,Week 12,2024-04-16
4861,Baseline,2024-03-08
4861,Week 4,2024-04-05
4861,Week 8,2024-05-03
4861,Week 12,2024-05-31
4862,Baseline,2024-01-03
4862,Week 4,2024-01-31
4862,Week 8,2024-02-28
4862,Week 12,2024-03-27
4863,Baseline,2024-02-03
4863,Week 4,2024-03-02
4863,Week 8,2024-03-30
4863,Week 12,2024-04-27
4864,Baseline,2024-04-29
4864,Week 4,2024-05-27
4864,Week 8,2024-06-24
4864,Week 12,2024-07-22
4865,Baseline,2024-02-09
4865,Week 4,2024-03-08
4865,Week 8,2024-04-05
4865,Week 12,2024-05-03
4866,Baseline,2024-06-26
4866,Week 4,2024-07-24
4866,Week 8,2024-08-21
4866,Week 12,2024-09-18
4867,Baseline,2024-04-27
4867,Week 4,2024-05-25
4867,Week 8,2024-06-22
4867,Week 12,2024-07-20
4868,Baseline,2024-02-28
4868,Week 4,2024-03-27
4868,Week 8,2024-04-24
4868,Week 12,2024-05-22
4869,Baseline,2024-02-22
4869,Week 4,2024-03-21
4869,Week 8,2024-04-18
4869,Week 12,2024-05-16
4870,Baseline,2024-02-24
4870,Week 4,2024-03-23
4870,Week 8,2024-04-20
4870,Week 12,2024-05-18
4871,Baseline,2024-04-06
4871,Week 4,2024-05-04
4871,Week 8,2024-06-01
4871,Week 12,2024-06-29
4872,Baseline,2024-03-27
4872,Week 4,2024-04-24
4872,Week 8,2024-05-22
4872,Week 12,2024-06-19
4873,Baseline,2024-05-09
4873,Week 4,2024-06-06
4873,Week 8,2024-07-04
4873,Week 12,2024-08-01
4874,Baseline,2024-03-07
4874,Week 4,2024-04-04
4874,Week 8,2024-05-02
4874,Week 12,2024-05-30
4875,Baseline,2024-04-20
4875,Week 4,2024-05-18
4875,Week 8,2024-06-15
4875,Week 12,2024-07-13
4876,Baseline,2024-05-27
4876,Week 4,2024-06-24
4876,Week 8,2024-07-22
4876,Week 12,2024-08-19
4877,Baseline,2024-05-06
4877,Week 4,2024-06-03
4877,Week 8,2024-07-01
4877,Week 12,2024-07-29
4878,Baseline,2024-01-12
4878,Week 4,2024-02-09
4878,Week 8,2024-03-08
4878,Week 12,2024-04-05
4879,Baseline,2024-03-08
4879,Week 4,2024-04-05
4879,Week 8,2024-05-03
4879,Week 12,2024-05-31
4880,Baseline,2024-03-16
4880,Week 4,2024-04-13
4880,Week 8,2024-05-11
4880,Week 12,2024-06-08
4881,Baseline,2024-05-15
4881,Week 4,2024-06-12
4881,Week 8,2024-07-10
4881,Week 12,2024-08-07
4882,Baseline,2024-04-12
4882,Week 4,2024-05-10
4882,Week 8,2024-06-07
4882,Week 12,2024-07-05
4883,Baseline,2024-05-21
4883,Week 4,2024-06-18
4883,Week 8,2024-07-16
4883,Week 12,2024-08-13
4884,Baseline,2024-03-11
4884,Week 4,2024-04-08
4884,Week 8,2024-05-06
4884,Week 12,2024-06-03
4885,Baseline,2024-03-19
4885,Week 4,2024-04-16
4885,Week 8,2024-05-14
4885,Week 12,2024-06-11
4886,Baseline,2024-03-20
4886,Week 4,2024-04-17
4886,Week 8,2024-05-15
4886,Week 12,2024-06-12
4887,Baseline,2024-05-16
4887,Week 4,2024-06-13
4887,Week 8,2024-07-11
4887,Week 12,2024-08-08
4888,Baseline,2024-01-21
4888,Week 4,2024-02-18
4888,Week 8,2024-03-17
4888,Week 12,2024-04-14
4889,Baseline,2024-03-20
4889,Week 4,2024-04-17
4889,Week 8,2024-05-15
4889,Week 12,2024-06-12
4890,Baseline,2024-02-27
4890,Week 4,2024-03-26
4890,Week 8,2024-04-23
4890,Week 12,2024-05-21
4891,Baseline,2024-02-14
4891,Week 4,2024-03-13
4891,Week 8,2024-04-10
4891,Week 12,2024-05-08
4892,Baseline,2024-04-21
4892,Week 4,2024-05-19
4892,Week 8,2024-06-16
4892,Week 12,2024-07-14
4893,Baseline,2024-06-27
4893,Week 4,2024-07-25
4893,Week 8,2024-08-22
4893,Week 12,2024-09-19
4894,Baseline,2024-02-12
4894,Week 4,2024-03-11
4894,Week 8,2024-04-08
4894,Week 12,2024-05-06
4895,Baseline,2024-05-18
4895,Week 4,2024-06-15
4895,Week 8,2024-07-13
4895,Week 12,2024-08-10
4896,Baseline,2024-05-28
4896,Week 4,2024-06-25
4896,Week 8,2024-07-23
4896,Week 12,2024-08-20
4897,Baseline,2024-01-21
4897,Week 4,2024-02-18
4897,Week 8,2024-03-17
4897,Week 12,2024-04-14
4898,Baseline,2024-06-24
4898,Week 4,2024-07-22
4898,Week 8,2024-08-19
4898,Week 12,2024-09-16
4899,Baseline,2024-05-08
4899,Week 4,2024-06-05
4899,Week 8,2024-07-03
4899,Week 12,2024-07-31
4900,Baseline,2024-03-16
4900,Week 4,2024-04-13
4900,Week 8,2024-05-11
4900,Week 12,2024-06-08
4901,Baseline,2024-04-18
4901,Week 4,2024-05-16
4901,Week 8,2024-06-13
4901,Week 12,2024-07-11
4902,Baseline,2024-06-13
4902,Week 4,2024-07-11
4902,Week 8,2024-08-08
4902,Week 12,2024-09-05
4903,Baseline,2024-04-14
4903,Week 4,2024-05-12
4903,Week 8,2024-06-09
4903,Week 12,2024-07-07
4904,Baseline,2024-05-12
4904,Week 4,2024-06-09
4904,Week 8,2024-07-07
4904,Week 12,2024-08-04
4905,Baseline,2024-01-15
4905,Week 4,2024-02-12
4905,Week 8,2024-03-11
4905,Week 12,2024-04-08
4906,Baseline,2024-03-02
4906,Week 4,2024-03-30
4906,Week 8,2024-04-27
4906,Week 12,2024-05-25
4907,Baseline,2024-05-25
4907,Week 4,2024-06-22
4907,Week 8,2024-07-20
4907,Week 12,2024-08-17
4908,Baseline,2024-02-05
4908,Week 4,2024-03-04
4908,Week 8,2024-04-01
4908,Week 12,2024-04-29
4909,Baseline,2024-03-27
4909,Week 4,2024-04-24
4909,Week 8,2024-05-22
4909,Week 12,2024-06-19
4910,Baseline,2024-01-14
4910,Week 4,2024-02-11
4910,Week 8,2024-03-10
4910,Week 12,2024-04-07
4911,Baseline,2024-06-16
4911,Week 4,2024-07-14
4911,Week 8,2024-08-11
4911,Week 12,2024-09-08
4912,Baseline,2024-04-28
4912,Week 4,2024-05-26
4912,Week 8,2024-06-23
4912,Week 12,2024-07-21
4913,Baseline,2024-01-12
4913,Week 4,2024-02-09
4913,Week 8,2024-03-08
4913,Week 12,2024-04-05
4914,Baseline,2024-03-13
4914,Week 4,2024-04-10
4914,Week 8,2024-05-08
4914,Week 12,2024-06-05
4915,Baseline,2024-01-25
4915,Week 4,2024-02-22
4915,Week 8,2024-03-21
4915,Week 12,2024-04-18
4916,Baseline,2024-01-29
4916,Week 4,2024-02-26
4916,Week 8,2024-03-25
4916,Week 12,2024-04-22
4917,Baseline,2024-02-27
4917,Week 4,2024-03-26
4917,Week 8,2024-04-23
4917,Week 12,2024-05-21
4918,Baseline,2024-02-02
4918,Week 4,2024-03-01
4918,Week 8,2024-03-29
4918,Week 12,2024-04-26
4919,Baseline,2024-05-29
4919,Week 4,2024-06-26
4919,Week 8,2024-07-24
4919,Week 12,2024-08-21
4920,Baseline,2024-03-28
4920,Week 4,2024-04-25
4920,Week 8,2024-05-23
4920,Week 12,2024-06-20
4921,Baseline,2024-02-08
4921,Week 4,2024-03-07
4921,Week 8,2024-04-04
4921,Week 12,2024-05-02
4922,Baseline,2024-03-17
4922,Week 4,2024-04-14
4922,Week 8,2024-05-12
4922,Week 12,2024-06-09
4923,Baseline,2024-03-08
4923,Week 4,2024-04-05
4923,Week 8,2024-05-03
4923,Week 12,2024-05-31
4924,Baseline,2024-02-04
4924,Week 4,2024-03-03
4924,Week 8,2024-03-31
4924,Week 12,2024-04-28
4925,Baseline,2024-02-13
4925,Week 4,2024-03-12
4925,Week 8,2024-04-09
4925,Week 12,2024-05-07
4926,Baseline,2024-06-28
4926,Week 4,2024-07-26
4926,Week 8,2024-08-23
4926,Week 12,2024-09-20
4927,Baseline,2024-02-22
4927,Week 4,2024-03-21
4927,Week 8,2024-04-18
4927,Week 12,2024-05-16
4928,Baseline,2024-04-02
4928,Week 4,2024-04-30
4928,Week 8,2024-05-28
4928,Week 12,2024-06-25
4929,Baseline,2024-02-17
4929,Week 4,2024-03-16
4929,Week 8,2024-04-13
4929,Week 12,2024-05-11
4930,Baseline,2024-06-08
4930,Week 4,2024-07-06
4930,Week 8,2024-08-03
4930,Week 12,2024-08-31
4931,Baseline,2024-05-21
4931,Week 4,2024-06-18
4931,Week 8,2024-07-16
4931,Week 12,2024-08-13
4932,Baseline,2024-03-06
4932,Week 4,2024-04-03
4932,Week 8,2024-05-01
4932,Week 12,2024-05-29
4933,Baseline,2024-05-03
4933,Week 4,2024-05-31
4933,Week 8,2024-06-28
4933,Week 12,2024-07-26
4934,Baseline,2024-02-14
4934,Week 4,2024-03-13
4934,Week 8,2024-04-10
4934,Week 12,2024-05-08
4935,Baseline,2024-04-13
4935,Week 4,2024-05-11
4935,Week 8,2024-06-08
4935,Week 12,2024-07-06
4936,Baseline,2024-02-14
4936,Week 4,2024-03-13
4936,Week 8,2024-04-10
4936,Week 12,2024-05-08
4937,Baseline,2024-01-21
4937,Week 4,2024-02-18
4937,Week 8,2024-03-17
4937,Week 12,2024-04-14
4938,Baseline,2024-05-04
4938,Week 4,2024-06-01
4938,Week 8,2024-06-29
4938,Week 12,2024-07-27
4939,Baseline,2024-03-12
4939,Week 4,2024-04-09
4939,Week 8,2024-05-07
4939,Week 12,2024-06-04
4940,Baseline,2024-05-31
4940,Week 4,2024-06-28
4940,Week 8,2024-07-26
4940,Week 12,2024-08-23
4941,Baseline,2024-05-30
4941,Week 4,2024-06-27
4941,Week 8,2024-07-25
4941,Week 12,2024-08-22
4942,Baseline,2024-03-12
4942,Week 4,2024-04-09
4942,Week 8,2024-05-07
4942,Week 12,2024-06-04
4943,Baseline,2024-04-22
4943,Week 4,2024-05-20
4943,Week 8,2024-06-17
4943,Week 12,2024-07-15
4944,Baseline,2024-01-22
4944,Week 4,2024-02-19
4944,Week 8,2024-03-18
4944,Week 12,2024-04-15
4945,Baseline,2024-04-19
4945,Week 4,2024-05-17
4945,Week 8,2024-06-14
4945,Week 12,2024-07-12
4946,Baseline,2024-01-09
4946,Week 4,2024-02-06
4946,Week 8,2024-03-05
4946,Week 12,2024-04-02
4947,Baseline,2024-06-25
4947,Week 4,2024-07-23
4947,Week 8,2024-08-20
4947,Week 12,2024-09-17
4948,Baseline,2024-05-04
4948,Week 4,2024-06-01
4948,Week 8,2024-06-29
4948,Week 12,2024-07-27
4949,Baseline,2024-01-31
4949,Week 4,2024-02-28
4949,Week 8,2024-03-27
4949,Week 12,2024-04-24
4950,Baseline,2024-01-27
4950,Week 4,2024-02-24
4950,Week 8,2024-03-23
4950,Week 12,2024-04-20
4951,Baseline,2024-03-16
4951,Week 4,2024-04-13
4951,Week 8,2024-05-11
4951,Week 12,2024-06-08
4952,Baseline,2024-03-20
4952,Week 4,2024-04-17
4952,Week 8,2024-05-15
4952,Week 12,2024-06-12
4953,Baseline,2024-05-11
4953,Week 4,2024-06-08
4953,Week 8,2024-07-06
4953,Week 12,2024-08-03
4954,Baseline,2024-05-02
4954,Week 4,2024-05-30
4954,Week 8,2024-06-27
4954,Week 12,2024-07-25
4955,Baseline,2024-02-29
4955,Week 4,2024-03-28
4955,Week 8,2024-04-25
4955,Week 12,2024-05-23
4956,Baseline,2024-04-09
4956,Week 4,2024-05-07
4956,Week 8,2024-06-04
4956,Week 12,2024-07-02
4957,Baseline,2024-05-10
4957,Week 4,2024-06-07
4957,Week 8,2024-07-05
4957,Week 12,2024-08-02
4958,Baseline,2024-01-28
4958,Week 4,2024-02-25
4958,Week 8,2024-03-24
4958,Week 12,2024-04-21
4959,Baseline,2024-01-09
4959,Week 4,2024-02-06
4959,Week 8,2024-03-05
4959,Week 12,2024-04-02
4960,Baseline,2024-02-22
4960,Week 4,2024-03-21
4960,Week 8,2024-04-18
4960,Week 12,2024-05-16
4961,Baseline,2024-04-12
4961,Week 4,2024-05-10
4961,Week 8,2024-06-07
4961,Week 12,2024-07-05
4962,Baseline,2024-05-18
4962,Week 4,2024-06-15
4962,Week 8,2024-07-13
4962,Week 12,2024-08-10
4963,Baseline,2024-06-26
4963,Week 4,2024-07-24
4963,Week 8,2024-08-21
4963,Week 12,2024-09-18
4964,Baseline,2024-06-24
4964,Week 4,2024-07-22
4964,Week 8,2024-08-19
4964,Week 12,2024-09-16
4965,Baseline,2024-05-05
4965,Week 4,2024-06-02
4965,Week 8,2024-06-30
4965,Week 12,2024-07-28
4966,Baseline,2024-06-28
4966,Week 4,2024-07-26
4966,Week 8,2024-08-23
4966,Week 12,2024-09-20
4967,Baseline,2024-06-01
4967,Week 4,2024-06-29
4967,Week 8,2024-07-27
4967,Week 12,2024-08-24
4968,Baseline,2024-03-09
4968,Week 4,2024-04-06
4968,Week 8,2024-05-04
4968,Week 12,2024-06-01
4969,Baseline,2024-01-21
4969,Week 4,2024-02-18
4969,Week 8,2024-03-17
4969,Week 12,2024-04-14
4970,Baseline,2024-06-28
4970,Week 4,2024-07-26
4970,Week 8,2024-08-23
4970,Week 12,2024-09-20
4971,Baseline,2024-04-25
4971,Week 4,2024-05-23
4971,Week 8,2024-06-20
4971,Week 12,2024-07-18
4972,Baseline,2024-02-14
4972,Week 4,2024-03-13
4972,Week 8,2024-04-10
4972,Week 12,2024-05-08
4973,Baseline,2024-02-15
4973,Week 4,2024-03-14
4973,Week 8,2024-04-11
4973,Week 12,2024-05-09
4974,Baseline,2024-01-03
4974,Week 4,2024-01-31
4974,Week 8,2024-02-28
4974,Week 12,2024-03-27
4975,Baseline,2024-06-27
4975,Week 4,2024-07-25
4975,Week 8,2024-08-22
4975,Week 12,2024-09-19
4976,Baseline,2024-02-03
4976,Week 4,2024-03-02
4976,Week 8,2024-03-30
4976,Week 12,2024-04-27
4977,Baseline,2024-05-09
4977,Week 4,2024-06-06
4977,Week 8,2024-07-04
4977,Week 12,2024-08-01
4978,Baseline,2024-06-13
4978,Week 4,2024-07-11
4978,Week 8,2024-08-08
4978,Week 12,2024-09-05
4979,Baseline,2024-04-04
4979,Week 4,2024-05-02
4979,Week 8,2024-05-30
4979,Week 12,2024-06-27
4980,Baseline,2024-05-13
4980,Week 4,2024-06-10
4980,Week 8,2024-07-08
4980,Week 12,2024-08-05
4981,Baseline,2024-06-15
4981,Week 4,2024-07-13
4981,Week 8,2024-08-10
4981,Week 12,2024-09-07
4982,Baseline,2024-04-24
4982,Week 4,2024-05-22
4982,Week 8,2024-06-19
4982,Week 12,2024-07-17
4983,Baseline,2024-05-07
4983,Week 4,2024-06-04
4983,Week 8,2024-07-02
4983,Week 12,2024-07-30
4984,Baseline,2024-04-19
4984,Week 4,2024-05-17
4984,Week 8,2024-06-14
4984,Week 12,2024-07-12
4985,Baseline,2024-03-30
4985,Week 4,2024-04-27
4985,Week 8,2024-05-25
4985,Week 12,2024-06-22
4986,Baseline,2024-05-01
4986,Week 4,2024-05-29
4986,Week 8,2024-06-26
4986,Week 12,2024-07-24
4987,Baseline,2024-02-10
4987,Week 4,2024-03-09
4987,Week 8,2024-04-06
4987,Week 12,2024-05-04
4988,Baseline,2024-02-06
4988,Week 4,2024-03-05
4988,Week 8,2024-04-02
4988,Week 12,2024-04-30
4989,Baseline,2024-02-26
4989,Week 4,2024-03-25
4989,Week 8,2024-04-22
4989,Week 12,2024-05-20
4990,Baseline,2024-03-09
4990,Week 4,2024-04-06
4990,Week 8,2024-05-04
4990,Week 12,2024-06-01
4991,Baseline,2024-03-15
4991,Week 4,2024-04-12
4991,Week 8,2024-05-10
4991,Week 12,2024-06-07
4992,Baseline,2024-04-10
4992,Week 4,2024-05-08
4992,Week 8,2024-06-05
4992,Week 12,2024-07-03
4993,Baseline,2024-02-08
4993,Week 4,2024-03-07
4993,Week 8,2024-04-04
4993,Week 12,2024-05-02
4994,Baseline,2024-05-15
4994,Week 4,2024-06-12
4994,Week 8,2024-07-10
4994,Week 12,2024-08-07
4995,Baseline,2024-06-18
4995,Week 4,2024-07-16
4995,Week 8,2024-08-13
4995,Week 12,2024-09-10
4996,Baseline,2024-04-24
4996,Week 4,2024-05-22
4996,Week 8,2024-06-19
4996,Week 12,2024-07-17
4997,Baseline,2024-03-31
4997,Week 4,2024-04-28
4997,Week 8,2024-05-26
4997,Week 12,2024-06-23
4998,Baseline,2024-06-10
4998,Week 4,2024-07-08
4998,Week 8,2024-08-05
4998,Week 12,2024-09-02
4999,Baseline,2024-04-18
4999,Week 4,2024-05-16
4999,Week 8,2024-06-13
4999,Week 12,2024-07-11
5000,Baseline,2024-03-22
5000,Week 4,2024-04-19
5000,Week 8,2024-05-17
5000,Week 12,2024-06-14
5001,Baseline,2024-04-15
5001,Week 4,2024-05-13
5001,Week 8,2024-06-10
5001,Week 12,2024-07-08
5002,Baseline,2024-02-09
5002,Week 4,2024-03-08
5002,Week 8,2024-04-05
5002,Week 12,2024-05-03
5003,Baseline,2024-01-12
5003,Week 4,2024-02-09
5003,Week 8,2024-03-08
5003,Week 12,2024-04-05
5004,Baseline,2024-06-14
5004,Week 4,2024-07-12
5004,Week 8,2024-08-09
5004,Week 12,2024-09-06
5005,Baseline,2024-02-16
5005,Week 4,2024-03-15
5005,Week 8,2024-04-12
5005,Week 12,2024-05-10
5006,Baseline,2024-04-24
5006,Week 4,2024-05-22
5006,Week 8,2024-06-19
5006,Week 12,2024-07-17
5007,Baseline,2024-05-28
5007,Week 4,2024-06-25
5007,Week 8,2024-07-23
5007,Week 12,2024-08-20
5008,Baseline,2024-04-27
5008,Week 4,2024-05-25
5008,Week 8,2024-06-22
5008,Week 12,2024-07-20
5009,Baseline,2024-01-20
5009,Week 4,2024-02-17
5009,Week 8,2024-03-16
5009,Week 12,2024-04-13
5010,Baseline,2024-02-19
5010,Week 4,2024-03-18
5010,Week 8,2024-04-15
5010,Week 12,2024-05-13
5011,Baseline,2024-06-19
5011,Week 4,2024-07-17
5011,Week 8,2024-08-14
5011,Week 12,2024-09-11
5012,Baseline,2024-06-06
5012,Week 4,2024-07-04
5012,Week 8,2024-08-01
5012,Week 12,2024-08-29
5013,Baseline,2024-05-30
5013,Week 4,2024-06-27
5013,Week 8,2024-07-25
5013,Week 12,2024-08-22
5014,Baseline,2024-03-19
5014,Week 4,2024-04-16
5014,Week 8,2024-05-14
5014,Week 12,2024-06-11
5015,Baseline,2024-04-19
5015,Week 4,2024-05-17
5015,Week 8,2024-06-14
5015,Week 12,2024-07-12
5016,Baseline,2024-06-04
5016,Week 4,2024-07-02
5016,Week 8,2024-07-30
5016,Week 12,2024-08-27
5017,Baseline,2024-03-04
5017,Week 4,2024-04-01
5017,Week 8,2024-04-29
5017,Week 12,2024-05-27
5018,Baseline,2024-01-03
5018,Week 4,2024-01-31
5018,Week 8,2024-02-28
5018,Week 12,2024-03-27
5019,Baseline,2024-05-03
5019,Week 4,2024-05-31
5019,Week 8,2024-06-28
5019,Week 12,2024-07-26
5020,Baseline,2024-04-11
5020,Week 4,2024-05-09
5020,Week 8,2024-06-06
5020,Week 12,2024-07-04
5021,Baseline,2024-01-19
5021,Week 4,2024-02-16
5021,Week 8,2024-03-15
5021,Week 12,2024-04-12
5022,Baseline,2024-02-29
5022,Week 4,2024-03-28
5022,Week 8,2024-04-25
5022,Week 12,2024-05-23
5023,Baseline,2024-05-02
5023,Week 4,2024-05-30
5023,Week 8,2024-06-27
5023,Week 12,2024-07-25
5024,Baseline,2024-01-28
5024,Week 4,2024-02-25
5024,Week 8,2024-03-24
5024,Week 12,2024-04-21
5025,Baseline,2024-06-22
5025,Week 4,2024-07-20
5025,Week 8,2024-08-17
5025,Week 12,2024-09-14
5026,Baseline,2024-06-27
5026,Week 4,2024-07-25
5026,Week 8,2024-08-22
5026,Week 12,2024-09-19
5027,Baseline,2024-06-27
5027,Week 4,2024-07-25
5027,Week 8,2024-08-22
5027,Week 12,2024-09-19
5028,Baseline,2024-05-22
5028,Week 4,2024-06-19
5028,Week 8,2024-07-17
5028,Week 12,2024-08-14
5029,Baseline,2024-01-09
5029,Week 4,2024-02-06
5029,Week 8,2024-03-05
5029,Week 12,2024-04-02
5030,Baseline,2024-06-05
5030,Week 4,2024-07-03
5030,Week 8,2024-07-31
5030,Week 12,2024-08-28
5031,Baseline,2024-01-07
5031,Week 4,2024-02-04
5031,Week 8,2024-03-03
5031,Week 12,2024-03-31
5032,Baseline,2024-05-29
5032,Week 4,2024-06-26
5032,Week 8,2024-07-24
5032,Week 12,2024-08-21
5033,Baseline,2024-02-07
5033,Week 4,2024-03-06
5033,Week 8,2024-04-03
5033,Week 12,2024-05-01
5034,Baseline,2024-01-06
5034,Week 4,2024-02-03
5034,Week 8,2024-03-02
5034,Week 12,2024-03-30
5035,Baseline,2024-01-17
5035,Week 4,2024-02-14
5035,Week 8,2024-03-13
5035,Week 12,2024-04-10
5036,Baseline,2024-03-09
5036,Week 4,2024-04-06
5036,Week 8,2024-05-04
5036,Week 12,2024-06-01
5037,Baseline,2024-05-03
5037,Week 4,2024-05-31
5037,Week 8,2024-06-28
5037,Week 12,2024-07-26
5038,Baseline,2024-01-07
5038,Week 4,2024-02-04
5038,Week 8,2024-03-03
5038,Week 12,2024-03-31
5039,Baseline,2024-03-14
5039,Week 4,2024-04-11
5039,Week 8,2024-05-09
5039,Week 12,2024-06-06
5040,Baseline,2024-02-16
5040,Week 4,2024-03-15
5040,Week 8,2024-04-12
5040,Week 12,2024-05-10
5041,Baseline,2024-01-30
5041,Week 4,2024-02-27
5041,Week 8,2024-03-26
5041,Week 12,2024-04-23
5042,Baseline,2024-02-13
5042,Week 4,2024-03-12
5042,Week 8,2024-04-09
5042,Week 12,2024-05-07
5043,Baseline,2024-06-12
5043,Week 4,2024-07-10
5043,Week 8,2024-08-07
5043,Week 12,2024-09-04
5044,Baseline,2024-05-17
5044,Week 4,2024-06-14
5044,Week 8,2024-07-12
5044,Week 12,2024-08-09
5045,Baseline,2024-02-13
5045,Week 4,2024-03-12
5045,Week 8,2024-04-09
5045,Week 12,2024-05-07
5046,Baseline,2024-04-08
5046,Week 4,2024-05-06
5046,Week 8,2024-06-03
5046,Week 12,2024-07-01
5047,Baseline,2024-01-03
5047,Week 4,2024-01-31
5047,Week 8,2024-02-28
5047,Week 12,2024-03-27
5048,Baseline,2024-03-20
5048,Week 4,2024-04-17
5048,Week 8,2024-05-15
5048,Week 12,2024-06-12
5049,Baseline,2024-02-05
5049,Week 4,2024-03-04
5049,Week 8,2024-04-01
5049,Week 12,2024-04-29
5050,Baseline,2024-03-05
5050,Week 4,2024-04-02
5050,Week 8,2024-04-30
5050,Week 12,2024-05-28
5051,Baseline,2024-03-06
5051,Week 4,2024-04-03
5051,Week 8,2024-05-01
5051,Week 12,2024-05-29
5052,Baseline,2024-01-11
5052,Week 4,2024-02-08
5052,Week 8,2024-03-07
5052,Week 12,2024-04-04
5053,Baseline,2024-05-31
5053,Week 4,2024-06-28
5053,Week 8,2024-07-26
5053,Week 12,2024-08-23
5054,Baseline,2024-05-09
5054,Week 4,2024-06-06
5054,Week 8,2024-07-04
5054,Week 12,2024-08-01
5055,Baseline,2024-06-07
5055,Week 4,2024-07-05
5055,Week 8,2024-08-02
5055,Week 12,2024-08-30
5056,Baseline,2024-05-23
5056,Week 4,2024-06-20
5056,Week 8,2024-07-18
5056,Week 12,2024-08-15
5057,Baseline,2024-04-09
5057,Week 4,2024-05-07
5057,Week 8,2024-06-04
5057,Week 12,2024-07-02
5058,Baseline,2024-05-30
5058,Week 4,2024-06-27
5058,Week 8,2024-07-25
5058,Week 12,2024-08-22
5059,Baseline,2024-06-23
5059,Week 4,2024-07-21
5059,Week 8,2024-08-18
5059,Week 12,2024-09-15
5060,Baseline,2024-05-07
5060,Week 4,2024-06-04
5060,Week 8,2024-07-02
5060,Week 12,2024-07-30
5061,Baseline,2024-01-16
5061,Week 4,2024-02-13
5061,Week 8,2024-03-12
5061,Week 12,2024-04-09
5062,Baseline,2024-03-31
5062,Week 4,2024-04-28
5062,Week 8,2024-05-26
5062,Week 12,2024-06-23
5063,Baseline,2024-04-07
5063,Week 4,2024-05-05
5063,Week 8,2024-06-02
5063,Week 12,2024-06-30
5064,Baseline,2024-03-05
5064,Week 4,2024-04-02
5064,Week 8,2024-04-30
5064,Week 12,2024-05-28
5065,Baseline,2024-04-12
5065,Week 4,2024-05-10
5065,Week 8,2024-06-07
5065,Week 12,2024-07-05
5066,Baseline,2024-02-13
5066,Week 4,2024-03-12
5066,Week 8,2024-04-09
5066,Week 12,2024-05-07
5067,Baseline,2024-04-21
5067,Week 4,2024-05-19
5067,Week 8,2024-06-16
5067,Week 12,2024-07-14
5068,Baseline,2024-03-22
5068,Week 4,2024-04-19
5068,Week 8,2024-05-17
5068,Week 12,2024-06-14
5069,Baseline,2024-01-20
5069,Week 4,2024-02-17
5069,Week 8,2024-03-16
5069,Week 12,2024-04-13
5070,Baseline,2024-06-22
5070,Week 4,2024-07-20
5070,Week 8,2024-08-17
5070,Week 12,2024-09-14
5071,Baseline,2024-01-29
5071,Week 4,2024-02-26
5071,Week 8,2024-03-25
5071,Week 12,2024-04-22
5072,Baseline,2024-06-11
5072,Week 4,2024-07-09
5072,Week 8,2024-08-06
5072,Week 12,2024-09-03
5073,Baseline,2024-03-01
5073,Week 4,2024-03-29
5073,Week 8,2024-04-26
5073,Week 12,2024-05-24
5074,Baseline,2024-04-05
5074,Week 4,2024-05-03
5074,Week 8,2024-05-31
5074,Week 12,2024-06-28
5075,Baseline,2024-04-25
5075,Week 4,2024-05-23
5075,Week 8,2024-06-20
5075,Week 12,2024-07-18
5076,Baseline,2024-04-24
5076,Week 4,2024-05-22
5076,Week 8,2024-06-19
5076,Week 12,2024-07-17
5077,Baseline,2024-01-22
5077,Week 4,2024-02-19
5077,Week 8,2024-03-18
5077,Week 12,2024-04-15
5078,Baseline,2024-05-06
5078,Week 4,2024-06-03
5078,Week 8,2024-07-01
5078,Week 12,2024-07-29
5079,Baseline,2024-01-04
5079,Week 4,2024-02-01
5079,Week 8,2024-02-29
5079,Week 12,2024-03-28
5080,Baseline,2024-05-31
5080,Week 4,2024-06-28
5080,Week 8,2024-07-26
5080,Week 12,2024-08-23
5081,Baseline,2024-02-27
5081,Week 4,2024-03-26
5081,Week 8,2024-04-23
5081,Week 12,2024-05-21
5082,Baseline,2024-04-17
5082,Week 4,2024-05-15
5082,Week 8,2024-06-12
5082,Week 12,2024-07-10
5083,Baseline,2024-06-20
5083,Week 4,2024-07-18
5083,Week 8,2024-08-15
5083,Week 12,2024-09-12
5084,Baseline,2024-01-27
5084,Week 4,2024-02-24
5084,Week 8,2024-03-23
5084,Week 12,2024-04-20
5085,Baseline,2024-01-23
5085,Week 4,2024-02-20
5085,Week 8,2024-03-19
5085,Week 12,2024-04-16
5086,Baseline,2024-06-09
5086,Week 4,2024-07-07
5086,Week 8,2024-08-04
5086,Week 12,2024-09-01
5087,Baseline,2024-02-05
5087,Week 4,2024-03-04
5087,Week 8,2024-04-01
5087,Week 12,2024-04-29
5088,Baseline,2024-03-31
5088,Week 4,2024-04-28
5088,Week 8,2024-05-26
5088,Week 12,2024-06-23
5089,Baseline,2024-02-01
5089,Week 4,2024-02-29
5089,Week 8,2024-03-28
5089,Week 12,2024-04-25
5090,Baseline,2024-04-16
5090,Week 4,2024-05-14
5090,Week 8,2024-06-11
5090,Week 12,2024-07-09
5091,Baseline,2024-01-12
5091,Week 4,2024-02-09
5091,Week 8,2024-03-08
5091,Week 12,2024-04-05
5092,Baseline,2024-04-26
5092,Week 4,2024-05-24
5092,Week 8,2024-06-21
5092,Week 12,2024-07-19
5093,Baseline,2024-03-01
5093,Week 4,2024-03-29
5093,Week 8,2024-04-26
5093,Week 12,2024-05-24
5094,Baseline,2024-04-09
5094,Week 4,2024-05-07
5094,Week 8,2024-06-04
5094,Week 12,2024-07-02
5095,Baseline,2024-05-15
5095,Week 4,2024-06-12
5095,Week 8,2024-07-10
5095,Week 12,2024-08-07
5096,Baseline,2024-01-03
5096,Week 4,2024-01-31
5096,Week 8,2024-02-28
5096,Week 12,2024-03-27
5097,Baseline,2024-01-14
5097,Week 4,2024-02-11
5097,Week 8,2024-03-10
5097,Week 12,2024-04-07
5098,Baseline,2024-03-14
5098,Week 4,2024-04-11
5098,Week 8,2024-05-09
5098,Week 12,2024-06-06
5099,Baseline,2024-05-15
5099,Week 4,2024-06-12
5099,Week 8,2024-07-10
5099,Week 12,2024-08-07
5100,Baseline,2024-01-23
5100,Week 4,2024-02-20
5100,Week 8,2024-03-19
5100,Week 12,2024-04-16
5101,Baseline,2024-02-09
5101,Week 4,2024-03-08
5101,Week 8,2024-04-05
5101,Week 12,2024-05-03
5102,Baseline,2024-01-17
5102,Week 4,2024-02-14
5102,Week 8,2024-03-13
5102,Week 12,2024-04-10
5103,Baseline,2024-04-01
5103,Week 4,2024-04-29
5103,Week 8,2024-05-27
5103,Week 12,2024-06-24
5104,Baseline,2024-04-27
5104,Week 4,2024-05-25
5104,Week 8,2024-06-22
5104,Week 12,2024-07-20
5105,Baseline,2024-02-29
5105,Week 4,2024-03-28
5105,Week 8,2024-04-25
5105,Week 12,2024-05-23
5106,Baseline,2024-02-20
5106,Week 4,2024-03-19
5106,Week 8,2024-04-16
5106,Week 12,2024-05-14
5107,Baseline,2024-03-11
5107,Week 4,2024-04-08
5107,Week 8,2024-05-06
5107,Week 12,2024-06-03
5108,Baseline,2024-03-13
5108,Week 4,2024-04-10
5108,Week 8,2024-05-08
5108,Week 12,2024-06-05
5109,Baseline,2024-04-11
5109,Week 4,2024-05-09
5109,Week 8,2024-06-06
5109,Week 12,2024-07-04
5110,Baseline,2024-04-25
5110,Week 4,2024-05-23
5110,Week 8,2024-06-20
5110,Week 12,2024-07-18
5111,Baseline,2024-02-10
5111,Week 4,2024-03-09
5111,Week 8,2024-04-06
5111,Week 12,2024-05-04
5112,Baseline,2024-05-02
5112,Week 4,2024-05-30
5112,Week 8,2024-06-27
5112,Week 12,2024-07-25
5113,Baseline,2024-03-03
5113,Week 4,2024-03-31
5113,Week 8,2024-04-28
5113,Week 12,2024-05-26
5114,Baseline,2024-01-05
5114,Week 4,2024-02-02
5114,Week 8,2024-03-01
5114,Week 12,2024-03-29
5115,Baseline,2024-03-19
5115,Week 4,2024-04-16
5115,Week 8,2024-05-14
5115,Week 12,2024-06-11
5116,Baseline,2024-03-01
5116,Week 4,2024-03-29
5116,Week 8,2024-04-26
5116,Week 12,2024-05-24
5117,Baseline,2024-01-28
5117,Week 4,2024-02-25
5117,Week 8,2024-03-24
5117,Week 12,2024-04-21
5118,Baseline,2024-05-10
5118,Week 4,2024-06-07
5118,Week 8,2024-07-05
5118,Week 12,2024-08-02
5119,Baseline,2024-05-04
5119,Week 4,2024-06-01
5119,Week 8,2024-06-29
5119,Week 12,2024-07-27
5120,Baseline,2024-06-12
5120,Week 4,2024-07-10
5120,Week 8,2024-08-07
5120,Week 12,2024-09-04
5121,Baseline,2024-01-10
5121,Week 4,2024-02-07
5121,Week 8,2024-03-06
5121,Week 12,2024-04-03
5122,Baseline,2024-01-28
5122,Week 4,2024-02-25
5122,Week 8,2024-03-24
5122,Week 12,2024-04-21
5123,Baseline,2024-05-15
5123,Week 4,2024-06-12
5123,Week 8,2024-07-10
5123,Week 12,2024-08-07
5124,Baseline,2024-01-21
5124,Week 4,2024-02-18
5124,Week 8,2024-03-17
5124,Week 12,2024-04-14
5125,Baseline,2024-05-23
5125,Week 4,2024-06-20
5125,Week 8,2024-07-18
5125,Week 12,2024-08-15
5126,Baseline,2024-03-15
5126,Week 4,2024-04-12
5126,Week 8,2024-05-10
5126,Week 12,2024-06-07
5127,Baseline,2024-04-28
5127,Week 4,2024-05-26
5127,Week 8,2024-06-23
5127,Week 12,2024-07-21
5128,Baseline,2024-04-06
5128,Week 4,2024-05-04
5128,Week 8,2024-06-01
5128,Week 12,2024-06-29
5129,Baseline,2024-05-29
5129,Week 4,2024-06-26
5129,Week 8,2024-07-24
5129,Week 12,2024-08-21
5130,Baseline,2024-01-09
5130,Week 4,2024-02-06
5130,Week 8,2024-03-05
5130,Week 12,2024-04-02
5131,Baseline,2024-04-20
5131,Week 4,2024-05-18
5131,Week 8,2024-06-15
5131,Week 12,2024-07-13
5132,Baseline,2024-05-17
5132,Week 4,2024-06-14
5132,Week 8,2024-07-12
5132,Week 12,2024-08-09
5133,Baseline,2024-02-06
5133,Week 4,2024-03-05
5133,Week 8,2024-04-02
5133,Week 12,2024-04-30
5134,Baseline,2024-01-16
5134,Week 4,2024-02-13
5134,Week 8,2024-03-12
5134,Week 12,2024-04-09
5135,Baseline,2024-05-26
5135,Week 4,2024-06-23
5135,Week 8,2024-07-21
5135,Week 12,2024-08-18
5136,Baseline,2024-01-20
5136,Week 4,2024-02-17
5136,Week 8,2024-03-16
5136,Week 12,2024-04-13
5137,Baseline,2024-06-27
5137,Week 4,2024-07-25
5137,Week 8,2024-08-22
5137,Week 12,2024-09-19
5138,Baseline,2024-06-25
5138,Week 4,2024-07-23
5138,Week 8,2024-08-20
5138,Week 12,2024-09-17
5139,Baseline,2024-03-13
5139,Week 4,2024-04-10
5139,Week 8,2024-05-08
5139,Week 12,2024-06-05
5140,Baseline,2024-02-25
5140,Week 4,2024-03-24
5140,Week 8,2024-04-21
5140,Week 12,2024-05-19
5141,Baseline,2024-03-25
5141,Week 4,2024-04-22
5141,Week 8,2024-05-20
5141,Week 12,2024-06-17
5142,Baseline,2024-06-15
5142,Week 4,2024-07-13
5142,Week 8,2024-08-10
5142,Week 12,2024-09-07
5143,Baseline,2024-01-23
5143,Week 4,2024-02-20
5143,Week 8,2024-03-19
5143,Week 12,2024-04-16
5144,Baseline,2024-06-03
5144,Week 4,2024-07-01
5144,Week 8,2024-07-29
5144,Week 12,2024-08-26
5145,Baseline,2024-03-28
5145,Week 4,2024-04-25
5145,Week 8,2024-05-23
5145,Week 12,2024-06-20
5146,Baseline,2024-06-06
5146,Week 4,2024-07-04
5146,Week 8,2024-08-01
5146,Week 12,2024-08-29
5147,Baseline,2024-03-19
5147,Week 4,2024-04-16
5147,Week 8,2024-05-14
5147,Week 12,2024-06-11
5148,Baseline,2024-03-25
5148,Week 4,2024-04-22
5148,Week 8,2024-05-20
5148,Week 12,2024-06-17
5149,Baseline,2024-05-11
5149,Week 4,2024-06-08
5149,Week 8,2024-07-06
5149,Week 12,2024-08-03
5150,Baseline,2024-02-18
5150,Week 4,2024-03-17
5150,Week 8,2024-04-14
5150,Week 12,2024-05-12
5151,Baseline,2024-02-23
5151,Week 4,2024-03-22
5151,Week 8,2024-04-19
5151,Week 12,2024-05-17
5152,Baseline,2024-02-10
5152,Week 4,2024-03-09
5152,Week 8,2024-04-06
5152,Week 12,2024-05-04
5153,Baseline,2024-05-10
5153,Week 4,2024-06-07
5153,Week 8,2024-07-05
5153,Week 12,2024-08-02
5154,Baseline,2024-03-04
5154,Week 4,2024-04-01
5154,Week 8,2024-04-29
5154,Week 12,2024-05-27
5155,Baseline,2024-02-23
5155,Week 4,2024-03-22
5155,Week 8,2024-04-19
5155,Week 12,2024-05-17
5156,Baseline,2024-02-11
5156,Week 4,2024-03-10
5156,Week 8,2024-04-07
5156,Week 12,2024-05-05
5157,Baseline,2024-02-13
5157,Week 4,2024-03-12
5157,Week 8,2024-04-09
5157,Week 12,2024-05-07
5158,Baseline,2024-02-29
5158,Week 4,2024-03-28
5158,Week 8,2024-04-25
5158,Week 12,2024-05-23
5159,Baseline,2024-06-11
5159,Week 4,2024-07-09
5159,Week 8,2024-08-06
5159,Week 12,2024-09-03
5160,Baseline,2024-01-21
5160,Week 4,2024-02-18
5160,Week 8,2024-03-17
5160,Week 12,2024-04-14
5161,Baseline,2024-01-08
5161,Week 4,2024-02-05
5161,Week 8,2024-03-04
5161,Week 12,2024-04-01
5162,Baseline,2024-06-11
5162,Week 4,2024-07-09
5162,Week 8,2024-08-06
5162,Week 12,2024-09-03
5163,Baseline,2024-02-19
5163,Week 4,2024-03-18
5163,Week 8,2024-04-15
5163,Week 12,2024-05-13
5164,Baseline,2024-03-01
5164,Week 4,2024-03-29
5164,Week 8,2024-04-26
5164,Week 12,2024-05-24
5165,Baseline,2024-06-25
5165,Week 4,2024-07-23
5165,Week 8,2024-08-20
5165,Week 12,2024-09-17
5166,Baseline,2024-02-28
5166,Week 4,2024-03-27
5166,Week 8,2024-04-24
5166,Week 12,2024-05-22
5167,Baseline,2024-01-16
5167,Week 4,2024-02-13
5167,Week 8,2024-03-12
5167,Week 12,2024-04-09
5168,Baseline,2024-02-15
5168,Week 4,2024-03-14
5168,Week 8,2024-04-11
5168,Week 12,2024-05-09
5169,Baseline,2024-06-14
5169,Week 4,2024-07-12
5169,Week 8,2024-08-09
5169,Week 12,2024-09-06
5170,Baseline,2024-06-19
5170,Week 4,2024-07-17
5170,Week 8,2024-08-14
5170,Week 12,2024-09-11
5171,Baseline,2024-05-31
5171,Week 4,2024-06-28
5171,Week 8,2024-07-26
5171,Week 12,2024-08-23
5172,Baseline,2024-04-20
5172,Week 4,2024-05-18
5172,Week 8,2024-06-15
5172,Week 12,2024-07-13
5173,Baseline,2024-05-27
5173,Week 4,2024-06-24
5173,Week 8,2024-07-22
5173,Week 12,2024-08-19
5174,Baseline,2024-04-16
5174,Week 4,2024-05-14
5174,Week 8,2024-06-11
5174,Week 12,2024-07-09
5175,Baseline,2024-03-07
5175,Week 4,2024-04-04
5175,Week 8,2024-05-02
5175,Week 12,2024-05-30
5176,Baseline,2024-05-04
5176,Week 4,2024-06-01
5176,Week 8,2024-06-29
5176,Week 12,2024-07-27
5177,Baseline,2024-06-20
5177,Week 4,2024-07-18
5177,Week 8,2024-08-15
5177,Week 12,2024-09-12
5178,Baseline,2024-04-05
5178,Week 4,2024-05-03
5178,Week 8,2024-05-31
5178,Week 12,2024-06-28
5179,Baseline,2024-05-29
5179,Week 4,2024-06-26
5179,Week 8,2024-07-24
5179,Week 12,2024-08-21
5180,Baseline,2024-01-26
5180,Week 4,2024-02-23
5180,Week 8,2024-03-22
5180,Week 12,2024-04-19
5181,Baseline,2024-03-19
5181,Week 4,2024-04-16
5181,Week 8,2024-05-14
5181,Week 12,2024-06-11
5182,Baseline,2024-04-16
5182,Week 4,2024-05-14
5182,Week 8,2024-06-11
5182,Week 12,2024-07-09
5183,Baseline,2024-06-22
5183,Week 4,2024-07-20
5183,Week 8,2024-08-17
5183,Week 12,2024-09-14
5184,Baseline,2024-04-21
5184,Week 4,2024-05-19
5184,Week 8,2024-06-16
5184,Week 12,2024-07-14
5185,Baseline,2024-02-24
5185,Week 4,2024-03-23
5185,Week 8,2024-04-20
5185,Week 12,2024-05-18
5186,Baseline,2024-01-28
5186,Week 4,2024-02-25
5186,Week 8,2024-03-24
5186,Week 12,2024-04-21
5187,Baseline,2024-04-23
5187,Week 4,2024-05-21
5187,Week 8,2024-06-18
5187,Week 12,2024-07-16
5188,Baseline,2024-03-03
5188,Week 4,2024-03-31
5188,Week 8,2024-04-28
5188,Week 12,2024-05-26
5189,Baseline,2024-05-31
5189,Week 4,2024-06-28
5189,Week 8,2024-07-26
5189,Week 12,2024-08-23
5190,Baseline,2024-01-01
5190,Week 4,2024-01-29
5190,Week 8,2024-02-26
5190,Week 12,2024-03-25
5191,Baseline,2024-06-06
5191,Week 4,2024-07-04
5191,Week 8,2024-08-01
5191,Week 12,2024-08-29
5192,Baseline,2024-05-08
5192,Week 4,2024-06-05
5192,Week 8,2024-07-03
5192,Week 12,2024-07-31
5193,Baseline,2024-02-06
5193,Week 4,2024-03-05
5193,Week 8,2024-04-02
5193,Week 12,2024-04-30
5194,Baseline,2024-02-13
5194,Week 4,2024-03-12
5194,Week 8,2024-04-09
5194,Week 12,2024-05-07
5195,Baseline,2024-06-16
5195,Week 4,2024-07-14
5195,Week 8,2024-08-11
5195,Week 12,2024-09-08
5196,Baseline,2024-04-22
5196,Week 4,2024-05-20
5196,Week 8,2024-06-17
5196,Week 12,2024-07-15
5197,Baseline,2024-05-04
5197,Week 4,2024-06-01
5197,Week 8,2024-06-29
5197,Week 12,2024-07-27
5198,Baseline,2024-02-05
5198,Week 4,2024-03-04
5198,Week 8,2024-04-01
5198,Week 12,2024-04-29
5199,Baseline,2024-01-17
5199,Week 4,2024-02-14
5199,Week 8,2024-03-13
5199,Week 12,2024-04-10
5200,Baseline,2024-06-17
5200,Week 4,2024-07-15
5200,Week 8,2024-08-12
5200,Week 12,2024-09-09
5201,Baseline,2024-02-25
5201,Week 4,2024-03-24
5201,Week 8,2024-04-21
5201,Week 12,2024-05-19
5202,Baseline,2024-05-30
5202,Week 4,2024-06-27
5202,Week 8,2024-07-25
5202,Week 12,2024-08-22
5203,Baseline,2024-05-15
5203,Week 4,2024-06-12
5203,Week 8,2024-07-10
5203,Week 12,2024-08-07
5204,Baseline,2024-04-28
5204,Week 4,2024-05-26
5204,Week 8,2024-06-23
5204,Week 12,2024-07-21
5205,Baseline,2024-04-28
5205,Week 4,2024-05-26
5205,Week 8,2024-06-23
5205,Week 12,2024-07-21
5206,Baseline,2024-06-23
5206,Week 4,2024-07-21
5206,Week 8,2024-08-18
5206,Week 12,2024-09-15
5207,Baseline,2024-05-12
5207,Week 4,2024-06-09
5207,Week 8,2024-07-07
5207,Week 12,2024-08-04
5208,Baseline,2024-02-18
5208,Week 4,2024-03-17
5208,Week 8,2024-04-14
5208,Week 12,2024-05-12
5209,Baseline,2024-06-06
5209,Week 4,2024-07-04
5209,Week 8,2024-08-01
5209,Week 12,2024-08-29
5210,Baseline,2024-05-13
5210,Week 4,2024-06-10
5210,Week 8,2024-07-08
5210,Week 12,2024-08-05
5211,Baseline,2024-05-25
5211,Week 4,2024-06-22
5211,Week 8,2024-07-20
5211,Week 12,2024-08-17
5212,Baseline,2024-03-12
5212,Week 4,2024-04-09
5212,Week 8,2024-05-07
5212,Week 12,2024-06-04
5213,Baseline,2024-03-28
5213,Week 4,2024-04-25
5213,Week 8,2024-05-23
5213,Week 12,2024-06-20
5214,Baseline,2024-06-11
5214,Week 4,2024-07-09
5214,Week 8,2024-08-06
5214,Week 12,2024-09-03
5215,Baseline,2024-03-17
5215,Week 4,2024-04-14
5215,Week 8,2024-05-12
5215,Week 12,2024-06-09
5216,Baseline,2024-06-06
5216,Week 4,2024-07-04
5216,Week 8,2024-08-01
5216,Week 12,2024-08-29
5217,Baseline,2024-01-18
5217,Week 4,2024-02-15
5217,Week 8,2024-03-14
5217,Week 12,2024-04-11
5218,Baseline,2024-04-27
5218,Week 4,2024-05-25
5218,Week 8,2024-06-22
5218,Week 12,2024-07-20
5219,Baseline,2024-04-22
5219,Week 4,2024-05-20
5219,Week 8,2024-06-17
5219,Week 12,2024-07-15
5220,Baseline,2024-05-27
5220,Week 4,2024-06-24
5220,Week 8,2024-07-22
5220,Week 12,2024-08-19
5221,Baseline,2024-04-14
5221,Week 4,2024-05-12
5221,Week 8,2024-06-09
5221,Week 12,2024-07-07
5222,Baseline,2024-01-22
5222,Week 4,2024-02-19
5222,Week 8,2024-03-18
5222,Week 12,2024-04-15
5223,Baseline,2024-06-22
5223,Week 4,2024-07-20
5223,Week 8,2024-08-17
5223,Week 12,2024-09-14
5224,Baseline,2024-01-07
5224,Week 4,2024-02-04
5224,Week 8,2024-03-03
5224,Week 12,2024-03-31
5225,Baseline,2024-01-06
5225,Week 4,2024-02-03
5225,Week 8,2024-03-02
5225,Week 12,2024-03-30
5226,Baseline,2024-05-18
5226,Week 4,2024-06-15
5226,Week 8,2024-07-13
5226,Week 12,2024-08-10
5227,Baseline,2024-05-13
5227,Week 4,2024-06-10
5227,Week 8,2024-07-08
5227,Week 12,2024-08-05
5228,Baseline,2024-05-08
5228,Week 4,2024-06-05
5228,Week 8,2024-07-03
5228,Week 12,2024-07-31
5229,Baseline,2024-04-17
5229,Week 4,2024-05-15
5229,Week 8,2024-06-12
5229,Week 12,2024-07-10
5230,Baseline,2024-06-23
5230,Week 4,2024-07-21
5230,Week 8,2024-08-18
5230,Week 12,2024-09-15
5231,Baseline,2024-01-19
5231,Week 4,2024-02-16
5231,Week 8,2024-03-15
5231,Week 12,2024-04-12
5232,Baseline,2024-02-23
5232,Week 4,2024-03-22
5232,Week 8,2024-04-19
5232,Week 12,2024-05-17
5233,Baseline,2024-06-02
5233,Week 4,2024-06-30
5233,Week 8,2024-07-28
5233,Week 12,2024-08-25
5234,Baseline,2024-05-11
5234,Week 4,2024-06-08
5234,Week 8,2024-07-06
5234,Week 12,2024-08-03
5235,Baseline,2024-02-19
5235,Week 4,2024-03-18
5235,Week 8,2024-04-15
5235,Week 12,2024-05-13
5236,Baseline,2024-05-11
5236,Week 4,2024-06-08
5236,Week 8,2024-07-06
5236,Week 12,2024-08-03
5237,Baseline,2024-03-08
5237,Week 4,2024-04-05
5237,Week 8,2024-05-03
5237,Week 12,2024-05-31
5238,Baseline,2024-01-02
5238,Week 4,2024-01-30
5238,Week 8,2024-02-27
5238,Week 12,2024-03-26
5239,Baseline,2024-02-27
5239,Week 4,2024-03-26
5239,Week 8,2024-04-23
5239,Week 12,2024-05-21
5240,Baseline,2024-06-12
5240,Week 4,2024-07-10
5240,Week 8,2024-08-07
5240,Week 12,2024-09-04
5241,Baseline,2024-05-08
5241,Week 4,2024-06-05
5241,Week 8,2024-07-03
5241,Week 12,2024-07-31
5242,Baseline,2024-02-05
5242,Week 4,2024-03-04
5242,Week 8,2024-04-01
5242,Week 12,2024-04-29
5243,Baseline,2024-06-11
5243,Week 4,2024-07-09
5243,Week 8,2024-08-06
5243,Week 12,2024-09-03
5244,Baseline,2024-04-07
5244,Week 4,2024-05-05
5244,Week 8,2024-06-02
5244,Week 12,2024-06-30
5245,Baseline,2024-04-22
5245,Week 4,2024-05-20
5245,Week 8,2024-06-17
5245,Week 12,2024-07-15
5246,Baseline,2024-06-05
5246,Week 4,2024-07-03
5246,Week 8,2024-07-31
5246,Week 12,2024-08-28
5247,Baseline,2024-05-19
5247,Week 4,2024-06-16
5247,Week 8,2024-07-14
5247,Week 12,2024-08-11
5248,Baseline,2024-06-07
5248,Week 4,2024-07-05
5248,Week 8,2024-08-02
5248,Week 12,2024-08-30
5249,Baseline,2024-04-19
5249,Week 4,2024-05-17
5249,Week 8,2024-06-14
5249,Week 12,2024-07-12
5250,Baseline,2024-01-26
5250,Week 4,2024-02-23
5250,Week 8,2024-03-22
5250,Week 12,2024-04-19
5251,Baseline,2024-01-06
5251,Week 4,2024-02-03
5251,Week 8,2024-03-02
5251,Week 12,2024-03-30
5252,Baseline,2024-04-14
5252,Week 4,2024-05-12
5252,Week 8,2024-06-09
5252,Week 12,2024-07-07
5253,Baseline,2024-06-17
5253,Week 4,2024-07-15
5253,Week 8,2024-08-12
5253,Week 12,2024-09-09
5254,Baseline,2024-05-21
5254,Week 4,2024-06-18
5254,Week 8,2024-07-16
5254,Week 12,2024-08-13
5255,Baseline,2024-05-17
5255,Week 4,2024-06-14
5255,Week 8,2024-07-12
5255,Week 12,2024-08-09
5256,Baseline,2024-05-04
5256,Week 4,2024-06-01
5256,Week 8,2024-06-29
5256,Week 12,2024-07-27
5257,Baseline,2024-02-26
5257,Week 4,2024-03-25
5257,Week 8,2024-04-22
5257,Week 12,2024-05-20
5258,Baseline,2024-02-07
5258,Week 4,2024-03-06
5258,Week 8,2024-04-03
5258,Week 12,2024-05-01
5259,Baseline,2024-02-13
5259,Week 4,2024-03-12
5259,Week 8,2024-04-09
5259,Week 12,2024-05-07
5260,Baseline,2024-03-10
5260,Week 4,2024-04-07
5260,Week 8,2024-05-05
5260,Week 12,2024-06-02
5261,Baseline,2024-04-22
5261,Week 4,2024-05-20
5261,Week 8,2024-06-17
5261,Week 12,2024-07-15
5262,Baseline,2024-06-26
5262,Week 4,2024-07-24
5262,Week 8,2024-08-21
5262,Week 12,2024-09-18
5263,Baseline,2024-01-22
5263,Week 4,2024-02-19
5263,Week 8,2024-03-18
5263,Week 12,2024-04-15
5264,Baseline,2024-02-17
5264,Week 4,2024-03-16
5264,Week 8,2024-04-13
5264,Week 12,2024-05-11
5265,Baseline,2024-02-11
5265,Week 4,2024-03-10
5265,Week 8,2024-04-07
5265,Week 12,2024-05-05
5266,Baseline,2024-06-03
5266,Week 4,2024-07-01
5266,Week 8,2024-07-29
5266,Week 12,2024-08-26
5267,Baseline,2024-04-18
5267,Week 4,2024-05-16
5267,Week 8,2024-06-13
5267,Week 12,2024-07-11
5268,Baseline,2024-02-05
5268,Week 4,2024-03-04
5268,Week 8,2024-04-01
5268,Week 12,2024-04-29
5269,Baseline,2024-03-27
5269,Week 4,2024-04-24
5269,Week 8,2024-05-22
5269,Week 12,2024-06-19
5270,Baseline,2024-02-26
5270,Week 4,2024-03-25
5270,Week 8,2024-04-22
5270,Week 12,2024-05-20
5271,Baseline,2024-05-10
5271,Week 4,2024-06-07
5271,Week 8,2024-07-05
5271,Week 12,2024-08-02
5272,Baseline,2024-04-12
5272,Week 4,2024-05-10
5272,Week 8,2024-06-07
5272,Week 12,2024-07-05
5273,Baseline,2024-05-30
5273,Week 4,2024-06-27
5273,Week 8,2024-07-25
5273,Week 12,2024-08-22
5274,Baseline,2024-04-02
5274,Week 4,2024-04-30
5274,Week 8,2024-05-28
5274,Week 12,2024-06-25
5275,Baseline,2024-02-09
5275,Week 4,2024-03-08
5275,Week 8,2024-04-05
5275,Week 12,2024-05-03
5276,Baseline,2024-06-13
5276,Week 4,2024-07-11
5276,Week 8,2024-08-08
5276,Week 12,2024-09-05
5277,Baseline,2024-01-05
5277,Week 4,2024-02-02
5277,Week 8,2024-03-01
5277,Week 12,2024-03-29
5278,Baseline,2024-06-14
5278,Week 4,2024-07-12
5278,Week 8,2024-08-09
5278,Week 12,2024-09-06
5279,Baseline,2024-05-27
5279,Week 4,2024-06-24
5279,Week 8,2024-07-22
5279,Week 12,2024-08-19
5280,Baseline,2024-01-17
5280,Week 4,2024-02-14
5280,Week 8,2024-03-13
5280,Week 12,2024-04-10
5281,Baseline,2024-05-12
5281,Week 4,2024-06-09
5281,Week 8,2024-07-07
5281,Week 12,2024-08-04
5282,Baseline,2024-01-18
5282,Week 4,2024-02-15
5282,Week 8,2024-03-14
5282,Week 12,2024-04-11
5283,Baseline,2024-06-19
5283,Week 4,2024-07-17
5283,Week 8,2024-08-14
5283,Week 12,2024-09-11
5284,Baseline,2024-01-11
5284,Week 4,2024-02-08
5284,Week 8,2024-03-07
5284,Week 12,2024-04-04
5285,Baseline,2024-04-16
5285,Week 4,2024-05-14
5285,Week 8,2024-06-11
5285,Week 12,2024-07-09
5286,Baseline,2024-01-16
5286,Week 4,2024-02-13
5286,Week 8,2024-03-12
5286,Week 12,2024-04-09
5287,Baseline,2024-01-10
5287,Week 4,2024-02-07
5287,Week 8,2024-03-06
5287,Week 12,2024-04-03
5288,Baseline,2024-04-12
5288,Week 4,2024-05-10
5288,Week 8,2024-06-07
5288,Week 12,2024-07-05
5289,Baseline,2024-06-15
5289,Week 4,2024-07-13
5289,Week 8,2024-08-10
5289,Week 12,2024-09-07
5290,Baseline,2024-03-28
5290,Week 4,2024-04-25
5290,Week 8,2024-05-23
5290,Week 12,2024-06-20
5291,Baseline,2024-04-16
5291,Week 4,2024-05-14
5291,Week 8,2024-06-11
5291,Week 12,2024-07-09
5292,Baseline,2024-04-13
5292,Week 4,2024-05-11
5292,Week 8,2024-06-08
5292,Week 12,2024-07-06
5293,Baseline,2024-03-19
5293,Week 4,2024-04-16
5293,Week 8,2024-05-14
5293,Week 12,2024-06-11
5294,Baseline,2024-01-16
5294,Week 4,2024-02-13
5294,Week 8,2024-03-12
5294,Week 12,2024-04-09
5295,Baseline,2024-06-25
5295,Week 4,2024-07-23
5295,Week 8,2024-08-20
5295,Week 12,2024-09-17
5296,Baseline,2024-06-12
5296,Week 4,2024-07-10
5296,Week 8,2024-08-07
5296,Week 12,2024-09-04
5297,Baseline,2024-02-11
5297,Week 4,2024-03-10
5297,Week 8,2024-04-07
5297,Week 12,2024-05-05
5298,Baseline,2024-02-27
5298,Week 4,2024-03-26
5298,Week 8,2024-04-23
5298,Week 12,2024-05-21
5299,Baseline,2024-02-26
5299,Week 4,2024-03-25
5299,Week 8,2024-04-22
5299,Week 12,2024-05-20
5300,Baseline,2024-06-11
5300,Week 4,2024-07-09
5300,Week 8,2024-08-06
5300,Week 12,2024-09-03
5301,Baseline,2024-05-18
5301,Week 4,2024-06-15
5301,Week 8,2024-07-13
5301,Week 12,2024-08-10
5302,Baseline,2024-04-14
5302,Week 4,2024-05-12
5302,Week 8,2024-06-09
5302,Week 12,2024-07-07
5303,Baseline,2024-05-21
5303,Week 4,2024-06-18
5303,Week 8,2024-07-16
5303,Week 12,2024-08-13
5304,Baseline,2024-04-17
5304,Week 4,2024-05-15
5304,Week 8,2024-06-12
5304,Week 12,2024-07-10
5305,Baseline,2024-05-26
5305,Week 4,2024-06-23
5305,Week 8,2024-07-21
5305,Week 12,2024-08-18
5306,Baseline,2024-06-23
5306,Week 4,2024-07-21
5306,Week 8,2024-08-18
5306,Week 12,2024-09-15
5307,Baseline,2024-05-17
5307,Week 4,2024-06-14
5307,Week 8,2024-07-12
5307,Week 12,2024-08-09
5308,Baseline,2024-04-21
5308,Week 4,2024-05-19
5308,Week 8,2024-06-16
5308,Week 12,2024-07-14
5309,Baseline,2024-05-17
5309,Week 4,2024-06-14
5309,Week 8,2024-07-12
5309,Week 12,2024-08-09
5310,Baseline,2024-04-30
5310,Week 4,2024-05-28
5310,Week 8,2024-06-25
5310,Week 12,2024-07-23
5311,Baseline,2024-05-15
5311,Week 4,2024-06-12
5311,Week 8,2024-07-10
5311,Week 12,2024-08-07
5312,Baseline,2024-04-17
5312,Week 4,2024-05-15
5312,Week 8,2024-06-12
5312,Week 12,2024-07-10
5313,Baseline,2024-01-19
5313,Week 4,2024-02-16
5313,Week 8,2024-03-15
5313,Week 12,2024-04-12
5314,Baseline,2024-05-14
5314,Week 4,2024-06-11
5314,Week 8,2024-07-09
5314,Week 12,2024-08-06
5315,Baseline,2024-03-25
5315,Week 4,2024-04-22
5315,Week 8,2024-05-20
5315,Week 12,2024-06-17
5316,Baseline,2024-04-19
5316,Week 4,2024-05-17
5316,Week 8,2024-06-14
5316,Week 12,2024-07-12
5317,Baseline,2024-06-20
5317,Week 4,2024-07-18
5317,Week 8,2024-08-15
5317,Week 12,2024-09-12
5318,Baseline,2024-01-08
5318,Week 4,2024-02-05
5318,Week 8,2024-03-04
5318,Week 12,2024-04-01
5319,Baseline,2024-05-02
5319,Week 4,2024-05-30
5319,Week 8,2024-06-27
5319,Week 12,2024-07-25
5320,Baseline,2024-03-31
5320,Week 4,2024-04-28
5320,Week 8,2024-05-26
5320,Week 12,2024-06-23
5321,Baseline,2024-05-18
5321,Week 4,2024-06-15
5321,Week 8,2024-07-13
5321,Week 12,2024-08-10
5322,Baseline,2024-05-30
5322,Week 4,2024-06-27
5322,Week 8,2024-07-25
5322,Week 12,2024-08-22
5323,Baseline,2024-01-08
5323,Week 4,2024-02-05
5323,Week 8,2024-03-04
5323,Week 12,2024-04-01
5324,Baseline,2024-05-28
5324,Week 4,2024-06-25
5324,Week 8,2024-07-23
5324,Week 12,2024-08-20
5325,Baseline,2024-01-30
5325,Week 4,2024-02-27
5325,Week 8,2024-03-26
5325,Week 12,2024-04-23
5326,Baseline,2024-06-20
5326,Week 4,2024-07-18
5326,Week 8,2024-08-15
5326,Week 12,2024-09-12
5327,Baseline,2024-01-06
5327,Week 4,2024-02-03
5327,Week 8,2024-03-02
5327,Week 12,2024-03-30
5328,Baseline,2024-04-03
5328,Week 4,2024-05-01
5328,Week 8,2024-05-29
5328,Week 12,2024-06-26
5329,Baseline,2024-01-04
5329,Week 4,2024-02-01
5329,Week 8,2024-02-29
5329,Week 12,2024-03-28
5330,Baseline,2024-06-23
5330,Week 4,2024-07-21
5330,Week 8,2024-08-18
5330,Week 12,2024-09-15
5331,Baseline,2024-02-28
5331,Week 4,2024-03-27
5331,Week 8,2024-04-24
5331,Week 12,2024-05-22
5332,Baseline,2024-03-12
5332,Week 4,2024-04-09
5332,Week 8,2024-05-07
5332,Week 12,2024-06-04
5333,Baseline,2024-03-01
5333,Week 4,2024-03-29
5333,Week 8,2024-04-26
5333,Week 12,2024-05-24
5334,Baseline,2024-05-11
5334,Week 4,2024-06-08
5334,Week 8,2024-07-06
5334,Week 12,2024-08-03
5335,Baseline,2024-02-20
5335,Week 4,2024-03-19
5335,Week 8,2024-04-16
5335,Week 12,2024-05-14
5336,Baseline,2024-03-02
5336,Week 4,2024-03-30
5336,Week 8,2024-04-27
5336,Week 12,2024-05-25
5337,Baseline,2024-03-30
5337,Week 4,2024-04-27
5337,Week 8,2024-05-25
5337,Week 12,2024-06-22
5338,Baseline,2024-02-10
5338,Week 4,2024-03-09
5338,Week 8,2024-04-06
5338,Week 12,2024-05-04
5339,Baseline,2024-01-18
5339,Week 4,2024-02-15
5339,Week 8,2024-03-14
5339,Week 12,2024-04-11
5340,Baseline,2024-01-04
5340,Week 4,2024-02-01
5340,Week 8,2024-02-29
5340,Week 12,2024-03-28
5341,Baseline,2024-03-05
5341,Week 4,2024-04-02
5341,Week 8,2024-04-30
5341,Week 12,2024-05-28
5342,Baseline,2024-02-16
5342,Week 4,2024-03-15
5342,Week 8,2024-04-12
5342,Week 12,2024-05-10
5343,Baseline,2024-05-04
5343,Week 4,2024-06-01
5343,Week 8,2024-06-29
5343,Week 12,2024-07-27
5344,Baseline,2024-03-24
5344,Week 4,2024-04-21
5344,Week 8,2024-05-19
5344,Week 12,2024-06-16
5345,Baseline,2024-02-24
5345,Week 4,2024-03-23
5345,Week 8,2024-04-20
5345,Week 12,2024-05-18
5346,Baseline,2024-02-17
5346,Week 4,2024-03-16
5346,Week 8,2024-04-13
5346,Week 12,2024-05-11
5347,Baseline,2024-01-20
5347,Week 4,2024-02-17
5347,Week 8,2024-03-16
5347,Week 12,2024-04-13
5348,Baseline,2024-02-23
5348,Week 4,2024-03-22
5348,Week 8,2024-04-19
5348,Week 12,2024-05-17
5349,Baseline,2024-06-08
5349,Week 4,2024-07-06
5349,Week 8,2024-08-03
5349,Week 12,2024-08-31
5350,Baseline,2024-03-26
5350,Week 4,2024-04-23
5350,Week 8,2024-05-21
5350,Week 12,2024-06-18
5351,Baseline,2024-05-30
5351,Week 4,2024-06-27
5351,Week 8,2024-07-25
5351,Week 12,2024-08-22
5352,Baseline,2024-02-07
5352,Week 4,2024-03-06
5352,Week 8,2024-04-03
5352,Week 12,2024-05-01
5353,Baseline,2024-06-04
5353,Week 4,2024-07-02
5353,Week 8,2024-07-30
5353,Week 12,2024-08-27
5354,Baseline,2024-03-02
5354,Week 4,2024-03-30
5354,Week 8,2024-04-27
5354,Week 12,2024-05-25
5355,Baseline,2024-05-25
5355,Week 4,2024-06-22
5355,Week 8,2024-07-20
5355,Week 12,2024-08-17
5356,Baseline,2024-02-20
5356,Week 4,2024-03-19
5356,Week 8,2024-04-16
5356,Week 12,2024-05-14
5357,Baseline,2024-02-09
5357,Week 4,2024-03-08
5357,Week 8,2024-04-05
5357,Week 12,2024-05-03
5358,Baseline,2024-02-25
5358,Week 4,2024-03-24
5358,Week 8,2024-04-21
5358,Week 12,2024-05-19
5359,Baseline,2024-02-04
5359,Week 4,2024-03-03
5359,Week 8,2024-03-31
5359,Week 12,2024-04-28
5360,Baseline,2024-03-03
5360,Week 4,2024-03-31
5360,Week 8,2024-04-28
5360,Week 12,2024-05-26
5361,Baseline,2024-05-14
5361,Week 4,2024-06-11
5361,Week 8,2024-07-09
5361,Week 12,2024-08-06
5362,Baseline,2024-04-06
5362,Week 4,2024-05-04
5362,Week 8,2024-06-01
5362,Week 12,2024-06-29
5363,Baseline,2024-05-26
5363,Week 4,2024-06-23
5363,Week 8,2024-07-21
5363,Week 12,2024-08-18
5364,Baseline,2024-05-03
5364,Week 4,2024-05-31
5364,Week 8,2024-06-28
5364,Week 12,2024-07-26
5365,Baseline,2024-05-06
5365,Week 4,2024-06-03
5365,Week 8,2024-07-01
5365,Week 12,2024-07-29
5366,Baseline,2024-06-04
5366,Week 4,2024-07-02
5366,Week 8,2024-07-30
5366,Week 12,2024-08-27
5367,Baseline,2024-02-29
5367,Week 4,2024-03-28
5367,Week 8,2024-04-25
5367,Week 12,2024-05-23
5368,Baseline,2024-01-03
5368,Week 4,2024-01-31
5368,Week 8,2024-02-28
5368,Week 12,2024-03-27
5369,Baseline,2024-02-16
5369,Week 4,2024-03-15
5369,Week 8,2024-04-12
5369,Week 12,2024-05-10
5370,Baseline,2024-05-15
5370,Week 4,2024-06-12
5370,Week 8,2024-07-10
5370,Week 12,2024-08-07
5371,Baseline,2024-04-25
5371,Week 4,2024-05-23
5371,Week 8,2024-06-20
5371,Week 12,2024-07-18
5372,Baseline,2024-02-10
5372,Week 4,2024-03-09
5372,Week 8,2024-04-06
5372,Week 12,2024-05-04
5373,Baseline,2024-01-16
5373,Week 4,2024-02-13
5373,Week 8,2024-03-12
5373,Week 12,2024-04-09
5374,Baseline,2024-06-18
5374,Week 4,2024-07-16
5374,Week 8,2024-08-13
5374,Week 12,2024-09-10
5375,Baseline,2024-03-10
5375,Week 4,2024-04-07
5375,Week 8,2024-05-05
5375,Week 12,2024-06-02
5376,Baseline,2024-03-22
5376,Week 4,2024-04-19
5376,Week 8,2024-05-17
5376,Week 12,2024-06-14
5377,Baseline,2024-02-16
5377,Week 4,2024-03-15
5377,Week 8,2024-04-12
5377,Week 12,2024-05-10
5378,Baseline,2024-03-30
5378,Week 4,2024-04-27
5378,Week 8,2024-05-25
5378,Week 12,2024-06-22
5379,Baseline,2024-04-19
5379,Week 4,2024-05-17
5379,Week 8,2024-06-14
5379,Week 12,2024-07-12
5380,Baseline,2024-03-31
5380,Week 4,2024-04-28
5380,Week 8,2024-05-26
5380,Week 12,2024-06-23
5381,Baseline,2024-04-19
5381,Week 4,2024-05-17
5381,Week 8,2024-06-14
5381,Week 12,2024-07-12
5382,Baseline,2024-04-04
5382,Week 4,2024-05-02
5382,Week 8,2024-05-30
5382,Week 12,2024-06-27
5383,Baseline,2024-05-07
5383,Week 4,2024-06-04
5383,Week 8,2024-07-02
5383,Week 12,2024-07-30
5384,Baseline,2024-06-27
5384,Week 4,2024-07-25
5384,Week 8,2024-08-22
5384,Week 12,2024-09-19
5385,Baseline,2024-06-19
5385,Week 4,2024-07-17
5385,Week 8,2024-08-14
5385,Week 12,2024-09-11
5386,Baseline,2024-03-24
5386,Week 4,2024-04-21
5386,Week 8,2024-05-19
5386,Week 12,2024-06-16
5387,Baseline,2024-01-26
5387,Week 4,2024-02-23
5387,Week 8,2024-03-22
5387,Week 12,2024-04-19
5388,Baseline,2024-06-16
5388,Week 4,2024-07-14
5388,Week 8,2024-08-11
5388,Week 12,2024-09-08
5389,Baseline,2024-06-25
5389,Week 4,2024-07-23
5389,Week 8,2024-08-20
5389,Week 12,2024-09-17
5390,Baseline,2024-04-14
5390,Week 4,2024-05-12
5390,Week 8,2024-06-09
5390,Week 12,2024-07-07
5391,Baseline,2024-05-13
5391,Week 4,2024-06-10
5391,Week 8,2024-07-08
5391,Week 12,2024-08-05
5392,Baseline,2024-03-23
5392,Week 4,2024-04-20
5392,Week 8,2024-05-18
5392,Week 12,2024-06-15
5393,Baseline,2024-04-13
5393,Week 4,2024-05-11
5393,Week 8,2024-06-08
5393,Week 12,2024-07-06
5394,Baseline,2024-03-01
5394,Week 4,2024-03-29
5394,Week 8,2024-04-26
5394,Week 12,2024-05-24
5395,Baseline,2024-05-31
5395,Week 4,2024-06-28
5395,Week 8,2024-07-26
5395,Week 12,2024-08-23
5396,Baseline,2024-02-29
5396,Week 4,2024-03-28
5396,Week 8,2024-04-25
5396,Week 12,2024-05-23
5397,Baseline,2024-06-21
5397,Week 4,2024-07-19
5397,Week 8,2024-08-16
5397,Week 12,2024-09-13
5398,Baseline,2024-02-27
5398,Week 4,2024-03-26
5398,Week 8,2024-04-23
5398,Week 12,2024-05-21
5399,Baseline,2024-06-19
5399,Week 4,2024-07-17
5399,Week 8,2024-08-14
5399,Week 12,2024-09-11
5400,Baseline,2024-03-21
5400,Week 4,2024-04-18
5400,Week 8,2024-05-16
5400,Week 12,2024-06-13
5401,Baseline,2024-01-17
5401,Week 4,2024-02-14
5401,Week 8,2024-03-13
5401,Week 12,2024-04-10
5402,Baseline,2024-03-24
5402,Week 4,2024-04-21
5402,Week 8,2024-05-19
5402,Week 12,2024-06-16
5403,Baseline,2024-06-17
5403,Week 4,2024-07-15
5403,Week 8,2024-08-12
5403,Week 12,2024-09-09
5404,Baseline,2024-04-16
5404,Week 4,2024-05-14
5404,Week 8,2024-06-11
5404,Week 12,2024-07-09
5405,Baseline,2024-06-07
5405,Week 4,2024-07-05
5405,Week 8,2024-08-02
5405,Week 12,2024-08-30
5406,Baseline,2024-05-06
5406,Week 4,2024-06-03
5406,Week 8,2024-07-01
5406,Week 12,2024-07-29
5407,Baseline,2024-03-22
5407,Week 4,2024-04-19
5407,Week 8,2024-05-17
5407,Week 12,2024-06-14
5408,Baseline,2024-01-18
5408,Week 4,2024-02-15
5408,Week 8,2024-03-14
5408,Week 12,2024-04-11
5409,Baseline,2024-02-05
5409,Week 4,2024-03-04
5409,Week 8,2024-04-01
5409,Week 12,2024-04-29
5410,Baseline,2024-04-13
5410,Week 4,2024-05-11
5410,Week 8,2024-06-08
5410,Week 12,2024-07-06
5411,Baseline,2024-02-10
5411,Week 4,2024-03-09
5411,Week 8,2024-04-06
5411,Week 12,2024-05-04
5412,Baseline,2024-06-15
5412,Week 4,2024-07-13
5412,Week 8,2024-08-10
5412,Week 12,2024-09-07
5413,Baseline,2024-02-12
5413,Week 4,2024-03-11
5413,Week 8,2024-04-08
5413,Week 12,2024-05-06
5414,Baseline,2024-04-10
5414,Week 4,2024-05-08
5414,Week 8,2024-06-05
5414,Week 12,2024-07-03
5415,Baseline,2024-01-08
5415,Week 4,2024-02-05
5415,Week 8,2024-03-04
5415,Week 12,2024-04-01
5416,Baseline,2024-02-06
5416,Week 4,2024-03-05
5416,Week 8,2024-04-02
5416,Week 12,2024-04-30
5417,Baseline,2024-05-29
5417,Week 4,2024-06-26
5417,Week 8,2024-07-24
5417,Week 12,2024-08-21
5418,Baseline,2024-03-18
5418,Week 4,2024-04-15
5418,Week 8,2024-05-13
5418,Week 12,2024-06-10
5419,Baseline,2024-05-05
5419,Week 4,2024-06-02
5419,Week 8,2024-06-30
5419,Week 12,2024-07-28
5420,Baseline,2024-06-18
5420,Week 4,2024-07-16
5420,Week 8,2024-08-13
5420,Week 12,2024-09-10
5421,Baseline,2024-04-21
5421,Week 4,2024-05-19
5421,Week 8,2024-06-16
5421,Week 12,2024-07-14
5422,Baseline,2024-03-15
5422,Week 4,2024-04-12
5422,Week 8,2024-05-10
5422,Week 12,2024-06-07
5423,Baseline,2024-05-19
5423,Week 4,2024-06-16
5423,Week 8,2024-07-14
5423,Week 12,2024-08-11
5424,Baseline,2024-01-25
5424,Week 4,2024-02-22
5424,Week 8,2024-03-21
5424,Week 12,2024-04-18
5425,Baseline,2024-05-12
5425,Week 4,2024-06-09
5425,Week 8,2024-07-07
5425,Week 12,2024-08-04
5426,Baseline,2024-06-12
5426,Week 4,2024-07-10
5426,Week 8,2024-08-07
5426,Week 12,2024-09-04
5427,Baseline,2024-04-28
5427,Week 4,2024-05-26
5427,Week 8,2024-06-23
5427,Week 12,2024-07-21
5428,Baseline,2024-03-18
5428,Week 4,2024-04-15
5428,Week 8,2024-05-13
5428,Week 12,2024-06-10
5429,Baseline,2024-05-01
5429,Week 4,2024-05-29
5429,Week 8,2024-06-26
5429,Week 12,2024-07-24
5430,Baseline,2024-02-23
5430,Week 4,2024-03-22
5430,Week 8,2024-04-19
5430,Week 12,2024-05-17
5431,Baseline,2024-02-12
5431,Week 4,2024-03-11
5431,Week 8,2024-04-08
5431,Week 12,2024-05-06
5432,Baseline,2024-01-26
5432,Week 4,2024-02-23
5432,Week 8,2024-03-22
5432,Week 12,2024-04-19
5433,Baseline,2024-01-13
5433,Week 4,2024-02-10
5433,Week 8,2024-03-09
5433,Week 12,2024-04-06
5434,Baseline,2024-02-01
5434,Week 4,2024-02-29
5434,Week 8,2024-03-28
5434,Week 12,2024-04-25
5435,Baseline,2024-02-25
5435,Week 4,2024-03-24
5435,Week 8,2024-04-21
5435,Week 12,2024-05-19
5436,Baseline,2024-05-17
5436,Week 4,2024-06-14
5436,Week 8,2024-07-12
5436,Week 12,2024-08-09
5437,Baseline,2024-04-30
5437,Week 4,2024-05-28
5437,Week 8,2024-06-25
5437,Week 12,2024-07-23
5438,Baseline,2024-06-04
5438,Week 4,2024-07-02
5438,Week 8,2024-07-30
5438,Week 12,2024-08-27
5439,Baseline,2024-03-17
5439,Week 4,2024-04-14
5439,Week 8,2024-05-12
5439,Week 12,2024-06-09
5440,Baseline,2024-02-21
5440,Week 4,2024-03-20
5440,Week 8,2024-04-17
5440,Week 12,2024-05-15
5441,Baseline,2024-02-03
5441,Week 4,2024-03-02
5441,Week 8,2024-03-30
5441,Week 12,2024-04-27
5442,Baseline,2024-04-26
5442,Week 4,2024-05-24
5442,Week 8,2024-06-21
5442,Week 12,2024-07-19
5443,Baseline,2024-02-13
5443,Week 4,2024-03-12
5443,Week 8,2024-04-09
5443,Week 12,2024-05-07
5444,Baseline,2024-05-26
5444,Week 4,2024-06-23
5444,Week 8,2024-07-21
5444,Week 12,2024-08-18
5445,Baseline,2024-03-27
5445,Week 4,2024-04-24
5445,Week 8,2024-05-22
5445,Week 12,2024-06-19
5446,Baseline,2024-01-18
5446,Week 4,2024-02-15
5446,Week 8,2024-03-14
5446,Week 12,2024-04-11
5447,Baseline,2024-02-07
5447,Week 4,2024-03-06
5447,Week 8,2024-04-03
5447,Week 12,2024-05-01
5448,Baseline,2024-06-18
5448,Week 4,2024-07-16
5448,Week 8,2024-08-13
5448,Week 12,2024-09-10
5449,Baseline,2024-03-26
5449,Week 4,2024-04-23
5449,Week 8,2024-05-21
5449,Week 12,2024-06-18
5450,Baseline,2024-03-17
5450,Week 4,2024-04-14
5450,Week 8,2024-05-12
5450,Week 12,2024-06-09
5451,Baseline,2024-03-29
5451,Week 4,2024-04-26
5451,Week 8,2024-05-24
5451,Week 12,2024-06-21
5452,Baseline,2024-06-21
5452,Week 4,2024-07-19
5452,Week 8,2024-08-16
5452,Week 12,2024-09-13
5453,Baseline,2024-04-29
5453,Week 4,2024-05-27
5453,Week 8,2024-06-24
5453,Week 12,2024-07-22
5454,Baseline,2024-03-13
5454,Week 4,2024-04-10
5454,Week 8,2024-05-08
5454,Week 12,2024-06-05
5455,Baseline,2024-01-29
5455,Week 4,2024-02-26
5455,Week 8,2024-03-25
5455,Week 12,2024-04-22
5456,Baseline,2024-03-21
5456,Week 4,2024-04-18
5456,Week 8,2024-05-16
5456,Week 12,2024-06-13
5457,Baseline,2024-01-26
5457,Week 4,2024-02-23
5457,Week 8,2024-03-22
5457,Week 12,2024-04-19
5458,Baseline,2024-01-12
5458,Week 4,2024-02-09
5458,Week 8,2024-03-08
5458,Week 12,2024-04-05
5459,Baseline,2024-06-05
5459,Week 4,2024-07-03
5459,Week 8,2024-07-31
5459,Week 12,2024-08-28
5460,Baseline,2024-03-03
5460,Week 4,2024-03-31
5460,Week 8,2024-04-28
5460,Week 12,2024-05-26
5461,Baseline,2024-04-26
5461,Week 4,2024-05-24
5461,Week 8,2024-06-21
5461,Week 12,2024-07-19
5462,Baseline,2024-01-06
5462,Week 4,2024-02-03
5462,Week 8,2024-03-02
5462,Week 12,2024-03-30
5463,Baseline,2024-05-16
5463,Week 4,2024-06-13
5463,Week 8,2024-07-11
5463,Week 12,2024-08-08
5464,Baseline,2024-06-13
5464,Week 4,2024-07-11
5464,Week 8,2024-08-08
5464,Week 12,2024-09-05
5465,Baseline,2024-05-04
5465,Week 4,2024-06-01
5465,Week 8,2024-06-29
5465,Week 12,2024-07-27
5466,Baseline,2024-03-09
5466,Week 4,2024-04-06
5466,Week 8,2024-05-04
5466,Week 12,2024-06-01
5467,Baseline,2024-03-10
5467,Week 4,2024-04-07
5467,Week 8,2024-05-05
5467,Week 12,2024-06-02
5468,Baseline,2024-04-03
5468,Week 4,2024-05-01
5468,Week 8,2024-05-29
5468,Week 12,2024-06-26
5469,Baseline,2024-04-02
5469,Week 4,2024-04-30
5469,Week 8,2024-05-28
5469,Week 12,2024-06-25
5470,Baseline,2024-05-20
5470,Week 4,2024-06-17
5470,Week 8,2024-07-15
5470,Week 12,2024-08-12
5471,Baseline,2024-01-24
5471,Week 4,2024-02-21
5471,Week 8,2024-03-20
5471,Week 12,2024-04-17
5472,Baseline,2024-05-06
5472,Week 4,2024-06-03
5472,Week 8,2024-07-01
5472,Week 12,2024-07-29
5473,Baseline,2024-05-25
5473,Week 4,2024-06-22
5473,Week 8,2024-07-20
5473,Week 12,2024-08-17
5474,Baseline,2024-04-10
5474,Week 4,2024-05-08
5474,Week 8,2024-06-05
5474,Week 12,2024-07-03
5475,Baseline,2024-05-29
5475,Week 4,2024-06-26
5475,Week 8,2024-07-24
5475,Week 12,2024-08-21
5476,Baseline,2024-01-30
5476,Week 4,2024-02-27
5476,Week 8,2024-03-26
5476,Week 12,2024-04-23
5477,Baseline,2024-06-02
5477,Week 4,2024-06-30
5477,Week 8,2024-07-28
5477,Week 12,2024-08-25
5478,Baseline,2024-03-15
5478,Week 4,2024-04-12
5478,Week 8,2024-05-10
5478,Week 12,2024-06-07
5479,Baseline,2024-02-06
5479,Week 4,2024-03-05
5479,Week 8,2024-04-02
5479,Week 12,2024-04-30
5480,Baseline,2024-06-17
5480,Week 4,2024-07-15
5480,Week 8,2024-08-12
5480,Week 12,2024-09-09
5481,Baseline,2024-04-07
5481,Week 4,2024-05-05
5481,Week 8,2024-06-02
5481,Week 12,2024-06-30
5482,Baseline,2024-01-24
5482,Week 4,2024-02-21
5482,Week 8,2024-03-20
5482,Week 12,2024-04-17
5483,Baseline,2024-06-20
5483,Week 4,2024-07-18
5483,Week 8,2024-08-15
5483,Week 12,2024-09-12
5484,Baseline,2024-05-19
5484,Week 4,2024-06-16
5484,Week 8,2024-07-14
5484,Week 12,2024-08-11
5485,Baseline,2024-05-26
5485,Week 4,2024-06-23
5485,Week 8,2024-07-21
5485,Week 12,2024-08-18
5486,Baseline,2024-01-16
5486,Week 4,2024-02-13
5486,Week 8,2024-03-12
5486,Week 12,2024-04-09
5487,Baseline,2024-05-16
5487,Week 4,2024-06-13
5487,Week 8,2024-07-11
5487,Week 12,2024-08-08
5488,Baseline,2024-02-04
5488,Week 4,2024-03-03
5488,Week 8,2024-03-31
5488,Week 12,2024-04-28
5489,Baseline,2024-06-01
5489,Week 4,2024-06-29
5489,Week 8,2024-07-27
5489,Week 12,2024-08-24
5490,Baseline,2024-03-12
5490,Week 4,2024-04-09
5490,Week 8,2024-05-07
5490,Week 12,2024-06-04
5491,Baseline,2024-05-17
5491,Week 4,2024-06-14
5491,Week 8,2024-07-12
5491,Week 12,2024-08-09
5492,Baseline,2024-03-31
5492,Week 4,2024-04-28
5492,Week 8,2024-05-26
5492,Week 12,2024-06-23
5493,Baseline,2024-05-13
5493,Week 4,2024-06-10
5493,Week 8,2024-07-08
5493,Week 12,2024-08-05
5494,Baseline,2024-06-14
5494,Week 4,2024-07-12
5494,Week 8,2024-08-09
5494,Week 12,2024-09-06
5495,Baseline,2024-01-17
5495,Week 4,2024-02-14
5495,Week 8,2024-03-13
5495,Week 12,2024-04-10
5496,Baseline,2024-05-27
5496,Week 4,2024-06-24
5496,Week 8,2024-07-22
5496,Week 12,2024-08-19
5497,Baseline,2024-04-25
5497,Week 4,2024-05-23
5497,Week 8,2024-06-20
5497,Week 12,2024-07-18
5498,Baseline,2024-04-03
5498,Week 4,2024-05-01
5498,Week 8,2024-05-29
5498,Week 12,2024-06-26
5499,Baseline,2024-01-14
5499,Week 4,2024-02-11
5499,Week 8,2024-03-10
5499,Week 12,2024-04-07
5500,Baseline,2024-03-18
5500,Week 4,2024-04-15
5500,Week 8,2024-05-13
5500,Week 12,2024-06-10
5501,Baseline,2024-02-17
5501,Week 4,2024-03-16
5501,Week 8,2024-04-13
5501,Week 12,2024-05-11
5502,Baseline,2024-06-01
5502,Week 4,2024-06-29
5502,Week 8,2024-07-27
5502,Week 12,2024-08-24
5503,Baseline,2024-02-19
5503,Week 4,2024-03-18
5503,Week 8,2024-04-15
5503,Week 12,2024-05-13
5504,Baseline,2024-06-12
5504,Week 4,2024-07-10
5504,Week 8,2024-08-07
5504,Week 12,2024-09-04
5505,Baseline,2024-05-29
5505,Week 4,2024-06-26
5505,Week 8,2024-07-24
5505,Week 12,2024-08-21
5506,Baseline,2024-04-05
5506,Week 4,2024-05-03
5506,Week 8,2024-05-31
5506,Week 12,2024-06-28
5507,Baseline,2024-05-26
5507,Week 4,2024-06-23
5507,Week 8,2024-07-21
5507,Week 12,2024-08-18
5508,Baseline,2024-05-17
5508,Week 4,2024-06-14
5508,Week 8,2024-07-12
5508,Week 12,2024-08-09
5509,Baseline,2024-02-06
5509,Week 4,2024-03-05
5509,Week 8,2024-04-02
5509,Week 12,2024-04-30
5510,Baseline,2024-05-04
5510,Week 4,2024-06-01
5510,Week 8,2024-06-29
5510,Week 12,2024-07-27
5511,Baseline,2024-06-28
5511,Week 4,2024-07-26
5511,Week 8,2024-08-23
5511,Week 12,2024-09-20
5512,Baseline,2024-04-29
5512,Week 4,2024-05-27
5512,Week 8,2024-06-24
5512,Week 12,2024-07-22
5513,Baseline,2024-05-02
5513,Week 4,2024-05-30
5513,Week 8,2024-06-27
5513,Week 12,2024-07-25
5514,Baseline,2024-01-01
5514,Week 4,2024-01-29
5514,Week 8,2024-02-26
5514,Week 12,2024-03-25
5515,Baseline,2024-01-06
5515,Week 4,2024-02-03
5515,Week 8,2024-03-02
5515,Week 12,2024-03-30
5516,Baseline,2024-04-15
5516,Week 4,2024-05-13
5516,Week 8,2024-06-10
5516,Week 12,2024-07-08
5517,Baseline,2024-06-22
5517,Week 4,2024-07-20
5517,Week 8,2024-08-17
5517,Week 12,2024-09-14
5518,Baseline,2024-01-09
5518,Week 4,2024-02-06
5518,Week 8,2024-03-05
5518,Week 12,2024-04-02
5519,Baseline,2024-02-17
5519,Week 4,2024-03-16
5519,Week 8,2024-04-13
5519,Week 12,2024-05-11
5520,Baseline,2024-02-04
5520,Week 4,2024-03-03
5520,Week 8,2024-03-31
5520,Week 12,2024-04-28
5521,Baseline,2024-05-30
5521,Week 4,2024-06-27
5521,Week 8,2024-07-25
5521,Week 12,2024-08-22
5522,Baseline,2024-06-18
5522,Week 4,2024-07-16
5522,Week 8,2024-08-13
5522,Week 12,2024-09-10
5523,Baseline,2024-02-14
5523,Week 4,2024-03-13
5523,Week 8,2024-04-10
5523,Week 12,2024-05-08
5524,Baseline,2024-01-23
5524,Week 4,2024-02-20
5524,Week 8,2024-03-19
5524,Week 12,2024-04-16
5525,Baseline,2024-03-25
5525,Week 4,2024-04-22
5525,Week 8,2024-05-20
5525,Week 12,2024-06-17
5526,Baseline,2024-04-25
5526,Week 4,2024-05-23
5526,Week 8,2024-06-20
5526,Week 12,2024-07-18
5527,Baseline,2024-01-31
5527,Week 4,2024-02-28
5527,Week 8,2024-03-27
5527,Week 12,2024-04-24
5528,Baseline,2024-02-17
5528,Week 4,2024-03-16
5528,Week 8,2024-04-13
5528,Week 12,2024-05-11
5529,Baseline,2024-06-16
5529,Week 4,2024-07-14
5529,Week 8,2024-08-11
5529,Week 12,2024-09-08
5530,Baseline,2024-04-25
5530,Week 4,2024-05-23
5530,Week 8,2024-06-20
5530,Week 12,2024-07-18
5531,Baseline,2024-01-26
5531,Week 4,2024-02-23
5531,Week 8,2024-03-22
5531,Week 12,2024-04-19
5532,Baseline,2024-01-22
5532,Week 4,2024-02-19
5532,Week 8,2024-03-18
5532,Week 12,2024-04-15
5533,Baseline,2024-01-30
5533,Week 4,2024-02-27
5533,Week 8,2024-03-26
5533,Week 12,2024-04-23
5534,Baseline,2024-02-15
5534,Week 4,2024-03-14
5534,Week 8,2024-04-11
5534,Week 12,2024-05-09
5535,Baseline,2024-03-30
5535,Week 4,2024-04-27
5535,Week 8,2024-05-25
5535,Week 12,2024-06-22
5536,Baseline,2024-02-28
5536,Week 4,2024-03-27
5536,Week 8,2024-04-24
5536,Week 12,2024-05-22
5537,Baseline,2024-04-04
5537,Week 4,2024-05-02
5537,Week 8,2024-05-30
5537,Week 12,2024-06-27
5538,Baseline,2024-04-11
5538,Week 4,2024-05-09
5538,Week 8,2024-06-06
5538,Week 12,2024-07-04
5539,Baseline,2024-04-04
5539,Week 4,2024-05-02
5539,Week 8,2024-05-30
5539,Week 12,2024-06-27
5540,Baseline,2024-04-26
5540,Week 4,2024-05-24
5540,Week 8,2024-06-21
5540,Week 12,2024-07-19
5541,Baseline,2024-05-10
5541,Week 4,2024-06-07
5541,Week 8,2024-07-05
5541,Week 12,2024-08-02
5542,Baseline,2024-06-20
5542,Week 4,2024-07-18
5542,Week 8,2024-08-15
5542,Week 12,2024-09-12
5543,Baseline,2024-04-23
5543,Week 4,2024-05-21
5543,Week 8,2024-06-18
5543,Week 12,2024-07-16
5544,Baseline,2024-01-21
5544,Week 4,2024-02-18
5544,Week 8,2024-03-17
5544,Week 12,2024-04-14
5545,Baseline,2024-05-11
5545,Week 4,2024-06-08
5545,Week 8,2024-07-06
5545,Week 12,2024-08-03
5546,Baseline,2024-05-17
5546,Week 4,2024-06-14
5546,Week 8,2024-07-12
5546,Week 12,2024-08-09
5547,Baseline,2024-04-08
5547,Week 4,2024-05-06
5547,Week 8,2024-06-03
5547,Week 12,2024-07-01
5548,Baseline,2024-05-21
5548,Week 4,2024-06-18
5548,Week 8,2024-07-16
5548,Week 12,2024-08-13
5549,Baseline,2024-06-13
5549,Week 4,2024-07-11
5549,Week 8,2024-08-08
5549,Week 12,2024-09-05
5550,Baseline,2024-04-16
5550,Week 4,2024-05-14
5550,Week 8,2024-06-11
5550,Week 12,2024-07-09
5551,Baseline,2024-02-27
5551,Week 4,2024-03-26
5551,Week 8,2024-04-23
5551,Week 12,2024-05-21
5552,Baseline,2024-06-19
5552,Week 4,2024-07-17
5552,Week 8,2024-08-14
5552,Week 12,2024-09-11
5553,Baseline,2024-05-27
5553,Week 4,2024-06-24
5553,Week 8,2024-07-22
5553,Week 12,2024-08-19
5554,Baseline,2024-03-01
5554,Week 4,2024-03-29
5554,Week 8,2024-04-26
5554,Week 12,2024-05-24
5555,Baseline,2024-01-29
5555,Week 4,2024-02-26
5555,Week 8,2024-03-25
5555,Week 12,2024-04-22
5556,Baseline,2024-03-24
5556,Week 4,2024-04-21
5556,Week 8,2024-05-19
5556,Week 12,2024-06-16
5557,Baseline,2024-02-05
5557,Week 4,2024-03-04
5557,Week 8,2024-04-01
5557,Week 12,2024-04-29
5558,Baseline,2024-02-05
5558,Week 4,2024-03-04
5558,Week 8,2024-04-01
5558,Week 12,2024-04-29
5559,Baseline,2024-03-13
5559,Week 4,2024-04-10
5559,Week 8,2024-05-08
5559,Week 12,2024-06-05
5560,Baseline,2024-02-11
5560,Week 4,2024-03-10
5560,Week 8,2024-04-07
5560,Week 12,2024-05-05
5561,Baseline,2024-02-05
5561,Week 4,2024-03-04
5561,Week 8,2024-04-01
5561,Week 12,2024-04-29
5562,Baseline,2024-06-06
5562,Week 4,2024-07-04
5562,Week 8,2024-08-01
5562,Week 12,2024-08-29
5563,Baseline,2024-04-15
5563,Week 4,2024-05-13
5563,Week 8,2024-06-10
5563,Week 12,2024-07-08
5564,Baseline,2024-02-02
5564,Week 4,2024-03-01
5564,Week 8,2024-03-29
5564,Week 12,2024-04-26
5565,Baseline,2024-03-27
5565,Week 4,2024-04-24
5565,Week 8,2024-05-22
5565,Week 12,2024-06-19
5566,Baseline,2024-05-01
5566,Week 4,2024-05-29
5566,Week 8,2024-06-26
5566,Week 12,2024-07-24
5567,Baseline,2024-06-08
5567,Week 4,2024-07-06
5567,Week 8,2024-08-03
5567,Week 12,2024-08-31
5568,Baseline,2024-03-17
5568,Week 4,2024-04-14
5568,Week 8,2024-05-12
5568,Week 12,2024-06-09
5569,Baseline,2024-06-17
5569,Week 4,2024-07-15
5569,Week 8,2024-08-12
5569,Week 12,2024-09-09
5570,Baseline,2024-06-16
5570,Week 4,2024-07-14
5570,Week 8,2024-08-11
5570,Week 12,2024-09-08
5571,Baseline,2024-04-14
5571,Week 4,2024-05-12
5571,Week 8,2024-06-09
5571,Week 12,2024-07-07
5572,Baseline,2024-05-31
5572,Week 4,2024-06-28
5572,Week 8,2024-07-26
5572,Week 12,2024-08-23
5573,Baseline,2024-01-22
5573,Week 4,2024-02-19
5573,Week 8,2024-03-18
5573,Week 12,2024-04-15
5574,Baseline,2024-02-10
5574,Week 4,2024-03-09
5574,Week 8,2024-04-06
5574,Week 12,2024-05-04
5575,Baseline,2024-03-24
5575,Week 4,2024-04-21
5575,Week 8,2024-05-19
5575,Week 12,2024-06-16
5576,Baseline,2024-03-27
5576,Week 4,2024-04-24
5576,Week 8,2024-05-22
5576,Week 12,2024-06-19
5577,Baseline,2024-02-05
5577,Week 4,2024-03-04
5577,Week 8,2024-04-01
5577,Week 12,2024-04-29
5578,Baseline,2024-03-25
5578,Week 4,2024-04-22
5578,Week 8,2024-05-20
5578,Week 12,2024-06-17
5579,Baseline,2024-06-24
5579,Week 4,2024-07-22
5579,Week 8,2024-08-19
5579,Week 12,2024-09-16
5580,Baseline,2024-06-04
5580,Week 4,2024-07-02
5580,Week 8,2024-07-30
5580,Week 12,2024-08-27
5581,Baseline,2024-01-18
5581,Week 4,2024-02-15
5581,Week 8,2024-03-14
5581,Week 12,2024-04-11
5582,Baseline,2024-01-19
5582,Week 4,2024-02-16
5582,Week 8,2024-03-15
5582,Week 12,2024-04-12
5583,Baseline,2024-06-04
5583,Week 4,2024-07-02
5583,Week 8,2024-07-30
5583,Week 12,2024-08-27
5584,Baseline,2024-03-15
5584,Week 4,2024-04-12
5584,Week 8,2024-05-10
5584,Week 12,2024-06-07
5585,Baseline,2024-03-21
5585,Week 4,2024-04-18
5585,Week 8,2024-05-16
5585,Week 12,2024-06-13
5586,Baseline,2024-05-30
5586,Week 4,2024-06-27
5586,Week 8,2024-07-25
5586,Week 12,2024-08-22
5587,Baseline,2024-03-29
5587,Week 4,2024-04-26
5587,Week 8,2024-05-24
5587,Week 12,2024-06-21
5588,Baseline,2024-05-20
5588,Week 4,2024-06-17
5588,Week 8,2024-07-15
5588,Week 12,2024-08-12
5589,Baseline,2024-01-11
5589,Week 4,2024-02-08
5589,Week 8,2024-03-07
5589,Week 12,2024-04-04
5590,Baseline,2024-03-13
5590,Week 4,2024-04-10
5590,Week 8,2024-05-08
5590,Week 12,2024-06-05
5591,Baseline,2024-01-12
5591,Week 4,2024-02-09
5591,Week 8,2024-03-08
5591,Week 12,2024-04-05
5592,Baseline,2024-03-21
5592,Week 4,2024-04-18
5592,Week 8,2024-05-16
5592,Week 12,2024-06-13
5593,Baseline,2024-02-04
5593,Week 4,2024-03-03
5593,Week 8,2024-03-31
5593,Week 12,2024-04-28
5594,Baseline,2024-05-05
5594,Week 4,2024-06-02
5594,Week 8,2024-06-30
5594,Week 12,2024-07-28
5595,Baseline,2024-06-24
5595,Week 4,2024-07-22
5595,Week 8,2024-08-19
5595,Week 12,2024-09-16
5596,Baseline,2024-03-22
5596,Week 4,2024-04-19
5596,Week 8,2024-05-17
5596,Week 12,2024-06-14
5597,Baseline,2024-03-07
5597,Week 4,2024-04-04
5597,Week 8,2024-05-02
5597,Week 12,2024-05-30
5598,Baseline,2024-03-25
5598,Week 4,2024-04-22
5598,Week 8,2024-05-20
5598,Week 12,2024-06-17
5599,Baseline,2024-03-21
5599,Week 4,2024-04-18
5599,Week 8,2024-05-16
5599,Week 12,2024-06-13
5600,Baseline,2024-06-13
5600,Week 4,2024-07-11
5600,Week 8,2024-08-08
5600,Week 12,2024-09-05
5601,Baseline,2024-06-13
5601,Week 4,2024-07-11
5601,Week 8,2024-08-08
5601,Week 12,2024-09-05
5602,Baseline,2024-04-22
5602,Week 4,2024-05-20
5602,Week 8,2024-06-17
5602,Week 12,2024-07-15
5603,Baseline,2024-05-18
5603,Week 4,2024-06-15
5603,Week 8,2024-07-13
5603,Week 12,2024-08-10
5604,Baseline,2024-05-28
5604,Week 4,2024-06-25
5604,Week 8,2024-07-23
5604,Week 12,2024-08-20
5605,Baseline,2024-05-22
5605,Week 4,2024-06-19
5605,Week 8,2024-07-17
5605,Week 12,2024-08-14
5606,Baseline,2024-01-01
5606,Week 4,2024-01-29
5606,Week 8,2024-02-26
5606,Week 12,2024-03-25
5607,Baseline,2024-02-13
5607,Week 4,2024-03-12
5607,Week 8,2024-04-09
5607,Week 12,2024-05-07
5608,Baseline,2024-01-07
5608,Week 4,2024-02-04
5608,Week 8,2024-03-03
5608,Week 12,2024-03-31
5609,Baseline,2024-04-29
5609,Week 4,2024-05-27
5609,Week 8,2024-06-24
5609,Week 12,2024-07-22
5610,Baseline,2024-02-09
5610,Week 4,2024-03-08
5610,Week 8,2024-04-05
5610,Week 12,2024-05-03
5611,Baseline,2024-06-13
5611,Week 4,2024-07-11
5611,Week 8,2024-08-08
5611,Week 12,2024-09-05
5612,Baseline,2024-04-13
5612,Week 4,2024-05-11
5612,Week 8,2024-06-08
5612,Week 12,2024-07-06
5613,Baseline,2024-01-11
5613,Week 4,2024-02-08
5613,Week 8,2024-03-07
5613,Week 12,2024-04-04
5614,Baseline,2024-01-02
5614,Week 4,2024-01-30
5614,Week 8,2024-02-27
5614,Week 12,2024-03-26
5615,Baseline,2024-02-03
5615,Week 4,2024-03-02
5615,Week 8,2024-03-30
5615,Week 12,2024-04-27
5616,Baseline,2024-02-29
5616,Week 4,2024-03-28
5616,Week 8,2024-04-25
5616,Week 12,2024-05-23
5617,Baseline,2024-01-03
5617,Week 4,2024-01-31
5617,Week 8,2024-02-28
5617,Week 12,2024-03-27
5618,Baseline,2024-02-12
5618,Week 4,2024-03-11
5618,Week 8,2024-04-08
5618,Week 12,2024-05-06
5619,Baseline,2024-01-27
5619,Week 4,2024-02-24
5619,Week 8,2024-03-23
5619,Week 12,2024-04-20
5620,Baseline,2024-01-18
5620,Week 4,2024-02-15
5620,Week 8,2024-03-14
5620,Week 12,2024-04-11
5621,Baseline,2024-02-09
5621,Week 4,2024-03-08
5621,Week 8,2024-04-05
5621,Week 12,2024-05-03
5622,Baseline,2024-05-13
5622,Week 4,2024-06-10
5622,Week 8,2024-07-08
5622,Week 12,2024-08-05
5623,Baseline,2024-04-04
5623,Week 4,2024-05-02
5623,Week 8,2024-05-30
5623,Week 12,2024-06-27
5624,Baseline,2024-04-08
5624,Week 4,2024-05-06
5624,Week 8,2024-06-03
5624,Week 12,2024-07-01
5625,Baseline,2024-06-25
5625,Week 4,2024-07-23
5625,Week 8,2024-08-20
5625,Week 12,2024-09-17
5626,Baseline,2024-04-02
5626,Week 4,2024-04-30
5626,Week 8,2024-05-28
5626,Week 12,2024-06-25
5627,Baseline,2024-01-22
5627,Week 4,2024-02-19
5627,Week 8,2024-03-18
5627,Week 12,2024-04-15
5628,Baseline,2024-01-26
5628,Week 4,2024-02-23
5628,Week 8,2024-03-22
5628,Week 12,2024-04-19
5629,Baseline,2024-06-06
5629,Week 4,2024-07-04
5629,Week 8,2024-08-01
5629,Week 12,2024-08-29
5630,Baseline,2024-06-03
5630,Week 4,2024-07-01
5630,Week 8,2024-07-29
5630,Week 12,2024-08-26
5631,Baseline,2024-04-03
5631,Week 4,2024-05-01
5631,Week 8,2024-05-29
5631,Week 12,2024-06-26
5632,Baseline,2024-03-07
5632,Week 4,2024-04-04
5632,Week 8,2024-05-02
5632,Week 12,2024-05-30
5633,Baseline,2024-03-01
5633,Week 4,2024-03-29
5633,Week 8,2024-04-26
5633,Week 12,2024-05-24
5634,Baseline,2024-03-05
5634,Week 4,2024-04-02
5634,Week 8,2024-04-30
5634,Week 12,2024-05-28
5635,Baseline,2024-03-07
5635,Week 4,2024-04-04
5635,Week 8,2024-05-02
5635,Week 12,2024-05-30
5636,Baseline,2024-04-17
5636,Week 4,2024-05-15
5636,Week 8,2024-06-12
5636,Week 12,2024-07-10
5637,Baseline,2024-05-10
5637,Week 4,2024-06-07
5637,Week 8,2024-07-05
5637,Week 12,2024-08-02
5638,Baseline,2024-06-16
5638,Week 4,2024-07-14
5638,Week 8,2024-08-11
5638,Week 12,2024-09-08
5639,Baseline,2024-06-20
5639,Week 4,2024-07-18
5639,Week 8,2024-08-15
5639,Week 12,2024-09-12
5640,Baseline,2024-01-18
5640,Week 4,2024-02-15
5640,Week 8,2024-03-14
5640,Week 12,2024-04-11
5641,Baseline,2024-06-14
5641,Week 4,2024-07-12
5641,Week 8,2024-08-09
5641,Week 12,2024-09-06
5642,Baseline,2024-01-27
5642,Week 4,2024-02-24
5642,Week 8,2024-03-23
5642,Week 12,2024-04-20
5643,Baseline,2024-03-25
5643,Week 4,2024-04-22
5643,Week 8,2024-05-20
5643,Week 12,2024-06-17
5644,Baseline,2024-04-27
5644,Week 4,2024-05-25
5644,Week 8,2024-06-22
5644,Week 12,2024-07-20
5645,Baseline,2024-04-07
5645,Week 4,2024-05-05
5645,Week 8,2024-06-02
5645,Week 12,2024-06-30
5646,Baseline,2024-06-28
5646,Week 4,2024-07-26
5646,Week 8,2024-08-23
5646,Week 12,2024-09-20
5647,Baseline,2024-01-29
5647,Week 4,2024-02-26
5647,Week 8,2024-03-25
5647,Week 12,2024-04-22
5648,Baseline,2024-05-07
5648,Week 4,2024-06-04
5648,Week 8,2024-07-02
5648,Week 12,2024-07-30
5649,Baseline,2024-05-13
5649,Week 4,2024-06-10
5649,Week 8,2024-07-08
5649,Week 12,2024-08-05
5650,Baseline,2024-02-21
5650,Week 4,2024-03-20
5650,Week 8,2024-04-17
5650,Week 12,2024-05-15
5651,Baseline,2024-05-21
5651,Week 4,2024-06-18
5651,Week 8,2024-07-16
5651,Week 12,2024-08-13
5652,Baseline,2024-04-29
5652,Week 4,2024-05-27
5652,Week 8,2024-06-24
5652,Week 12,2024-07-22
5653,Baseline,2024-02-22
5653,Week 4,2024-03-21
5653,Week 8,2024-04-18
5653,Week 12,2024-05-16
5654,Baseline,2024-01-10
5654,Week 4,2024-02-07
5654,Week 8,2024-03-06
5654,Week 12,2024-04-03
5655,Baseline,2024-04-08
5655,Week 4,2024-05-06
5655,Week 8,2024-06-03
5655,Week 12,2024-07-01
5656,Baseline,2024-05-24
5656,Week 4,2024-06-21
5656,Week 8,2024-07-19
5656,Week 12,2024-08-16
5657,Baseline,2024-02-21
5657,Week 4,2024-03-20
5657,Week 8,2024-04-17
5657,Week 12,2024-05-15
5658,Baseline,2024-02-25
5658,Week 4,2024-03-24
5658,Week 8,2024-04-21
5658,Week 12,2024-05-19
5659,Baseline,2024-01-26
5659,Week 4,2024-02-23
5659,Week 8,2024-03-22
5659,Week 12,2024-04-19
5660,Baseline,2024-01-20
5660,Week 4,2024-02-17
5660,Week 8,2024-03-16
5660,Week 12,2024-04-13
5661,Baseline,2024-01-15
5661,Week 4,2024-02-12
5661,Week 8,2024-03-11
5661,Week 12,2024-04-08
5662,Baseline,2024-04-07
5662,Week 4,2024-05-05
5662,Week 8,2024-06-02
5662,Week 12,2024-06-30
5663,Baseline,2024-01-28
5663,Week 4,2024-02-25
5663,Week 8,2024-03-24
5663,Week 12,2024-04-21
5664,Baseline,2024-03-27
5664,Week 4,2024-04-24
5664,Week 8,2024-05-22
5664,Week 12,2024-06-19
5665,Baseline,2024-05-27
5665,Week 4,2024-06-24
5665,Week 8,2024-07-22
5665,Week 12,2024-08-19
5666,Baseline,2024-03-11
5666,Week 4,2024-04-08
5666,Week 8,2024-05-06
5666,Week 12,2024-06-03
5667,Baseline,2024-06-18
5667,Week 4,2024-07-16
5667,Week 8,2024-08-13
5667,Week 12,2024-09-10
5668,Baseline,2024-01-11
5668,Week 4,2024-02-08
5668,Week 8,2024-03-07
5668,Week 12,2024-04-04
5669,Baseline,2024-03-16
5669,Week 4,2024-04-13
5669,Week 8,2024-05-11
5669,Week 12,2024-06-08
5670,Baseline,2024-04-14
5670,Week 4,2024-05-12
5670,Week 8,2024-06-09
5670,Week 12,2024-07-07
5671,Baseline,2024-05-29
5671,Week 4,2024-06-26
5671,Week 8,2024-07-24
5671,Week 12,2024-08-21
5672,Baseline,2024-02-14
5672,Week 4,2024-03-13
5672,Week 8,2024-04-10
5672,Week 12,2024-05-08
5673,Baseline,2024-03-23
5673,Week 4,2024-04-20
5673,Week 8,2024-05-18
5673,Week 12,2024-06-15
5674,Baseline,2024-02-01
5674,Week 4,2024-02-29
5674,Week 8,2024-03-28
5674,Week 12,2024-04-25
5675,Baseline,2024-03-12
5675,Week 4,2024-04-09
5675,Week 8,2024-05-07
5675,Week 12,2024-06-04
5676,Baseline,2024-06-17
5676,Week 4,2024-07-15
5676,Week 8,2024-08-12
5676,Week 12,2024-09-09
5677,Baseline,2024-06-06
5677,Week 4,2024-07-04
5677,Week 8,2024-08-01
5677,Week 12,2024-08-29
5678,Baseline,2024-04-02
5678,Week 4,2024-04-30
5678,Week 8,2024-05-28
5678,Week 12,2024-06-25
5679,Baseline,2024-01-07
5679,Week 4,2024-02-04
5679,Week 8,2024-03-03
5679,Week 12,2024-03-31
5680,Baseline,2024-04-03
5680,Week 4,2024-05-01
5680,Week 8,2024-05-29
5680,Week 12,2024-06-26
5681,Baseline,2024-01-24
5681,Week 4,2024-02-21
5681,Week 8,2024-03-20
5681,Week 12,2024-04-17
5682,Baseline,2024-05-07
5682,Week 4,2024-06-04
5682,Week 8,2024-07-02
5682,Week 12,2024-07-30
5683,Baseline,2024-05-12
5683,Week 4,2024-06-09
5683,Week 8,2024-07-07
5683,Week 12,2024-08-04
5684,Baseline,2024-06-18
5684,Week 4,2024-07-16
5684,Week 8,2024-08-13
5684,Week 12,2024-09-10
5685,Baseline,2024-04-09
5685,Week 4,2024-05-07
5685,Week 8,2024-06-04
5685,Week 12,2024-07-02
5686,Baseline,2024-04-16
5686,Week 4,2024-05-14
5686,Week 8,2024-06-11
5686,Week 12,2024-07-09
5687,Baseline,2024-02-29
5687,Week 4,2024-03-28
5687,Week 8,2024-04-25
5687,Week 12,2024-05-23
5688,Baseline,2024-02-17
5688,Week 4,2024-03-16
5688,Week 8,2024-04-13
5688,Week 12,2024-05-11
5689,Baseline,2024-02-04
5689,Week 4,2024-03-03
5689,Week 8,2024-03-31
5689,Week 12,2024-04-28
5690,Baseline,2024-05-11
5690,Week 4,2024-06-08
5690,Week 8,2024-07-06
5690,Week 12,2024-08-03
5691,Baseline,2024-03-13
5691,Week 4,2024-04-10
5691,Week 8,2024-05-08
5691,Week 12,2024-06-05
5692,Baseline,2024-02-10
5692,Week 4,2024-03-09
5692,Week 8,2024-04-06
5692,Week 12,2024-05-04
5693,Baseline,2024-03-15
5693,Week 4,2024-04-12
5693,Week 8,2024-05-10
5693,Week 12,2024-06-07
5694,Baseline,2024-06-02
5694,Week 4,2024-06-30
5694,Week 8,2024-07-28
5694,Week 12,2024-08-25
5695,Baseline,2024-01-12
5695,Week 4,2024-02-09
5695,Week 8,2024-03-08
5695,Week 12,2024-04-05
5696,Baseline,2024-05-04
5696,Week 4,2024-06-01
5696,Week 8,2024-06-29
5696,Week 12,2024-07-27
5697,Baseline,2024-01-11
5697,Week 4,2024-02-08
5697,Week 8,2024-03-07
5697,Week 12,2024-04-04
5698,Baseline,2024-04-11
5698,Week 4,2024-05-09
5698,Week 8,2024-06-06
5698,Week 12,2024-07-04
5699,Baseline,2024-01-14
5699,Week 4,2024-02-11
5699,Week 8,2024-03-10
5699,Week 12,2024-04-07
5700,Baseline,2024-03-09
5700,Week 4,2024-04-06
5700,Week 8,2024-05-04
5700,Week 12,2024-06-01
5701,Baseline,2024-01-05
5701,Week 4,2024-02-02
5701,Week 8,2024-03-01
5701,Week 12,2024-03-29
5702,Baseline,2024-05-18
5702,Week 4,2024-06-15
5702,Week 8,2024-07-13
5702,Week 12,2024-08-10
5703,Baseline,2024-01-02
5703,Week 4,2024-01-30
5703,Week 8,2024-02-27
5703,Week 12,2024-03-26
5704,Baseline,2024-02-18
5704,Week 4,2024-03-17
5704,Week 8,2024-04-14
5704,Week 12,2024-05-12
5705,Baseline,2024-03-24
5705,Week 4,2024-04-21
5705,Week 8,2024-05-19
5705,Week 12,2024-06-16
5706,Baseline,2024-04-20
5706,Week 4,2024-05-18
5706,Week 8,2024-06-15
5706,Week 12,2024-07-13
5707,Baseline,2024-02-17
5707,Week 4,2024-03-16
5707,Week 8,2024-04-13
5707,Week 12,2024-05-11
5708,Baseline,2024-03-04
5708,Week 4,2024-04-01
5708,Week 8,2024-04-29
5708,Week 12,2024-05-27
5709,Baseline,2024-05-23
5709,Week 4,2024-06-20
5709,Week 8,2024-07-18
5709,Week 12,2024-08-15
5710,Baseline,2024-04-20
5710,Week 4,2024-05-18
5710,Week 8,2024-06-15
5710,Week 12,2024-07-13
5711,Baseline,2024-06-25
5711,Week 4,2024-07-23
5711,Week 8,2024-08-20
5711,Week 12,2024-09-17
5712,Baseline,2024-03-14
5712,Week 4,2024-04-11
5712,Week 8,2024-05-09
5712,Week 12,2024-06-06
5713,Baseline,2024-02-05
5713,Week 4,2024-03-04
5713,Week 8,2024-04-01
5713,Week 12,2024-04-29
5714,Baseline,2024-02-25
5714,Week 4,2024-03-24
5714,Week 8,2024-04-21
5714,Week 12,2024-05-19
5715,Baseline,2024-03-13
5715,Week 4,2024-04-10
5715,Week 8,2024-05-08
5715,Week 12,2024-06-05
5716,Baseline,2024-02-11
5716,Week 4,2024-03-10
5716,Week 8,2024-04-07
5716,Week 12,2024-05-05
5717,Baseline,2024-02-07
5717,Week 4,2024-03-06
5717,Week 8,2024-04-03
5717,Week 12,2024-05-01
5718,Baseline,2024-05-31
5718,Week 4,2024-06-28
5718,Week 8,2024-07-26
5718,Week 12,2024-08-23
5719,Baseline,2024-01-14
5719,Week 4,2024-02-11
5719,Week 8,2024-03-10
5719,Week 12,2024-04-07
5720,Baseline,2024-04-03
5720,Week 4,2024-05-01
5720,Week 8,2024-05-29
5720,Week 12,2024-06-26
5721,Baseline,2024-03-20
5721,Week 4,2024-04-17
5721,Week 8,2024-05-15
5721,Week 12,2024-06-12
5722,Baseline,2024-02-22
5722,Week 4,2024-03-21
5722,Week 8,2024-04-18
5722,Week 12,2024-05-16
5723,Baseline,2024-04-09
5723,Week 4,2024-05-07
5723,Week 8,2024-06-04
5723,Week 12,2024-07-02
5724,Baseline,2024-05-03
5724,Week 4,2024-05-31
5724,Week 8,2024-06-28
5724,Week 12,2024-07-26
5725,Baseline,2024-06-06
5725,Week 4,2024-07-04
5725,Week 8,2024-08-01
5725,Week 12,2024-08-29
5726,Baseline,2024-02-29
5726,Week 4,2024-03-28
5726,Week 8,2024-04-25
5726,Week 12,2024-05-23
5727,Baseline,2024-04-20
5727,Week 4,2024-05-18
5727,Week 8,2024-06-15
5727,Week 12,2024-07-13
5728,Baseline,2024-06-04
5728,Week 4,2024-07-02
5728,Week 8,2024-07-30
5728,Week 12,2024-08-27
5729,Baseline,2024-06-22
5729,Week 4,2024-07-20
5729,Week 8,2024-08-17
5729,Week 12,2024-09-14
5730,Baseline,2024-02-03
5730,Week 4,2024-03-02
5730,Week 8,2024-03-30
5730,Week 12,2024-04-27
5731,Baseline,2024-03-21
5731,Week 4,2024-04-18
5731,Week 8,2024-05-16
5731,Week 12,2024-06-13
5732,Baseline,2024-05-25
5732,Week 4,2024-06-22
5732,Week 8,2024-07-20
5732,Week 12,2024-08-17
5733,Baseline,2024-03-02
5733,Week 4,2024-03-30
5733,Week 8,2024-04-27
5733,Week 12,2024-05-25
5734,Baseline,2024-05-29
5734,Week 4,2024-06-26
5734,Week 8,2024-07-24
5734,Week 12,2024-08-21
5735,Baseline,2024-02-10
5735,Week 4,2024-03-09
5735,Week 8,2024-04-06
5735,Week 12,2024-05-04
5736,Baseline,2024-01-13
5736,Week 4,2024-02-10
5736,Week 8,2024-03-09
5736,Week 12,2024-04-06
5737,Baseline,2024-01-12
5737,Week 4,2024-02-09
5737,Week 8,2024-03-08
5737,Week 12,2024-04-05
5738,Baseline,2024-06-04
5738,Week 4,2024-07-02
5738,Week 8,2024-07-30
5738,Week 12,2024-08-27
5739,Baseline,2024-06-13
5739,Week 4,2024-07-11
5739,Week 8,2024-08-08
5739,Week 12,2024-09-05
5740,Baseline,2024-04-29
5740,Week 4,2024-05-27
5740,Week 8,2024-06-24
5740,Week 12,2024-07-22
5741,Baseline,2024-01-18
5741,Week 4,2024-02-15
5741,Week 8,2024-03-14
5741,Week 12,2024-04-11
5742,Baseline,2024-03-22
5742,Week 4,2024-04-19
5742,Week 8,2024-05-17
5742,Week 12,2024-06-14
5743,Baseline,2024-02-15
5743,Week 4,2024-03-14
5743,Week 8,2024-04-11
5743,Week 12,2024-05-09
5744,Baseline,2024-03-11
5744,Week 4,2024-04-08
5744,Week 8,2024-05-06
5744,Week 12,2024-06-03
5745,Baseline,2024-01-23
5745,Week 4,2024-02-20
5745,Week 8,2024-03-19
5745,Week 12,2024-04-16
5746,Baseline,2024-04-28
5746,Week 4,2024-05-26
5746,Week 8,2024-06-23
5746,Week 12,2024-07-21
5747,Baseline,2024-04-21
5747,Week 4,2024-05-19
5747,Week 8,2024-06-16
5747,Week 12,2024-07-14
5748,Baseline,2024-04-12
5748,Week 4,2024-05-10
5748,Week 8,2024-06-07
5748,Week 12,2024-07-05
5749,Baseline,2024-04-03
5749,Week 4,2024-05-01
5749,Week 8,2024-05-29
5749,Week 12,2024-06-26
5750,Baseline,2024-01-04
5750,Week 4,2024-02-01
5750,Week 8,2024-02-29
5750,Week 12,2024-03-28
5751,Baseline,2024-05-10
5751,Week 4,2024-06-07
5751,Week 8,2024-07-05
5751,Week 12,2024-08-02
5752,Baseline,2024-06-01
5752,Week 4,2024-06-29
5752,Week 8,2024-07-27
5752,Week 12,2024-08-24
5753,Baseline,2024-02-10
5753,Week 4,2024-03-09
5753,Week 8,2024-04-06
5753,Week 12,2024-05-04
5754,Baseline,2024-01-02
5754,Week 4,2024-01-30
5754,Week 8,2024-02-27
5754,Week 12,2024-03-26
5755,Baseline,2024-01-09
5755,Week 4,2024-02-06
5755,Week 8,2024-03-05
5755,Week 12,2024-04-02
5756,Baseline,2024-04-03
5756,Week 4,2024-05-01
5756,Week 8,2024-05-29
5756,Week 12,2024-06-26
5757,Baseline,2024-02-15
5757,Week 4,2024-03-14
5757,Week 8,2024-04-11
5757,Week 12,2024-05-09
5758,Baseline,2024-03-22
5758,Week 4,2024-04-19
5758,Week 8,2024-05-17
5758,Week 12,2024-06-14
5759,Baseline,2024-03-06
5759,Week 4,2024-04-03
5759,Week 8,2024-05-01
5759,Week 12,2024-05-29
5760,Baseline,2024-02-25
5760,Week 4,2024-03-24
5760,Week 8,2024-04-21
5760,Week 12,2024-05-19
5761,Baseline,2024-04-08
5761,Week 4,2024-05-06
5761,Week 8,2024-06-03
5761,Week 12,2024-07-01
5762,Baseline,2024-04-15
5762,Week 4,2024-05-13
5762,Week 8,2024-06-10
5762,Week 12,2024-07-08
5763,Baseline,2024-05-19
5763,Week 4,2024-06-16
5763,Week 8,2024-07-14
5763,Week 12,2024-08-11
5764,Baseline,2024-04-10
5764,Week 4,2024-05-08
5764,Week 8,2024-06-05
5764,Week 12,2024-07-03
5765,Baseline,2024-03-28
5765,Week 4,2024-04-25
5765,Week 8,2024-05-23
5765,Week 12,2024-06-20
5766,Baseline,2024-04-29
5766,Week 4,2024-05-27
5766,Week 8,2024-06-24
5766,Week 12,2024-07-22
5767,Baseline,2024-01-06
5767,Week 4,2024-02-03
5767,Week 8,2024-03-02
5767,Week 12,2024-03-30
5768,Baseline,2024-06-14
5768,Week 4,2024-07-12
5768,Week 8,2024-08-09
5768,Week 12,2024-09-06
5769,Baseline,2024-04-29
5769,Week 4,2024-05-27
5769,Week 8,2024-06-24
5769,Week 12,2024-07-22
5770,Baseline,2024-06-14
5770,Week 4,2024-07-12
5770,Week 8,2024-08-09
5770,Week 12,2024-09-06
5771,Baseline,2024-06-02
5771,Week 4,2024-06-30
5771,Week 8,2024-07-28
5771,Week 12,2024-08-25
5772,Baseline,2024-06-17
5772,Week 4,2024-07-15
5772,Week 8,2024-08-12
5772,Week 12,2024-09-09
5773,Baseline,2024-03-07
5773,Week 4,2024-04-04
5773,Week 8,2024-05-02
5773,Week 12,2024-05-30
5774,Baseline,2024-05-06
5774,Week 4,2024-06-03
5774,Week 8,2024-07-01
5774,Week 12,2024-07-29
5775,Baseline,2024-04-30
5775,Week 4,2024-05-28
5775,Week 8,2024-06-25
5775,Week 12,2024-07-23
5776,Baseline,2024-05-13
5776,Week 4,2024-06-10
5776,Week 8,2024-07-08
5776,Week 12,2024-08-05
5777,Baseline,2024-02-22
5777,Week 4,2024-03-21
5777,Week 8,2024-04-18
5777,Week 12,2024-05-16
5778,Baseline,2024-05-21
5778,Week 4,2024-06-18
5778,Week 8,2024-07-16
5778,Week 12,2024-08-13
5779,Baseline,2024-01-08
5779,Week 4,2024-02-05
5779,Week 8,2024-03-04
5779,Week 12,2024-04-01
5780,Baseline,2024-03-02
5780,Week 4,2024-03-30
5780,Week 8,2024-04-27
5780,Week 12,2024-05-25
5781,Baseline,2024-03-01
5781,Week 4,2024-03-29
5781,Week 8,2024-04-26
5781,Week 12,2024-05-24
5782,Baseline,2024-05-10
5782,Week 4,2024-06-07
5782,Week 8,2024-07-05
5782,Week 12,2024-08-02
5783,Baseline,2024-04-11
5783,Week 4,2024-05-09
5783,Week 8,2024-06-06
5783,Week 12,2024-07-04
5784,Baseline,2024-02-16
5784,Week 4,2024-03-15
5784,Week 8,2024-04-12
5784,Week 12,2024-05-10
5785,Baseline,2024-06-20
5785,Week 4,2024-07-18
5785,Week 8,2024-08-15
5785,Week 12,2024-09-12
5786,Baseline,2024-01-21
5786,Week 4,2024-02-18
5786,Week 8,2024-03-17
5786,Week 12,2024-04-14
5787,Baseline,2024-01-18
5787,Week 4,2024-02-15
5787,Week 8,2024-03-14
5787,Week 12,2024-04-11
5788,Baseline,2024-04-04
5788,Week 4,2024-05-02
5788,Week 8,2024-05-30
5788,Week 12,2024-06-27
5789,Baseline,2024-06-04
5789,Week 4,2024-07-02
5789,Week 8,2024-07-30
5789,Week 12,2024-08-27
5790,Baseline,2024-05-31
5790,Week 4,2024-06-28
5790,Week 8,2024-07-26
5790,Week 12,2024-08-23
5791,Baseline,2024-06-06
5791,Week 4,2024-07-04
5791,Week 8,2024-08-01
5791,Week 12,2024-08-29
5792,Baseline,2024-04-02
5792,Week 4,2024-04-30
5792,Week 8,2024-05-28
5792,Week 12,2024-06-25
5793,Baseline,2024-02-01
5793,Week 4,2024-02-29
5793,Week 8,2024-03-28
5793,Week 12,2024-04-25
5794,Baseline,2024-03-31
5794,Week 4,2024-04-28
5794,Week 8,2024-05-26
5794,Week 12,2024-06-23
5795,Baseline,2024-03-21
5795,Week 4,2024-04-18
5795,Week 8,2024-05-16
5795,Week 12,2024-06-13
5796,Baseline,2024-06-13
5796,Week 4,2024-07-11
5796,Week 8,2024-08-08
5796,Week 12,2024-09-05
5797,Baseline,2024-04-22
5797,Week 4,2024-05-20
5797,Week 8,2024-06-17
5797,Week 12,2024-07-15
5798,Baseline,2024-02-29
5798,Week 4,2024-03-28
5798,Week 8,2024-04-25
5798,Week 12,2024-05-23
5799,Baseline,2024-05-02
5799,Week 4,2024-05-30
5799,Week 8,2024-06-27
5799,Week 12,2024-07-25
5800,Baseline,2024-01-01
5800,Week 4,2024-01-29
5800,Week 8,2024-02-26
5800,Week 12,2024-03-25
5801,Baseline,2024-01-27
5801,Week 4,2024-02-24
5801,Week 8,2024-03-23
5801,Week 12,2024-04-20
5802,Baseline,2024-04-18
5802,Week 4,2024-05-16
5802,Week 8,2024-06-13
5802,Week 12,2024-07-11
5803,Baseline,2024-05-22
5803,Week 4,2024-06-19
5803,Week 8,2024-07-17
5803,Week 12,2024-08-14
5804,Baseline,2024-02-21
5804,Week 4,2024-03-20
5804,Week 8,2024-04-17
5804,Week 12,2024-05-15
5805,Baseline,2024-02-21
5805,Week 4,2024-03-20
5805,Week 8,2024-04-17
5805,Week 12,2024-05-15
5806,Baseline,2024-05-22
5806,Week 4,2024-06-19
5806,Week 8,2024-07-17
5806,Week 12,2024-08-14
5807,Baseline,2024-02-29
5807,Week 4,2024-03-28
5807,Week 8,2024-04-25
5807,Week 12,2024-05-23
5808,Baseline,2024-05-08
5808,Week 4,2024-06-05
5808,Week 8,2024-07-03
5808,Week 12,2024-07-31
5809,Baseline,2024-02-22
5809,Week 4,2024-03-21
5809,Week 8,2024-04-18
5809,Week 12,2024-05-16
5810,Baseline,2024-03-19
5810,Week 4,2024-04-16
5810,Week 8,2024-05-14
5810,Week 12,2024-06-11
5811,Baseline,2024-04-02
5811,Week 4,2024-04-30
5811,Week 8,2024-05-28
5811,Week 12,2024-06-25
5812,Baseline,2024-06-06
5812,Week 4,2024-07-04
5812,Week 8,2024-08-01
5812,Week 12,2024-08-29
5813,Baseline,2024-02-23
5813,Week 4,2024-03-22
5813,Week 8,2024-04-19
5813,Week 12,2024-05-17
5814,Baseline,2024-06-04
5814,Week 4,2024-07-02
5814,Week 8,2024-07-30
5814,Week 12,2024-08-27
5815,Baseline,2024-01-02
5815,Week 4,2024-01-30
5815,Week 8,2024-02-27
5815,Week 12,2024-03-26
5816,Baseline,2024-04-13
5816,Week 4,2024-05-11
5816,Week 8,2024-06-08
5816,Week 12,2024-07-06
5817,Baseline,2024-02-05
5817,Week 4,2024-03-04
5817,Week 8,2024-04-01
5817,Week 12,2024-04-29
5818,Baseline,2024-06-12
5818,Week 4,2024-07-10
5818,Week 8,2024-08-07
5818,Week 12,2024-09-04
5819,Baseline,2024-02-13
5819,Week 4,2024-03-12
5819,Week 8,2024-04-09
5819,Week 12,2024-05-07
5820,Baseline,2024-04-23
5820,Week 4,2024-05-21
5820,Week 8,2024-06-18
5820,Week 12,2024-07-16
5821,Baseline,2024-01-02
5821,Week 4,2024-01-30
5821,Week 8,2024-02-27
5821,Week 12,2024-03-26
5822,Baseline,2024-04-06
5822,Week 4,2024-05-04
5822,Week 8,2024-06-01
5822,Week 12,2024-06-29
5823,Baseline,2024-01-06
5823,Week 4,2024-02-03
5823,Week 8,2024-03-02
5823,Week 12,2024-03-30
5824,Baseline,2024-04-08
5824,Week 4,2024-05-06
5824,Week 8,2024-06-03
5824,Week 12,2024-07-01
5825,Baseline,2024-05-04
5825,Week 4,2024-06-01
5825,Week 8,2024-06-29
5825,Week 12,2024-07-27
5826,Baseline,2024-03-01
5826,Week 4,2024-03-29
5826,Week 8,2024-04-26
5826,Week 12,2024-05-24
5827,Baseline,2024-05-24
5827,Week 4,2024-06-21
5827,Week 8,2024-07-19
5827,Week 12,2024-08-16
5828,Baseline,2024-04-05
5828,Week 4,2024-05-03
5828,Week 8,2024-05-31
5828,Week 12,2024-06-28
5829,Baseline,2024-05-15
5829,Week 4,2024-06-12
5829,Week 8,2024-07-10
5829,Week 12,2024-08-07
5830,Baseline,2024-04-08
5830,Week 4,2024-05-06
5830,Week 8,2024-06-03
5830,Week 12,2024-07-01
5831,Baseline,2024-01-22
5831,Week 4,2024-02-19
5831,Week 8,2024-03-18
5831,Week 12,2024-04-15
5832,Baseline,2024-05-21
5832,Week 4,2024-06-18
5832,Week 8,2024-07-16
5832,Week 12,2024-08-13
5833,Baseline,2024-02-26
5833,Week 4,2024-03-25
5833,Week 8,2024-04-22
5833,Week 12,2024-05-20
5834,Baseline,2024-01-26
5834,Week 4,2024-02-23
5834,Week 8,2024-03-22
5834,Week 12,2024-04-19
5835,Baseline,2024-04-14
5835,Week 4,2024-05-12
5835,Week 8,2024-06-09
5835,Week 12,2024-07-07
5836,Baseline,2024-03-22
5836,Week 4,2024-04-19
5836,Week 8,2024-05-17
5836,Week 12,2024-06-14
5837,Baseline,2024-06-19
5837,Week 4,2024-07-17
5837,Week 8,2024-08-14
5837,Week 12,2024-09-11
5838,Baseline,2024-05-15
5838,Week 4,2024-06-12
5838,Week 8,2024-07-10
5838,Week 12,2024-08-07
5839,Baseline,2024-05-17
5839,Week 4,2024-06-14
5839,Week 8,2024-07-12
5839,Week 12,2024-08-09
5840,Baseline,2024-06-05
5840,Week 4,2024-07-03
5840,Week 8,2024-07-31
5840,Week 12,2024-08-28
5841,Baseline,2024-04-12
5841,Week 4,2024-05-10
5841,Week 8,2024-06-07
5841,Week 12,2024-07-05
5842,Baseline,2024-05-05
5842,Week 4,2024-06-02
5842,Week 8,2024-06-30
5842,Week 12,2024-07-28
5843,Baseline,2024-01-26
5843,Week 4,2024-02-23
5843,Week 8,2024-03-22
5843,Week 12,2024-04-19
5844,Baseline,2024-06-07
5844,Week 4,2024-07-05
5844,Week 8,2024-08-02
5844,Week 12,2024-08-30
5845,Baseline,2024-06-11
5845,Week 4,2024-07-09
5845,Week 8,2024-08-06
5845,Week 12,2024-09-03
5846,Baseline,2024-04-12
5846,Week 4,2024-05-10
5846,Week 8,2024-06-07
5846,Week 12,2024-07-05
5847,Baseline,2024-02-18
5847,Week 4,2024-03-17
5847,Week 8,2024-04-14
5847,Week 12,2024-05-12
5848,Baseline,2024-06-11
5848,Week 4,2024-07-09
5848,Week 8,2024-08-06
5848,Week 12,2024-09-03
5849,Baseline,2024-02-03
5849,Week 4,2024-03-02
5849,Week 8,2024-03-30
5849,Week 12,2024-04-27
5850,Baseline,2024-06-04
5850,Week 4,2024-07-02
5850,Week 8,2024-07-30
5850,Week 12,2024-08-27
5851,Baseline,2024-05-15
5851,Week 4,2024-06-12
5851,Week 8,2024-07-10
5851,Week 12,2024-08-07
5852,Baseline,2024-06-27
5852,Week 4,2024-07-25
5852,Week 8,2024-08-22
5852,Week 12,2024-09-19
5853,Baseline,2024-06-07
5853,Week 4,2024-07-05
5853,Week 8,2024-08-02
5853,Week 12,2024-08-30
5854,Baseline,2024-06-16
5854,Week 4,2024-07-14
5854,Week 8,2024-08-11
5854,Week 12,2024-09-08
5855,Baseline,2024-06-26
5855,Week 4,2024-07-24
5855,Week 8,2024-08-21
5855,Week 12,2024-09-18
5856,Baseline,2024-03-16
5856,Week 4,2024-04-13
5856,Week 8,2024-05-11
5856,Week 12,2024-06-08
5857,Baseline,2024-03-11
5857,Week 4,2024-04-08
5857,Week 8,2024-05-06
5857,Week 12,2024-06-03
5858,Baseline,2024-05-01
5858,Week 4,2024-05-29
5858,Week 8,2024-06-26
5858,Week 12,2024-07-24
5859,Baseline,2024-06-25
5859,Week 4,2024-07-23
5859,Week 8,2024-08-20
5859,Week 12,2024-09-17
5860,Baseline,2024-01-16
5860,Week 4,2024-02-13
5860,Week 8,2024-03-12
5860,Week 12,2024-04-09
5861,Baseline,2024-02-17
5861,Week 4,2024-03-16
5861,Week 8,2024-04-13
5861,Week 12,2024-05-11
5862,Baseline,2024-04-15
5862,Week 4,2024-05-13
5862,Week 8,2024-06-10
5862,Week 12,2024-07-08
5863,Baseline,2024-02-18
5863,Week 4,2024-03-17
5863,Week 8,2024-04-14
5863,Week 12,2024-05-12
5864,Baseline,2024-02-22
5864,Week 4,2024-03-21
5864,Week 8,2024-04-18
5864,Week 12,2024-05-16
5865,Baseline,2024-02-24
5865,Week 4,2024-03-23
5865,Week 8,2024-04-20
5865,Week 12,2024-05-18
5866,Baseline,2024-06-02
5866,Week 4,2024-06-30
5866,Week 8,2024-07-28
5866,Week 12,2024-08-25
5867,Baseline,2024-01-19
5867,Week 4,2024-02-16
5867,Week 8,2024-03-15
5867,Week 12,2024-04-12
5868,Baseline,2024-06-10
5868,Week 4,2024-07-08
5868,Week 8,2024-08-05
5868,Week 12,2024-09-02
5869,Baseline,2024-03-26
5869,Week 4,2024-04-23
5869,Week 8,2024-05-21
5869,Week 12,2024-06-18
5870,Baseline,2024-02-15
5870,Week 4,2024-03-14
5870,Week 8,2024-04-11
5870,Week 12,2024-05-09
5871,Baseline,2024-05-09
5871,Week 4,2024-06-06
5871,Week 8,2024-07-04
5871,Week 12,2024-08-01
5872,Baseline,2024-02-12
5872,Week 4,2024-03-11
5872,Week 8,2024-04-08
5872,Week 12,2024-05-06
5873,Baseline,2024-02-17
5873,Week 4,2024-03-16
5873,Week 8,2024-04-13
5873,Week 12,2024-05-11
5874,Baseline,2024-02-24
5874,Week 4,2024-03-23
5874,Week 8,2024-04-20
5874,Week 12,2024-05-18
5875,Baseline,2024-03-17
5875,Week 4,2024-04-14
5875,Week 8,2024-05-12
5875,Week 12,2024-06-09
5876,Baseline,2024-05-07
5876,Week 4,2024-06-04
5876,Week 8,2024-07-02
5876,Week 12,2024-07-30
5877,Baseline,2024-04-27
5877,Week 4,2024-05-25
5877,Week 8,2024-06-22
5877,Week 12,2024-07-20
5878,Baseline,2024-03-08
5878,Week 4,2024-04-05
5878,Week 8,2024-05-03
5878,Week 12,2024-05-31
5879,Baseline,2024-04-13
5879,Week 4,2024-05-11
5879,Week 8,2024-06-08
5879,Week 12,2024-07-06
5880,Baseline,2024-05-01
5880,Week 4,2024-05-29
5880,Week 8,2024-06-26
5880,Week 12,2024-07-24
5881,Baseline,2024-04-12
5881,Week 4,2024-05-10
5881,Week 8,2024-06-07
5881,Week 12,2024-07-05
5882,Baseline,2024-05-12
5882,Week 4,2024-06-09
5882,Week 8,2024-07-07
5882,Week 12,2024-08-04
5883,Baseline,2024-02-09
5883,Week 4,2024-03-08
5883,Week 8,2024-04-05
5883,Week 12,2024-05-03
5884,Baseline,2024-05-21
5884,Week 4,2024-06-18
5884,Week 8,2024-07-16
5884,Week 12,2024-08-13
5885,Baseline,2024-02-02
5885,Week 4,2024-03-01
5885,Week 8,2024-03-29
5885,Week 12,2024-04-26
5886,Baseline,2024-06-23
5886,Week 4,2024-07-21
5886,Week 8,2024-08-18
5886,Week 12,2024-09-15
5887,Baseline,2024-02-12
5887,Week 4,2024-03-11
5887,Week 8,2024-04-08
5887,Week 12,2024-05-06
5888,Baseline,2024-03-01
5888,Week 4,2024-03-29
5888,Week 8,2024-04-26
5888,Week 12,2024-05-24
5889,Baseline,2024-03-11
5889,Week 4,2024-04-08
5889,Week 8,2024-05-06
5889,Week 12,2024-06-03
5890,Baseline,2024-01-19
5890,Week 4,2024-02-16
5890,Week 8,2024-03-15
5890,Week 12,2024-04-12
5891,Baseline,2024-02-07
5891,Week 4,2024-03-06
5891,Week 8,2024-04-03
5891,Week 12,2024-05-01
5892,Baseline,2024-04-27
5892,Week 4,2024-05-25
5892,Week 8,2024-06-22
5892,Week 12,2024-07-20
5893,Baseline,2024-05-07
5893,Week 4,2024-06-04
5893,Week 8,2024-07-02
5893,Week 12,2024-07-30
5894,Baseline,2024-04-18
5894,Week 4,2024-05-16
5894,Week 8,2024-06-13
5894,Week 12,2024-07-11
5895,Baseline,2024-03-22
5895,Week 4,2024-04-19
5895,Week 8,2024-05-17
5895,Week 12,2024-06-14
5896,Baseline,2024-02-18
5896,Week 4,2024-03-17
5896,Week 8,2024-04-14
5896,Week 12,2024-05-12
5897,Baseline,2024-03-25
5897,Week 4,2024-04-22
5897,Week 8,2024-05-20
5897,Week 12,2024-06-17
5898,Baseline,2024-06-25
5898,Week 4,2024-07-23
5898,Week 8,2024-08-20
5898,Week 12,2024-09-17
5899,Baseline,2024-02-18
5899,Week 4,2024-03-17
5899,Week 8,2024-04-14
5899,Week 12,2024-05-12
5900,Baseline,2024-06-21
5900,Week 4,2024-07-19
5900,Week 8,2024-08-16
5900,Week 12,2024-09-13
5901,Baseline,2024-04-29
5901,Week 4,2024-05-27
5901,Week 8,2024-06-24
5901,Week 12,2024-07-22
5902,Baseline,2024-01-22
5902,Week 4,2024-02-19
5902,Week 8,2024-03-18
5902,Week 12,2024-04-15
5903,Baseline,2024-03-20
5903,Week 4,2024-04-17
5903,Week 8,2024-05-15
5903,Week 12,2024-06-12
5904,Baseline,2024-02-07
5904,Week 4,2024-03-06
5904,Week 8,2024-04-03
5904,Week 12,2024-05-01
5905,Baseline,2024-05-28
5905,Week 4,2024-06-25
5905,Week 8,2024-07-23
5905,Week 12,2024-08-20
5906,Baseline,2024-01-08
5906,Week 4,2024-02-05
5906,Week 8,2024-03-04
5906,Week 12,2024-04-01
5907,Baseline,2024-02-03
5907,Week 4,2024-03-02
5907,Week 8,2024-03-30
5907,Week 12,2024-04-27
5908,Baseline,2024-02-03
5908,Week 4,2024-03-02
5908,Week 8,2024-03-30
5908,Week 12,2024-04-27
5909,Baseline,2024-03-02
5909,Week 4,2024-03-30
5909,Week 8,2024-04-27
5909,Week 12,2024-05-25
5910,Baseline,2024-01-09
5910,Week 4,2024-02-06
5910,Week 8,2024-03-05
5910,Week 12,2024-04-02
5911,Baseline,2024-01-22
5911,Week 4,2024-02-19
5911,Week 8,2024-03-18
5911,Week 12,2024-04-15
5912,Baseline,2024-03-18
5912,Week 4,2024-04-15
5912,Week 8,2024-05-13
5912,Week 12,2024-06-10
5913,Baseline,2024-03-15
5913,Week 4,2024-04-12
5913,Week 8,2024-05-10
5913,Week 12,2024-06-07
5914,Baseline,2024-04-25
5914,Week 4,2024-05-23
5914,Week 8,2024-06-20
5914,Week 12,2024-07-18
5915,Baseline,2024-05-14
5915,Week 4,2024-06-11
5915,Week 8,2024-07-09
5915,Week 12,2024-08-06
5916,Baseline,2024-01-21
5916,Week 4,2024-02-18
5916,Week 8,2024-03-17
5916,Week 12,2024-04-14
5917,Baseline,2024-03-21
5917,Week 4,2024-04-18
5917,Week 8,2024-05-16
5917,Week 12,2024-06-13
5918,Baseline,2024-02-19
5918,Week 4,2024-03-18
5918,Week 8,2024-04-15
5918,Week 12,2024-05-13
5919,Baseline,2024-03-15
5919,Week 4,2024-04-12
5919,Week 8,2024-05-10
5919,Week 12,2024-06-07
5920,Baseline,2024-04-23
5920,Week 4,2024-05-21
5920,Week 8,2024-06-18
5920,Week 12,2024-07-16
5921,Baseline,2024-06-23
5921,Week 4,2024-07-21
5921,Week 8,2024-08-18
5921,Week 12,2024-09-15
5922,Baseline,2024-06-03
5922,Week 4,2024-07-01
5922,Week 8,2024-07-29
5922,Week 12,2024-08-26
5923,Baseline,2024-05-28
5923,Week 4,2024-06-25
5923,Week 8,2024-07-23
5923,Week 12,2024-08-20
5924,Baseline,2024-06-08
5924,Week 4,2024-07-06
5924,Week 8,2024-08-03
5924,Week 12,2024-08-31
5925,Baseline,2024-02-01
5925,Week 4,2024-02-29
5925,Week 8,2024-03-28
5925,Week 12,2024-04-25
5926,Baseline,2024-04-30
5926,Week 4,2024-05-28
5926,Week 8,2024-06-25
5926,Week 12,2024-07-23
5927,Baseline,2024-04-10
5927,Week 4,2024-05-08
5927,Week 8,2024-06-05
5927,Week 12,2024-07-03
5928,Baseline,2024-03-09
5928,Week 4,2024-04-06
5928,Week 8,2024-05-04
5928,Week 12,2024-06-01
5929,Baseline,2024-06-12
5929,Week 4,2024-07-10
5929,Week 8,2024-08-07
5929,Week 12,2024-09-04
5930,Baseline,2024-04-14
5930,Week 4,2024-05-12
5930,Week 8,2024-06-09
5930,Week 12,2024-07-07
5931,Baseline,2024-05-16
5931,Week 4,2024-06-13
5931,Week 8,2024-07-11
5931,Week 12,2024-08-08
5932,Baseline,2024-05-19
5932,Week 4,2024-06-16
5932,Week 8,2024-07-14
5932,Week 12,2024-08-11
5933,Baseline,2024-05-16
5933,Week 4,2024-06-13
5933,Week 8,2024-07-11
5933,Week 12,2024-08-08
5934,Baseline,2024-03-14
5934,Week 4,2024-04-11
5934,Week 8,2024-05-09
5934,Week 12,2024-06-06
5935,Baseline,2024-02-25
5935,Week 4,2024-03-24
5935,Week 8,2024-04-21
5935,Week 12,2024-05-19
5936,Baseline,2024-01-22
5936,Week 4,2024-02-19
5936,Week 8,2024-03-18
5936,Week 12,2024-04-15
5937,Baseline,2024-05-07
5937,Week 4,2024-06-04
5937,Week 8,2024-07-02
5937,Week 12,2024-07-30
5938,Baseline,2024-03-26
5938,Week 4,2024-04-23
5938,Week 8,2024-05-21
5938,Week 12,2024-06-18
5939,Baseline,2024-01-23
5939,Week 4,2024-02-20
5939,Week 8,2024-03-19
5939,Week 12,2024-04-16
5940,Baseline,2024-03-01
5940,Week 4,2024-03-29
5940,Week 8,2024-04-26
5940,Week 12,2024-05-24
5941,Baseline,2024-04-20
5941,Week 4,2024-05-18
5941,Week 8,2024-06-15
5941,Week 12,2024-07-13
5942,Baseline,2024-01-06
5942,Week 4,2024-02-03
5942,Week 8,2024-03-02
5942,Week 12,2024-03-30
5943,Baseline,2024-04-20
5943,Week 4,2024-05-18
5943,Week 8,2024-06-15
5943,Week 12,2024-07-13
5944,Baseline,2024-05-30
5944,Week 4,2024-06-27
5944,Week 8,2024-07-25
5944,Week 12,2024-08-22
5945,Baseline,2024-01-30
5945,Week 4,2024-02-27
5945,Week 8,2024-03-26
5945,Week 12,2024-04-23
5946,Baseline,2024-06-23
5946,Week 4,2024-07-21
5946,Week 8,2024-08-18
5946,Week 12,2024-09-15
5947,Baseline,2024-03-12
5947,Week 4,2024-04-09
5947,Week 8,2024-05-07
5947,Week 12,2024-06-04
5948,Baseline,2024-03-12
5948,Week 4,2024-04-09
5948,Week 8,2024-05-07
5948,Week 12,2024-06-04
5949,Baseline,2024-04-17
5949,Week 4,2024-05-15
5949,Week 8,2024-06-12
5949,Week 12,2024-07-10
5950,Baseline,2024-02-24
5950,Week 4,2024-03-23
5950,Week 8,2024-04-20
5950,Week 12,2024-05-18
5951,Baseline,2024-02-13
5951,Week 4,2024-03-12
5951,Week 8,2024-04-09
5951,Week 12,2024-05-07
5952,Baseline,2024-05-12
5952,Week 4,2024-06-09
5952,Week 8,2024-07-07
5952,Week 12,2024-08-04
5953,Baseline,2024-04-21
5953,Week 4,2024-05-19
5953,Week 8,2024-06-16
5953,Week 12,2024-07-14
5954,Baseline,2024-02-06
5954,Week 4,2024-03-05
5954,Week 8,2024-04-02
5954,Week 12,2024-04-30
5955,Baseline,2024-05-20
5955,Week 4,2024-06-17
5955,Week 8,2024-07-15
5955,Week 12,2024-08-12
5956,Baseline,2024-04-22
5956,Week 4,2024-05-20
5956,Week 8,2024-06-17
5956,Week 12,2024-07-15
5957,Baseline,2024-05-30
5957,Week 4,2024-06-27
5957,Week 8,2024-07-25
5957,Week 12,2024-08-22
5958,Baseline,2024-05-22
5958,Week 4,2024-06-19
5958,Week 8,2024-07-17
5958,Week 12,2024-08-14
5959,Baseline,2024-04-19
5959,Week 4,2024-05-17
5959,Week 8,2024-06-14
5959,Week 12,2024-07-12
5960,Baseline,2024-01-20
5960,Week 4,2024-02-17
5960,Week 8,2024-03-16
5960,Week 12,2024-04-13
5961,Baseline,2024-02-03
5961,Week 4,2024-03-02
5961,Week 8,2024-03-30
5961,Week 12,2024-04-27
5962,Baseline,2024-03-27
5962,Week 4,2024-04-24
5962,Week 8,2024-05-22
5962,Week 12,2024-06-19
5963,Baseline,2024-04-29
5963,Week 4,2024-05-27
5963,Week 8,2024-06-24
5963,Week 12,2024-07-22
5964,Baseline,2024-06-02
5964,Week 4,2024-06-30
5964,Week 8,2024-07-28
5964,Week 12,2024-08-25
5965,Baseline,2024-03-03
5965,Week 4,2024-03-31
5965,Week 8,2024-04-28
5965,Week 12,2024-05-26
5966,Baseline,2024-03-01
5966,Week 4,2024-03-29
5966,Week 8,2024-04-26
5966,Week 12,2024-05-24
5967,Baseline,2024-04-30
5967,Week 4,2024-05-28
5967,Week 8,2024-06-25
5967,Week 12,2024-07-23
5968,Baseline,2024-06-21
5968,Week 4,2024-07-19
5968,Week 8,2024-08-16
5968,Week 12,2024-09-13
5969,Baseline,2024-02-24
5969,Week 4,2024-03-23
5969,Week 8,2024-04-20
5969,Week 12,2024-05-18
5970,Baseline,2024-03-02
5970,Week 4,2024-03-30
5970,Week 8,2024-04-27
5970,Week 12,2024-05-25
5971,Baseline,2024-01-28
5971,Week 4,2024-02-25
5971,Week 8,2024-03-24
5971,Week 12,2024-04-21
5972,Baseline,2024-01-03
5972,Week 4,2024-01-31
5972,Week 8,2024-02-28
5972,Week 12,2024-03-27
5973,Baseline,2024-05-26
5973,Week 4,2024-06-23
5973,Week 8,2024-07-21
5973,Week 12,2024-08-18
5974,Baseline,2024-04-07
5974,Week 4,2024-05-05
5974,Week 8,2024-06-02
5974,Week 12,2024-06-30
5975,Baseline,2024-05-26
5975,Week 4,2024-06-23
5975,Week 8,2024-07-21
5975,Week 12,2024-08-18
5976,Baseline,2024-03-02
5976,Week 4,2024-03-30
5976,Week 8,2024-04-27
5976,Week 12,2024-05-25
5977,Baseline,2024-06-21
5977,Week 4,2024-07-19
5977,Week 8,2024-08-16
5977,Week 12,2024-09-13
5978,Baseline,2024-06-15
5978,Week 4,2024-07-13
5978,Week 8,2024-08-10
5978,Week 12,2024-09-07
5979,Baseline,2024-03-11
5979,Week 4,2024-04-08
5979,Week 8,2024-05-06
5979,Week 12,2024-06-03
5980,Baseline,2024-05-29
5980,Week 4,2024-06-26
5980,Week 8,2024-07-24
5980,Week 12,2024-08-21
5981,Baseline,2024-05-23
5981,Week 4,2024-06-20
5981,Week 8,2024-07-18
5981,Week 12,2024-08-15
5982,Baseline,2024-03-17
5982,Week 4,2024-04-14
5982,Week 8,2024-05-12
5982,Week 12,2024-06-09
5983,Baseline,2024-03-03
5983,Week 4,2024-03-31
5983,Week 8,2024-04-28
5983,Week 12,2024-05-26
5984,Baseline,2024-06-26
5984,Week 4,2024-07-24
5984,Week 8,2024-08-21
5984,Week 12,2024-09-18
5985,Baseline,2024-01-18
5985,Week 4,2024-02-15
5985,Week 8,2024-03-14
5985,Week 12,2024-04-11
5986,Baseline,2024-04-06
5986,Week 4,2024-05-04
5986,Week 8,2024-06-01
5986,Week 12,2024-06-29
5987,Baseline,2024-05-29
5987,Week 4,2024-06-26
5987,Week 8,2024-07-24
5987,Week 12,2024-08-21
5988,Baseline,2024-02-01
5988,Week 4,2024-02-29
5988,Week 8,2024-03-28
5988,Week 12,2024-04-25
5989,Baseline,2024-04-21
5989,Week 4,2024-05-19
5989,Week 8,2024-06-16
5989,Week 12,2024-07-14
5990,Baseline,2024-05-02
5990,Week 4,2024-05-30
5990,Week 8,2024-06-27
5990,Week 12,2024-07-25
5991,Baseline,2024-02-18
5991,Week 4,2024-03-17
5991,Week 8,2024-04-14
5991,Week 12,2024-05-12
5992,Baseline,2024-01-17
5992,Week 4,2024-02-14
5992,Week 8,2024-03-13
5992,Week 12,2024-04-10
5993,Baseline,2024-04-10
5993,Week 4,2024-05-08
5993,Week 8,2024-06-05
5993,Week 12,2024-07-03
5994,Baseline,2024-01-15
5994,Week 4,2024-02-12
5994,Week 8,2024-03-11
5994,Week 12,2024-04-08
5995,Baseline,2024-04-30
5995,Week 4,2024-05-28
5995,Week 8,2024-06-25
5995,Week 12,2024-07-23
5996,Baseline,2024-03-03
5996,Week 4,2024-03-31
5996,Week 8,2024-04-28
5996,Week 12,2024-05-26
5997,Baseline,2024-03-21
5997,Week 4,2024-04-18
5997,Week 8,2024-05-16
5997,Week 12,2024-06-13
5998,Baseline,2024-01-12
5998,Week 4,2024-02-09
5998,Week 8,2024-03-08
5998,Week 12,2024-04-05
5999,Baseline,2024-05-28
5999,Week 4,2024-06-25
5999,Week 8,2024-07-23
5999,Week 12,2024-08-20
6000,Baseline,2024-02-11
6000,Week 4,2024-03-10
6000,Week 8,2024-04-07
6000,Week 12,2024-05-05
6001,Baseline,2024-05-27
6001,Week 4,2024-06-24
6001,Week 8,2024-07-22
6001,Week 12,2024-08-19
6002,Baseline,2024-02-25
6002,Week 4,2024-03-24
6002,Week 8,2024-04-21
6002,Week 12,2024-05-19
6003,Baseline,2024-02-26
6003,Week 4,2024-03-25
6003,Week 8,2024-04-22
6003,Week 12,2024-05-20
6004,Baseline,2024-01-10
6004,Week 4,2024-02-07
6004,Week 8,2024-03-06
6004,Week 12,2024-04-03
6005,Baseline,2024-03-28
6005,Week 4,2024-04-25
6005,Week 8,2024-05-23
6005,Week 12,2024-06-20
6006,Baseline,2024-03-15
6006,Week 4,2024-04-12
6006,Week 8,2024-05-10
6006,Week 12,2024-06-07
6007,Baseline,2024-01-12
6007,Week 4,2024-02-09
6007,Week 8,2024-03-08
6007,Week 12,2024-04-05
6008,Baseline,2024-01-16
6008,Week 4,2024-02-13
6008,Week 8,2024-03-12
6008,Week 12,2024-04-09
6009,Baseline,2024-02-15
6009,Week 4,2024-03-14
6009,Week 8,2024-04-11
6009,Week 12,2024-05-09
6010,Baseline,2024-03-23
6010,Week 4,2024-04-20
6010,Week 8,2024-05-18
6010,Week 12,2024-06-15
6011,Baseline,2024-06-12
6011,Week 4,2024-07-10
6011,Week 8,2024-08-07
6011,Week 12,2024-09-04
6012,Baseline,2024-04-18
6012,Week 4,2024-05-16
6012,Week 8,2024-06-13
6012,Week 12,2024-07-11
6013,Baseline,2024-02-25
6013,Week 4,2024-03-24
6013,Week 8,2024-04-21
6013,Week 12,2024-05-19
6014,Baseline,2024-05-03
6014,Week 4,2024-05-31
6014,Week 8,2024-06-28
6014,Week 12,2024-07-26
6015,Baseline,2024-01-28
6015,Week 4,2024-02-25
6015,Week 8,2024-03-24
6015,Week 12,2024-04-21
6016,Baseline,2024-02-08
6016,Week 4,2024-03-07
6016,Week 8,2024-04-04
6016,Week 12,2024-05-02
6017,Baseline,2024-02-22
6017,Week 4,2024-03-21
6017,Week 8,2024-04-18
6017,Week 12,2024-05-16
6018,Baseline,2024-02-23
6018,Week 4,2024-03-22
6018,Week 8,2024-04-19
6018,Week 12,2024-05-17
6019,Baseline,2024-06-19
6019,Week 4,2024-07-17
6019,Week 8,2024-08-14
6019,Week 12,2024-09-11
6020,Baseline,2024-03-31
6020,Week 4,2024-04-28
6020,Week 8,2024-05-26
6020,Week 12,2024-06-23
6021,Baseline,2024-01-21
6021,Week 4,2024-02-18
6021,Week 8,2024-03-17
6021,Week 12,2024-04-14
6022,Baseline,2024-01-06
6022,Week 4,2024-02-03
6022,Week 8,2024-03-02
6022,Week 12,2024-03-30
6023,Baseline,2024-05-18
6023,Week 4,2024-06-15
6023,Week 8,2024-07-13
6023,Week 12,2024-08-10
6024,Baseline,2024-01-12
6024,Week 4,2024-02-09
6024,Week 8,2024-03-08
6024,Week 12,2024-04-05
6025,Baseline,2024-01-03
6025,Week 4,2024-01-31
6025,Week 8,2024-02-28
6025,Week 12,2024-03-27
6026,Baseline,2024-03-03
6026,Week 4,2024-03-31
6026,Week 8,2024-04-28
6026,Week 12,2024-05-26
6027,Baseline,2024-02-15
6027,Week 4,2024-03-14
6027,Week 8,2024-04-11
6027,Week 12,2024-05-09
6028,Baseline,2024-04-17
6028,Week 4,2024-05-15
6028,Week 8,2024-06-12
6028,Week 12,2024-07-10
6029,Baseline,2024-01-19
6029,Week 4,2024-02-16
6029,Week 8,2024-03-15
6029,Week 12,2024-04-12
6030,Baseline,2024-02-10
6030,Week 4,2024-03-09
6030,Week 8,2024-04-06
6030,Week 12,2024-05-04
6031,Baseline,2024-05-16
6031,Week 4,2024-06-13
6031,Week 8,2024-07-11
6031,Week 12,2024-08-08
6032,Baseline,2024-05-30
6032,Week 4,2024-06-27
6032,Week 8,2024-07-25
6032,Week 12,2024-08-22
6033,Baseline,2024-01-06
6033,Week 4,2024-02-03
6033,Week 8,2024-03-02
6033,Week 12,2024-03-30
6034,Baseline,2024-02-15
6034,Week 4,2024-03-14
6034,Week 8,2024-04-11
6034,Week 12,2024-05-09
6035,Baseline,2024-04-03
6035,Week 4,2024-05-01
6035,Week 8,2024-05-29
6035,Week 12,2024-06-26
6036,Baseline,2024-05-04
6036,Week 4,2024-06-01
6036,Week 8,2024-06-29
6036,Week 12,2024-07-27
6037,Baseline,2024-01-31
6037,Week 4,2024-02-28
6037,Week 8,2024-03-27
6037,Week 12,2024-04-24
6038,Baseline,2024-06-06
6038,Week 4,2024-07-04
6038,Week 8,2024-08-01
6038,Week 12,2024-08-29
6039,Baseline,2024-03-17
6039,Week 4,2024-04-14
6039,Week 8,2024-05-12
6039,Week 12,2024-06-09
6040,Baseline,2024-05-29
6040,Week 4,2024-06-26
6040,Week 8,2024-07-24
6040,Week 12,2024-08-21
6041,Baseline,2024-05-18
6041,Week 4,2024-06-15
6041,Week 8,2024-07-13
6041,Week 12,2024-08-10
6042,Baseline,2024-06-09
6042,Week 4,2024-07-07
6042,Week 8,2024-08-04
6042,Week 12,2024-09-01
6043,Baseline,2024-01-02
6043,Week 4,2024-01-30
6043,Week 8,2024-02-27
6043,Week 12,2024-03-26
6044,Baseline,2024-06-28
6044,Week 4,2024-07-26
6044,Week 8,2024-08-23
6044,Week 12,2024-09-20
6045,Baseline,2024-04-06
6045,Week 4,2024-05-04
6045,Week 8,2024-06-01
6045,Week 12,2024-06-29
6046,Baseline,2024-02-12
6046,Week 4,2024-03-11
6046,Week 8,2024-04-08
6046,Week 12,2024-05-06
6047,Baseline,2024-05-04
6047,Week 4,2024-06-01
6047,Week 8,2024-06-29
6047,Week 12,2024-07-27
6048,Baseline,2024-01-02
6048,Week 4,2024-01-30
6048,Week 8,2024-02-27
6048,Week 12,2024-03-26
6049,Baseline,2024-04-01
6049,Week 4,2024-04-29
6049,Week 8,2024-05-27
6049,Week 12,2024-06-24
6050,Baseline,2024-06-19
6050,Week 4,2024-07-17
6050,Week 8,2024-08-14
6050,Week 12,2024-09-11
6051,Baseline,2024-05-10
6051,Week 4,2024-06-07
6051,Week 8,2024-07-05
6051,Week 12,2024-08-02
6052,Baseline,2024-06-02
6052,Week 4,2024-06-30
6052,Week 8,2024-07-28
6052,Week 12,2024-08-25
6053,Baseline,2024-05-17
6053,Week 4,2024-06-14
6053,Week 8,2024-07-12
6053,Week 12,2024-08-09
6054,Baseline,2024-06-23
6054,Week 4,2024-07-21
6054,Week 8,2024-08-18
6054,Week 12,2024-09-15
6055,Baseline,2024-05-10
6055,Week 4,2024-06-07
6055,Week 8,2024-07-05
6055,Week 12,2024-08-02
6056,Baseline,2024-02-07
6056,Week 4,2024-03-06
6056,Week 8,2024-04-03
6056,Week 12,2024-05-01
6057,Baseline,2024-01-19
6057,Week 4,2024-02-16
6057,Week 8,2024-03-15
6057,Week 12,2024-04-12
6058,Baseline,2024-05-04
6058,Week 4,2024-06-01
6058,Week 8,2024-06-29
6058,Week 12,2024-07-27
6059,Baseline,2024-03-28
6059,Week 4,2024-04-25
6059,Week 8,2024-05-23
6059,Week 12,2024-06-20
6060,Baseline,2024-04-03
6060,Week 4,2024-05-01
6060,Week 8,2024-05-29
6060,Week 12,2024-06-26
6061,Baseline,2024-02-15
6061,Week 4,2024-03-14
6061,Week 8,2024-04-11
6061,Week 12,2024-05-09
6062,Baseline,2024-02-08
6062,Week 4,2024-03-07
6062,Week 8,2024-04-04
6062,Week 12,2024-05-02
6063,Baseline,2024-04-22
6063,Week 4,2024-05-20
6063,Week 8,2024-06-17
6063,Week 12,2024-07-15
6064,Baseline,2024-04-19
6064,Week 4,2024-05-17
6064,Week 8,2024-06-14
6064,Week 12,2024-07-12
6065,Baseline,2024-03-07
6065,Week 4,2024-04-04
6065,Week 8,2024-05-02
6065,Week 12,2024-05-30
6066,Baseline,2024-04-24
6066,Week 4,2024-05-22
6066,Week 8,2024-06-19
6066,Week 12,2024-07-17
6067,Baseline,2024-05-21
6067,Week 4,2024-06-18
6067,Week 8,2024-07-16
6067,Week 12,2024-08-13
6068,Baseline,2024-03-17
6068,Week 4,2024-04-14
6068,Week 8,2024-05-12
6068,Week 12,2024-06-09
6069,Baseline,2024-03-22
6069,Week 4,2024-04-19
6069,Week 8,2024-05-17
6069,Week 12,2024-06-14
6070,Baseline,2024-02-11
6070,Week 4,2024-03-10
6070,Week 8,2024-04-07
6070,Week 12,2024-05-05
6071,Baseline,2024-02-05
6071,Week 4,2024-03-04
6071,Week 8,2024-04-01
6071,Week 12,2024-04-29
6072,Baseline,2024-05-11
6072,Week 4,2024-06-08
6072,Week 8,2024-07-06
6072,Week 12,2024-08-03
6073,Baseline,2024-05-15
6073,Week 4,2024-06-12
6073,Week 8,2024-07-10
6073,Week 12,2024-08-07
6074,Baseline,2024-06-08
6074,Week 4,2024-07-06
6074,Week 8,2024-08-03
6074,Week 12,2024-08-31
6075,Baseline,2024-06-25
6075,Week 4,2024-07-23
6075,Week 8,2024-08-20
6075,Week 12,2024-09-17
6076,Baseline,2024-04-03
6076,Week 4,2024-05-01
6076,Week 8,2024-05-29
6076,Week 12,2024-06-26
6077,Baseline,2024-01-23
6077,Week 4,2024-02-20
6077,Week 8,2024-03-19
6077,Week 12,2024-04-16
6078,Baseline,2024-01-08
6078,Week 4,2024-02-05
6078,Week 8,2024-03-04
6078,Week 12,2024-04-01
6079,Baseline,2024-02-02
6079,Week 4,2024-03-01
6079,Week 8,2024-03-29
6079,Week 12,2024-04-26
6080,Baseline,2024-03-11
6080,Week 4,2024-04-08
6080,Week 8,2024-05-06
6080,Week 12,2024-06-03
6081,Baseline,2024-01-02
6081,Week 4,2024-01-30
6081,Week 8,2024-02-27
6081,Week 12,2024-03-26
6082,Baseline,2024-03-16
6082,Week 4,2024-04-13
6082,Week 8,2024-05-11
6082,Week 12,2024-06-08
6083,Baseline,2024-06-12
6083,Week 4,2024-07-10
6083,Week 8,2024-08-07
6083,Week 12,2024-09-04
6084,Baseline,2024-03-13
6084,Week 4,2024-04-10
6084,Week 8,2024-05-08
6084,Week 12,2024-06-05
6085,Baseline,2024-03-09
6085,Week 4,2024-04-06
6085,Week 8,2024-05-04
6085,Week 12,2024-06-01
6086,Baseline,2024-01-19
6086,Week 4,2024-02-16
6086,Week 8,2024-03-15
6086,Week 12,2024-04-12
6087,Baseline,2024-06-20
6087,Week 4,2024-07-18
6087,Week 8,2024-08-15
6087,Week 12,2024-09-12
6088,Baseline,2024-03-25
6088,Week 4,2024-04-22
6088,Week 8,2024-05-20
6088,Week 12,2024-06-17
6089,Baseline,2024-02-17
6089,Week 4,2024-03-16
6089,Week 8,2024-04-13
6089,Week 12,2024-05-11
6090,Baseline,2024-06-13
6090,Week 4,2024-07-11
6090,Week 8,2024-08-08
6090,Week 12,2024-09-05
6091,Baseline,2024-06-08
6091,Week 4,2024-07-06
6091,Week 8,2024-08-03
6091,Week 12,2024-08-31
6092,Baseline,2024-03-26
6092,Week 4,2024-04-23
6092,Week 8,2024-05-21
6092,Week 12,2024-06-18
6093,Baseline,2024-05-24
6093,Week 4,2024-06-21
6093,Week 8,2024-07-19
6093,Week 12,2024-08-16
6094,Baseline,2024-06-24
6094,Week 4,2024-07-22
6094,Week 8,2024-08-19
6094,Week 12,2024-09-16
6095,Baseline,2024-06-09
6095,Week 4,2024-07-07
6095,Week 8,2024-08-04
6095,Week 12,2024-09-01
6096,Baseline,2024-03-25
6096,Week 4,2024-04-22
6096,Week 8,2024-05-20
6096,Week 12,2024-06-17
6097,Baseline,2024-02-05
6097,Week 4,2024-03-04
6097,Week 8,2024-04-01
6097,Week 12,2024-04-29
6098,Baseline,2024-05-09
6098,Week 4,2024-06-06
6098,Week 8,2024-07-04
6098,Week 12,2024-08-01
6099,Baseline,2024-05-13
6099,Week 4,2024-06-10
6099,Week 8,2024-07-08
6099,Week 12,2024-08-05
6100,Baseline,2024-04-29
6100,Week 4,2024-05-27
6100,Week 8,2024-06-24
6100,Week 12,2024-07-22
6101,Baseline,2024-01-26
6101,Week 4,2024-02-23
6101,Week 8,2024-03-22
6101,Week 12,2024-04-19
6102,Baseline,2024-05-13
6102,Week 4,2024-06-10
6102,Week 8,2024-07-08
6102,Week 12,2024-08-05
6103,Baseline,2024-02-09
6103,Week 4,2024-03-08
6103,Week 8,2024-04-05
6103,Week 12,2024-05-03
6104,Baseline,2024-05-05
6104,Week 4,2024-06-02
6104,Week 8,2024-06-30
6104,Week 12,2024-07-28
6105,Baseline,2024-03-19
6105,Week 4,2024-04-16
6105,Week 8,2024-05-14
6105,Week 12,2024-06-11
6106,Baseline,2024-04-02
6106,Week 4,2024-04-30
6106,Week 8,2024-05-28
6106,Week 12,2024-06-25
6107,Baseline,2024-02-21
6107,Week 4,2024-03-20
6107,Week 8,2024-04-17
6107,Week 12,2024-05-15
6108,Baseline,2024-05-29
6108,Week 4,2024-06-26
6108,Week 8,2024-07-24
6108,Week 12,2024-08-21
6109,Baseline,2024-06-27
6109,Week 4,2024-07-25
6109,Week 8,2024-08-22
6109,Week 12,2024-09-19
6110,Baseline,2024-05-08
6110,Week 4,2024-06-05
6110,Week 8,2024-07-03
6110,Week 12,2024-07-31
6111,Baseline,2024-04-12
6111,Week 4,2024-05-10
6111,Week 8,2024-06-07
6111,Week 12,2024-07-05
6112,Baseline,2024-05-15
6112,Week 4,2024-06-12
6112,Week 8,2024-07-10
6112,Week 12,2024-08-07
6113,Baseline,2024-02-06
6113,Week 4,2024-03-05
6113,Week 8,2024-04-02
6113,Week 12,2024-04-30
6114,Baseline,2024-02-05
6114,Week 4,2024-03-04
6114,Week 8,2024-04-01
6114,Week 12,2024-04-29
6115,Baseline,2024-02-05
6115,Week 4,2024-03-04
6115,Week 8,2024-04-01
6115,Week 12,2024-04-29
6116,Baseline,2024-01-02
6116,Week 4,2024-01-30
6116,Week 8,2024-02-27
6116,Week 12,2024-03-26
6117,Baseline,2024-02-11
6117,Week 4,2024-03-10
6117,Week 8,2024-04-07
6117,Week 12,2024-05-05
6118,Baseline,2024-02-11
6118,Week 4,2024-03-10
6118,Week 8,2024-04-07
6118,Week 12,2024-05-05
6119,Baseline,2024-01-29
6119,Week 4,2024-02-26
6119,Week 8,2024-03-25
6119,Week 12,2024-04-22
6120,Baseline,2024-02-22
6120,Week 4,2024-03-21
6120,Week 8,2024-04-18
6120,Week 12,2024-05-16
6121,Baseline,2024-06-27
6121,Week 4,2024-07-25
6121,Week 8,2024-08-22
6121,Week 12,2024-09-19
6122,Baseline,2024-04-16
6122,Week 4,2024-05-14
6122,Week 8,2024-06-11
6122,Week 12,2024-07-09
6123,Baseline,2024-03-26
6123,Week 4,2024-04-23
6123,Week 8,2024-05-21
6123,Week 12,2024-06-18
6124,Baseline,2024-06-09
6124,Week 4,2024-07-07
6124,Week 8,2024-08-04
6124,Week 12,2024-09-01
6125,Baseline,2024-06-19
6125,Week 4,2024-07-17
6125,Week 8,2024-08-14
6125,Week 12,2024-09-11
6126,Baseline,2024-02-13
6126,Week 4,2024-03-12
6126,Week 8,2024-04-09
6126,Week 12,2024-05-07
6127,Baseline,2024-05-09
6127,Week 4,2024-06-06
6127,Week 8,2024-07-04
6127,Week 12,2024-08-01
6128,Baseline,2024-02-04
6128,Week 4,2024-03-03
6128,Week 8,2024-03-31
6128,Week 12,2024-04-28
6129,Baseline,2024-04-22
6129,Week 4,2024-05-20
6129,Week 8,2024-06-17
6129,Week 12,2024-07-15
6130,Baseline,2024-03-18
6130,Week 4,2024-04-15
6130,Week 8,2024-05-13
6130,Week 12,2024-06-10
6131,Baseline,2024-02-29
6131,Week 4,2024-03-28
6131,Week 8,2024-04-25
6131,Week 12,2024-05-23
6132,Baseline,2024-01-29
6132,Week 4,2024-02-26
6132,Week 8,2024-03-25
6132,Week 12,2024-04-22
6133,Baseline,2024-05-16
6133,Week 4,2024-06-13
6133,Week 8,2024-07-11
6133,Week 12,2024-08-08
6134,Baseline,2024-05-13
6134,Week 4,2024-06-10
6134,Week 8,2024-07-08
6134,Week 12,2024-08-05
6135,Baseline,2024-01-30
6135,Week 4,2024-02-27
6135,Week 8,2024-03-26
6135,Week 12,2024-04-23
6136,Baseline,2024-02-19
6136,Week 4,2024-03-18
6136,Week 8,2024-04-15
6136,Week 12,2024-05-13
6137,Baseline,2024-04-12
6137,Week 4,2024-05-10
6137,Week 8,2024-06-07
6137,Week 12,2024-07-05
6138,Baseline,2024-04-15
6138,Week 4,2024-05-13
6138,Week 8,2024-06-10
6138,Week 12,2024-07-08
6139,Baseline,2024-05-27
6139,Week 4,2024-06-24
6139,Week 8,2024-07-22
6139,Week 12,2024-08-19
6140,Baseline,2024-05-07
6140,Week 4,2024-06-04
6140,Week 8,2024-07-02
6140,Week 12,2024-07-30
6141,Baseline,2024-01-03
6141,Week 4,2024-01-31
6141,Week 8,2024-02-28
6141,Week 12,2024-03-27
6142,Baseline,2024-02-28
6142,Week 4,2024-03-27
6142,Week 8,2024-04-24
6142,Week 12,2024-05-22
6143,Baseline,2024-05-07
6143,Week 4,2024-06-04
6143,Week 8,2024-07-02
6143,Week 12,2024-07-30
6144,Baseline,2024-04-07
6144,Week 4,2024-05-05
6144,Week 8,2024-06-02
6144,Week 12,2024-06-30
6145,Baseline,2024-04-03
6145,Week 4,2024-05-01
6145,Week 8,2024-05-29
6145,Week 12,2024-06-26
6146,Baseline,2024-05-17
6146,Week 4,2024-06-14
6146,Week 8,2024-07-12
6146,Week 12,2024-08-09
6147,Baseline,2024-01-20
6147,Week 4,2024-02-17
6147,Week 8,2024-03-16
6147,Week 12,2024-04-13
6148,Baseline,2024-02-19
6148,Week 4,2024-03-18
6148,Week 8,2024-04-15
6148,Week 12,2024-05-13
6149,Baseline,2024-02-06
6149,Week 4,2024-03-05
6149,Week 8,2024-04-02
6149,Week 12,2024-04-30
6150,Baseline,2024-02-28
6150,Week 4,2024-03-27
6150,Week 8,2024-04-24
6150,Week 12,2024-05-22
6151,Baseline,2024-01-14
6151,Week 4,2024-02-11
6151,Week 8,2024-03-10
6151,Week 12,2024-04-07
6152,Baseline,2024-05-01
6152,Week 4,2024-05-29
6152,Week 8,2024-06-26
6152,Week 12,2024-07-24
6153,Baseline,2024-03-03
6153,Week 4,2024-03-31
6153,Week 8,2024-04-28
6153,Week 12,2024-05-26
6154,Baseline,2024-02-14
6154,Week 4,2024-03-13
6154,Week 8,2024-04-10
6154,Week 12,2024-05-08
6155,Baseline,2024-06-17
6155,Week 4,2024-07-15
6155,Week 8,2024-08-12
6155,Week 12,2024-09-09
6156,Baseline,2024-05-24
6156,Week 4,2024-06-21
6156,Week 8,2024-07-19
6156,Week 12,2024-08-16
6157,Baseline,2024-05-14
6157,Week 4,2024-06-11
6157,Week 8,2024-07-09
6157,Week 12,2024-08-06
6158,Baseline,2024-03-19
6158,Week 4,2024-04-16
6158,Week 8,2024-05-14
6158,Week 12,2024-06-11
6159,Baseline,2024-03-21
6159,Week 4,2024-04-18
6159,Week 8,2024-05-16
6159,Week 12,2024-06-13
6160,Baseline,2024-04-08
6160,Week 4,2024-05-06
6160,Week 8,2024-06-03
6160,Week 12,2024-07-01
6161,Baseline,2024-06-21
6161,Week 4,2024-07-19
6161,Week 8,2024-08-16
6161,Week 12,2024-09-13
6162,Baseline,2024-05-24
6162,Week 4,2024-06-21
6162,Week 8,2024-07-19
6162,Week 12,2024-08-16
6163,Baseline,2024-02-15
6163,Week 4,2024-03-14
6163,Week 8,2024-04-11
6163,Week 12,2024-05-09
6164,Baseline,2024-06-10
6164,Week 4,2024-07-08
6164,Week 8,2024-08-05
6164,Week 12,2024-09-02
6165,Baseline,2024-02-14
6165,Week 4,2024-03-13
6165,Week 8,2024-04-10
6165,Week 12,2024-05-08
6166,Baseline,2024-06-24
6166,Week 4,2024-07-22
6166,Week 8,2024-08-19
6166,Week 12,2024-09-16
6167,Baseline,2024-06-04
6167,Week 4,2024-07-02
6167,Week 8,2024-07-30
6167,Week 12,2024-08-27
6168,Baseline,2024-04-30
6168,Week 4,2024-05-28
6168,Week 8,2024-06-25
6168,Week 12,2024-07-23
6169,Baseline,2024-06-08
6169,Week 4,2024-07-06
6169,Week 8,2024-08-03
6169,Week 12,2024-08-31
6170,Baseline,2024-06-10
6170,Week 4,2024-07-08
6170,Week 8,2024-08-05
6170,Week 12,2024-09-02
6171,Baseline,2024-02-29
6171,Week 4,2024-03-28
6171,Week 8,2024-04-25
6171,Week 12,2024-05-23
6172,Baseline,2024-04-30
6172,Week 4,2024-05-28
6172,Week 8,2024-06-25
6172,Week 12,2024-07-23
6173,Baseline,2024-02-04
6173,Week 4,2024-03-03
6173,Week 8,2024-03-31
6173,Week 12,2024-04-28
6174,Baseline,2024-02-29
6174,Week 4,2024-03-28
6174,Week 8,2024-04-25
6174,Week 12,2024-05-23
6175,Baseline,2024-04-23
6175,Week 4,2024-05-21
6175,Week 8,2024-06-18
6175,Week 12,2024-07-16
6176,Baseline,2024-02-19
6176,Week 4,2024-03-18
6176,Week 8,2024-04-15
6176,Week 12,2024-05-13
6177,Baseline,2024-03-06
6177,Week 4,2024-04-03
6177,Week 8,2024-05-01
6177,Week 12,2024-05-29
6178,Baseline,2024-06-26
6178,Week 4,2024-07-24
6178,Week 8,2024-08-21
6178,Week 12,2024-09-18
6179,Baseline,2024-03-15
6179,Week 4,2024-04-12
6179,Week 8,2024-05-10
6179,Week 12,2024-06-07
6180,Baseline,2024-01-09
6180,Week 4,2024-02-06
6180,Week 8,2024-03-05
6180,Week 12,2024-04-02
6181,Baseline,2024-03-21
6181,Week 4,2024-04-18
6181,Week 8,2024-05-16
6181,Week 12,2024-06-13
6182,Baseline,2024-03-12
6182,Week 4,2024-04-09
6182,Week 8,2024-05-07
6182,Week 12,2024-06-04
6183,Baseline,2024-01-21
6183,Week 4,2024-02-18
6183,Week 8,2024-03-17
6183,Week 12,2024-04-14
6184,Baseline,2024-02-23
6184,Week 4,2024-03-22
6184,Week 8,2024-04-19
6184,Week 12,2024-05-17
6185,Baseline,2024-03-25
6185,Week 4,2024-04-22
6185,Week 8,2024-05-20
6185,Week 12,2024-06-17
6186,Baseline,2024-03-30
6186,Week 4,2024-04-27
6186,Week 8,2024-05-25
6186,Week 12,2024-06-22
6187,Baseline,2024-01-09
6187,Week 4,2024-02-06
6187,Week 8,2024-03-05
6187,Week 12,2024-04-02
6188,Baseline,2024-06-22
6188,Week 4,2024-07-20
6188,Week 8,2024-08-17
6188,Week 12,2024-09-14
6189,Baseline,2024-06-07
6189,Week 4,2024-07-05
6189,Week 8,2024-08-02
6189,Week 12,2024-08-30
6190,Baseline,2024-05-28
6190,Week 4,2024-06-25
6190,Week 8,2024-07-23
6190,Week 12,2024-08-20
6191,Baseline,2024-05-20
6191,Week 4,2024-06-17
6191,Week 8,2024-07-15
6191,Week 12,2024-08-12
6192,Baseline,2024-03-10
6192,Week 4,2024-04-07
6192,Week 8,2024-05-05
6192,Week 12,2024-06-02
6193,Baseline,2024-04-05
6193,Week 4,2024-05-03
6193,Week 8,2024-05-31
6193,Week 12,2024-06-28
6194,Baseline,2024-03-27
6194,Week 4,2024-04-24
6194,Week 8,2024-05-22
6194,Week 12,2024-06-19
6195,Baseline,2024-06-06
6195,Week 4,2024-07-04
6195,Week 8,2024-08-01
6195,Week 12,2024-08-29
6196,Baseline,2024-04-20
6196,Week 4,2024-05-18
6196,Week 8,2024-06-15
6196,Week 12,2024-07-13
6197,Baseline,2024-04-01
6197,Week 4,2024-04-29
6197,Week 8,2024-05-27
6197,Week 12,2024-06-24
6198,Baseline,2024-02-12
6198,Week 4,2024-03-11
6198,Week 8,2024-04-08
6198,Week 12,2024-05-06
6199,Baseline,2024-01-17
6199,Week 4,2024-02-14
6199,Week 8,2024-03-13
6199,Week 12,2024-04-10
6200,Baseline,2024-02-17
6200,Week 4,2024-03-16
6200,Week 8,2024-04-13
6200,Week 12,2024-05-11
6201,Baseline,2024-03-01
6201,Week 4,2024-03-29
6201,Week 8,2024-04-26
6201,Week 12,2024-05-24
6202,Baseline,2024-01-06
6202,Week 4,2024-02-03
6202,Week 8,2024-03-02
6202,Week 12,2024-03-30
6203,Baseline,2024-03-29
6203,Week 4,2024-04-26
6203,Week 8,2024-05-24
6203,Week 12,2024-06-21
6204,Baseline,2024-04-15
6204,Week 4,2024-05-13
6204,Week 8,2024-06-10
6204,Week 12,2024-07-08
6205,Baseline,2024-03-03
6205,Week 4,2024-03-31
6205,Week 8,2024-04-28
6205,Week 12,2024-05-26
6206,Baseline,2024-02-17
6206,Week 4,2024-03-16
6206,Week 8,2024-04-13
6206,Week 12,2024-05-11
6207,Baseline,2024-02-03
6207,Week 4,2024-03-02
6207,Week 8,2024-03-30
6207,Week 12,2024-04-27
6208,Baseline,2024-05-17
6208,Week 4,2024-06-14
6208,Week 8,2024-07-12
6208,Week 12,2024-08-09
6209,Baseline,2024-02-27
6209,Week 4,2024-03-26
6209,Week 8,2024-04-23
6209,Week 12,2024-05-21
6210,Baseline,2024-06-10
6210,Week 4,2024-07-08
6210,Week 8,2024-08-05
6210,Week 12,2024-09-02
6211,Baseline,2024-04-18
6211,Week 4,2024-05-16
6211,Week 8,2024-06-13
6211,Week 12,2024-07-11
6212,Baseline,2024-03-22
6212,Week 4,2024-04-19
6212,Week 8,2024-05-17
6212,Week 12,2024-06-14
6213,Baseline,2024-05-15
6213,Week 4,2024-06-12
6213,Week 8,2024-07-10
6213,Week 12,2024-08-07
6214,Baseline,2024-05-07
6214,Week 4,2024-06-04
6214,Week 8,2024-07-02
6214,Week 12,2024-07-30
6215,Baseline,2024-06-07
6215,Week 4,2024-07-05
6215,Week 8,2024-08-02
6215,Week 12,2024-08-30
6216,Baseline,2024-02-09
6216,Week 4,2024-03-08
6216,Week 8,2024-04-05
6216,Week 12,2024-05-03
6217,Baseline,2024-01-08
6217,Week 4,2024-02-05
6217,Week 8,2024-03-04
6217,Week 12,2024-04-01
6218,Baseline,2024-03-17
6218,Week 4,2024-04-14
6218,Week 8,2024-05-12
6218,Week 12,2024-06-09
6219,Baseline,2024-03-18
6219,Week 4,2024-04-15
6219,Week 8,2024-05-13
6219,Week 12,2024-06-10
6220,Baseline,2024-01-03
6220,Week 4,2024-01-31
6220,Week 8,2024-02-28
6220,Week 12,2024-03-27
6221,Baseline,2024-02-22
6221,Week 4,2024-03-21
6221,Week 8,2024-04-18
6221,Week 12,2024-05-16
6222,Baseline,2024-02-28
6222,Week 4,2024-03-27
6222,Week 8,2024-04-24
6222,Week 12,2024-05-22
6223,Baseline,2024-05-16
6223,Week 4,2024-06-13
6223,Week 8,2024-07-11
6223,Week 12,2024-08-08
6224,Baseline,2024-03-21
6224,Week 4,2024-04-18
6224,Week 8,2024-05-16
6224,Week 12,2024-06-13
6225,Baseline,2024-02-23
6225,Week 4,2024-03-22
6225,Week 8,2024-04-19
6225,Week 12,2024-05-17
6226,Baseline,2024-03-07
6226,Week 4,2024-04-04
6226,Week 8,2024-05-02
6226,Week 12,2024-05-30
6227,Baseline,2024-02-26
6227,Week 4,2024-03-25
6227,Week 8,2024-04-22
6227,Week 12,2024-05-20
6228,Baseline,2024-05-22
6228,Week 4,2024-06-19
6228,Week 8,2024-07-17
6228,Week 12,2024-08-14
6229,Baseline,2024-06-28
6229,Week 4,2024-07-26
6229,Week 8,2024-08-23
6229,Week 12,2024-09-20
6230,Baseline,2024-02-28
6230,Week 4,2024-03-27
6230,Week 8,2024-04-24
6230,Week 12,2024-05-22
6231,Baseline,2024-02-23
6231,Week 4,2024-03-22
6231,Week 8,2024-04-19
6231,Week 12,2024-05-17
6232,Baseline,2024-05-02
6232,Week 4,2024-05-30
6232,Week 8,2024-06-27
6232,Week 12,2024-07-25
6233,Baseline,2024-02-18
6233,Week 4,2024-03-17
6233,Week 8,2024-04-14
6233,Week 12,2024-05-12
6234,Baseline,2024-05-02
6234,Week 4,2024-05-30
6234,Week 8,2024-06-27
6234,Week 12,2024-07-25
6235,Baseline,2024-05-09
6235,Week 4,2024-06-06
6235,Week 8,2024-07-04
6235,Week 12,2024-08-01
6236,Baseline,2024-04-30
6236,Week 4,2024-05-28
6236,Week 8,2024-06-25
6236,Week 12,2024-07-23
6237,Baseline,2024-05-11
6237,Week 4,2024-06-08
6237,Week 8,2024-07-06
6237,Week 12,2024-08-03
6238,Baseline,2024-01-29
6238,Week 4,2024-02-26
6238,Week 8,2024-03-25
6238,Week 12,2024-04-22
6239,Baseline,2024-02-09
6239,Week 4,2024-03-08
6239,Week 8,2024-04-05
6239,Week 12,2024-05-03
6240,Baseline,2024-04-19
6240,Week 4,2024-05-17
6240,Week 8,2024-06-14
6240,Week 12,2024-07-12
6241,Baseline,2024-02-20
6241,Week 4,2024-03-19
6241,Week 8,2024-04-16
6241,Week 12,2024-05-14
6242,Baseline,2024-03-23
6242,Week 4,2024-04-20
6242,Week 8,2024-05-18
6242,Week 12,2024-06-15
6243,Baseline,2024-03-18
6243,Week 4,2024-04-15
6243,Week 8,2024-05-13
6243,Week 12,2024-06-10
6244,Baseline,2024-01-26
6244,Week 4,2024-02-23
6244,Week 8,2024-03-22
6244,Week 12,2024-04-19
6245,Baseline,2024-03-13
6245,Week 4,2024-04-10
6245,Week 8,2024-05-08
6245,Week 12,2024-06-05
6246,Baseline,2024-05-21
6246,Week 4,2024-06-18
6246,Week 8,2024-07-16
6246,Week 12,2024-08-13
6247,Baseline,2024-04-22
6247,Week 4,2024-05-20
6247,Week 8,2024-06-17
6247,Week 12,2024-07-15
6248,Baseline,2024-01-16
6248,Week 4,2024-02-13
6248,Week 8,2024-03-12
6248,Week 12,2024-04-09
6249,Baseline,2024-03-26
6249,Week 4,2024-04-23
6249,Week 8,2024-05-21
6249,Week 12,2024-06-18
6250,Baseline,2024-05-03
6250,Week 4,2024-05-31
6250,Week 8,2024-06-28
6250,Week 12,2024-07-26
6251,Baseline,2024-02-11
6251,Week 4,2024-03-10
6251,Week 8,2024-04-07
6251,Week 12,2024-05-05
6252,Baseline,2024-04-01
6252,Week 4,2024-04-29
6252,Week 8,2024-05-27
6252,Week 12,2024-06-24
6253,Baseline,2024-04-04
6253,Week 4,2024-05-02
6253,Week 8,2024-05-30
6253,Week 12,2024-06-27
6254,Baseline,2024-02-28
6254,Week 4,2024-03-27
6254,Week 8,2024-04-24
6254,Week 12,2024-05-22
6255,Baseline,2024-04-14
6255,Week 4,2024-05-12
6255,Week 8,2024-06-09
6255,Week 12,2024-07-07
6256,Baseline,2024-06-05
6256,Week 4,2024-07-03
6256,Week 8,2024-07-31
6256,Week 12,2024-08-28
6257,Baseline,2024-06-14
6257,Week 4,2024-07-12
6257,Week 8,2024-08-09
6257,Week 12,2024-09-06
6258,Baseline,2024-06-16
6258,Week 4,2024-07-14
6258,Week 8,2024-08-11
6258,Week 12,2024-09-08
6259,Baseline,2024-01-09
6259,Week 4,2024-02-06
6259,Week 8,2024-03-05
6259,Week 12,2024-04-02
6260,Baseline,2024-02-17
6260,Week 4,2024-03-16
6260,Week 8,2024-04-13
6260,Week 12,2024-05-11
6261,Baseline,2024-06-05
6261,Week 4,2024-07-03
6261,Week 8,2024-07-31
6261,Week 12,2024-08-28
6262,Baseline,2024-05-10
6262,Week 4,2024-06-07
6262,Week 8,2024-07-05
6262,Week 12,2024-08-02
6263,Baseline,2024-05-10
6263,Week 4,2024-06-07
6263,Week 8,2024-07-05
6263,Week 12,2024-08-02
6264,Baseline,2024-03-27
6264,Week 4,2024-04-24
6264,Week 8,2024-05-22
6264,Week 12,2024-06-19
6265,Baseline,2024-03-05
6265,Week 4,2024-04-02
6265,Week 8,2024-04-30
6265,Week 12,2024-05-28
6266,Baseline,2024-02-15
6266,Week 4,2024-03-14
6266,Week 8,2024-04-11
6266,Week 12,2024-05-09
6267,Baseline,2024-06-13
6267,Week 4,2024-07-11
6267,Week 8,2024-08-08
6267,Week 12,2024-09-05
6268,Baseline,2024-02-29
6268,Week 4,2024-03-28
6268,Week 8,2024-04-25
6268,Week 12,2024-05-23
6269,Baseline,2024-03-29
6269,Week 4,2024-04-26
6269,Week 8,2024-05-24
6269,Week 12,2024-06-21
6270,Baseline,2024-02-16
6270,Week 4,2024-03-15
6270,Week 8,2024-04-12
6270,Week 12,2024-05-10
6271,Baseline,2024-04-14
6271,Week 4,2024-05-12
6271,Week 8,2024-06-09
6271,Week 12,2024-07-07
6272,Baseline,2024-03-13
6272,Week 4,2024-04-10
6272,Week 8,2024-05-08
6272,Week 12,2024-06-05
6273,Baseline,2024-05-23
6273,Week 4,2024-06-20
6273,Week 8,2024-07-18
6273,Week 12,2024-08-15
6274,Baseline,2024-02-10
6274,Week 4,2024-03-09
6274,Week 8,2024-04-06
6274,Week 12,2024-05-04
6275,Baseline,2024-06-06
6275,Week 4,2024-07-04
6275,Week 8,2024-08-01
6275,Week 12,2024-08-29
6276,Baseline,2024-02-02
6276,Week 4,2024-03-01
6276,Week 8,2024-03-29
6276,Week 12,2024-04-26
6277,Baseline,2024-01-19
6277,Week 4,2024-02-16
6277,Week 8,2024-03-15
6277,Week 12,2024-04-12
6278,Baseline,2024-02-24
6278,Week 4,2024-03-23
6278,Week 8,2024-04-20
6278,Week 12,2024-05-18
6279,Baseline,2024-06-20
6279,Week 4,2024-07-18
6279,Week 8,2024-08-15
6279,Week 12,2024-09-12
6280,Baseline,2024-04-10
6280,Week 4,2024-05-08
6280,Week 8,2024-06-05
6280,Week 12,2024-07-03
6281,Baseline,2024-01-31
6281,Week 4,2024-02-28
6281,Week 8,2024-03-27
6281,Week 12,2024-04-24
6282,Baseline,2024-06-15
6282,Week 4,2024-07-13
6282,Week 8,2024-08-10
6282,Week 12,2024-09-07
6283,Baseline,2024-02-04
6283,Week 4,2024-03-03
6283,Week 8,2024-03-31
6283,Week 12,2024-04-28
6284,Baseline,2024-06-12
6284,Week 4,2024-07-10
6284,Week 8,2024-08-07
6284,Week 12,2024-09-04
6285,Baseline,2024-04-27
6285,Week 4,2024-05-25
6285,Week 8,2024-06-22
6285,Week 12,2024-07-20
6286,Baseline,2024-05-19
6286,Week 4,2024-06-16
6286,Week 8,2024-07-14
6286,Week 12,2024-08-11
6287,Baseline,2024-05-08
6287,Week 4,2024-06-05
6287,Week 8,2024-07-03
6287,Week 12,2024-07-31
6288,Baseline,2024-04-02
6288,Week 4,2024-04-30
6288,Week 8,2024-05-28
6288,Week 12,2024-06-25
6289,Baseline,2024-06-04
6289,Week 4,2024-07-02
6289,Week 8,2024-07-30
6289,Week 12,2024-08-27
6290,Baseline,2024-03-25
6290,Week 4,2024-04-22
6290,Week 8,2024-05-20
6290,Week 12,2024-06-17
6291,Baseline,2024-03-28
6291,Week 4,2024-04-25
6291,Week 8,2024-05-23
6291,Week 12,2024-06-20
6292,Baseline,2024-04-24
6292,Week 4,2024-05-22
6292,Week 8,2024-06-19
6292,Week 12,2024-07-17
6293,Baseline,2024-04-17
6293,Week 4,2024-05-15
6293,Week 8,2024-06-12
6293,Week 12,2024-07-10
6294,Baseline,2024-06-01
6294,Week 4,2024-06-29
6294,Week 8,2024-07-27
6294,Week 12,2024-08-24
6295,Baseline,2024-01-29
6295,Week 4,2024-02-26
6295,Week 8,2024-03-25
6295,Week 12,2024-04-22
6296,Baseline,2024-02-18
6296,Week 4,2024-03-17
6296,Week 8,2024-04-14
6296,Week 12,2024-05-12
6297,Baseline,2024-06-16
6297,Week 4,2024-07-14
6297,Week 8,2024-08-11
6297,Week 12,2024-09-08
6298,Baseline,2024-01-31
6298,Week 4,2024-02-28
6298,Week 8,2024-03-27
6298,Week 12,2024-04-24
6299,Baseline,2024-06-07
6299,Week 4,2024-07-05
6299,Week 8,2024-08-02
6299,Week 12,2024-08-30
6300,Baseline,2024-01-30
6300,Week 4,2024-02-27
6300,Week 8,2024-03-26
6300,Week 12,2024-04-23
6301,Baseline,2024-04-10
6301,Week 4,2024-05-08
6301,Week 8,2024-06-05
6301,Week 12,2024-07-03
6302,Baseline,2024-03-13
6302,Week 4,2024-04-10
6302,Week 8,2024-05-08
6302,Week 12,2024-06-05
6303,Baseline,2024-04-12
6303,Week 4,2024-05-10
6303,Week 8,2024-06-07
6303,Week 12,2024-07-05
6304,Baseline,2024-05-15
6304,Week 4,2024-06-12
6304,Week 8,2024-07-10
6304,Week 12,2024-08-07
6305,Baseline,2024-05-20
6305,Week 4,2024-06-17
6305,Week 8,2024-07-15
6305,Week 12,2024-08-12
6306,Baseline,2024-01-07
6306,Week 4,2024-02-04
6306,Week 8,2024-03-03
6306,Week 12,2024-03-31
6307,Baseline,2024-01-24
6307,Week 4,2024-02-21
6307,Week 8,2024-03-20
6307,Week 12,2024-04-17
6308,Baseline,2024-01-30
6308,Week 4,2024-02-27
6308,Week 8,2024-03-26
6308,Week 12,2024-04-23
6309,Baseline,2024-04-05
6309,Week 4,2024-05-03
6309,Week 8,2024-05-31
6309,Week 12,2024-06-28
6310,Baseline,2024-05-18
6310,Week 4,2024-06-15
6310,Week 8,2024-07-13
6310,Week 12,2024-08-10
6311,Baseline,2024-04-27
6311,Week 4,2024-05-25
6311,Week 8,2024-06-22
6311,Week 12,2024-07-20
6312,Baseline,2024-01-09
6312,Week 4,2024-02-06
6312,Week 8,2024-03-05
6312,Week 12,2024-04-02
6313,Baseline,2024-02-28
6313,Week 4,2024-03-27
6313,Week 8,2024-04-24
6313,Week 12,2024-05-22
6314,Baseline,2024-03-19
6314,Week 4,2024-04-16
6314,Week 8,2024-05-14
6314,Week 12,2024-06-11
6315,Baseline,2024-04-30
6315,Week 4,2024-05-28
6315,Week 8,2024-06-25
6315,Week 12,2024-07-23
6316,Baseline,2024-03-10
6316,Week 4,2024-04-07
6316,Week 8,2024-05-05
6316,Week 12,2024-06-02
6317,Baseline,2024-03-15
6317,Week 4,2024-04-12
6317,Week 8,2024-05-10
6317,Week 12,2024-06-07
6318,Baseline,2024-01-18
6318,Week 4,2024-02-15
6318,Week 8,2024-03-14
6318,Week 12,2024-04-11
6319,Baseline,2024-05-09
6319,Week 4,2024-06-06
6319,Week 8,2024-07-04
6319,Week 12,2024-08-01
6320,Baseline,2024-04-30
6320,Week 4,2024-05-28
6320,Week 8,2024-06-25
6320,Week 12,2024-07-23
6321,Baseline,2024-05-21
6321,Week 4,2024-06-18
6321,Week 8,2024-07-16
6321,Week 12,2024-08-13
6322,Baseline,2024-04-29
6322,Week 4,2024-05-27
6322,Week 8,2024-06-24
6322,Week 12,2024-07-22
6323,Baseline,2024-06-25
6323,Week 4,2024-07-23
6323,Week 8,2024-08-20
6323,Week 12,2024-09-17
6324,Baseline,2024-02-09
6324,Week 4,2024-03-08
6324,Week 8,2024-04-05
6324,Week 12,2024-05-03
6325,Baseline,2024-04-08
6325,Week 4,2024-05-06
6325,Week 8,2024-06-03
6325,Week 12,2024-07-01
6326,Baseline,2024-03-27
6326,Week 4,2024-04-24
6326,Week 8,2024-05-22
6326,Week 12,2024-06-19
6327,Baseline,2024-06-17
6327,Week 4,2024-07-15
6327,Week 8,2024-08-12
6327,Week 12,2024-09-09
6328,Baseline,2024-06-24
6328,Week 4,2024-07-22
6328,Week 8,2024-08-19
6328,Week 12,2024-09-16
6329,Baseline,2024-02-15
6329,Week 4,2024-03-14
6329,Week 8,2024-04-11
6329,Week 12,2024-05-09
6330,Baseline,2024-05-18
6330,Week 4,2024-06-15
6330,Week 8,2024-07-13
6330,Week 12,2024-08-10
6331,Baseline,2024-05-09
6331,Week 4,2024-06-06
6331,Week 8,2024-07-04
6331,Week 12,2024-08-01
6332,Baseline,2024-04-25
6332,Week 4,2024-05-23
6332,Week 8,2024-06-20
6332,Week 12,2024-07-18
6333,Baseline,2024-01-27
6333,Week 4,2024-02-24
6333,Week 8,2024-03-23
6333,Week 12,2024-04-20
6334,Baseline,2024-01-07
6334,Week 4,2024-02-04
6334,Week 8,2024-03-03
6334,Week 12,2024-03-31
6335,Baseline,2024-01-25
6335,Week 4,2024-02-22
6335,Week 8,2024-03-21
6335,Week 12,2024-04-18
6336,Baseline,2024-01-27
6336,Week 4,2024-02-24
6336,Week 8,2024-03-23
6336,Week 12,2024-04-20
6337,Baseline,2024-06-22
6337,Week 4,2024-07-20
6337,Week 8,2024-08-17
6337,Week 12,2024-09-14
6338,Baseline,2024-02-01
6338,Week 4,2024-02-29
6338,Week 8,2024-03-28
6338,Week 12,2024-04-25
6339,Baseline,2024-04-25
6339,Week 4,2024-05-23
6339,Week 8,2024-06-20
6339,Week 12,2024-07-18
6340,Baseline,2024-06-17
6340,Week 4,2024-07-15
6340,Week 8,2024-08-12
6340,Week 12,2024-09-09
6341,Baseline,2024-03-18
6341,Week 4,2024-04-15
6341,Week 8,2024-05-13
6341,Week 12,2024-06-10
6342,Baseline,2024-04-23
6342,Week 4,2024-05-21
6342,Week 8,2024-06-18
6342,Week 12,2024-07-16
6343,Baseline,2024-03-26
6343,Week 4,2024-04-23
6343,Week 8,2024-05-21
6343,Week 12,2024-06-18
6344,Baseline,2024-05-23
6344,Week 4,2024-06-20
6344,Week 8,2024-07-18
6344,Week 12,2024-08-15
6345,Baseline,2024-01-04
6345,Week 4,2024-02-01
6345,Week 8,2024-02-29
6345,Week 12,2024-03-28
6346,Baseline,2024-02-03
6346,Week 4,2024-03-02
6346,Week 8,2024-03-30
6346,Week 12,2024-04-27
6347,Baseline,2024-02-29
6347,Week 4,2024-03-28
6347,Week 8,2024-04-25
6347,Week 12,2024-05-23
6348,Baseline,2024-02-02
6348,Week 4,2024-03-01
6348,Week 8,2024-03-29
6348,Week 12,2024-04-26
6349,Baseline,2024-06-26
6349,Week 4,2024-07-24
6349,Week 8,2024-08-21
6349,Week 12,2024-09-18
6350,Baseline,2024-06-23
6350,Week 4,2024-07-21
6350,Week 8,2024-08-18
6350,Week 12,2024-09-15
6351,Baseline,2024-04-06
6351,Week 4,2024-05-04
6351,Week 8,2024-06-01
6351,Week 12,2024-06-29
6352,Baseline,2024-02-24
6352,Week 4,2024-03-23
6352,Week 8,2024-04-20
6352,Week 12,2024-05-18
6353,Baseline,2024-04-13
6353,Week 4,2024-05-11
6353,Week 8,2024-06-08
6353,Week 12,2024-07-06
6354,Baseline,2024-01-06
6354,Week 4,2024-02-03
6354,Week 8,2024-03-02
6354,Week 12,2024-03-30
6355,Baseline,2024-04-16
6355,Week 4,2024-05-14
6355,Week 8,2024-06-11
6355,Week 12,2024-07-09
6356,Baseline,2024-03-26
6356,Week 4,2024-04-23
6356,Week 8,2024-05-21
6356,Week 12,2024-06-18
6357,Baseline,2024-04-29
6357,Week 4,2024-05-27
6357,Week 8,2024-06-24
6357,Week 12,2024-07-22
6358,Baseline,2024-05-25
6358,Week 4,2024-06-22
6358,Week 8,2024-07-20
6358,Week 12,2024-08-17
6359,Baseline,2024-04-25
6359,Week 4,2024-05-23
6359,Week 8,2024-06-20
6359,Week 12,2024-07-18
6360,Baseline,2024-03-06
6360,Week 4,2024-04-03
6360,Week 8,2024-05-01
6360,Week 12,2024-05-29
6361,Baseline,2024-04-05
6361,Week 4,2024-05-03
6361,Week 8,2024-05-31
6361,Week 12,2024-06-28
6362,Baseline,2024-05-30
6362,Week 4,2024-06-27
6362,Week 8,2024-07-25
6362,Week 12,2024-08-22
6363,Baseline,2024-04-10
6363,Week 4,2024-05-08
6363,Week 8,2024-06-05
6363,Week 12,2024-07-03
6364,Baseline,2024-05-19
6364,Week 4,2024-06-16
6364,Week 8,2024-07-14
6364,Week 12,2024-08-11
6365,Baseline,2024-01-26
6365,Week 4,2024-02-23
6365,Week 8,2024-03-22
6365,Week 12,2024-04-19
6366,Baseline,2024-03-19
6366,Week 4,2024-04-16
6366,Week 8,2024-05-14
6366,Week 12,2024-06-11
6367,Baseline,2024-01-04
6367,Week 4,2024-02-01
6367,Week 8,2024-02-29
6367,Week 12,2024-03-28
6368,Baseline,2024-01-04
6368,Week 4,2024-02-01
6368,Week 8,2024-02-29
6368,Week 12,2024-03-28
6369,Baseline,2024-05-28
6369,Week 4,2024-06-25
6369,Week 8,2024-07-23
6369,Week 12,2024-08-20
6370,Baseline,2024-01-10
6370,Week 4,2024-02-07
6370,Week 8,2024-03-06
6370,Week 12,2024-04-03
6371,Baseline,2024-03-14
6371,Week 4,2024-04-11
6371,Week 8,2024-05-09
6371,Week 12,2024-06-06
6372,Baseline,2024-04-12
6372,Week 4,2024-05-10
6372,Week 8,2024-06-07
6372,Week 12,2024-07-05
6373,Baseline,2024-02-13
6373,Week 4,2024-03-12
6373,Week 8,2024-04-09
6373,Week 12,2024-05-07
6374,Baseline,2024-03-01
6374,Week 4,2024-03-29
6374,Week 8,2024-04-26
6374,Week 12,2024-05-24
6375,Baseline,2024-05-06
6375,Week 4,2024-06-03
6375,Week 8,2024-07-01
6375,Week 12,2024-07-29
6376,Baseline,2024-04-02
6376,Week 4,2024-04-30
6376,Week 8,2024-05-28
6376,Week 12,2024-06-25
6377,Baseline,2024-03-21
6377,Week 4,2024-04-18
6377,Week 8,2024-05-16
6377,Week 12,2024-06-13
6378,Baseline,2024-01-26
6378,Week 4,2024-02-23
6378,Week 8,2024-03-22
6378,Week 12,2024-04-19
6379,Baseline,2024-03-11
6379,Week 4,2024-04-08
6379,Week 8,2024-05-06
6379,Week 12,2024-06-03
6380,Baseline,2024-02-13
6380,Week 4,2024-03-12
6380,Week 8,2024-04-09
6380,Week 12,2024-05-07
6381,Baseline,2024-02-26
6381,Week 4,2024-03-25
6381,Week 8,2024-04-22
6381,Week 12,2024-05-20
6382,Baseline,2024-03-08
6382,Week 4,2024-04-05
6382,Week 8,2024-05-03
6382,Week 12,2024-05-31
6383,Baseline,2024-03-22
6383,Week 4,2024-04-19
6383,Week 8,2024-05-17
6383,Week 12,2024-06-14
6384,Baseline,2024-01-31
6384,Week 4,2024-02-28
6384,Week 8,2024-03-27
6384,Week 12,2024-04-24
6385,Baseline,2024-05-11
6385,Week 4,2024-06-08
6385,Week 8,2024-07-06
6385,Week 12,2024-08-03
6386,Baseline,2024-03-18
6386,Week 4,2024-04-15
6386,Week 8,2024-05-13
6386,Week 12,2024-06-10
6387,Baseline,2024-05-14
6387,Week 4,2024-06-11
6387,Week 8,2024-07-09
6387,Week 12,2024-08-06
6388,Baseline,2024-01-14
6388,Week 4,2024-02-11
6388,Week 8,2024-03-10
6388,Week 12,2024-04-07
6389,Baseline,2024-04-09
6389,Week 4,2024-05-07
6389,Week 8,2024-06-04
6389,Week 12,2024-07-02
6390,Baseline,2024-05-22
6390,Week 4,2024-06-19
6390,Week 8,2024-07-17
6390,Week 12,2024-08-14
6391,Baseline,2024-05-14
6391,Week 4,2024-06-11
6391,Week 8,2024-07-09
6391,Week 12,2024-08-06
6392,Baseline,2024-05-15
6392,Week 4,2024-06-12
6392,Week 8,2024-07-10
6392,Week 12,2024-08-07
6393,Baseline,2024-03-14
6393,Week 4,2024-04-11
6393,Week 8,2024-05-09
6393,Week 12,2024-06-06
6394,Baseline,2024-03-20
6394,Week 4,2024-04-17
6394,Week 8,2024-05-15
6394,Week 12,2024-06-12
6395,Baseline,2024-02-02
6395,Week 4,2024-03-01
6395,Week 8,2024-03-29
6395,Week 12,2024-04-26
6396,Baseline,2024-01-02
6396,Week 4,2024-01-30
6396,Week 8,2024-02-27
6396,Week 12,2024-03-26
6397,Baseline,2024-05-23
6397,Week 4,2024-06-20
6397,Week 8,2024-07-18
6397,Week 12,2024-08-15
6398,Baseline,2024-03-24
6398,Week 4,2024-04-21
6398,Week 8,2024-05-19
6398,Week 12,2024-06-16
6399,Baseline,2024-02-14
6399,Week 4,2024-03-13
6399,Week 8,2024-04-10
6399,Week 12,2024-05-08
6400,Baseline,2024-02-17
6400,Week 4,2024-03-16
6400,Week 8,2024-04-13
6400,Week 12,2024-05-11
6401,Baseline,2024-01-21
6401,Week 4,2024-02-18
6401,Week 8,2024-03-17
6401,Week 12,2024-04-14
6402,Baseline,2024-04-28
6402,Week 4,2024-05-26
6402,Week 8,2024-06-23
6402,Week 12,2024-07-21
6403,Baseline,2024-05-29
6403,Week 4,2024-06-26
6403,Week 8,2024-07-24
6403,Week 12,2024-08-21
6404,Baseline,2024-05-28
6404,Week 4,2024-06-25
6404,Week 8,2024-07-23
6404,Week 12,2024-08-20
6405,Baseline,2024-06-18
6405,Week 4,2024-07-16
6405,Week 8,2024-08-13
6405,Week 12,2024-09-10
6406,Baseline,2024-05-11
6406,Week 4,2024-06-08
6406,Week 8,2024-07-06
6406,Week 12,2024-08-03
6407,Baseline,2024-04-08
6407,Week 4,2024-05-06
6407,Week 8,2024-06-03
6407,Week 12,2024-07-01
6408,Baseline,2024-01-26
6408,Week 4,2024-02-23
6408,Week 8,2024-03-22
6408,Week 12,2024-04-19
6409,Baseline,2024-02-07
6409,Week 4,2024-03-06
6409,Week 8,2024-04-03
6409,Week 12,2024-05-01
6410,Baseline,2024-06-14
6410,Week 4,2024-07-12
6410,Week 8,2024-08-09
6410,Week 12,2024-09-06
6411,Baseline,2024-02-24
6411,Week 4,2024-03-23
6411,Week 8,2024-04-20
6411,Week 12,2024-05-18
6412,Baseline,2024-06-25
6412,Week 4,2024-07-23
6412,Week 8,2024-08-20
6412,Week 12,2024-09-17
6413,Baseline,2024-01-05
6413,Week 4,2024-02-02
6413,Week 8,2024-03-01
6413,Week 12,2024-03-29
6414,Baseline,2024-01-24
6414,Week 4,2024-02-21
6414,Week 8,2024-03-20
6414,Week 12,2024-04-17
6415,Baseline,2024-05-28
6415,Week 4,2024-06-25
6415,Week 8,2024-07-23
6415,Week 12,2024-08-20
6416,Baseline,2024-01-04
6416,Week 4,2024-02-01
6416,Week 8,2024-02-29
6416,Week 12,2024-03-28
6417,Baseline,2024-05-15
6417,Week 4,2024-06-12
6417,Week 8,2024-07-10
6417,Week 12,2024-08-07
6418,Baseline,2024-03-08
6418,Week 4,2024-04-05
6418,Week 8,2024-05-03
6418,Week 12,2024-05-31
6419,Baseline,2024-06-08
6419,Week 4,2024-07-06
6419,Week 8,2024-08-03
6419,Week 12,2024-08-31
6420,Baseline,2024-05-11
6420,Week 4,2024-06-08
6420,Week 8,2024-07-06
6420,Week 12,2024-08-03
6421,Baseline,2024-01-07
6421,Week 4,2024-02-04
6421,Week 8,2024-03-03
6421,Week 12,2024-03-31
6422,Baseline,2024-03-21
6422,Week 4,2024-04-18
6422,Week 8,2024-05-16
6422,Week 12,2024-06-13
6423,Baseline,2024-02-04
6423,Week 4,2024-03-03
6423,Week 8,2024-03-31
6423,Week 12,2024-04-28
6424,Baseline,2024-05-17
6424,Week 4,2024-06-14
6424,Week 8,2024-07-12
6424,Week 12,2024-08-09
6425,Baseline,2024-04-02
6425,Week 4,2024-04-30
6425,Week 8,2024-05-28
6425,Week 12,2024-06-25
6426,Baseline,2024-06-01
6426,Week 4,2024-06-29
6426,Week 8,2024-07-27
6426,Week 12,2024-08-24
6427,Baseline,2024-03-17
6427,Week 4,2024-04-14
6427,Week 8,2024-05-12
6427,Week 12,2024-06-09
6428,Baseline,2024-06-03
6428,Week 4,2024-07-01
6428,Week 8,2024-07-29
6428,Week 12,2024-08-26
6429,Baseline,2024-06-23
6429,Week 4,2024-07-21
6429,Week 8,2024-08-18
6429,Week 12,2024-09-15
6430,Baseline,2024-04-09
6430,Week 4,2024-05-07
6430,Week 8,2024-06-04
6430,Week 12,2024-07-02
6431,Baseline,2024-04-04
6431,Week 4,2024-05-02
6431,Week 8,2024-05-30
6431,Week 12,2024-06-27
6432,Baseline,2024-05-03
6432,Week 4,2024-05-31
6432,Week 8,2024-06-28
6432,Week 12,2024-07-26
6433,Baseline,2024-04-05
6433,Week 4,2024-05-03
6433,Week 8,2024-05-31
6433,Week 12,2024-06-28
6434,Baseline,2024-03-23
6434,Week 4,2024-04-20
6434,Week 8,2024-05-18
6434,Week 12,2024-06-15
6435,Baseline,2024-06-17
6435,Week 4,2024-07-15
6435,Week 8,2024-08-12
6435,Week 12,2024-09-09
6436,Baseline,2024-04-27
6436,Week 4,2024-05-25
6436,Week 8,2024-06-22
6436,Week 12,2024-07-20
6437,Baseline,2024-05-18
6437,Week 4,2024-06-15
6437,Week 8,2024-07-13
6437,Week 12,2024-08-10
6438,Baseline,2024-05-28
6438,Week 4,2024-06-25
6438,Week 8,2024-07-23
6438,Week 12,2024-08-20
6439,Baseline,2024-04-23
6439,Week 4,2024-05-21
6439,Week 8,2024-06-18
6439,Week 12,2024-07-16
6440,Baseline,2024-03-05
6440,Week 4,2024-04-02
6440,Week 8,2024-04-30
6440,Week 12,2024-05-28
6441,Baseline,2024-03-10
6441,Week 4,2024-04-07
6441,Week 8,2024-05-05
6441,Week 12,2024-06-02
6442,Baseline,2024-05-16
6442,Week 4,2024-06-13
6442,Week 8,2024-07-11
6442,Week 12,2024-08-08
6443,Baseline,2024-01-23
6443,Week 4,2024-02-20
6443,Week 8,2024-03-19
6443,Week 12,2024-04-16
6444,Baseline,2024-05-29
6444,Week 4,2024-06-26
6444,Week 8,2024-07-24
6444,Week 12,2024-08-21
6445,Baseline,2024-04-18
6445,Week 4,2024-05-16
6445,Week 8,2024-06-13
6445,Week 12,2024-07-11
6446,Baseline,2024-02-10
6446,Week 4,2024-03-09
6446,Week 8,2024-04-06
6446,Week 12,2024-05-04
6447,Baseline,2024-01-04
6447,Week 4,2024-02-01
6447,Week 8,2024-02-29
6447,Week 12,2024-03-28
6448,Baseline,2024-06-28
6448,Week 4,2024-07-26
6448,Week 8,2024-08-23
6448,Week 12,2024-09-20
6449,Baseline,2024-05-22
6449,Week 4,2024-06-19
6449,Week 8,2024-07-17
6449,Week 12,2024-08-14
6450,Baseline,2024-01-07
6450,Week 4,2024-02-04
6450,Week 8,2024-03-03
6450,Week 12,2024-03-31
6451,Baseline,2024-01-18
6451,Week 4,2024-02-15
6451,Week 8,2024-03-14
6451,Week 12,2024-04-11
6452,Baseline,2024-06-24
6452,Week 4,2024-07-22
6452,Week 8,2024-08-19
6452,Week 12,2024-09-16
6453,Baseline,2024-05-16
6453,Week 4,2024-06-13
6453,Week 8,2024-07-11
6453,Week 12,2024-08-08
6454,Baseline,2024-01-04
6454,Week 4,2024-02-01
6454,Week 8,2024-02-29
6454,Week 12,2024-03-28
6455,Baseline,2024-05-05
6455,Week 4,2024-06-02
6455,Week 8,2024-06-30
6455,Week 12,2024-07-28
6456,Baseline,2024-05-30
6456,Week 4,2024-06-27
6456,Week 8,2024-07-25
6456,Week 12,2024-08-22
6457,Baseline,2024-01-31
6457,Week 4,2024-02-28
6457,Week 8,2024-03-27
6457,Week 12,2024-04-24
6458,Baseline,2024-03-19
6458,Week 4,2024-04-16
6458,Week 8,2024-05-14
6458,Week 12,2024-06-11
6459,Baseline,2024-05-10
6459,Week 4,2024-06-07
6459,Week 8,2024-07-05
6459,Week 12,2024-08-02
6460,Baseline,2024-03-22
6460,Week 4,2024-04-19
6460,Week 8,2024-05-17
6460,Week 12,2024-06-14
6461,Baseline,2024-03-14
6461,Week 4,2024-04-11
6461,Week 8,2024-05-09
6461,Week 12,2024-06-06
6462,Baseline,2024-05-18
6462,Week 4,2024-06-15
6462,Week 8,2024-07-13
6462,Week 12,2024-08-10
6463,Baseline,2024-01-27
6463,Week 4,2024-02-24
6463,Week 8,2024-03-23
6463,Week 12,2024-04-20
6464,Baseline,2024-02-03
6464,Week 4,2024-03-02
6464,Week 8,2024-03-30
6464,Week 12,2024-04-27
6465,Baseline,2024-02-14
6465,Week 4,2024-03-13
6465,Week 8,2024-04-10
6465,Week 12,2024-05-08
6466,Baseline,2024-02-11
6466,Week 4,2024-03-10
6466,Week 8,2024-04-07
6466,Week 12,2024-05-05
6467,Baseline,2024-05-14
6467,Week 4,2024-06-11
6467,Week 8,2024-07-09
6467,Week 12,2024-08-06
6468,Baseline,2024-02-10
6468,Week 4,2024-03-09
6468,Week 8,2024-04-06
6468,Week 12,2024-05-04
6469,Baseline,2024-02-16
6469,Week 4,2024-03-15
6469,Week 8,2024-04-12
6469,Week 12,2024-05-10
6470,Baseline,2024-05-01
6470,Week 4,2024-05-29
6470,Week 8,2024-06-26
6470,Week 12,2024-07-24
6471,Baseline,2024-04-08
6471,Week 4,2024-05-06
6471,Week 8,2024-06-03
6471,Week 12,2024-07-01
6472,Baseline,2024-01-03
6472,Week 4,2024-01-31
6472,Week 8,2024-02-28
6472,Week 12,2024-03-27
6473,Baseline,2024-01-13
6473,Week 4,2024-02-10
6473,Week 8,2024-03-09
6473,Week 12,2024-04-06
6474,Baseline,2024-04-10
6474,Week 4,2024-05-08
6474,Week 8,2024-06-05
6474,Week 12,2024-07-03
6475,Baseline,2024-06-01
6475,Week 4,2024-06-29
6475,Week 8,2024-07-27
6475,Week 12,2024-08-24
6476,Baseline,2024-06-13
6476,Week 4,2024-07-11
6476,Week 8,2024-08-08
6476,Week 12,2024-09-05
6477,Baseline,2024-03-28
6477,Week 4,2024-04-25
6477,Week 8,2024-05-23
6477,Week 12,2024-06-20
6478,Baseline,2024-02-05
6478,Week 4,2024-03-04
6478,Week 8,2024-04-01
6478,Week 12,2024-04-29
6479,Baseline,2024-05-21
6479,Week 4,2024-06-18
6479,Week 8,2024-07-16
6479,Week 12,2024-08-13
6480,Baseline,2024-01-20
6480,Week 4,2024-02-17
6480,Week 8,2024-03-16
6480,Week 12,2024-04-13
6481,Baseline,2024-02-25
6481,Week 4,2024-03-24
6481,Week 8,2024-04-21
6481,Week 12,2024-05-19
6482,Baseline,2024-03-15
6482,Week 4,2024-04-12
6482,Week 8,2024-05-10
6482,Week 12,2024-06-07
6483,Baseline,2024-04-24
6483,Week 4,2024-05-22
6483,Week 8,2024-06-19
6483,Week 12,2024-07-17
6484,Baseline,2024-04-11
6484,Week 4,2024-05-09
6484,Week 8,2024-06-06
6484,Week 12,2024-07-04
6485,Baseline,2024-05-05
6485,Week 4,2024-06-02
6485,Week 8,2024-06-30
6485,Week 12,2024-07-28
6486,Baseline,2024-03-14
6486,Week 4,2024-04-11
6486,Week 8,2024-05-09
6486,Week 12,2024-06-06
6487,Baseline,2024-05-15
6487,Week 4,2024-06-12
6487,Week 8,2024-07-10
6487,Week 12,2024-08-07
6488,Baseline,2024-02-21
6488,Week 4,2024-03-20
6488,Week 8,2024-04-17
6488,Week 12,2024-05-15
6489,Baseline,2024-01-13
6489,Week 4,2024-02-10
6489,Week 8,2024-03-09
6489,Week 12,2024-04-06
6490,Baseline,2024-02-26
6490,Week 4,2024-03-25
6490,Week 8,2024-04-22
6490,Week 12,2024-05-20
6491,Baseline,2024-06-23
6491,Week 4,2024-07-21
6491,Week 8,2024-08-18
6491,Week 12,2024-09-15
6492,Baseline,2024-04-28
6492,Week 4,2024-05-26
6492,Week 8,2024-06-23
6492,Week 12,2024-07-21
6493,Baseline,2024-06-07
6493,Week 4,2024-07-05
6493,Week 8,2024-08-02
6493,Week 12,2024-08-30
6494,Baseline,2024-03-24
6494,Week 4,2024-04-21
6494,Week 8,2024-05-19
6494,Week 12,2024-06-16
6495,Baseline,2024-03-11
6495,Week 4,2024-04-08
6495,Week 8,2024-05-06
6495,Week 12,2024-06-03
6496,Baseline,2024-06-14
6496,Week 4,2024-07-12
6496,Week 8,2024-08-09
6496,Week 12,2024-09-06
6497,Baseline,2024-06-05
6497,Week 4,2024-07-03
6497,Week 8,2024-07-31
6497,Week 12,2024-08-28
6498,Baseline,2024-03-30
6498,Week 4,2024-04-27
6498,Week 8,2024-05-25
6498,Week 12,2024-06-22
6499,Baseline,2024-03-23
6499,Week 4,2024-04-20
6499,Week 8,2024-05-18
6499,Week 12,2024-06-15
6500,Baseline,2024-02-21
6500,Week 4,2024-03-20
6500,Week 8,2024-04-17
6500,Week 12,2024-05-15
6501,Baseline,2024-05-05
6501,Week 4,2024-06-02
6501,Week 8,2024-06-30
6501,Week 12,2024-07-28
6502,Baseline,2024-04-24
6502,Week 4,2024-05-22
6502,Week 8,2024-06-19
6502,Week 12,2024-07-17
6503,Baseline,2024-01-21
6503,Week 4,2024-02-18
6503,Week 8,2024-03-17
6503,Week 12,2024-04-14
6504,Baseline,2024-03-19
6504,Week 4,2024-04-16
6504,Week 8,2024-05-14
6504,Week 12,2024-06-11
6505,Baseline,2024-03-29
6505,Week 4,2024-04-26
6505,Week 8,2024-05-24
6505,Week 12,2024-06-21
6506,Baseline,2024-05-31
6506,Week 4,2024-06-28
6506,Week 8,2024-07-26
6506,Week 12,2024-08-23
6507,Baseline,2024-03-07
6507,Week 4,2024-04-04
6507,Week 8,2024-05-02
6507,Week 12,2024-05-30
6508,Baseline,2024-06-28
6508,Week 4,2024-07-26
6508,Week 8,2024-08-23
6508,Week 12,2024-09-20
6509,Baseline,2024-04-27
6509,Week 4,2024-05-25
6509,Week 8,2024-06-22
6509,Week 12,2024-07-20
6510,Baseline,2024-06-25
6510,Week 4,2024-07-23
6510,Week 8,2024-08-20
6510,Week 12,2024-09-17
6511,Baseline,2024-05-02
6511,Week 4,2024-05-30
6511,Week 8,2024-06-27
6511,Week 12,2024-07-25
6512,Baseline,2024-05-24
6512,Week 4,2024-06-21
6512,Week 8,2024-07-19
6512,Week 12,2024-08-16
6513,Baseline,2024-04-21
6513,Week 4,2024-05-19
6513,Week 8,2024-06-16
6513,Week 12,2024-07-14
6514,Baseline,2024-01-02
6514,Week 4,2024-01-30
6514,Week 8,2024-02-27
6514,Week 12,2024-03-26
6515,Baseline,2024-06-06
6515,Week 4,2024-07-04
6515,Week 8,2024-08-01
6515,Week 12,2024-08-29
6516,Baseline,2024-02-06
6516,Week 4,2024-03-05
6516,Week 8,2024-04-02
6516,Week 12,2024-04-30
6517,Baseline,2024-06-20
6517,Week 4,2024-07-18
6517,Week 8,2024-08-15
6517,Week 12,2024-09-12
6518,Baseline,2024-05-29
6518,Week 4,2024-06-26
6518,Week 8,2024-07-24
6518,Week 12,2024-08-21
6519,Baseline,2024-06-15
6519,Week 4,2024-07-13
6519,Week 8,2024-08-10
6519,Week 12,2024-09-07
6520,Baseline,2024-05-25
6520,Week 4,2024-06-22
6520,Week 8,2024-07-20
6520,Week 12,2024-08-17
6521,Baseline,2024-02-18
6521,Week 4,2024-03-17
6521,Week 8,2024-04-14
6521,Week 12,2024-05-12
6522,Baseline,2024-04-01
6522,Week 4,2024-04-29
6522,Week 8,2024-05-27
6522,Week 12,2024-06-24
6523,Baseline,2024-01-19
6523,Week 4,2024-02-16
6523,Week 8,2024-03-15
6523,Week 12,2024-04-12
6524,Baseline,2024-05-09
6524,Week 4,2024-06-06
6524,Week 8,2024-07-04
6524,Week 12,2024-08-01
6525,Baseline,2024-03-15
6525,Week 4,2024-04-12
6525,Week 8,2024-05-10
6525,Week 12,2024-06-07
6526,Baseline,2024-04-01
6526,Week 4,2024-04-29
6526,Week 8,2024-05-27
6526,Week 12,2024-06-24
6527,Baseline,2024-01-28
6527,Week 4,2024-02-25
6527,Week 8,2024-03-24
6527,Week 12,2024-04-21
6528,Baseline,2024-05-29
6528,Week 4,2024-06-26
6528,Week 8,2024-07-24
6528,Week 12,2024-08-21
6529,Baseline,2024-01-29
6529,Week 4,2024-02-26
6529,Week 8,2024-03-25
6529,Week 12,2024-04-22
6530,Baseline,2024-04-16
6530,Week 4,2024-05-14
6530,Week 8,2024-06-11
6530,Week 12,2024-07-09
6531,Baseline,2024-04-07
6531,Week 4,2024-05-05
6531,Week 8,2024-06-02
6531,Week 12,2024-06-30
6532,Baseline,2024-01-06
6532,Week 4,2024-02-03
6532,Week 8,2024-03-02
6532,Week 12,2024-03-30
6533,Baseline,2024-06-18
6533,Week 4,2024-07-16
6533,Week 8,2024-08-13
6533,Week 12,2024-09-10
6534,Baseline,2024-03-26
6534,Week 4,2024-04-23
6534,Week 8,2024-05-21
6534,Week 12,2024-06-18
6535,Baseline,2024-02-22
6535,Week 4,2024-03-21
6535,Week 8,2024-04-18
6535,Week 12,2024-05-16
6536,Baseline,2024-03-20
6536,Week 4,2024-04-17
6536,Week 8,2024-05-15
6536,Week 12,2024-06-12
6537,Baseline,2024-06-19
6537,Week 4,2024-07-17
6537,Week 8,2024-08-14
6537,Week 12,2024-09-11
6538,Baseline,2024-02-29
6538,Week 4,2024-03-28
6538,Week 8,2024-04-25
6538,Week 12,2024-05-23
6539,Baseline,2024-01-25
6539,Week 4,2024-02-22
6539,Week 8,2024-03-21
6539,Week 12,2024-04-18
6540,Baseline,2024-03-05
6540,Week 4,2024-04-02
6540,Week 8,2024-04-30
6540,Week 12,2024-05-28
6541,Baseline,2024-03-02
6541,Week 4,2024-03-30
6541,Week 8,2024-04-27
6541,Week 12,2024-05-25
6542,Baseline,2024-05-06
6542,Week 4,2024-06-03
6542,Week 8,2024-07-01
6542,Week 12,2024-07-29
6543,Baseline,2024-04-15
6543,Week 4,2024-05-13
6543,Week 8,2024-06-10
6543,Week 12,2024-07-08
6544,Baseline,2024-04-01
6544,Week 4,2024-04-29
6544,Week 8,2024-05-27
6544,Week 12,2024-06-24
6545,Baseline,2024-06-06
6545,Week 4,2024-07-04
6545,Week 8,2024-08-01
6545,Week 12,2024-08-29
6546,Baseline,2024-06-18
6546,Week 4,2024-07-16
6546,Week 8,2024-08-13
6546,Week 12,2024-09-10
6547,Baseline,2024-05-28
6547,Week 4,2024-06-25
6547,Week 8,2024-07-23
6547,Week 12,2024-08-20
6548,Baseline,2024-03-08
6548,Week 4,2024-04-05
6548,Week 8,2024-05-03
6548,Week 12,2024-05-31
6549,Baseline,2024-01-14
6549,Week 4,2024-02-11
6549,Week 8,2024-03-10
6549,Week 12,2024-04-07
6550,Baseline,2024-06-13
6550,Week 4,2024-07-11
6550,Week 8,2024-08-08
6550,Week 12,2024-09-05
6551,Baseline,2024-06-04
6551,Week 4,2024-07-02
6551,Week 8,2024-07-30
6551,Week 12,2024-08-27
6552,Baseline,2024-03-04
6552,Week 4,2024-04-01
6552,Week 8,2024-04-29
6552,Week 12,2024-05-27
6553,Baseline,2024-06-16
6553,Week 4,2024-07-14
6553,Week 8,2024-08-11
6553,Week 12,2024-09-08
6554,Baseline,2024-01-12
6554,Week 4,2024-02-09
6554,Week 8,2024-03-08
6554,Week 12,2024-04-05
6555,Baseline,2024-02-06
6555,Week 4,2024-03-05
6555,Week 8,2024-04-02
6555,Week 12,2024-04-30
6556,Baseline,2024-03-01
6556,Week 4,2024-03-29
6556,Week 8,2024-04-26
6556,Week 12,2024-05-24
6557,Baseline,2024-05-03
6557,Week 4,2024-05-31
6557,Week 8,2024-06-28
6557,Week 12,2024-07-26
6558,Baseline,2024-01-10
6558,Week 4,2024-02-07
6558,Week 8,2024-03-06
6558,Week 12,2024-04-03
6559,Baseline,2024-03-19
6559,Week 4,2024-04-16
6559,Week 8,2024-05-14
6559,Week 12,2024-06-11
6560,Baseline,2024-06-22
6560,Week 4,2024-07-20
6560,Week 8,2024-08-17
6560,Week 12,2024-09-14
6561,Baseline,2024-05-30
6561,Week 4,2024-06-27
6561,Week 8,2024-07-25
6561,Week 12,2024-08-22
6562,Baseline,2024-03-03
6562,Week 4,2024-03-31
6562,Week 8,2024-04-28
6562,Week 12,2024-05-26
6563,Baseline,2024-02-03
6563,Week 4,2024-03-02
6563,Week 8,2024-03-30
6563,Week 12,2024-04-27
6564,Baseline,2024-03-29
6564,Week 4,2024-04-26
6564,Week 8,2024-05-24
6564,Week 12,2024-06-21
6565,Baseline,2024-02-01
6565,Week 4,2024-02-29
6565,Week 8,2024-03-28
6565,Week 12,2024-04-25
6566,Baseline,2024-01-17
6566,Week 4,2024-02-14
6566,Week 8,2024-03-13
6566,Week 12,2024-04-10
6567,Baseline,2024-05-25
6567,Week 4,2024-06-22
6567,Week 8,2024-07-20
6567,Week 12,2024-08-17
6568,Baseline,2024-02-01
6568,Week 4,2024-02-29
6568,Week 8,2024-03-28
6568,Week 12,2024-04-25
6569,Baseline,2024-02-04
6569,Week 4,2024-03-03
6569,Week 8,2024-03-31
6569,Week 12,2024-04-28
6570,Baseline,2024-03-26
6570,Week 4,2024-04-23
6570,Week 8,2024-05-21
6570,Week 12,2024-06-18
6571,Baseline,2024-03-03
6571,Week 4,2024-03-31
6571,Week 8,2024-04-28
6571,Week 12,2024-05-26
6572,Baseline,2024-04-17
6572,Week 4,2024-05-15
6572,Week 8,2024-06-12
6572,Week 12,2024-07-10
6573,Baseline,2024-04-16
6573,Week 4,2024-05-14
6573,Week 8,2024-06-11
6573,Week 12,2024-07-09
6574,Baseline,2024-03-16
6574,Week 4,2024-04-13
6574,Week 8,2024-05-11
6574,Week 12,2024-06-08
6575,Baseline,2024-02-14
6575,Week 4,2024-03-13
6575,Week 8,2024-04-10
6575,Week 12,2024-05-08
6576,Baseline,2024-03-23
6576,Week 4,2024-04-20
6576,Week 8,2024-05-18
6576,Week 12,2024-06-15
6577,Baseline,2024-05-05
6577,Week 4,2024-06-02
6577,Week 8,2024-06-30
6577,Week 12,2024-07-28
6578,Baseline,2024-06-13
6578,Week 4,2024-07-11
6578,Week 8,2024-08-08
6578,Week 12,2024-09-05
6579,Baseline,2024-05-01
6579,Week 4,2024-05-29
6579,Week 8,2024-06-26
6579,Week 12,2024-07-24
6580,Baseline,2024-04-17
6580,Week 4,2024-05-15
6580,Week 8,2024-06-12
6580,Week 12,2024-07-10
6581,Baseline,2024-04-18
6581,Week 4,2024-05-16
6581,Week 8,2024-06-13
6581,Week 12,2024-07-11
6582,Baseline,2024-05-12
6582,Week 4,2024-06-09
6582,Week 8,2024-07-07
6582,Week 12,2024-08-04
6583,Baseline,2024-04-27
6583,Week 4,2024-05-25
6583,Week 8,2024-06-22
6583,Week 12,2024-07-20
6584,Baseline,2024-03-13
6584,Week 4,2024-04-10
6584,Week 8,2024-05-08
6584,Week 12,2024-06-05
6585,Baseline,2024-01-17
6585,Week 4,2024-02-14
6585,Week 8,2024-03-13
6585,Week 12,2024-04-10
6586,Baseline,2024-04-14
6586,Week 4,2024-05-12
6586,Week 8,2024-06-09
6586,Week 12,2024-07-07
6587,Baseline,2024-06-18
6587,Week 4,2024-07-16
6587,Week 8,2024-08-13
6587,Week 12,2024-09-10
6588,Baseline,2024-05-12
6588,Week 4,2024-06-09
6588,Week 8,2024-07-07
6588,Week 12,2024-08-04
6589,Baseline,2024-04-28
6589,Week 4,2024-05-26
6589,Week 8,2024-06-23
6589,Week 12,2024-07-21
6590,Baseline,2024-03-02
6590,Week 4,2024-03-30
6590,Week 8,2024-04-27
6590,Week 12,2024-05-25
6591,Baseline,2024-06-27
6591,Week 4,2024-07-25
6591,Week 8,2024-08-22
6591,Week 12,2024-09-19
6592,Baseline,2024-06-08
6592,Week 4,2024-07-06
6592,Week 8,2024-08-03
6592,Week 12,2024-08-31
6593,Baseline,2024-05-20
6593,Week 4,2024-06-17
6593,Week 8,2024-07-15
6593,Week 12,2024-08-12
6594,Baseline,2024-06-02
6594,Week 4,2024-06-30
6594,Week 8,2024-07-28
6594,Week 12,2024-08-25
6595,Baseline,2024-03-19
6595,Week 4,2024-04-16
6595,Week 8,2024-05-14
6595,Week 12,2024-06-11
6596,Baseline,2024-05-02
6596,Week 4,2024-05-30
6596,Week 8,2024-06-27
6596,Week 12,2024-07-25
6597,Baseline,2024-05-29
6597,Week 4,2024-06-26
6597,Week 8,2024-07-24
6597,Week 12,2024-08-21
6598,Baseline,2024-01-30
6598,Week 4,2024-02-27
6598,Week 8,2024-03-26
6598,Week 12,2024-04-23
6599,Baseline,2024-05-21
6599,Week 4,2024-06-18
6599,Week 8,2024-07-16
6599,Week 12,2024-08-13
6600,Baseline,2024-03-29
6600,Week 4,2024-04-26
6600,Week 8,2024-05-24
6600,Week 12,2024-06-21
6601,Baseline,2024-01-20
6601,Week 4,2024-02-17
6601,Week 8,2024-03-16
6601,Week 12,2024-04-13
6602,Baseline,2024-04-10
6602,Week 4,2024-05-08
6602,Week 8,2024-06-05
6602,Week 12,2024-07-03
6603,Baseline,2024-06-22
6603,Week 4,2024-07-20
6603,Week 8,2024-08-17
6603,Week 12,2024-09-14
6604,Baseline,2024-05-10
6604,Week 4,2024-06-07
6604,Week 8,2024-07-05
6604,Week 12,2024-08-02
6605,Baseline,2024-06-06
6605,Week 4,2024-07-04
6605,Week 8,2024-08-01
6605,Week 12,2024-08-29
6606,Baseline,2024-02-01
6606,Week 4,2024-02-29
6606,Week 8,2024-03-28
6606,Week 12,2024-04-25
6607,Baseline,2024-05-13
6607,Week 4,2024-06-10
6607,Week 8,2024-07-08
6607,Week 12,2024-08-05
6608,Baseline,2024-03-16
6608,Week 4,2024-04-13
6608,Week 8,2024-05-11
6608,Week 12,2024-06-08
6609,Baseline,2024-03-02
6609,Week 4,2024-03-30
6609,Week 8,2024-04-27
6609,Week 12,2024-05-25
6610,Baseline,2024-04-24
6610,Week 4,2024-05-22
6610,Week 8,2024-06-19
6610,Week 12,2024-07-17
6611,Baseline,2024-03-10
6611,Week 4,2024-04-07
6611,Week 8,2024-05-05
6611,Week 12,2024-06-02
6612,Baseline,2024-02-04
6612,Week 4,2024-03-03
6612,Week 8,2024-03-31
6612,Week 12,2024-04-28
6613,Baseline,2024-02-27
6613,Week 4,2024-03-26
6613,Week 8,2024-04-23
6613,Week 12,2024-05-21
6614,Baseline,2024-01-25
6614,Week 4,2024-02-22
6614,Week 8,2024-03-21
6614,Week 12,2024-04-18
6615,Baseline,2024-02-16
6615,Week 4,2024-03-15
6615,Week 8,2024-04-12
6615,Week 12,2024-05-10
6616,Baseline,2024-06-03
6616,Week 4,2024-07-01
6616,Week 8,2024-07-29
6616,Week 12,2024-08-26
6617,Baseline,2024-05-20
6617,Week 4,2024-06-17
6617,Week 8,2024-07-15
6617,Week 12,2024-08-12
6618,Baseline,2024-03-10
6618,Week 4,2024-04-07
6618,Week 8,2024-05-05
6618,Week 12,2024-06-02
6619,Baseline,2024-06-02
6619,Week 4,2024-06-30
6619,Week 8,2024-07-28
6619,Week 12,2024-08-25
6620,Baseline,2024-05-31
6620,Week 4,2024-06-28
6620,Week 8,2024-07-26
6620,Week 12,2024-08-23
6621,Baseline,2024-06-15
6621,Week 4,2024-07-13
6621,Week 8,2024-08-10
6621,Week 12,2024-09-07
6622,Baseline,2024-01-03
6622,Week 4,2024-01-31
6622,Week 8,2024-02-28
6622,Week 12,2024-03-27
6623,Baseline,2024-05-12
6623,Week 4,2024-06-09
6623,Week 8,2024-07-07
6623,Week 12,2024-08-04
6624,Baseline,2024-01-21
6624,Week 4,2024-02-18
6624,Week 8,2024-03-17
6624,Week 12,2024-04-14
6625,Baseline,2024-01-11
6625,Week 4,2024-02-08
6625,Week 8,2024-03-07
6625,Week 12,2024-04-04
6626,Baseline,2024-02-16
6626,Week 4,2024-03-15
6626,Week 8,2024-04-12
6626,Week 12,2024-05-10
6627,Baseline,2024-03-01
6627,Week 4,2024-03-29
6627,Week 8,2024-04-26
6627,Week 12,2024-05-24
6628,Baseline,2024-06-24
6628,Week 4,2024-07-22
6628,Week 8,2024-08-19
6628,Week 12,2024-09-16
6629,Baseline,2024-01-02
6629,Week 4,2024-01-30
6629,Week 8,2024-02-27
6629,Week 12,2024-03-26
6630,Baseline,2024-05-25
6630,Week 4,2024-06-22
6630,Week 8,2024-07-20
6630,Week 12,2024-08-17
6631,Baseline,2024-01-02
6631,Week 4,2024-01-30
6631,Week 8,2024-02-27
6631,Week 12,2024-03-26
6632,Baseline,2024-03-01
6632,Week 4,2024-03-29
6632,Week 8,2024-04-26
6632,Week 12,2024-05-24
6633,Baseline,2024-04-28
6633,Week 4,2024-05-26
6633,Week 8,2024-06-23
6633,Week 12,2024-07-21
6634,Baseline,2024-05-30
6634,Week 4,2024-06-27
6634,Week 8,2024-07-25
6634,Week 12,2024-08-22
6635,Baseline,2024-02-22
6635,Week 4,2024-03-21
6635,Week 8,2024-04-18
6635,Week 12,2024-05-16
6636,Baseline,2024-04-02
6636,Week 4,2024-04-30
6636,Week 8,2024-05-28
6636,Week 12,2024-06-25
6637,Baseline,2024-02-17
6637,Week 4,2024-03-16
6637,Week 8,2024-04-13
6637,Week 12,2024-05-11
6638,Baseline,2024-03-20
6638,Week 4,2024-04-17
6638,Week 8,2024-05-15
6638,Week 12,2024-06-12
6639,Baseline,2024-04-26
6639,Week 4,2024-05-24
6639,Week 8,2024-06-21
6639,Week 12,2024-07-19
6640,Baseline,2024-01-26
6640,Week 4,2024-02-23
6640,Week 8,2024-03-22
6640,Week 12,2024-04-19
6641,Baseline,2024-06-27
6641,Week 4,2024-07-25
6641,Week 8,2024-08-22
6641,Week 12,2024-09-19
6642,Baseline,2024-01-16
6642,Week 4,2024-02-13
6642,Week 8,2024-03-12
6642,Week 12,2024-04-09
6643,Baseline,2024-04-26
6643,Week 4,2024-05-24
6643,Week 8,2024-06-21
6643,Week 12,2024-07-19
6644,Baseline,2024-05-06
6644,Week 4,2024-06-03
6644,Week 8,2024-07-01
6644,Week 12,2024-07-29
6645,Baseline,2024-01-14
6645,Week 4,2024-02-11
6645,Week 8,2024-03-10
6645,Week 12,2024-04-07
6646,Baseline,2024-03-06
6646,Week 4,2024-04-03
6646,Week 8,2024-05-01
6646,Week 12,2024-05-29
6647,Baseline,2024-05-13
6647,Week 4,2024-06-10
6647,Week 8,2024-07-08
6647,Week 12,2024-08-05
6648,Baseline,2024-04-24
6648,Week 4,2024-05-22
6648,Week 8,2024-06-19
6648,Week 12,2024-07-17
6649,Baseline,2024-04-20
6649,Week 4,2024-05-18
6649,Week 8,2024-06-15
6649,Week 12,2024-07-13
6650,Baseline,2024-04-08
6650,Week 4,2024-05-06
6650,Week 8,2024-06-03
6650,Week 12,2024-07-01
6651,Baseline,2024-03-16
6651,Week 4,2024-04-13
6651,Week 8,2024-05-11
6651,Week 12,2024-06-08
6652,Baseline,2024-01-12
6652,Week 4,2024-02-09
6652,Week 8,2024-03-08
6652,Week 12,2024-04-05
6653,Baseline,2024-03-14
6653,Week 4,2024-04-11
6653,Week 8,2024-05-09
6653,Week 12,2024-06-06
6654,Baseline,2024-04-08
6654,Week 4,2024-05-06
6654,Week 8,2024-06-03
6654,Week 12,2024-07-01
6655,Baseline,2024-02-29
6655,Week 4,2024-03-28
6655,Week 8,2024-04-25
6655,Week 12,2024-05-23
6656,Baseline,2024-06-22
6656,Week 4,2024-07-20
6656,Week 8,2024-08-17
6656,Week 12,2024-09-14
6657,Baseline,2024-02-24
6657,Week 4,2024-03-23
6657,Week 8,2024-04-20
6657,Week 12,2024-05-18
6658,Baseline,2024-04-08
6658,Week 4,2024-05-06
6658,Week 8,2024-06-03
6658,Week 12,2024-07-01
6659,Baseline,2024-02-24
6659,Week 4,2024-03-23
6659,Week 8,2024-04-20
6659,Week 12,2024-05-18
6660,Baseline,2024-05-03
6660,Week 4,2024-05-31
6660,Week 8,2024-06-28
6660,Week 12,2024-07-26
6661,Baseline,2024-06-23
6661,Week 4,2024-07-21
6661,Week 8,2024-08-18
6661,Week 12,2024-09-15
6662,Baseline,2024-02-03
6662,Week 4,2024-03-02
6662,Week 8,2024-03-30
6662,Week 12,2024-04-27
6663,Baseline,2024-02-01
6663,Week 4,2024-02-29
6663,Week 8,2024-03-28
6663,Week 12,2024-04-25
6664,Baseline,2024-01-04
6664,Week 4,2024-02-01
6664,Week 8,2024-02-29
6664,Week 12,2024-03-28
6665,Baseline,2024-01-25
6665,Week 4,2024-02-22
6665,Week 8,2024-03-21
6665,Week 12,2024-04-18
6666,Baseline,2024-03-03
6666,Week 4,2024-03-31
6666,Week 8,2024-04-28
6666,Week 12,2024-05-26
6667,Baseline,2024-04-13
6667,Week 4,2024-05-11
6667,Week 8,2024-06-08
6667,Week 12,2024-07-06
6668,Baseline,2024-04-23
6668,Week 4,2024-05-21
6668,Week 8,2024-06-18
6668,Week 12,2024-07-16
6669,Baseline,2024-04-04
6669,Week 4,2024-05-02
6669,Week 8,2024-05-30
6669,Week 12,2024-06-27
6670,Baseline,2024-06-13
6670,Week 4,2024-07-11
6670,Week 8,2024-08-08
6670,Week 12,2024-09-05
6671,Baseline,2024-02-12
6671,Week 4,2024-03-11
6671,Week 8,2024-04-08
6671,Week 12,2024-05-06
6672,Baseline,2024-05-06
6672,Week 4,2024-06-03
6672,Week 8,2024-07-01
6672,Week 12,2024-07-29
6673,Baseline,2024-04-21
6673,Week 4,2024-05-19
6673,Week 8,2024-06-16
6673,Week 12,2024-07-14
6674,Baseline,2024-06-23
6674,Week 4,2024-07-21
6674,Week 8,2024-08-18
6674,Week 12,2024-09-15
6675,Baseline,2024-03-22
6675,Week 4,2024-04-19
6675,Week 8,2024-05-17
6675,Week 12,2024-06-14
6676,Baseline,2024-04-17
6676,Week 4,2024-05-15
6676,Week 8,2024-06-12
6676,Week 12,2024-07-10
6677,Baseline,2024-05-25
6677,Week 4,2024-06-22
6677,Week 8,2024-07-20
6677,Week 12,2024-08-17
6678,Baseline,2024-04-17
6678,Week 4,2024-05-15
6678,Week 8,2024-06-12
6678,Week 12,2024-07-10
6679,Baseline,2024-03-06
6679,Week 4,2024-04-03
6679,Week 8,2024-05-01
6679,Week 12,2024-05-29
6680,Baseline,2024-06-12
6680,Week 4,2024-07-10
6680,Week 8,2024-08-07
6680,Week 12,2024-09-04
6681,Baseline,2024-06-05
6681,Week 4,2024-07-03
6681,Week 8,2024-07-31
6681,Week 12,2024-08-28
6682,Baseline,2024-05-27
6682,Week 4,2024-06-24
6682,Week 8,2024-07-22
6682,Week 12,2024-08-19
6683,Baseline,2024-02-03
6683,Week 4,2024-03-02
6683,Week 8,2024-03-30
6683,Week 12,2024-04-27
6684,Baseline,2024-02-06
6684,Week 4,2024-03-05
6684,Week 8,2024-04-02
6684,Week 12,2024-04-30
6685,Baseline,2024-02-14
6685,Week 4,2024-03-13
6685,Week 8,2024-04-10
6685,Week 12,2024-05-08
6686,Baseline,2024-05-05
6686,Week 4,2024-06-02
6686,Week 8,2024-06-30
6686,Week 12,2024-07-28
6687,Baseline,2024-02-06
6687,Week 4,2024-03-05
6687,Week 8,2024-04-02
6687,Week 12,2024-04-30
6688,Baseline,2024-06-11
6688,Week 4,2024-07-09
6688,Week 8,2024-08-06
6688,Week 12,2024-09-03
6689,Baseline,2024-05-13
6689,Week 4,2024-06-10
6689,Week 8,2024-07-08
6689,Week 12,2024-08-05
6690,Baseline,2024-04-05
6690,Week 4,2024-05-03
6690,Week 8,2024-05-31
6690,Week 12,2024-06-28
6691,Baseline,2024-03-15
6691,Week 4,2024-04-12
6691,Week 8,2024-05-10
6691,Week 12,2024-06-07
6692,Baseline,2024-05-17
6692,Week 4,2024-06-14
6692,Week 8,2024-07-12
6692,Week 12,2024-08-09
6693,Baseline,2024-04-25
6693,Week 4,2024-05-23
6693,Week 8,2024-06-20
6693,Week 12,2024-07-18
6694,Baseline,2024-02-28
6694,Week 4,2024-03-27
6694,Week 8,2024-04-24
6694,Week 12,2024-05-22
6695,Baseline,2024-02-10
6695,Week 4,2024-03-09
6695,Week 8,2024-04-06
6695,Week 12,2024-05-04
6696,Baseline,2024-01-12
6696,Week 4,2024-02-09
6696,Week 8,2024-03-08
6696,Week 12,2024-04-05
6697,Baseline,2024-06-06
6697,Week 4,2024-07-04
6697,Week 8,2024-08-01
6697,Week 12,2024-08-29
6698,Baseline,2024-02-12
6698,Week 4,2024-03-11
6698,Week 8,2024-04-08
6698,Week 12,2024-05-06
6699,Baseline,2024-03-25
6699,Week 4,2024-04-22
6699,Week 8,2024-05-20
6699,Week 12,2024-06-17
6700,Baseline,2024-01-12
6700,Week 4,2024-02-09
6700,Week 8,2024-03-08
6700,Week 12,2024-04-05
6701,Baseline,2024-03-08
6701,Week 4,2024-04-05
6701,Week 8,2024-05-03
6701,Week 12,2024-05-31
6702,Baseline,2024-01-23
6702,Week 4,2024-02-20
6702,Week 8,2024-03-19
6702,Week 12,2024-04-16
6703,Baseline,2024-02-02
6703,Week 4,2024-03-01
6703,Week 8,2024-03-29
6703,Week 12,2024-04-26
6704,Baseline,2024-04-13
6704,Week 4,2024-05-11
6704,Week 8,2024-06-08
6704,Week 12,2024-07-06
6705,Baseline,2024-02-09
6705,Week 4,2024-03-08
6705,Week 8,2024-04-05
6705,Week 12,2024-05-03
6706,Baseline,2024-03-14
6706,Week 4,2024-04-11
6706,Week 8,2024-05-09
6706,Week 12,2024-06-06
6707,Baseline,2024-05-13
6707,Week 4,2024-06-10
6707,Week 8,2024-07-08
6707,Week 12,2024-08-05
6708,Baseline,2024-03-09
6708,Week 4,2024-04-06
6708,Week 8,2024-05-04
6708,Week 12,2024-06-01
6709,Baseline,2024-01-10
6709,Week 4,2024-02-07
6709,Week 8,2024-03-06
6709,Week 12,2024-04-03
6710,Baseline,2024-04-18
6710,Week 4,2024-05-16
6710,Week 8,2024-06-13
6710,Week 12,2024-07-11
6711,Baseline,2024-02-19
6711,Week 4,2024-03-18
6711,Week 8,2024-04-15
6711,Week 12,2024-05-13
6712,Baseline,2024-05-22
6712,Week 4,2024-06-19
6712,Week 8,2024-07-17
6712,Week 12,2024-08-14
6713,Baseline,2024-05-20
6713,Week 4,2024-06-17
6713,Week 8,2024-07-15
6713,Week 12,2024-08-12
6714,Baseline,2024-04-27
6714,Week 4,2024-05-25
6714,Week 8,2024-06-22
6714,Week 12,2024-07-20
6715,Baseline,2024-01-31
6715,Week 4,2024-02-28
6715,Week 8,2024-03-27
6715,Week 12,2024-04-24
6716,Baseline,2024-03-24
6716,Week 4,2024-04-21
6716,Week 8,2024-05-19
6716,Week 12,2024-06-16
6717,Baseline,2024-06-19
6717,Week 4,2024-07-17
6717,Week 8,2024-08-14
6717,Week 12,2024-09-11
6718,Baseline,2024-06-14
6718,Week 4,2024-07-12
6718,Week 8,2024-08-09
6718,Week 12,2024-09-06
6719,Baseline,2024-02-20
6719,Week 4,2024-03-19
6719,Week 8,2024-04-16
6719,Week 12,2024-05-14
6720,Baseline,2024-01-22
6720,Week 4,2024-02-19
6720,Week 8,2024-03-18
6720,Week 12,2024-04-15
6721,Baseline,2024-05-09
6721,Week 4,2024-06-06
6721,Week 8,2024-07-04
6721,Week 12,2024-08-01
6722,Baseline,2024-06-08
6722,Week 4,2024-07-06
6722,Week 8,2024-08-03
6722,Week 12,2024-08-31
6723,Baseline,2024-06-11
6723,Week 4,2024-07-09
6723,Week 8,2024-08-06
6723,Week 12,2024-09-03
6724,Baseline,2024-04-07
6724,Week 4,2024-05-05
6724,Week 8,2024-06-02
6724,Week 12,2024-06-30
6725,Baseline,2024-02-01
6725,Week 4,2024-02-29
6725,Week 8,2024-03-28
6725,Week 12,2024-04-25
6726,Baseline,2024-04-13
6726,Week 4,2024-05-11
6726,Week 8,2024-06-08
6726,Week 12,2024-07-06
6727,Baseline,2024-03-28
6727,Week 4,2024-04-25
6727,Week 8,2024-05-23
6727,Week 12,2024-06-20
6728,Baseline,2024-05-17
6728,Week 4,2024-06-14
6728,Week 8,2024-07-12
6728,Week 12,2024-08-09
6729,Baseline,2024-06-06
6729,Week 4,2024-07-04
6729,Week 8,2024-08-01
6729,Week 12,2024-08-29
6730,Baseline,2024-06-18
6730,Week 4,2024-07-16
6730,Week 8,2024-08-13
6730,Week 12,2024-09-10
6731,Baseline,2024-02-26
6731,Week 4,2024-03-25
6731,Week 8,2024-04-22
6731,Week 12,2024-05-20
6732,Baseline,2024-02-19
6732,Week 4,2024-03-18
6732,Week 8,2024-04-15
6732,Week 12,2024-05-13
6733,Baseline,2024-02-24
6733,Week 4,2024-03-23
6733,Week 8,2024-04-20
6733,Week 12,2024-05-18
6734,Baseline,2024-03-11
6734,Week 4,2024-04-08
6734,Week 8,2024-05-06
6734,Week 12,2024-06-03
6735,Baseline,2024-03-18
6735,Week 4,2024-04-15
6735,Week 8,2024-05-13
6735,Week 12,2024-06-10
6736,Baseline,2024-01-18
6736,Week 4,2024-02-15
6736,Week 8,2024-03-14
6736,Week 12,2024-04-11
6737,Baseline,2024-01-30
6737,Week 4,2024-02-27
6737,Week 8,2024-03-26
6737,Week 12,2024-04-23
6738,Baseline,2024-02-17
6738,Week 4,2024-03-16
6738,Week 8,2024-04-13
6738,Week 12,2024-05-11
6739,Baseline,2024-03-31
6739,Week 4,2024-04-28
6739,Week 8,2024-05-26
6739,Week 12,2024-06-23
6740,Baseline,2024-06-07
6740,Week 4,2024-07-05
6740,Week 8,2024-08-02
6740,Week 12,2024-08-30
6741,Baseline,2024-06-01
6741,Week 4,2024-06-29
6741,Week 8,2024-07-27
6741,Week 12,2024-08-24
6742,Baseline,2024-05-31
6742,Week 4,2024-06-28
6742,Week 8,2024-07-26
6742,Week 12,2024-08-23
6743,Baseline,2024-02-15
6743,Week 4,2024-03-14
6743,Week 8,2024-04-11
6743,Week 12,2024-05-09
6744,Baseline,2024-04-25
6744,Week 4,2024-05-23
6744,Week 8,2024-06-20
6744,Week 12,2024-07-18
6745,Baseline,2024-02-25
6745,Week 4,2024-03-24
6745,Week 8,2024-04-21
6745,Week 12,2024-05-19
6746,Baseline,2024-06-09
6746,Week 4,2024-07-07
6746,Week 8,2024-08-04
6746,Week 12,2024-09-01
6747,Baseline,2024-03-12
6747,Week 4,2024-04-09
6747,Week 8,2024-05-07
6747,Week 12,2024-06-04
6748,Baseline,2024-03-30
6748,Week 4,2024-04-27
6748,Week 8,2024-05-25
6748,Week 12,2024-06-22
6749,Baseline,2024-05-20
6749,Week 4,2024-06-17
6749,Week 8,2024-07-15
6749,Week 12,2024-08-12
6750,Baseline,2024-06-07
6750,Week 4,2024-07-05
6750,Week 8,2024-08-02
6750,Week 12,2024-08-30
6751,Baseline,2024-04-23
6751,Week 4,2024-05-21
6751,Week 8,2024-06-18
6751,Week 12,2024-07-16
6752,Baseline,2024-02-23
6752,Week 4,2024-03-22
6752,Week 8,2024-04-19
6752,Week 12,2024-05-17
6753,Baseline,2024-06-03
6753,Week 4,2024-07-01
6753,Week 8,2024-07-29
6753,Week 12,2024-08-26
6754,Baseline,2024-02-19
6754,Week 4,2024-03-18
6754,Week 8,2024-04-15
6754,Week 12,2024-05-13
6755,Baseline,2024-06-02
6755,Week 4,2024-06-30
6755,Week 8,2024-07-28
6755,Week 12,2024-08-25
6756,Baseline,2024-04-12
6756,Week 4,2024-05-10
6756,Week 8,2024-06-07
6756,Week 12,2024-07-05
6757,Baseline,2024-03-10
6757,Week 4,2024-04-07
6757,Week 8,2024-05-05
6757,Week 12,2024-06-02
6758,Baseline,2024-06-20
6758,Week 4,2024-07-18
6758,Week 8,2024-08-15
6758,Week 12,2024-09-12
6759,Baseline,2024-01-01
6759,Week 4,2024-01-29
6759,Week 8,2024-02-26
6759,Week 12,2024-03-25
6760,Baseline,2024-06-10
6760,Week 4,2024-07-08
6760,Week 8,2024-08-05
6760,Week 12,2024-09-02
6761,Baseline,2024-06-11
6761,Week 4,2024-07-09
6761,Week 8,2024-08-06
6761,Week 12,2024-09-03
6762,Baseline,2024-02-23
6762,Week 4,2024-03-22
6762,Week 8,2024-04-19
6762,Week 12,2024-05-17
6763,Baseline,2024-06-03
6763,Week 4,2024-07-01
6763,Week 8,2024-07-29
6763,Week 12,2024-08-26
6764,Baseline,2024-03-01
6764,Week 4,2024-03-29
6764,Week 8,2024-04-26
6764,Week 12,2024-05-24
6765,Baseline,2024-06-09
6765,Week 4,2024-07-07
6765,Week 8,2024-08-04
6765,Week 12,2024-09-01
6766,Baseline,2024-05-25
6766,Week 4,2024-06-22
6766,Week 8,2024-07-20
6766,Week 12,2024-08-17
6767,Baseline,2024-01-02
6767,Week 4,2024-01-30
6767,Week 8,2024-02-27
6767,Week 12,2024-03-26
6768,Baseline,2024-03-10
6768,Week 4,2024-04-07
6768,Week 8,2024-05-05
6768,Week 12,2024-06-02
6769,Baseline,2024-04-22
6769,Week 4,2024-05-20
6769,Week 8,2024-06-17
6769,Week 12,2024-07-15
6770,Baseline,2024-05-06
6770,Week 4,2024-06-03
6770,Week 8,2024-07-01
6770,Week 12,2024-07-29
6771,Baseline,2024-03-15
6771,Week 4,2024-04-12
6771,Week 8,2024-05-10
6771,Week 12,2024-06-07
6772,Baseline,2024-01-15
6772,Week 4,2024-02-12
6772,Week 8,2024-03-11
6772,Week 12,2024-04-08
6773,Baseline,2024-04-22
6773,Week 4,2024-05-20
6773,Week 8,2024-06-17
6773,Week 12,2024-07-15
6774,Baseline,2024-04-20
6774,Week 4,2024-05-18
6774,Week 8,2024-06-15
6774,Week 12,2024-07-13
6775,Baseline,2024-04-28
6775,Week 4,2024-05-26
6775,Week 8,2024-06-23
6775,Week 12,2024-07-21
6776,Baseline,2024-05-24
6776,Week 4,2024-06-21
6776,Week 8,2024-07-19
6776,Week 12,2024-08-16
6777,Baseline,2024-06-06
6777,Week 4,2024-07-04
6777,Week 8,2024-08-01
6777,Week 12,2024-08-29
6778,Baseline,2024-01-08
6778,Week 4,2024-02-05
6778,Week 8,2024-03-04
6778,Week 12,2024-04-01
6779,Baseline,2024-02-17
6779,Week 4,2024-03-16
6779,Week 8,2024-04-13
6779,Week 12,2024-05-11
6780,Baseline,2024-05-01
6780,Week 4,2024-05-29
6780,Week 8,2024-06-26
6780,Week 12,2024-07-24
6781,Baseline,2024-01-08
6781,Week 4,2024-02-05
6781,Week 8,2024-03-04
6781,Week 12,2024-04-01
6782,Baseline,2024-01-18
6782,Week 4,2024-02-15
6782,Week 8,2024-03-14
6782,Week 12,2024-04-11
6783,Baseline,2024-02-28
6783,Week 4,2024-03-27
6783,Week 8,2024-04-24
6783,Week 12,2024-05-22
6784,Baseline,2024-03-14
6784,Week 4,2024-04-11
6784,Week 8,2024-05-09
6784,Week 12,2024-06-06
6785,Baseline,2024-06-25
6785,Week 4,2024-07-23
6785,Week 8,2024-08-20
6785,Week 12,2024-09-17
6786,Baseline,2024-03-14
6786,Week 4,2024-04-11
6786,Week 8,2024-05-09
6786,Week 12,2024-06-06
6787,Baseline,2024-02-02
6787,Week 4,2024-03-01
6787,Week 8,2024-03-29
6787,Week 12,2024-04-26
6788,Baseline,2024-03-16
6788,Week 4,2024-04-13
6788,Week 8,2024-05-11
6788,Week 12,2024-06-08
6789,Baseline,2024-05-09
6789,Week 4,2024-06-06
6789,Week 8,2024-07-04
6789,Week 12,2024-08-01
6790,Baseline,2024-04-27
6790,Week 4,2024-05-25
6790,Week 8,2024-06-22
6790,Week 12,2024-07-20
6791,Baseline,2024-01-03
6791,Week 4,2024-01-31
6791,Week 8,2024-02-28
6791,Week 12,2024-03-27
6792,Baseline,2024-01-27
6792,Week 4,2024-02-24
6792,Week 8,2024-03-23
6792,Week 12,2024-04-20
6793,Baseline,2024-01-10
6793,Week 4,2024-02-07
6793,Week 8,2024-03-06
6793,Week 12,2024-04-03
6794,Baseline,2024-03-09
6794,Week 4,2024-04-06
6794,Week 8,2024-05-04
6794,Week 12,2024-06-01
6795,Baseline,2024-01-03
6795,Week 4,2024-01-31
6795,Week 8,2024-02-28
6795,Week 12,2024-03-27
6796,Baseline,2024-06-07
6796,Week 4,2024-07-05
6796,Week 8,2024-08-02
6796,Week 12,2024-08-30
6797,Baseline,2024-04-16
6797,Week 4,2024-05-14
6797,Week 8,2024-06-11
6797,Week 12,2024-07-09
6798,Baseline,2024-02-21
6798,Week 4,2024-03-20
6798,Week 8,2024-04-17
6798,Week 12,2024-05-15
6799,Baseline,2024-02-06
6799,Week 4,2024-03-05
6799,Week 8,2024-04-02
6799,Week 12,2024-04-30
6800,Baseline,2024-06-28
6800,Week 4,2024-07-26
6800,Week 8,2024-08-23
6800,Week 12,2024-09-20
6801,Baseline,2024-04-07
6801,Week 4,2024-05-05
6801,Week 8,2024-06-02
6801,Week 12,2024-06-30
6802,Baseline,2024-06-25
6802,Week 4,2024-07-23
6802,Week 8,2024-08-20
6802,Week 12,2024-09-17
6803,Baseline,2024-04-09
6803,Week 4,2024-05-07
6803,Week 8,2024-06-04
6803,Week 12,2024-07-02
6804,Baseline,2024-04-12
6804,Week 4,2024-05-10
6804,Week 8,2024-06-07
6804,Week 12,2024-07-05
6805,Baseline,2024-06-16
6805,Week 4,2024-07-14
6805,Week 8,2024-08-11
6805,Week 12,2024-09-08
6806,Baseline,2024-06-02
6806,Week 4,2024-06-30
6806,Week 8,2024-07-28
6806,Week 12,2024-08-25
6807,Baseline,2024-06-12
6807,Week 4,2024-07-10
6807,Week 8,2024-08-07
6807,Week 12,2024-09-04
6808,Baseline,2024-02-14
6808,Week 4,2024-03-13
6808,Week 8,2024-04-10
6808,Week 12,2024-05-08
6809,Baseline,2024-05-09
6809,Week 4,2024-06-06
6809,Week 8,2024-07-04
6809,Week 12,2024-08-01
6810,Baseline,2024-01-17
6810,Week 4,2024-02-14
6810,Week 8,2024-03-13
6810,Week 12,2024-04-10
6811,Baseline,2024-06-21
6811,Week 4,2024-07-19
6811,Week 8,2024-08-16
6811,Week 12,2024-09-13
6812,Baseline,2024-01-20
6812,Week 4,2024-02-17
6812,Week 8,2024-03-16
6812,Week 12,2024-04-13
6813,Baseline,2024-04-07
6813,Week 4,2024-05-05
6813,Week 8,2024-06-02
6813,Week 12,2024-06-30
6814,Baseline,2024-05-04
6814,Week 4,2024-06-01
6814,Week 8,2024-06-29
6814,Week 12,2024-07-27
6815,Baseline,2024-05-15
6815,Week 4,2024-06-12
6815,Week 8,2024-07-10
6815,Week 12,2024-08-07
6816,Baseline,2024-03-06
6816,Week 4,2024-04-03
6816,Week 8,2024-05-01
6816,Week 12,2024-05-29
6817,Baseline,2024-06-23
6817,Week 4,2024-07-21
6817,Week 8,2024-08-18
6817,Week 12,2024-09-15
6818,Baseline,2024-05-08
6818,Week 4,2024-06-05
6818,Week 8,2024-07-03
6818,Week 12,2024-07-31
6819,Baseline,2024-01-08
6819,Week 4,2024-02-05
6819,Week 8,2024-03-04
6819,Week 12,2024-04-01
6820,Baseline,2024-02-17
6820,Week 4,2024-03-16
6820,Week 8,2024-04-13
6820,Week 12,2024-05-11
6821,Baseline,2024-01-17
6821,Week 4,2024-02-14
6821,Week 8,2024-03-13
6821,Week 12,2024-04-10
6822,Baseline,2024-03-13
6822,Week 4,2024-04-10
6822,Week 8,2024-05-08
6822,Week 12,2024-06-05
6823,Baseline,2024-03-20
6823,Week 4,2024-04-17
6823,Week 8,2024-05-15
6823,Week 12,2024-06-12
6824,Baseline,2024-04-23
6824,Week 4,2024-05-21
6824,Week 8,2024-06-18
6824,Week 12,2024-07-16
6825,Baseline,2024-04-05
6825,Week 4,2024-05-03
6825,Week 8,2024-05-31
6825,Week 12,2024-06-28
6826,Baseline,2024-02-03
6826,Week 4,2024-03-02
6826,Week 8,2024-03-30
6826,Week 12,2024-04-27
6827,Baseline,2024-02-18
6827,Week 4,2024-03-17
6827,Week 8,2024-04-14
6827,Week 12,2024-05-12
6828,Baseline,2024-02-26
6828,Week 4,2024-03-25
6828,Week 8,2024-04-22
6828,Week 12,2024-05-20
6829,Baseline,2024-06-20
6829,Week 4,2024-07-18
6829,Week 8,2024-08-15
6829,Week 12,2024-09-12
6830,Baseline,2024-01-25
6830,Week 4,2024-02-22
6830,Week 8,2024-03-21
6830,Week 12,2024-04-18
6831,Baseline,2024-05-22
6831,Week 4,2024-06-19
6831,Week 8,2024-07-17
6831,Week 12,2024-08-14
6832,Baseline,2024-06-06
6832,Week 4,2024-07-04
6832,Week 8,2024-08-01
6832,Week 12,2024-08-29
6833,Baseline,2024-04-08
6833,Week 4,2024-05-06
6833,Week 8,2024-06-03
6833,Week 12,2024-07-01
6834,Baseline,2024-03-07
6834,Week 4,2024-04-04
6834,Week 8,2024-05-02
6834,Week 12,2024-05-30
6835,Baseline,2024-02-25
6835,Week 4,2024-03-24
6835,Week 8,2024-04-21
6835,Week 12,2024-05-19
6836,Baseline,2024-01-19
6836,Week 4,2024-02-16
6836,Week 8,2024-03-15
6836,Week 12,2024-04-12
6837,Baseline,2024-01-15
6837,Week 4,2024-02-12
6837,Week 8,2024-03-11
6837,Week 12,2024-04-08
6838,Baseline,2024-06-24
6838,Week 4,2024-07-22
6838,Week 8,2024-08-19
6838,Week 12,2024-09-16
6839,Baseline,2024-02-16
6839,Week 4,2024-03-15
6839,Week 8,2024-04-12
6839,Week 12,2024-05-10
6840,Baseline,2024-05-13
6840,Week 4,2024-06-10
6840,Week 8,2024-07-08
6840,Week 12,2024-08-05
6841,Baseline,2024-05-07
6841,Week 4,2024-06-04
6841,Week 8,2024-07-02
6841,Week 12,2024-07-30
6842,Baseline,2024-05-03
6842,Week 4,2024-05-31
6842,Week 8,2024-06-28
6842,Week 12,2024-07-26
6843,Baseline,2024-02-03
6843,Week 4,2024-03-02
6843,Week 8,2024-03-30
6843,Week 12,2024-04-27
6844,Baseline,2024-04-17
6844,Week 4,2024-05-15
6844,Week 8,2024-06-12
6844,Week 12,2024-07-10
6845,Baseline,2024-02-12
6845,Week 4,2024-03-11
6845,Week 8,2024-04-08
6845,Week 12,2024-05-06
6846,Baseline,2024-02-24
6846,Week 4,2024-03-23
6846,Week 8,2024-04-20
6846,Week 12,2024-05-18
6847,Baseline,2024-05-26
6847,Week 4,2024-06-23
6847,Week 8,2024-07-21
6847,Week 12,2024-08-18
6848,Baseline,2024-01-24
6848,Week 4,2024-02-21
6848,Week 8,2024-03-20
6848,Week 12,2024-04-17
6849,Baseline,2024-04-20
6849,Week 4,2024-05-18
6849,Week 8,2024-06-15
6849,Week 12,2024-07-13
6850,Baseline,2024-05-27
6850,Week 4,2024-06-24
6850,Week 8,2024-07-22
6850,Week 12,2024-08-19
6851,Baseline,2024-06-02
6851,Week 4,2024-06-30
6851,Week 8,2024-07-28
6851,Week 12,2024-08-25
6852,Baseline,2024-04-12
6852,Week 4,2024-05-10
6852,Week 8,2024-06-07
6852,Week 12,2024-07-05
6853,Baseline,2024-04-03
6853,Week 4,2024-05-01
6853,Week 8,2024-05-29
6853,Week 12,2024-06-26
6854,Baseline,2024-05-22
6854,Week 4,2024-06-19
6854,Week 8,2024-07-17
6854,Week 12,2024-08-14
6855,Baseline,2024-02-17
6855,Week 4,2024-03-16
6855,Week 8,2024-04-13
6855,Week 12,2024-05-11
6856,Baseline,2024-06-18
6856,Week 4,2024-07-16
6856,Week 8,2024-08-13
6856,Week 12,2024-09-10
6857,Baseline,2024-01-08
6857,Week 4,2024-02-05
6857,Week 8,2024-03-04
6857,Week 12,2024-04-01
6858,Baseline,2024-03-16
6858,Week 4,2024-04-13
6858,Week 8,2024-05-11
6858,Week 12,2024-06-08
6859,Baseline,2024-06-04
6859,Week 4,2024-07-02
6859,Week 8,2024-07-30
6859,Week 12,2024-08-27
6860,Baseline,2024-01-02
6860,Week 4,2024-01-30
6860,Week 8,2024-02-27
6860,Week 12,2024-03-26
6861,Baseline,2024-01-06
6861,Week 4,2024-02-03
6861,Week 8,2024-03-02
6861,Week 12,2024-03-30
6862,Baseline,2024-02-08
6862,Week 4,2024-03-07
6862,Week 8,2024-04-04
6862,Week 12,2024-05-02
6863,Baseline,2024-04-01
6863,Week 4,2024-04-29
6863,Week 8,2024-05-27
6863,Week 12,2024-06-24
6864,Baseline,2024-04-03
6864,Week 4,2024-05-01
6864,Week 8,2024-05-29
6864,Week 12,2024-06-26
6865,Baseline,2024-05-31
6865,Week 4,2024-06-28
6865,Week 8,2024-07-26
6865,Week 12,2024-08-23
6866,Baseline,2024-05-24
6866,Week 4,2024-06-21
6866,Week 8,2024-07-19
6866,Week 12,2024-08-16
6867,Baseline,2024-06-17
6867,Week 4,2024-07-15
6867,Week 8,2024-08-12
6867,Week 12,2024-09-09
6868,Baseline,2024-02-08
6868,Week 4,2024-03-07
6868,Week 8,2024-04-04
6868,Week 12,2024-05-02
6869,Baseline,2024-02-23
6869,Week 4,2024-03-22
6869,Week 8,2024-04-19
6869,Week 12,2024-05-17
6870,Baseline,2024-05-04
6870,Week 4,2024-06-01
6870,Week 8,2024-06-29
6870,Week 12,2024-07-27
6871,Baseline,2024-03-23
6871,Week 4,2024-04-20
6871,Week 8,2024-05-18
6871,Week 12,2024-06-15
6872,Baseline,2024-03-08
6872,Week 4,2024-04-05
6872,Week 8,2024-05-03
6872,Week 12,2024-05-31
6873,Baseline,2024-03-02
6873,Week 4,2024-03-30
6873,Week 8,2024-04-27
6873,Week 12,2024-05-25
6874,Baseline,2024-06-19
6874,Week 4,2024-07-17
6874,Week 8,2024-08-14
6874,Week 12,2024-09-11
6875,Baseline,2024-04-03
6875,Week 4,2024-05-01
6875,Week 8,2024-05-29
6875,Week 12,2024-06-26
6876,Baseline,2024-03-27
6876,Week 4,2024-04-24
6876,Week 8,2024-05-22
6876,Week 12,2024-06-19
6877,Baseline,2024-06-22
6877,Week 4,2024-07-20
6877,Week 8,2024-08-17
6877,Week 12,2024-09-14
6878,Baseline,2024-03-06
6878,Week 4,2024-04-03
6878,Week 8,2024-05-01
6878,Week 12,2024-05-29
6879,Baseline,2024-06-14
6879,Week 4,2024-07-12
6879,Week 8,2024-08-09
6879,Week 12,2024-09-06
6880,Baseline,2024-05-05
6880,Week 4,2024-06-02
6880,Week 8,2024-06-30
6880,Week 12,2024-07-28
6881,Baseline,2024-01-31
6881,Week 4,2024-02-28
6881,Week 8,2024-03-27
6881,Week 12,2024-04-24
6882,Baseline,2024-02-22
6882,Week 4,2024-03-21
6882,Week 8,2024-04-18
6882,Week 12,2024-05-16
6883,Baseline,2024-01-06
6883,Week 4,2024-02-03
6883,Week 8,2024-03-02
6883,Week 12,2024-03-30
6884,Baseline,2024-03-25
6884,Week 4,2024-04-22
6884,Week 8,2024-05-20
6884,Week 12,2024-06-17
6885,Baseline,2024-06-22
6885,Week 4,2024-07-20
6885,Week 8,2024-08-17
6885,Week 12,2024-09-14
6886,Baseline,2024-06-05
6886,Week 4,2024-07-03
6886,Week 8,2024-07-31
6886,Week 12,2024-08-28
6887,Baseline,2024-05-02
6887,Week 4,2024-05-30
6887,Week 8,2024-06-27
6887,Week 12,2024-07-25
6888,Baseline,2024-01-31
6888,Week 4,2024-02-28
6888,Week 8,2024-03-27
6888,Week 12,2024-04-24
6889,Baseline,2024-03-26
6889,Week 4,2024-04-23
6889,Week 8,2024-05-21
6889,Week 12,2024-06-18
6890,Baseline,2024-05-06
6890,Week 4,2024-06-03
6890,Week 8,2024-07-01
6890,Week 12,2024-07-29
6891,Baseline,2024-06-19
6891,Week 4,2024-07-17
6891,Week 8,2024-08-14
6891,Week 12,2024-09-11
6892,Baseline,2024-01-13
6892,Week 4,2024-02-10
6892,Week 8,2024-03-09
6892,Week 12,2024-04-06
6893,Baseline,2024-05-21
6893,Week 4,2024-06-18
6893,Week 8,2024-07-16
6893,Week 12,2024-08-13
6894,Baseline,2024-04-05
6894,Week 4,2024-05-03
6894,Week 8,2024-05-31
6894,Week 12,2024-06-28
6895,Baseline,2024-02-26
6895,Week 4,2024-03-25
6895,Week 8,2024-04-22
6895,Week 12,2024-05-20
6896,Baseline,2024-03-01
6896,Week 4,2024-03-29
6896,Week 8,2024-04-26
6896,Week 12,2024-05-24
6897,Baseline,2024-02-03
6897,Week 4,2024-03-02
6897,Week 8,2024-03-30
6897,Week 12,2024-04-27
6898,Baseline,2024-02-09
6898,Week 4,2024-03-08
6898,Week 8,2024-04-05
6898,Week 12,2024-05-03
6899,Baseline,2024-01-25
6899,Week 4,2024-02-22
6899,Week 8,2024-03-21
6899,Week 12,2024-04-18
6900,Baseline,2024-05-05
6900,Week 4,2024-06-02
6900,Week 8,2024-06-30
6900,Week 12,2024-07-28
6901,Baseline,2024-01-01
6901,Week 4,2024-01-29
6901,Week 8,2024-02-26
6901,Week 12,2024-03-25
6902,Baseline,2024-03-26
6902,Week 4,2024-04-23
6902,Week 8,2024-05-21
6902,Week 12,2024-06-18
6903,Baseline,2024-03-05
6903,Week 4,2024-04-02
6903,Week 8,2024-04-30
6903,Week 12,2024-05-28
6904,Baseline,2024-04-25
6904,Week 4,2024-05-23
6904,Week 8,2024-06-20
6904,Week 12,2024-07-18
6905,Baseline,2024-05-11
6905,Week 4,2024-06-08
6905,Week 8,2024-07-06
6905,Week 12,2024-08-03
6906,Baseline,2024-01-21
6906,Week 4,2024-02-18
6906,Week 8,2024-03-17
6906,Week 12,2024-04-14
6907,Baseline,2024-02-11
6907,Week 4,2024-03-10
6907,Week 8,2024-04-07
6907,Week 12,2024-05-05
6908,Baseline,2024-03-25
6908,Week 4,2024-04-22
6908,Week 8,2024-05-20
6908,Week 12,2024-06-17
6909,Baseline,2024-01-14
6909,Week 4,2024-02-11
6909,Week 8,2024-03-10
6909,Week 12,2024-04-07
6910,Baseline,2024-01-02
6910,Week 4,2024-01-30
6910,Week 8,2024-02-27
6910,Week 12,2024-03-26
6911,Baseline,2024-02-20
6911,Week 4,2024-03-19
6911,Week 8,2024-04-16
6911,Week 12,2024-05-14
6912,Baseline,2024-04-12
6912,Week 4,2024-05-10
6912,Week 8,2024-06-07
6912,Week 12,2024-07-05
6913,Baseline,2024-02-18
6913,Week 4,2024-03-17
6913,Week 8,2024-04-14
6913,Week 12,2024-05-12
6914,Baseline,2024-01-30
6914,Week 4,2024-02-27
6914,Week 8,2024-03-26
6914,Week 12,2024-04-23
6915,Baseline,2024-06-03
6915,Week 4,2024-07-01
6915,Week 8,2024-07-29
6915,Week 12,2024-08-26
6916,Baseline,2024-06-12
6916,Week 4,2024-07-10
6916,Week 8,2024-08-07
6916,Week 12,2024-09-04
6917,Baseline,2024-05-23
6917,Week 4,2024-06-20
6917,Week 8,2024-07-18
6917,Week 12,2024-08-15
6918,Baseline,2024-03-01
6918,Week 4,2024-03-29
6918,Week 8,2024-04-26
6918,Week 12,2024-05-24
6919,Baseline,2024-05-28
6919,Week 4,2024-06-25
6919,Week 8,2024-07-23
6919,Week 12,2024-08-20
6920,Baseline,2024-02-16
6920,Week 4,2024-03-15
6920,Week 8,2024-04-12
6920,Week 12,2024-05-10
6921,Baseline,2024-01-06
6921,Week 4,2024-02-03
6921,Week 8,2024-03-02
6921,Week 12,2024-03-30
6922,Baseline,2024-04-03
6922,Week 4,2024-05-01
6922,Week 8,2024-05-29
6922,Week 12,2024-06-26
6923,Baseline,2024-02-02
6923,Week 4,2024-03-01
6923,Week 8,2024-03-29
6923,Week 12,2024-04-26
6924,Baseline,2024-06-02
6924,Week 4,2024-06-30
6924,Week 8,2024-07-28
6924,Week 12,2024-08-25
6925,Baseline,2024-04-23
6925,Week 4,2024-05-21
6925,Week 8,2024-06-18
6925,Week 12,2024-07-16
6926,Baseline,2024-06-10
6926,Week 4,2024-07-08
6926,Week 8,2024-08-05
6926,Week 12,2024-09-02
6927,Baseline,2024-03-23
6927,Week 4,2024-04-20
6927,Week 8,2024-05-18
6927,Week 12,2024-06-15
6928,Baseline,2024-03-26
6928,Week 4,2024-04-23
6928,Week 8,2024-05-21
6928,Week 12,2024-06-18
6929,Baseline,2024-01-01
6929,Week 4,2024-01-29
6929,Week 8,2024-02-26
6929,Week 12,2024-03-25
6930,Baseline,2024-01-28
6930,Week 4,2024-02-25
6930,Week 8,2024-03-24
6930,Week 12,2024-04-21
6931,Baseline,2024-04-29
6931,Week 4,2024-05-27
6931,Week 8,2024-06-24
6931,Week 12,2024-07-22
6932,Baseline,2024-01-13
6932,Week 4,2024-02-10
6932,Week 8,2024-03-09
6932,Week 12,2024-04-06
6933,Baseline,2024-06-08
6933,Week 4,2024-07-06
6933,Week 8,2024-08-03
6933,Week 12,2024-08-31
6934,Baseline,2024-04-08
6934,Week 4,2024-05-06
6934,Week 8,2024-06-03
6934,Week 12,2024-07-01
6935,Baseline,2024-06-14
6935,Week 4,2024-07-12
6935,Week 8,2024-08-09
6935,Week 12,2024-09-06
6936,Baseline,2024-01-23
6936,Week 4,2024-02-20
6936,Week 8,2024-03-19
6936,Week 12,2024-04-16
6937,Baseline,2024-05-09
6937,Week 4,2024-06-06
6937,Week 8,2024-07-04
6937,Week 12,2024-08-01
6938,Baseline,2024-04-26
6938,Week 4,2024-05-24
6938,Week 8,2024-06-21
6938,Week 12,2024-07-19
6939,Baseline,2024-05-09
6939,Week 4,2024-06-06
6939,Week 8,2024-07-04
6939,Week 12,2024-08-01
6940,Baseline,2024-06-25
6940,Week 4,2024-07-23
6940,Week 8,2024-08-20
6940,Week 12,2024-09-17
6941,Baseline,2024-05-07
6941,Week 4,2024-06-04
6941,Week 8,2024-07-02
6941,Week 12,2024-07-30
6942,Baseline,2024-06-27
6942,Week 4,2024-07-25
6942,Week 8,2024-08-22
6942,Week 12,2024-09-19
6943,Baseline,2024-06-15
6943,Week 4,2024-07-13
6943,Week 8,2024-08-10
6943,Week 12,2024-09-07
6944,Baseline,2024-06-11
6944,Week 4,2024-07-09
6944,Week 8,2024-08-06
6944,Week 12,2024-09-03
6945,Baseline,2024-01-08
6945,Week 4,2024-02-05
6945,Week 8,2024-03-04
6945,Week 12,2024-04-01
6946,Baseline,2024-04-12
6946,Week 4,2024-05-10
6946,Week 8,2024-06-07
6946,Week 12,2024-07-05
6947,Baseline,2024-03-27
6947,Week 4,2024-04-24
6947,Week 8,2024-05-22
6947,Week 12,2024-06-19
6948,Baseline,2024-02-08
6948,Week 4,2024-03-07
6948,Week 8,2024-04-04
6948,Week 12,2024-05-02
6949,Baseline,2024-02-12
6949,Week 4,2024-03-11
6949,Week 8,2024-04-08
6949,Week 12,2024-05-06
6950,Baseline,2024-02-13
6950,Week 4,2024-03-12
6950,Week 8,2024-04-09
6950,Week 12,2024-05-07
6951,Baseline,2024-05-14
6951,Week 4,2024-06-11
6951,Week 8,2024-07-09
6951,Week 12,2024-08-06
6952,Baseline,2024-05-28
6952,Week 4,2024-06-25
6952,Week 8,2024-07-23
6952,Week 12,2024-08-20
6953,Baseline,2024-06-27
6953,Week 4,2024-07-25
6953,Week 8,2024-08-22
6953,Week 12,2024-09-19
6954,Baseline,2024-02-08
6954,Week 4,2024-03-07
6954,Week 8,2024-04-04
6954,Week 12,2024-05-02
6955,Baseline,2024-04-09
6955,Week 4,2024-05-07
6955,Week 8,2024-06-04
6955,Week 12,2024-07-02
6956,Baseline,2024-01-10
6956,Week 4,2024-02-07
6956,Week 8,2024-03-06
6956,Week 12,2024-04-03
6957,Baseline,2024-04-26
6957,Week 4,2024-05-24
6957,Week 8,2024-06-21
6957,Week 12,2024-07-19
6958,Baseline,2024-05-01
6958,Week 4,2024-05-29
6958,Week 8,2024-06-26
6958,Week 12,2024-07-24
6959,Baseline,2024-04-16
6959,Week 4,2024-05-14
6959,Week 8,2024-06-11
6959,Week 12,2024-07-09
6960,Baseline,2024-05-12
6960,Week 4,2024-06-09
6960,Week 8,2024-07-07
6960,Week 12,2024-08-04
6961,Baseline,2024-03-06
6961,Week 4,2024-04-03
6961,Week 8,2024-05-01
6961,Week 12,2024-05-29
6962,Baseline,2024-03-01
6962,Week 4,2024-03-29
6962,Week 8,2024-04-26
6962,Week 12,2024-05-24
6963,Baseline,2024-05-03
6963,Week 4,2024-05-31
6963,Week 8,2024-06-28
6963,Week 12,2024-07-26
6964,Baseline,2024-06-11
6964,Week 4,2024-07-09
6964,Week 8,2024-08-06
6964,Week 12,2024-09-03
6965,Baseline,2024-02-26
6965,Week 4,2024-03-25
6965,Week 8,2024-04-22
6965,Week 12,2024-05-20
6966,Baseline,2024-02-20
6966,Week 4,2024-03-19
6966,Week 8,2024-04-16
6966,Week 12,2024-05-14
6967,Baseline,2024-03-28
6967,Week 4,2024-04-25
6967,Week 8,2024-05-23
6967,Week 12,2024-06-20
6968,Baseline,2024-02-11
6968,Week 4,2024-03-10
6968,Week 8,2024-04-07
6968,Week 12,2024-05-05
6969,Baseline,2024-06-09
6969,Week 4,2024-07-07
6969,Week 8,2024-08-04
6969,Week 12,2024-09-01
6970,Baseline,2024-05-15
6970,Week 4,2024-06-12
6970,Week 8,2024-07-10
6970,Week 12,2024-08-07
6971,Baseline,2024-01-21
6971,Week 4,2024-02-18
6971,Week 8,2024-03-17
6971,Week 12,2024-04-14
6972,Baseline,2024-06-19
6972,Week 4,2024-07-17
6972,Week 8,2024-08-14
6972,Week 12,2024-09-11
6973,Baseline,2024-01-20
6973,Week 4,2024-02-17
6973,Week 8,2024-03-16
6973,Week 12,2024-04-13
6974,Baseline,2024-05-24
6974,Week 4,2024-06-21
6974,Week 8,2024-07-19
6974,Week 12,2024-08-16
6975,Baseline,2024-06-26
6975,Week 4,2024-07-24
6975,Week 8,2024-08-21
6975,Week 12,2024-09-18
6976,Baseline,2024-06-15
6976,Week 4,2024-07-13
6976,Week 8,2024-08-10
6976,Week 12,2024-09-07
6977,Baseline,2024-01-10
6977,Week 4,2024-02-07
6977,Week 8,2024-03-06
6977,Week 12,2024-04-03
6978,Baseline,2024-03-20
6978,Week 4,2024-04-17
6978,Week 8,2024-05-15
6978,Week 12,2024-06-12
6979,Baseline,2024-04-26
6979,Week 4,2024-05-24
6979,Week 8,2024-06-21
6979,Week 12,2024-07-19
6980,Baseline,2024-04-07
6980,Week 4,2024-05-05
6980,Week 8,2024-06-02
6980,Week 12,2024-06-30
6981,Baseline,2024-06-03
6981,Week 4,2024-07-01
6981,Week 8,2024-07-29
6981,Week 12,2024-08-26
6982,Baseline,2024-05-24
6982,Week 4,2024-06-21
6982,Week 8,2024-07-19
6982,Week 12,2024-08-16
6983,Baseline,2024-06-08
6983,Week 4,2024-07-06
6983,Week 8,2024-08-03
6983,Week 12,2024-08-31
6984,Baseline,2024-02-28
6984,Week 4,2024-03-27
6984,Week 8,2024-04-24
6984,Week 12,2024-05-22
6985,Baseline,2024-05-02
6985,Week 4,2024-05-30
6985,Week 8,2024-06-27
6985,Week 12,2024-07-25
6986,Baseline,2024-04-04
6986,Week 4,2024-05-02
6986,Week 8,2024-05-30
6986,Week 12,2024-06-27
6987,Baseline,2024-01-03
6987,Week 4,2024-01-31
6987,Week 8,2024-02-28
6987,Week 12,2024-03-27
6988,Baseline,2024-05-02
6988,Week 4,2024-05-30
6988,Week 8,2024-06-27
6988,Week 12,2024-07-25
6989,Baseline,2024-05-03
6989,Week 4,2024-05-31
6989,Week 8,2024-06-28
6989,Week 12,2024-07-26
6990,Baseline,2024-05-07
6990,Week 4,2024-06-04
6990,Week 8,2024-07-02
6990,Week 12,2024-07-30
6991,Baseline,2024-01-19
6991,Week 4,2024-02-16
6991,Week 8,2024-03-15
6991,Week 12,2024-04-12
6992,Baseline,2024-04-18
6992,Week 4,2024-05-16
6992,Week 8,2024-06-13
6992,Week 12,2024-07-11
6993,Baseline,2024-04-03
6993,Week 4,2024-05-01
6993,Week 8,2024-05-29
6993,Week 12,2024-06-26
6994,Baseline,2024-05-28
6994,Week 4,2024-06-25
6994,Week 8,2024-07-23
6994,Week 12,2024-08-20
6995,Baseline,2024-01-10
6995,Week 4,2024-02-07
6995,Week 8,2024-03-06
6995,Week 12,2024-04-03
6996,Baseline,2024-06-08
6996,Week 4,2024-07-06
6996,Week 8,2024-08-03
6996,Week 12,2024-08-31
6997,Baseline,2024-05-15
6997,Week 4,2024-06-12
6997,Week 8,2024-07-10
6997,Week 12,2024-08-07
6998,Baseline,2024-02-18
6998,Week 4,2024-03-17
6998,Week 8,2024-04-14
6998,Week 12,2024-05-12
6999,Baseline,2024-01-30
6999,Week 4,2024-02-27
6999,Week 8,2024-03-26
6999,Week 12,2024-04-23
7000,Baseline,2024-05-04
7000,Week 4,2024-06-01
7000,Week 8,2024-06-29
7000,Week 12,2024-07-27
7001,Baseline,2024-01-05
7001,Week 4,2024-02-02
7001,Week 8,2024-03-01
7001,Week 12,2024-03-29
7002,Baseline,2024-02-11
7002,Week 4,2024-03-10
7002,Week 8,2024-04-07
7002,Week 12,2024-05-05
7003,Baseline,2024-05-01
7003,Week 4,2024-05-29
7003,Week 8,2024-06-26
7003,Week 12,2024-07-24
7004,Baseline,2024-06-01
7004,Week 4,2024-06-29
7004,Week 8,2024-07-27
7004,Week 12,2024-08-24
7005,Baseline,2024-05-06
7005,Week 4,2024-06-03
7005,Week 8,2024-07-01
7005,Week 12,2024-07-29
7006,Baseline,2024-01-13
7006,Week 4,2024-02-10
7006,Week 8,2024-03-09
7006,Week 12,2024-04-06
7007,Baseline,2024-03-24
7007,Week 4,2024-04-21
7007,Week 8,2024-05-19
7007,Week 12,2024-06-16
7008,Baseline,2024-01-30
7008,Week 4,2024-02-27
7008,Week 8,2024-03-26
7008,Week 12,2024-04-23
7009,Baseline,2024-04-18
7009,Week 4,2024-05-16
7009,Week 8,2024-06-13
7009,Week 12,2024-07-11
7010,Baseline,2024-05-01
7010,Week 4,2024-05-29
7010,Week 8,2024-06-26
7010,Week 12,2024-07-24
7011,Baseline,2024-04-05
7011,Week 4,2024-05-03
7011,Week 8,2024-05-31
7011,Week 12,2024-06-28
7012,Baseline,2024-06-28
7012,Week 4,2024-07-26
7012,Week 8,2024-08-23
7012,Week 12,2024-09-20
7013,Baseline,2024-05-27
7013,Week 4,2024-06-24
7013,Week 8,2024-07-22
7013,Week 12,2024-08-19
7014,Baseline,2024-04-07
7014,Week 4,2024-05-05
7014,Week 8,2024-06-02
7014,Week 12,2024-06-30
7015,Baseline,2024-01-06
7015,Week 4,2024-02-03
7015,Week 8,2024-03-02
7015,Week 12,2024-03-30
7016,Baseline,2024-01-24
7016,Week 4,2024-02-21
7016,Week 8,2024-03-20
7016,Week 12,2024-04-17
7017,Baseline,2024-02-21
7017,Week 4,2024-03-20
7017,Week 8,2024-04-17
7017,Week 12,2024-05-15
7018,Baseline,2024-06-09
7018,Week 4,2024-07-07
7018,Week 8,2024-08-04
7018,Week 12,2024-09-01
7019,Baseline,2024-02-13
7019,Week 4,2024-03-12
7019,Week 8,2024-04-09
7019,Week 12,2024-05-07
7020,Baseline,2024-01-18
7020,Week 4,2024-02-15
7020,Week 8,2024-03-14
7020,Week 12,2024-04-11
7021,Baseline,2024-02-08
7021,Week 4,2024-03-07
7021,Week 8,2024-04-04
7021,Week 12,2024-05-02
7022,Baseline,2024-04-26
7022,Week 4,2024-05-24
7022,Week 8,2024-06-21
7022,Week 12,2024-07-19
7023,Baseline,2024-01-24
7023,Week 4,2024-02-21
7023,Week 8,2024-03-20
7023,Week 12,2024-04-17
7024,Baseline,2024-04-30
7024,Week 4,2024-05-28
7024,Week 8,2024-06-25
7024,Week 12,2024-07-23
7025,Baseline,2024-06-19
7025,Week 4,2024-07-17
7025,Week 8,2024-08-14
7025,Week 12,2024-09-11
7026,Baseline,2024-03-03
7026,Week 4,2024-03-31
7026,Week 8,2024-04-28
7026,Week 12,2024-05-26
7027,Baseline,2024-03-11
7027,Week 4,2024-04-08
7027,Week 8,2024-05-06
7027,Week 12,2024-06-03
7028,Baseline,2024-01-30
7028,Week 4,2024-02-27
7028,Week 8,2024-03-26
7028,Week 12,2024-04-23
7029,Baseline,2024-01-31
7029,Week 4,2024-02-28
7029,Week 8,2024-03-27
7029,Week 12,2024-04-24
7030,Baseline,2024-05-12
7030,Week 4,2024-06-09
7030,Week 8,2024-07-07
7030,Week 12,2024-08-04
7031,Baseline,2024-01-05
7031,Week 4,2024-02-02
7031,Week 8,2024-03-01
7031,Week 12,2024-03-29
7032,Baseline,2024-03-02
7032,Week 4,2024-03-30
7032,Week 8,2024-04-27
7032,Week 12,2024-05-25
7033,Baseline,2024-03-12
7033,Week 4,2024-04-09
7033,Week 8,2024-05-07
7033,Week 12,2024-06-04
7034,Baseline,2024-03-30
7034,Week 4,2024-04-27
7034,Week 8,2024-05-25
7034,Week 12,2024-06-22
7035,Baseline,2024-03-17
7035,Week 4,2024-04-14
7035,Week 8,2024-05-12
7035,Week 12,2024-06-09
7036,Baseline,2024-02-28
7036,Week 4,2024-03-27
7036,Week 8,2024-04-24
7036,Week 12,2024-05-22
7037,Baseline,2024-04-08
7037,Week 4,2024-05-06
7037,Week 8,2024-06-03
7037,Week 12,2024-07-01
7038,Baseline,2024-02-17
7038,Week 4,2024-03-16
7038,Week 8,2024-04-13
7038,Week 12,2024-05-11
7039,Baseline,2024-04-10
7039,Week 4,2024-05-08
7039,Week 8,2024-06-05
7039,Week 12,2024-07-03
7040,Baseline,2024-05-19
7040,Week 4,2024-06-16
7040,Week 8,2024-07-14
7040,Week 12,2024-08-11
7041,Baseline,2024-02-25
7041,Week 4,2024-03-24
7041,Week 8,2024-04-21
7041,Week 12,2024-05-19
7042,Baseline,2024-06-16
7042,Week 4,2024-07-14
7042,Week 8,2024-08-11
7042,Week 12,2024-09-08
7043,Baseline,2024-05-30
7043,Week 4,2024-06-27
7043,Week 8,2024-07-25
7043,Week 12,2024-08-22
7044,Baseline,2024-02-01
7044,Week 4,2024-02-29
7044,Week 8,2024-03-28
7044,Week 12,2024-04-25
7045,Baseline,2024-04-13
7045,Week 4,2024-05-11
7045,Week 8,2024-06-08
7045,Week 12,2024-07-06
7046,Baseline,2024-06-25
7046,Week 4,2024-07-23
7046,Week 8,2024-08-20
7046,Week 12,2024-09-17
7047,Baseline,2024-06-05
7047,Week 4,2024-07-03
7047,Week 8,2024-07-31
7047,Week 12,2024-08-28
7048,Baseline,2024-02-16
7048,Week 4,2024-03-15
7048,Week 8,2024-04-12
7048,Week 12,2024-05-10
7049,Baseline,2024-04-10
7049,Week 4,2024-05-08
7049,Week 8,2024-06-05
7049,Week 12,2024-07-03
7050,Baseline,2024-01-24
7050,Week 4,2024-02-21
7050,Week 8,2024-03-20
7050,Week 12,2024-04-17
7051,Baseline,2024-05-20
7051,Week 4,2024-06-17
7051,Week 8,2024-07-15
7051,Week 12,2024-08-12
7052,Baseline,2024-04-27
7052,Week 4,2024-05-25
7052,Week 8,2024-06-22
7052,Week 12,2024-07-20
7053,Baseline,2024-01-06
7053,Week 4,2024-02-03
7053,Week 8,2024-03-02
7053,Week 12,2024-03-30
7054,Baseline,2024-03-25
7054,Week 4,2024-04-22
7054,Week 8,2024-05-20
7054,Week 12,2024-06-17
7055,Baseline,2024-06-22
7055,Week 4,2024-07-20
7055,Week 8,2024-08-17
7055,Week 12,2024-09-14
7056,Baseline,2024-04-01
7056,Week 4,2024-04-29
7056,Week 8,2024-05-27
7056,Week 12,2024-06-24
7057,Baseline,2024-03-20
7057,Week 4,2024-04-17
7057,Week 8,2024-05-15
7057,Week 12,2024-06-12
7058,Baseline,2024-02-09
7058,Week 4,2024-03-08
7058,Week 8,2024-04-05
7058,Week 12,2024-05-03
7059,Baseline,2024-01-15
7059,Week 4,2024-02-12
7059,Week 8,2024-03-11
7059,Week 12,2024-04-08
7060,Baseline,2024-05-23
7060,Week 4,2024-06-20
7060,Week 8,2024-07-18
7060,Week 12,2024-08-15
7061,Baseline,2024-02-15
7061,Week 4,2024-03-14
7061,Week 8,2024-04-11
7061,Week 12,2024-05-09
7062,Baseline,2024-06-23
7062,Week 4,2024-07-21
7062,Week 8,2024-08-18
7062,Week 12,2024-09-15
7063,Baseline,2024-05-25
7063,Week 4,2024-06-22
7063,Week 8,2024-07-20
7063,Week 12,2024-08-17
7064,Baseline,2024-04-23
7064,Week 4,2024-05-21
7064,Week 8,2024-06-18
7064,Week 12,2024-07-16
7065,Baseline,2024-03-06
7065,Week 4,2024-04-03
7065,Week 8,2024-05-01
7065,Week 12,2024-05-29
7066,Baseline,2024-05-14
7066,Week 4,2024-06-11
7066,Week 8,2024-07-09
7066,Week 12,2024-08-06
7067,Baseline,2024-02-06
7067,Week 4,2024-03-05
7067,Week 8,2024-04-02
7067,Week 12,2024-04-30
7068,Baseline,2024-04-05
7068,Week 4,2024-05-03
7068,Week 8,2024-05-31
7068,Week 12,2024-06-28
7069,Baseline,2024-05-04
7069,Week 4,2024-06-01
7069,Week 8,2024-06-29
7069,Week 12,2024-07-27
7070,Baseline,2024-05-28
7070,Week 4,2024-06-25
7070,Week 8,2024-07-23
7070,Week 12,2024-08-20
7071,Baseline,2024-06-16
7071,Week 4,2024-07-14
7071,Week 8,2024-08-11
7071,Week 12,2024-09-08
7072,Baseline,2024-04-14
7072,Week 4,2024-05-12
7072,Week 8,2024-06-09
7072,Week 12,2024-07-07
7073,Baseline,2024-02-18
7073,Week 4,2024-03-17
7073,Week 8,2024-04-14
7073,Week 12,2024-05-12
7074,Baseline,2024-06-22
7074,Week 4,2024-07-20
7074,Week 8,2024-08-17
7074,Week 12,2024-09-14
7075,Baseline,2024-05-10
7075,Week 4,2024-06-07
7075,Week 8,2024-07-05
7075,Week 12,2024-08-02
7076,Baseline,2024-03-29
7076,Week 4,2024-04-26
7076,Week 8,2024-05-24
7076,Week 12,2024-06-21
7077,Baseline,2024-04-25
7077,Week 4,2024-05-23
7077,Week 8,2024-06-20
7077,Week 12,2024-07-18
7078,Baseline,2024-04-21
7078,Week 4,2024-05-19
7078,Week 8,2024-06-16
7078,Week 12,2024-07-14
7079,Baseline,2024-06-23
7079,Week 4,2024-07-21
7079,Week 8,2024-08-18
7079,Week 12,2024-09-15
7080,Baseline,2024-06-04
7080,Week 4,2024-07-02
7080,Week 8,2024-07-30
7080,Week 12,2024-08-27
7081,Baseline,2024-06-01
7081,Week 4,2024-06-29
7081,Week 8,2024-07-27
7081,Week 12,2024-08-24
7082,Baseline,2024-06-27
7082,Week 4,2024-07-25
7082,Week 8,2024-08-22
7082,Week 12,2024-09-19
7083,Baseline,2024-02-22
7083,Week 4,2024-03-21
7083,Week 8,2024-04-18
7083,Week 12,2024-05-16
7084,Baseline,2024-03-10
7084,Week 4,2024-04-07
7084,Week 8,2024-05-05
7084,Week 12,2024-06-02
7085,Baseline,2024-04-10
7085,Week 4,2024-05-08
7085,Week 8,2024-06-05
7085,Week 12,2024-07-03
7086,Baseline,2024-03-04
7086,Week 4,2024-04-01
7086,Week 8,2024-04-29
7086,Week 12,2024-05-27
7087,Baseline,2024-06-21
7087,Week 4,2024-07-19
7087,Week 8,2024-08-16
7087,Week 12,2024-09-13
7088,Baseline,2024-02-17
7088,Week 4,2024-03-16
7088,Week 8,2024-04-13
7088,Week 12,2024-05-11
7089,Baseline,2024-01-26
7089,Week 4,2024-02-23
7089,Week 8,2024-03-22
7089,Week 12,2024-04-19
7090,Baseline,2024-04-20
7090,Week 4,2024-05-18
7090,Week 8,2024-06-15
7090,Week 12,2024-07-13
7091,Baseline,2024-04-27
7091,Week 4,2024-05-25
7091,Week 8,2024-06-22
7091,Week 12,2024-07-20
7092,Baseline,2024-02-06
7092,Week 4,2024-03-05
7092,Week 8,2024-04-02
7092,Week 12,2024-04-30
7093,Baseline,2024-02-28
7093,Week 4,2024-03-27
7093,Week 8,2024-04-24
7093,Week 12,2024-05-22
7094,Baseline,2024-05-10
7094,Week 4,2024-06-07
7094,Week 8,2024-07-05
7094,Week 12,2024-08-02
7095,Baseline,2024-03-28
7095,Week 4,2024-04-25
7095,Week 8,2024-05-23
7095,Week 12,2024-06-20
7096,Baseline,2024-06-07
7096,Week 4,2024-07-05
7096,Week 8,2024-08-02
7096,Week 12,2024-08-30
7097,Baseline,2024-01-12
7097,Week 4,2024-02-09
7097,Week 8,2024-03-08
7097,Week 12,2024-04-05
7098,Baseline,2024-03-01
7098,Week 4,2024-03-29
7098,Week 8,2024-04-26
7098,Week 12,2024-05-24
7099,Baseline,2024-01-25
7099,Week 4,2024-02-22
7099,Week 8,2024-03-21
7099,Week 12,2024-04-18
7100,Baseline,2024-03-22
7100,Week 4,2024-04-19
7100,Week 8,2024-05-17
7100,Week 12,2024-06-14
7101,Baseline,2024-05-07
7101,Week 4,2024-06-04
7101,Week 8,2024-07-02
7101,Week 12,2024-07-30
7102,Baseline,2024-06-27
7102,Week 4,2024-07-25
7102,Week 8,2024-08-22
7102,Week 12,2024-09-19
7103,Baseline,2024-03-07
7103,Week 4,2024-04-04
7103,Week 8,2024-05-02
7103,Week 12,2024-05-30
7104,Baseline,2024-05-28
7104,Week 4,2024-06-25
7104,Week 8,2024-07-23
7104,Week 12,2024-08-20
7105,Baseline,2024-02-13
7105,Week 4,2024-03-12
7105,Week 8,2024-04-09
7105,Week 12,2024-05-07
7106,Baseline,2024-04-03
7106,Week 4,2024-05-01
7106,Week 8,2024-05-29
7106,Week 12,2024-06-26
7107,Baseline,2024-04-01
7107,Week 4,2024-04-29
7107,Week 8,2024-05-27
7107,Week 12,2024-06-24
7108,Baseline,2024-01-16
7108,Week 4,2024-02-13
7108,Week 8,2024-03-12
7108,Week 12,2024-04-09
7109,Baseline,2024-01-19
7109,Week 4,2024-02-16
7109,Week 8,2024-03-15
7109,Week 12,2024-04-12
7110,Baseline,2024-03-15
7110,Week 4,2024-04-12
7110,Week 8,2024-05-10
7110,Week 12,2024-06-07
7111,Baseline,2024-04-15
7111,Week 4,2024-05-13
7111,Week 8,2024-06-10
7111,Week 12,2024-07-08
7112,Baseline,2024-03-04
7112,Week 4,2024-04-01
7112,Week 8,2024-04-29
7112,Week 12,2024-05-27
7113,Baseline,2024-02-12
7113,Week 4,2024-03-11
7113,Week 8,2024-04-08
7113,Week 12,2024-05-06
7114,Baseline,2024-04-29
7114,Week 4,2024-05-27
7114,Week 8,2024-06-24
7114,Week 12,2024-07-22
7115,Baseline,2024-06-15
7115,Week 4,2024-07-13
7115,Week 8,2024-08-10
7115,Week 12,2024-09-07
7116,Baseline,2024-03-07
7116,Week 4,2024-04-04
7116,Week 8,2024-05-02
7116,Week 12,2024-05-30
7117,Baseline,2024-02-18
7117,Week 4,2024-03-17
7117,Week 8,2024-04-14
7117,Week 12,2024-05-12
7118,Baseline,2024-02-09
7118,Week 4,2024-03-08
7118,Week 8,2024-04-05
7118,Week 12,2024-05-03
7119,Baseline,2024-03-25
7119,Week 4,2024-04-22
7119,Week 8,2024-05-20
7119,Week 12,2024-06-17
7120,Baseline,2024-05-15
7120,Week 4,2024-06-12
7120,Week 8,2024-07-10
7120,Week 12,2024-08-07
7121,Baseline,2024-06-21
7121,Week 4,2024-07-19
7121,Week 8,2024-08-16
7121,Week 12,2024-09-13
7122,Baseline,2024-01-08
7122,Week 4,2024-02-05
7122,Week 8,2024-03-04
7122,Week 12,2024-04-01
7123,Baseline,2024-05-02
7123,Week 4,2024-05-30
7123,Week 8,2024-06-27
7123,Week 12,2024-07-25
7124,Baseline,2024-05-07
7124,Week 4,2024-06-04
7124,Week 8,2024-07-02
7124,Week 12,2024-07-30
7125,Baseline,2024-01-15
7125,Week 4,2024-02-12
7125,Week 8,2024-03-11
7125,Week 12,2024-04-08
7126,Baseline,2024-04-21
7126,Week 4,2024-05-19
7126,Week 8,2024-06-16
7126,Week 12,2024-07-14
7127,Baseline,2024-05-29
7127,Week 4,2024-06-26
7127,Week 8,2024-07-24
7127,Week 12,2024-08-21
7128,Baseline,2024-01-09
7128,Week 4,2024-02-06
7128,Week 8,2024-03-05
7128,Week 12,2024-04-02
7129,Baseline,2024-02-20
7129,Week 4,2024-03-19
7129,Week 8,2024-04-16
7129,Week 12,2024-05-14
7130,Baseline,2024-01-09
7130,Week 4,2024-02-06
7130,Week 8,2024-03-05
7130,Week 12,2024-04-02
7131,Baseline,2024-05-31
7131,Week 4,2024-06-28
7131,Week 8,2024-07-26
7131,Week 12,2024-08-23
7132,Baseline,2024-05-03
7132,Week 4,2024-05-31
7132,Week 8,2024-06-28
7132,Week 12,2024-07-26
7133,Baseline,2024-03-12
7133,Week 4,2024-04-09
7133,Week 8,2024-05-07
7133,Week 12,2024-06-04
7134,Baseline,2024-04-27
7134,Week 4,2024-05-25
7134,Week 8,2024-06-22
7134,Week 12,2024-07-20
7135,Baseline,2024-05-23
7135,Week 4,2024-06-20
7135,Week 8,2024-07-18
7135,Week 12,2024-08-15
7136,Baseline,2024-04-03
7136,Week 4,2024-05-01
7136,Week 8,2024-05-29
7136,Week 12,2024-06-26
7137,Baseline,2024-05-07
7137,Week 4,2024-06-04
7137,Week 8,2024-07-02
7137,Week 12,2024-07-30
7138,Baseline,2024-01-12
7138,Week 4,2024-02-09
7138,Week 8,2024-03-08
7138,Week 12,2024-04-05
7139,Baseline,2024-05-09
7139,Week 4,2024-06-06
7139,Week 8,2024-07-04
7139,Week 12,2024-08-01
7140,Baseline,2024-04-21
7140,Week 4,2024-05-19
7140,Week 8,2024-06-16
7140,Week 12,2024-07-14
7141,Baseline,2024-01-06
7141,Week 4,2024-02-03
7141,Week 8,2024-03-02
7141,Week 12,2024-03-30
7142,Baseline,2024-03-02
7142,Week 4,2024-03-30
7142,Week 8,2024-04-27
7142,Week 12,2024-05-25
7143,Baseline,2024-06-19
7143,Week 4,2024-07-17
7143,Week 8,2024-08-14
7143,Week 12,2024-09-11
7144,Baseline,2024-04-12
7144,Week 4,2024-05-10
7144,Week 8,2024-06-07
7144,Week 12,2024-07-05
7145,Baseline,2024-01-07
7145,Week 4,2024-02-04
7145,Week 8,2024-03-03
7145,Week 12,2024-03-31
7146,Baseline,2024-03-26
7146,Week 4,2024-04-23
7146,Week 8,2024-05-21
7146,Week 12,2024-06-18
7147,Baseline,2024-01-21
7147,Week 4,2024-02-18
7147,Week 8,2024-03-17
7147,Week 12,2024-04-14
7148,Baseline,2024-01-16
7148,Week 4,2024-02-13
7148,Week 8,2024-03-12
7148,Week 12,2024-04-09
7149,Baseline,2024-03-10
7149,Week 4,2024-04-07
7149,Week 8,2024-05-05
7149,Week 12,2024-06-02
7150,Baseline,2024-03-30
7150,Week 4,2024-04-27
7150,Week 8,2024-05-25
7150,Week 12,2024-06-22
7151,Baseline,2024-02-28
7151,Week 4,2024-03-27
7151,Week 8,2024-04-24
7151,Week 12,2024-05-22
7152,Baseline,2024-03-20
7152,Week 4,2024-04-17
7152,Week 8,2024-05-15
7152,Week 12,2024-06-12
7153,Baseline,2024-04-19
7153,Week 4,2024-05-17
7153,Week 8,2024-06-14
7153,Week 12,2024-07-12
7154,Baseline,2024-01-14
7154,Week 4,2024-02-11
7154,Week 8,2024-03-10
7154,Week 12,2024-04-07
7155,Baseline,2024-02-01
7155,Week 4,2024-02-29
7155,Week 8,2024-03-28
7155,Week 12,2024-04-25
7156,Baseline,2024-05-22
7156,Week 4,2024-06-19
7156,Week 8,2024-07-17
7156,Week 12,2024-08-14
7157,Baseline,2024-04-01
7157,Week 4,2024-04-29
7157,Week 8,2024-05-27
7157,Week 12,2024-06-24
7158,Baseline,2024-06-01
7158,Week 4,2024-06-29
7158,Week 8,2024-07-27
7158,Week 12,2024-08-24
7159,Baseline,2024-05-18
7159,Week 4,2024-06-15
7159,Week 8,2024-07-13
7159,Week 12,2024-08-10
7160,Baseline,2024-03-31
7160,Week 4,2024-04-28
7160,Week 8,2024-05-26
7160,Week 12,2024-06-23
7161,Baseline,2024-06-20
7161,Week 4,2024-07-18
7161,Week 8,2024-08-15
7161,Week 12,2024-09-12
7162,Baseline,2024-04-06
7162,Week 4,2024-05-04
7162,Week 8,2024-06-01
7162,Week 12,2024-06-29
7163,Baseline,2024-02-06
7163,Week 4,2024-03-05
7163,Week 8,2024-04-02
7163,Week 12,2024-04-30
7164,Baseline,2024-04-25
7164,Week 4,2024-05-23
7164,Week 8,2024-06-20
7164,Week 12,2024-07-18
7165,Baseline,2024-03-05
7165,Week 4,2024-04-02
7165,Week 8,2024-04-30
7165,Week 12,2024-05-28
7166,Baseline,2024-02-26
7166,Week 4,2024-03-25
7166,Week 8,2024-04-22
7166,Week 12,2024-05-20
7167,Baseline,2024-05-13
7167,Week 4,2024-06-10
7167,Week 8,2024-07-08
7167,Week 12,2024-08-05
7168,Baseline,2024-03-13
7168,Week 4,2024-04-10
7168,Week 8,2024-05-08
7168,Week 12,2024-06-05
7169,Baseline,2024-01-11
7169,Week 4,2024-02-08
7169,Week 8,2024-03-07
7169,Week 12,2024-04-04
7170,Baseline,2024-04-17
7170,Week 4,2024-05-15
7170,Week 8,2024-06-12
7170,Week 12,2024-07-10
7171,Baseline,2024-02-21
7171,Week 4,2024-03-20
7171,Week 8,2024-04-17
7171,Week 12,2024-05-15
7172,Baseline,2024-05-08
7172,Week 4,2024-06-05
7172,Week 8,2024-07-03
7172,Week 12,2024-07-31
7173,Baseline,2024-03-28
7173,Week 4,2024-04-25
7173,Week 8,2024-05-23
7173,Week 12,2024-06-20
7174,Baseline,2024-06-06
7174,Week 4,2024-07-04
7174,Week 8,2024-08-01
7174,Week 12,2024-08-29
7175,Baseline,2024-05-19
7175,Week 4,2024-06-16
7175,Week 8,2024-07-14
7175,Week 12,2024-08-11
7176,Baseline,2024-03-25
7176,Week 4,2024-04-22
7176,Week 8,2024-05-20
7176,Week 12,2024-06-17
7177,Baseline,2024-02-27
7177,Week 4,2024-03-26
7177,Week 8,2024-04-23
7177,Week 12,2024-05-21
7178,Baseline,2024-05-25
7178,Week 4,2024-06-22
7178,Week 8,2024-07-20
7178,Week 12,2024-08-17
7179,Baseline,2024-05-08
7179,Week 4,2024-06-05
7179,Week 8,2024-07-03
7179,Week 12,2024-07-31
7180,Baseline,2024-03-22
7180,Week 4,2024-04-19
7180,Week 8,2024-05-17
7180,Week 12,2024-06-14
7181,Baseline,2024-06-05
7181,Week 4,2024-07-03
7181,Week 8,2024-07-31
7181,Week 12,2024-08-28
7182,Baseline,2024-01-04
7182,Week 4,2024-02-01
7182,Week 8,2024-02-29
7182,Week 12,2024-03-28
7183,Baseline,2024-05-18
7183,Week 4,2024-06-15
7183,Week 8,2024-07-13
7183,Week 12,2024-08-10
7184,Baseline,2024-02-18
7184,Week 4,2024-03-17
7184,Week 8,2024-04-14
7184,Week 12,2024-05-12
7185,Baseline,2024-02-13
7185,Week 4,2024-03-12
7185,Week 8,2024-04-09
7185,Week 12,2024-05-07
7186,Baseline,2024-01-03
7186,Week 4,2024-01-31
7186,Week 8,2024-02-28
7186,Week 12,2024-03-27
7187,Baseline,2024-05-18
7187,Week 4,2024-06-15
7187,Week 8,2024-07-13
7187,Week 12,2024-08-10
7188,Baseline,2024-04-15
7188,Week 4,2024-05-13
7188,Week 8,2024-06-10
7188,Week 12,2024-07-08
7189,Baseline,2024-04-04
7189,Week 4,2024-05-02
7189,Week 8,2024-05-30
7189,Week 12,2024-06-27
7190,Baseline,2024-01-17
7190,Week 4,2024-02-14
7190,Week 8,2024-03-13
7190,Week 12,2024-04-10
7191,Baseline,2024-01-14
7191,Week 4,2024-02-11
7191,Week 8,2024-03-10
7191,Week 12,2024-04-07
7192,Baseline,2024-05-18
7192,Week 4,2024-06-15
7192,Week 8,2024-07-13
7192,Week 12,2024-08-10
7193,Baseline,2024-06-05
7193,Week 4,2024-07-03
7193,Week 8,2024-07-31
7193,Week 12,2024-08-28
7194,Baseline,2024-02-13
7194,Week 4,2024-03-12
7194,Week 8,2024-04-09
7194,Week 12,2024-05-07
7195,Baseline,2024-03-27
7195,Week 4,2024-04-24
7195,Week 8,2024-05-22
7195,Week 12,2024-06-19
7196,Baseline,2024-01-01
7196,Week 4,2024-01-29
7196,Week 8,2024-02-26
7196,Week 12,2024-03-25
7197,Baseline,2024-04-30
7197,Week 4,2024-05-28
7197,Week 8,2024-06-25
7197,Week 12,2024-07-23
7198,Baseline,2024-05-20
7198,Week 4,2024-06-17
7198,Week 8,2024-07-15
7198,Week 12,2024-08-12
7199,Baseline,2024-02-19
7199,Week 4,2024-03-18
7199,Week 8,2024-04-15
7199,Week 12,2024-05-13
7200,Baseline,2024-03-29
7200,Week 4,2024-04-26
7200,Week 8,2024-05-24
7200,Week 12,2024-06-21
7201,Baseline,2024-01-28
7201,Week 4,2024-02-25
7201,Week 8,2024-03-24
7201,Week 12,2024-04-21
7202,Baseline,2024-02-01
7202,Week 4,2024-02-29
7202,Week 8,2024-03-28
7202,Week 12,2024-04-25
7203,Baseline,2024-01-02
7203,Week 4,2024-01-30
7203,Week 8,2024-02-27
7203,Week 12,2024-03-26
7204,Baseline,2024-01-12
7204,Week 4,2024-02-09
7204,Week 8,2024-03-08
7204,Week 12,2024-04-05
7205,Baseline,2024-02-23
7205,Week 4,2024-03-22
7205,Week 8,2024-04-19
7205,Week 12,2024-05-17
7206,Baseline,2024-02-20
7206,Week 4,2024-03-19
7206,Week 8,2024-04-16
7206,Week 12,2024-05-14
7207,Baseline,2024-04-04
7207,Week 4,2024-05-02
7207,Week 8,2024-05-30
7207,Week 12,2024-06-27
7208,Baseline,2024-01-20
7208,Week 4,2024-02-17
7208,Week 8,2024-03-16
7208,Week 12,2024-04-13
7209,Baseline,2024-01-25
7209,Week 4,2024-02-22
7209,Week 8,2024-03-21
7209,Week 12,2024-04-18
7210,Baseline,2024-06-19
7210,Week 4,2024-07-17
7210,Week 8,2024-08-14
7210,Week 12,2024-09-11
7211,Baseline,2024-05-29
7211,Week 4,2024-06-26
7211,Week 8,2024-07-24
7211,Week 12,2024-08-21
7212,Baseline,2024-06-05
7212,Week 4,2024-07-03
7212,Week 8,2024-07-31
7212,Week 12,2024-08-28
7213,Baseline,2024-01-24
7213,Week 4,2024-02-21
7213,Week 8,2024-03-20
7213,Week 12,2024-04-17
7214,Baseline,2024-05-28
7214,Week 4,2024-06-25
7214,Week 8,2024-07-23
7214,Week 12,2024-08-20
7215,Baseline,2024-01-13
7215,Week 4,2024-02-10
7215,Week 8,2024-03-09
7215,Week 12,2024-04-06
7216,Baseline,2024-04-18
7216,Week 4,2024-05-16
7216,Week 8,2024-06-13
7216,Week 12,2024-07-11
7217,Baseline,2024-04-14
7217,Week 4,2024-05-12
7217,Week 8,2024-06-09
7217,Week 12,2024-07-07
7218,Baseline,2024-06-27
7218,Week 4,2024-07-25
7218,Week 8,2024-08-22
7218,Week 12,2024-09-19
7219,Baseline,2024-01-07
7219,Week 4,2024-02-04
7219,Week 8,2024-03-03
7219,Week 12,2024-03-31
7220,Baseline,2024-05-27
7220,Week 4,2024-06-24
7220,Week 8,2024-07-22
7220,Week 12,2024-08-19
7221,Baseline,2024-05-08
7221,Week 4,2024-06-05
7221,Week 8,2024-07-03
7221,Week 12,2024-07-31
7222,Baseline,2024-02-28
7222,Week 4,2024-03-27
7222,Week 8,2024-04-24
7222,Week 12,2024-05-22
7223,Baseline,2024-02-21
7223,Week 4,2024-03-20
7223,Week 8,2024-04-17
7223,Week 12,2024-05-15
7224,Baseline,2024-03-07
7224,Week 4,2024-04-04
7224,Week 8,2024-05-02
7224,Week 12,2024-05-30
7225,Baseline,2024-02-25
7225,Week 4,2024-03-24
7225,Week 8,2024-04-21
7225,Week 12,2024-05-19
7226,Baseline,2024-04-26
7226,Week 4,2024-05-24
7226,Week 8,2024-06-21
7226,Week 12,2024-07-19
7227,Baseline,2024-01-02
7227,Week 4,2024-01-30
7227,Week 8,2024-02-27
7227,Week 12,2024-03-26
7228,Baseline,2024-06-18
7228,Week 4,2024-07-16
7228,Week 8,2024-08-13
7228,Week 12,2024-09-10
7229,Baseline,2024-02-06
7229,Week 4,2024-03-05
7229,Week 8,2024-04-02
7229,Week 12,2024-04-30
7230,Baseline,2024-04-30
7230,Week 4,2024-05-28
7230,Week 8,2024-06-25
7230,Week 12,2024-07-23
7231,Baseline,2024-04-05
7231,Week 4,2024-05-03
7231,Week 8,2024-05-31
7231,Week 12,2024-06-28
7232,Baseline,2024-01-24
7232,Week 4,2024-02-21
7232,Week 8,2024-03-20
7232,Week 12,2024-04-17
7233,Baseline,2024-03-04
7233,Week 4,2024-04-01
7233,Week 8,2024-04-29
7233,Week 12,2024-05-27
7234,Baseline,2024-06-03
7234,Week 4,2024-07-01
7234,Week 8,2024-07-29
7234,Week 12,2024-08-26
7235,Baseline,2024-04-19
7235,Week 4,2024-05-17
7235,Week 8,2024-06-14
7235,Week 12,2024-07-12
7236,Baseline,2024-06-18
7236,Week 4,2024-07-16
7236,Week 8,2024-08-13
7236,Week 12,2024-09-10
7237,Baseline,2024-06-23
7237,Week 4,2024-07-21
7237,Week 8,2024-08-18
7237,Week 12,2024-09-15
7238,Baseline,2024-02-05
7238,Week 4,2024-03-04
7238,Week 8,2024-04-01
7238,Week 12,2024-04-29
7239,Baseline,2024-01-01
7239,Week 4,2024-01-29
7239,Week 8,2024-02-26
7239,Week 12,2024-03-25
7240,Baseline,2024-05-15
7240,Week 4,2024-06-12
7240,Week 8,2024-07-10
7240,Week 12,2024-08-07
7241,Baseline,2024-05-11
7241,Week 4,2024-06-08
7241,Week 8,2024-07-06
7241,Week 12,2024-08-03
7242,Baseline,2024-04-18
7242,Week 4,2024-05-16
7242,Week 8,2024-06-13
7242,Week 12,2024-07-11
7243,Baseline,2024-01-30
7243,Week 4,2024-02-27
7243,Week 8,2024-03-26
7243,Week 12,2024-04-23
7244,Baseline,2024-01-07
7244,Week 4,2024-02-04
7244,Week 8,2024-03-03
7244,Week 12,2024-03-31
7245,Baseline,2024-06-06
7245,Week 4,2024-07-04
7245,Week 8,2024-08-01
7245,Week 12,2024-08-29
7246,Baseline,2024-03-18
7246,Week 4,2024-04-15
7246,Week 8,2024-05-13
7246,Week 12,2024-06-10
7247,Baseline,2024-05-26
7247,Week 4,2024-06-23
7247,Week 8,2024-07-21
7247,Week 12,2024-08-18
7248,Baseline,2024-06-01
7248,Week 4,2024-06-29
7248,Week 8,2024-07-27
7248,Week 12,2024-08-24
7249,Baseline,2024-02-03
7249,Week 4,2024-03-02
7249,Week 8,2024-03-30
7249,Week 12,2024-04-27
7250,Baseline,2024-06-05
7250,Week 4,2024-07-03
7250,Week 8,2024-07-31
7250,Week 12,2024-08-28
7251,Baseline,2024-01-11
7251,Week 4,2024-02-08
7251,Week 8,2024-03-07
7251,Week 12,2024-04-04
7252,Baseline,2024-02-17
7252,Week 4,2024-03-16
7252,Week 8,2024-04-13
7252,Week 12,2024-05-11
7253,Baseline,2024-04-02
7253,Week 4,2024-04-30
7253,Week 8,2024-05-28
7253,Week 12,2024-06-25
7254,Baseline,2024-05-22
7254,Week 4,2024-06-19
7254,Week 8,2024-07-17
7254,Week 12,2024-08-14
7255,Baseline,2024-03-17
7255,Week 4,2024-04-14
7255,Week 8,2024-05-12
7255,Week 12,2024-06-09
7256,Baseline,2024-02-27
7256,Week 4,2024-03-26
7256,Week 8,2024-04-23
7256,Week 12,2024-05-21
7257,Baseline,2024-06-07
7257,Week 4,2024-07-05
7257,Week 8,2024-08-02
7257,Week 12,2024-08-30
7258,Baseline,2024-01-18
7258,Week 4,2024-02-15
7258,Week 8,2024-03-14
7258,Week 12,2024-04-11
7259,Baseline,2024-03-28
7259,Week 4,2024-04-25
7259,Week 8,2024-05-23
7259,Week 12,2024-06-20
7260,Baseline,2024-04-05
7260,Week 4,2024-05-03
7260,Week 8,2024-05-31
7260,Week 12,2024-06-28
7261,Baseline,2024-02-26
7261,Week 4,2024-03-25
7261,Week 8,2024-04-22
7261,Week 12,2024-05-20
7262,Baseline,2024-06-18
7262,Week 4,2024-07-16
7262,Week 8,2024-08-13
7262,Week 12,2024-09-10
7263,Baseline,2024-04-25
7263,Week 4,2024-05-23
7263,Week 8,2024-06-20
7263,Week 12,2024-07-18
7264,Baseline,2024-02-03
7264,Week 4,2024-03-02
7264,Week 8,2024-03-30
7264,Week 12,2024-04-27
7265,Baseline,2024-03-22
7265,Week 4,2024-04-19
7265,Week 8,2024-05-17
7265,Week 12,2024-06-14
7266,Baseline,2024-04-15
7266,Week 4,2024-05-13
7266,Week 8,2024-06-10
7266,Week 12,2024-07-08
7267,Baseline,2024-02-11
7267,Week 4,2024-03-10
7267,Week 8,2024-04-07
7267,Week 12,2024-05-05
7268,Baseline,2024-01-17
7268,Week 4,2024-02-14
7268,Week 8,2024-03-13
7268,Week 12,2024-04-10
7269,Baseline,2024-01-20
7269,Week 4,2024-02-17
7269,Week 8,2024-03-16
7269,Week 12,2024-04-13
7270,Baseline,2024-01-26
7270,Week 4,2024-02-23
7270,Week 8,2024-03-22
7270,Week 12,2024-04-19
7271,Baseline,2024-02-27
7271,Week 4,2024-03-26
7271,Week 8,2024-04-23
7271,Week 12,2024-05-21
7272,Baseline,2024-03-29
7272,Week 4,2024-04-26
7272,Week 8,2024-05-24
7272,Week 12,2024-06-21
7273,Baseline,2024-04-29
7273,Week 4,2024-05-27
7273,Week 8,2024-06-24
7273,Week 12,2024-07-22
7274,Baseline,2024-06-06
7274,Week 4,2024-07-04
7274,Week 8,2024-08-01
7274,Week 12,2024-08-29
7275,Baseline,2024-05-14
7275,Week 4,2024-06-11
7275,Week 8,2024-07-09
7275,Week 12,2024-08-06
7276,Baseline,2024-02-08
7276,Week 4,2024-03-07
7276,Week 8,2024-04-04
7276,Week 12,2024-05-02
7277,Baseline,2024-06-05
7277,Week 4,2024-07-03
7277,Week 8,2024-07-31
7277,Week 12,2024-08-28
7278,Baseline,2024-03-03
7278,Week 4,2024-03-31
7278,Week 8,2024-04-28
7278,Week 12,2024-05-26
7279,Baseline,2024-04-30
7279,Week 4,2024-05-28
7279,Week 8,2024-06-25
7279,Week 12,2024-07-23
7280,Baseline,2024-02-27
7280,Week 4,2024-03-26
7280,Week 8,2024-04-23
7280,Week 12,2024-05-21
7281,Baseline,2024-03-19
7281,Week 4,2024-04-16
7281,Week 8,2024-05-14
7281,Week 12,2024-06-11
7282,Baseline,2024-02-04
7282,Week 4,2024-03-03
7282,Week 8,2024-03-31
7282,Week 12,2024-04-28
7283,Baseline,2024-04-18
7283,Week 4,2024-05-16
7283,Week 8,2024-06-13
7283,Week 12,2024-07-11
7284,Baseline,2024-02-25
7284,Week 4,2024-03-24
7284,Week 8,2024-04-21
7284,Week 12,2024-05-19
7285,Baseline,2024-02-13
7285,Week 4,2024-03-12
7285,Week 8,2024-04-09
7285,Week 12,2024-05-07
7286,Baseline,2024-04-13
7286,Week 4,2024-05-11
7286,Week 8,2024-06-08
7286,Week 12,2024-07-06
7287,Baseline,2024-05-14
7287,Week 4,2024-06-11
7287,Week 8,2024-07-09
7287,Week 12,2024-08-06
7288,Baseline,2024-06-02
7288,Week 4,2024-06-30
7288,Week 8,2024-07-28
7288,Week 12,2024-08-25
7289,Baseline,2024-06-05
7289,Week 4,2024-07-03
7289,Week 8,2024-07-31
7289,Week 12,2024-08-28
7290,Baseline,2024-03-19
7290,Week 4,2024-04-16
7290,Week 8,2024-05-14
7290,Week 12,2024-06-11
7291,Baseline,2024-01-22
7291,Week 4,2024-02-19
7291,Week 8,2024-03-18
7291,Week 12,2024-04-15
7292,Baseline,2024-01-14
7292,Week 4,2024-02-11
7292,Week 8,2024-03-10
7292,Week 12,2024-04-07
7293,Baseline,2024-04-14
7293,Week 4,2024-05-12
7293,Week 8,2024-06-09
7293,Week 12,2024-07-07
7294,Baseline,2024-05-03
7294,Week 4,2024-05-31
7294,Week 8,2024-06-28
7294,Week 12,2024-07-26
7295,Baseline,2024-01-17
7295,Week 4,2024-02-14
7295,Week 8,2024-03-13
7295,Week 12,2024-04-10
7296,Baseline,2024-01-10
7296,Week 4,2024-02-07
7296,Week 8,2024-03-06
7296,Week 12,2024-04-03
7297,Baseline,2024-04-03
7297,Week 4,2024-05-01
7297,Week 8,2024-05-29
7297,Week 12,2024-06-26
7298,Baseline,2024-02-27
7298,Week 4,2024-03-26
7298,Week 8,2024-04-23
7298,Week 12,2024-05-21
7299,Baseline,2024-04-13
7299,Week 4,2024-05-11
7299,Week 8,2024-06-08
7299,Week 12,2024-07-06
7300,Baseline,2024-02-28
7300,Week 4,2024-03-27
7300,Week 8,2024-04-24
7300,Week 12,2024-05-22
7301,Baseline,2024-06-20
7301,Week 4,2024-07-18
7301,Week 8,2024-08-15
7301,Week 12,2024-09-12
7302,Baseline,2024-02-28
7302,Week 4,2024-03-27
7302,Week 8,2024-04-24
7302,Week 12,2024-05-22
7303,Baseline,2024-01-24
7303,Week 4,2024-02-21
7303,Week 8,2024-03-20
7303,Week 12,2024-04-17
7304,Baseline,2024-02-19
7304,Week 4,2024-03-18
7304,Week 8,2024-04-15
7304,Week 12,2024-05-13
7305,Baseline,2024-06-24
7305,Week 4,2024-07-22
7305,Week 8,2024-08-19
7305,Week 12,2024-09-16
7306,Baseline,2024-03-13
7306,Week 4,2024-04-10
7306,Week 8,2024-05-08
7306,Week 12,2024-06-05
7307,Baseline,2024-05-16
7307,Week 4,2024-06-13
7307,Week 8,2024-07-11
7307,Week 12,2024-08-08
7308,Baseline,2024-02-13
7308,Week 4,2024-03-12
7308,Week 8,2024-04-09
7308,Week 12,2024-05-07
7309,Baseline,2024-02-17
7309,Week 4,2024-03-16
7309,Week 8,2024-04-13
7309,Week 12,2024-05-11
7310,Baseline,2024-06-17
7310,Week 4,2024-07-15
7310,Week 8,2024-08-12
7310,Week 12,2024-09-09
7311,Baseline,2024-03-29
7311,Week 4,2024-04-26
7311,Week 8,2024-05-24
7311,Week 12,2024-06-21
7312,Baseline,2024-04-18
7312,Week 4,2024-05-16
7312,Week 8,2024-06-13
7312,Week 12,2024-07-11
7313,Baseline,2024-05-31
7313,Week 4,2024-06-28
7313,Week 8,2024-07-26
7313,Week 12,2024-08-23
7314,Baseline,2024-03-14
7314,Week 4,2024-04-11
7314,Week 8,2024-05-09
7314,Week 12,2024-06-06
7315,Baseline,2024-04-01
7315,Week 4,2024-04-29
7315,Week 8,2024-05-27
7315,Week 12,2024-06-24
7316,Baseline,2024-03-15
7316,Week 4,2024-04-12
7316,Week 8,2024-05-10
7316,Week 12,2024-06-07
7317,Baseline,2024-04-29
7317,Week 4,2024-05-27
7317,Week 8,2024-06-24
7317,Week 12,2024-07-22
7318,Baseline,2024-01-12
7318,Week 4,2024-02-09
7318,Week 8,2024-03-08
7318,Week 12,2024-04-05
7319,Baseline,2024-04-27
7319,Week 4,2024-05-25
7319,Week 8,2024-06-22
7319,Week 12,2024-07-20
7320,Baseline,2024-06-21
7320,Week 4,2024-07-19
7320,Week 8,2024-08-16
7320,Week 12,2024-09-13
7321,Baseline,2024-06-04
7321,Week 4,2024-07-02
7321,Week 8,2024-07-30
7321,Week 12,2024-08-27
7322,Baseline,2024-03-02
7322,Week 4,2024-03-30
7322,Week 8,2024-04-27
7322,Week 12,2024-05-25
7323,Baseline,2024-02-10
7323,Week 4,2024-03-09
7323,Week 8,2024-04-06
7323,Week 12,2024-05-04
7324,Baseline,2024-06-15
7324,Week 4,2024-07-13
7324,Week 8,2024-08-10
7324,Week 12,2024-09-07
7325,Baseline,2024-05-22
7325,Week 4,2024-06-19
7325,Week 8,2024-07-17
7325,Week 12,2024-08-14
7326,Baseline,2024-06-15
7326,Week 4,2024-07-13
7326,Week 8,2024-08-10
7326,Week 12,2024-09-07
7327,Baseline,2024-06-19
7327,Week 4,2024-07-17
7327,Week 8,2024-08-14
7327,Week 12,2024-09-11
7328,Baseline,2024-01-16
7328,Week 4,2024-02-13
7328,Week 8,2024-03-12
7328,Week 12,2024-04-09
7329,Baseline,2024-06-19
7329,Week 4,2024-07-17
7329,Week 8,2024-08-14
7329,Week 12,2024-09-11
7330,Baseline,2024-04-01
7330,Week 4,2024-04-29
7330,Week 8,2024-05-27
7330,Week 12,2024-06-24
7331,Baseline,2024-01-26
7331,Week 4,2024-02-23
7331,Week 8,2024-03-22
7331,Week 12,2024-04-19
7332,Baseline,2024-05-31
7332,Week 4,2024-06-28
7332,Week 8,2024-07-26
7332,Week 12,2024-08-23
7333,Baseline,2024-06-10
7333,Week 4,2024-07-08
7333,Week 8,2024-08-05
7333,Week 12,2024-09-02
7334,Baseline,2024-04-23
7334,Week 4,2024-05-21
7334,Week 8,2024-06-18
7334,Week 12,2024-07-16
7335,Baseline,2024-02-09
7335,Week 4,2024-03-08
7335,Week 8,2024-04-05
7335,Week 12,2024-05-03
7336,Baseline,2024-02-09
7336,Week 4,2024-03-08
7336,Week 8,2024-04-05
7336,Week 12,2024-05-03
7337,Baseline,2024-05-25
7337,Week 4,2024-06-22
7337,Week 8,2024-07-20
7337,Week 12,2024-08-17
7338,Baseline,2024-02-18
7338,Week 4,2024-03-17
7338,Week 8,2024-04-14
7338,Week 12,2024-05-12
7339,Baseline,2024-01-17
7339,Week 4,2024-02-14
7339,Week 8,2024-03-13
7339,Week 12,2024-04-10
7340,Baseline,2024-02-17
7340,Week 4,2024-03-16
7340,Week 8,2024-04-13
7340,Week 12,2024-05-11
7341,Baseline,2024-05-12
7341,Week 4,2024-06-09
7341,Week 8,2024-07-07
7341,Week 12,2024-08-04
7342,Baseline,2024-04-21
7342,Week 4,2024-05-19
7342,Week 8,2024-06-16
7342,Week 12,2024-07-14
7343,Baseline,2024-06-08
7343,Week 4,2024-07-06
7343,Week 8,2024-08-03
7343,Week 12,2024-08-31
7344,Baseline,2024-02-05
7344,Week 4,2024-03-04
7344,Week 8,2024-04-01
7344,Week 12,2024-04-29
7345,Baseline,2024-02-21
7345,Week 4,2024-03-20
7345,Week 8,2024-04-17
7345,Week 12,2024-05-15
7346,Baseline,2024-01-29
7346,Week 4,2024-02-26
7346,Week 8,2024-03-25
7346,Week 12,2024-04-22
7347,Baseline,2024-04-23
7347,Week 4,2024-05-21
7347,Week 8,2024-06-18
7347,Week 12,2024-07-16
7348,Baseline,2024-05-04
7348,Week 4,2024-06-01
7348,Week 8,2024-06-29
7348,Week 12,2024-07-27
7349,Baseline,2024-05-15
7349,Week 4,2024-06-12
7349,Week 8,2024-07-10
7349,Week 12,2024-08-07
7350,Baseline,2024-02-29
7350,Week 4,2024-03-28
7350,Week 8,2024-04-25
7350,Week 12,2024-05-23
7351,Baseline,2024-03-23
7351,Week 4,2024-04-20
7351,Week 8,2024-05-18
7351,Week 12,2024-06-15
7352,Baseline,2024-02-21
7352,Week 4,2024-03-20
7352,Week 8,2024-04-17
7352,Week 12,2024-05-15
7353,Baseline,2024-04-25
7353,Week 4,2024-05-23
7353,Week 8,2024-06-20
7353,Week 12,2024-07-18
7354,Baseline,2024-02-29
7354,Week 4,2024-03-28
7354,Week 8,2024-04-25
7354,Week 12,2024-05-23
7355,Baseline,2024-05-09
7355,Week 4,2024-06-06
7355,Week 8,2024-07-04
7355,Week 12,2024-08-01
7356,Baseline,2024-05-28
7356,Week 4,2024-06-25
7356,Week 8,2024-07-23
7356,Week 12,2024-08-20
7357,Baseline,2024-06-15
7357,Week 4,2024-07-13
7357,Week 8,2024-08-10
7357,Week 12,2024-09-07
7358,Baseline,2024-02-05
7358,Week 4,2024-03-04
7358,Week 8,2024-04-01
7358,Week 12,2024-04-29
7359,Baseline,2024-06-15
7359,Week 4,2024-07-13
7359,Week 8,2024-08-10
7359,Week 12,2024-09-07
7360,Baseline,2024-02-07
7360,Week 4,2024-03-06
7360,Week 8,2024-04-03
7360,Week 12,2024-05-01
7361,Baseline,2024-06-11
7361,Week 4,2024-07-09
7361,Week 8,2024-08-06
7361,Week 12,2024-09-03
7362,Baseline,2024-03-19
7362,Week 4,2024-04-16
7362,Week 8,2024-05-14
7362,Week 12,2024-06-11
7363,Baseline,2024-04-13
7363,Week 4,2024-05-11
7363,Week 8,2024-06-08
7363,Week 12,2024-07-06
7364,Baseline,2024-01-29
7364,Week 4,2024-02-26
7364,Week 8,2024-03-25
7364,Week 12,2024-04-22
7365,Baseline,2024-06-27
7365,Week 4,2024-07-25
7365,Week 8,2024-08-22
7365,Week 12,2024-09-19
7366,Baseline,2024-06-05
7366,Week 4,2024-07-03
7366,Week 8,2024-07-31
7366,Week 12,2024-08-28
7367,Baseline,2024-05-15
7367,Week 4,2024-06-12
7367,Week 8,2024-07-10
7367,Week 12,2024-08-07
7368,Baseline,2024-01-06
7368,Week 4,2024-02-03
7368,Week 8,2024-03-02
7368,Week 12,2024-03-30
7369,Baseline,2024-06-14
7369,Week 4,2024-07-12
7369,Week 8,2024-08-09
7369,Week 12,2024-09-06
7370,Baseline,2024-01-14
7370,Week 4,2024-02-11
7370,Week 8,2024-03-10
7370,Week 12,2024-04-07
7371,Baseline,2024-01-31
7371,Week 4,2024-02-28
7371,Week 8,2024-03-27
7371,Week 12,2024-04-24
7372,Baseline,2024-02-06
7372,Week 4,2024-03-05
7372,Week 8,2024-04-02
7372,Week 12,2024-04-30
7373,Baseline,2024-02-03
7373,Week 4,2024-03-02
7373,Week 8,2024-03-30
7373,Week 12,2024-04-27
7374,Baseline,2024-01-16
7374,Week 4,2024-02-13
7374,Week 8,2024-03-12
7374,Week 12,2024-04-09
7375,Baseline,2024-03-28
7375,Week 4,2024-04-25
7375,Week 8,2024-05-23
7375,Week 12,2024-06-20
7376,Baseline,2024-04-10
7376,Week 4,2024-05-08
7376,Week 8,2024-06-05
7376,Week 12,2024-07-03
7377,Baseline,2024-03-26
7377,Week 4,2024-04-23
7377,Week 8,2024-05-21
7377,Week 12,2024-06-18
7378,Baseline,2024-03-20
7378,Week 4,2024-04-17
7378,Week 8,2024-05-15
7378,Week 12,2024-06-12
7379,Baseline,2024-05-14
7379,Week 4,2024-06-11
7379,Week 8,2024-07-09
7379,Week 12,2024-08-06
7380,Baseline,2024-05-02
7380,Week 4,2024-05-30
7380,Week 8,2024-06-27
7380,Week 12,2024-07-25
7381,Baseline,2024-03-05
7381,Week 4,2024-04-02
7381,Week 8,2024-04-30
7381,Week 12,2024-05-28
7382,Baseline,2024-05-15
7382,Week 4,2024-06-12
7382,Week 8,2024-07-10
7382,Week 12,2024-08-07
7383,Baseline,2024-04-02
7383,Week 4,2024-04-30
7383,Week 8,2024-05-28
7383,Week 12,2024-06-25
7384,Baseline,2024-04-24
7384,Week 4,2024-05-22
7384,Week 8,2024-06-19
7384,Week 12,2024-07-17
7385,Baseline,2024-01-22
7385,Week 4,2024-02-19
7385,Week 8,2024-03-18
7385,Week 12,2024-04-15
7386,Baseline,2024-04-27
7386,Week 4,2024-05-25
7386,Week 8,2024-06-22
7386,Week 12,2024-07-20
7387,Baseline,2024-01-05
7387,Week 4,2024-02-02
7387,Week 8,2024-03-01
7387,Week 12,2024-03-29
7388,Baseline,2024-02-27
7388,Week 4,2024-03-26
7388,Week 8,2024-04-23
7388,Week 12,2024-05-21
7389,Baseline,2024-05-29
7389,Week 4,2024-06-26
7389,Week 8,2024-07-24
7389,Week 12,2024-08-21
7390,Baseline,2024-04-13
7390,Week 4,2024-05-11
7390,Week 8,2024-06-08
7390,Week 12,2024-07-06
7391,Baseline,2024-06-05
7391,Week 4,2024-07-03
7391,Week 8,2024-07-31
7391,Week 12,2024-08-28
7392,Baseline,2024-02-05
7392,Week 4,2024-03-04
7392,Week 8,2024-04-01
7392,Week 12,2024-04-29
7393,Baseline,2024-06-09
7393,Week 4,2024-07-07
7393,Week 8,2024-08-04
7393,Week 12,2024-09-01
7394,Baseline,2024-03-13
7394,Week 4,2024-04-10
7394,Week 8,2024-05-08
7394,Week 12,2024-06-05
7395,Baseline,2024-05-28
7395,Week 4,2024-06-25
7395,Week 8,2024-07-23
7395,Week 12,2024-08-20
7396,Baseline,2024-06-25
7396,Week 4,2024-07-23
7396,Week 8,2024-08-20
7396,Week 12,2024-09-17
7397,Baseline,2024-04-18
7397,Week 4,2024-05-16
7397,Week 8,2024-06-13
7397,Week 12,2024-07-11
7398,Baseline,2024-04-09
7398,Week 4,2024-05-07
7398,Week 8,2024-06-04
7398,Week 12,2024-07-02
7399,Baseline,2024-06-19
7399,Week 4,2024-07-17
7399,Week 8,2024-08-14
7399,Week 12,2024-09-11
7400,Baseline,2024-02-10
7400,Week 4,2024-03-09
7400,Week 8,2024-04-06
7400,Week 12,2024-05-04
7401,Baseline,2024-06-23
7401,Week 4,2024-07-21
7401,Week 8,2024-08-18
7401,Week 12,2024-09-15
7402,Baseline,2024-03-09
7402,Week 4,2024-04-06
7402,Week 8,2024-05-04
7402,Week 12,2024-06-01
7403,Baseline,2024-03-19
7403,Week 4,2024-04-16
7403,Week 8,2024-05-14
7403,Week 12,2024-06-11
7404,Baseline,2024-03-29
7404,Week 4,2024-04-26
7404,Week 8,2024-05-24
7404,Week 12,2024-06-21
7405,Baseline,2024-02-05
7405,Week 4,2024-03-04
7405,Week 8,2024-04-01
7405,Week 12,2024-04-29
7406,Baseline,2024-04-03
7406,Week 4,2024-05-01
7406,Week 8,2024-05-29
7406,Week 12,2024-06-26
7407,Baseline,2024-03-06
7407,Week 4,2024-04-03
7407,Week 8,2024-05-01
7407,Week 12,2024-05-29
7408,Baseline,2024-01-16
7408,Week 4,2024-02-13
7408,Week 8,2024-03-12
7408,Week 12,2024-04-09
7409,Baseline,2024-01-11
7409,Week 4,2024-02-08
7409,Week 8,2024-03-07
7409,Week 12,2024-04-04
7410,Baseline,2024-02-04
7410,Week 4,2024-03-03
7410,Week 8,2024-03-31
7410,Week 12,2024-04-28
7411,Baseline,2024-05-15
7411,Week 4,2024-06-12
7411,Week 8,2024-07-10
7411,Week 12,2024-08-07
7412,Baseline,2024-05-19
7412,Week 4,2024-06-16
7412,Week 8,2024-07-14
7412,Week 12,2024-08-11
7413,Baseline,2024-06-18
7413,Week 4,2024-07-16
7413,Week 8,2024-08-13
7413,Week 12,2024-09-10
7414,Baseline,2024-04-11
7414,Week 4,2024-05-09
7414,Week 8,2024-06-06
7414,Week 12,2024-07-04
7415,Baseline,2024-01-23
7415,Week 4,2024-02-20
7415,Week 8,2024-03-19
7415,Week 12,2024-04-16
7416,Baseline,2024-05-26
7416,Week 4,2024-06-23
7416,Week 8,2024-07-21
7416,Week 12,2024-08-18
7417,Baseline,2024-04-09
7417,Week 4,2024-05-07
7417,Week 8,2024-06-04
7417,Week 12,2024-07-02
7418,Baseline,2024-06-24
7418,Week 4,2024-07-22
7418,Week 8,2024-08-19
7418,Week 12,2024-09-16
7419,Baseline,2024-01-29
7419,Week 4,2024-02-26
7419,Week 8,2024-03-25
7419,Week 12,2024-04-22
7420,Baseline,2024-06-18
7420,Week 4,2024-07-16
7420,Week 8,2024-08-13
7420,Week 12,2024-09-10
7421,Baseline,2024-01-11
7421,Week 4,2024-02-08
7421,Week 8,2024-03-07
7421,Week 12,2024-04-04
7422,Baseline,2024-03-02
7422,Week 4,2024-03-30
7422,Week 8,2024-04-27
7422,Week 12,2024-05-25
7423,Baseline,2024-03-25
7423,Week 4,2024-04-22
7423,Week 8,2024-05-20
7423,Week 12,2024-06-17
7424,Baseline,2024-02-19
7424,Week 4,2024-03-18
7424,Week 8,2024-04-15
7424,Week 12,2024-05-13
7425,Baseline,2024-06-13
7425,Week 4,2024-07-11
7425,Week 8,2024-08-08
7425,Week 12,2024-09-05
7426,Baseline,2024-03-27
7426,Week 4,2024-04-24
7426,Week 8,2024-05-22
7426,Week 12,2024-06-19
7427,Baseline,2024-06-24
7427,Week 4,2024-07-22
7427,Week 8,2024-08-19
7427,Week 12,2024-09-16
7428,Baseline,2024-03-26
7428,Week 4,2024-04-23
7428,Week 8,2024-05-21
7428,Week 12,2024-06-18
7429,Baseline,2024-02-10
7429,Week 4,2024-03-09
7429,Week 8,2024-04-06
7429,Week 12,2024-05-04
7430,Baseline,2024-02-07
7430,Week 4,2024-03-06
7430,Week 8,2024-04-03
7430,Week 12,2024-05-01
7431,Baseline,2024-04-15
7431,Week 4,2024-05-13
7431,Week 8,2024-06-10
7431,Week 12,2024-07-08
7432,Baseline,2024-01-04
7432,Week 4,2024-02-01
7432,Week 8,2024-02-29
7432,Week 12,2024-03-28
7433,Baseline,2024-04-04
7433,Week 4,2024-05-02
7433,Week 8,2024-05-30
7433,Week 12,2024-06-27
7434,Baseline,2024-01-27
7434,Week 4,2024-02-24
7434,Week 8,2024-03-23
7434,Week 12,2024-04-20
7435,Baseline,2024-06-10
7435,Week 4,2024-07-08
7435,Week 8,2024-08-05
7435,Week 12,2024-09-02
7436,Baseline,2024-06-28
7436,Week 4,2024-07-26
7436,Week 8,2024-08-23
7436,Week 12,2024-09-20
7437,Baseline,2024-02-05
7437,Week 4,2024-03-04
7437,Week 8,2024-04-01
7437,Week 12,2024-04-29
7438,Baseline,2024-02-15
7438,Week 4,2024-03-14
7438,Week 8,2024-04-11
7438,Week 12,2024-05-09
7439,Baseline,2024-01-30
7439,Week 4,2024-02-27
7439,Week 8,2024-03-26
7439,Week 12,2024-04-23
7440,Baseline,2024-02-20
7440,Week 4,2024-03-19
7440,Week 8,2024-04-16
7440,Week 12,2024-05-14
7441,Baseline,2024-05-08
7441,Week 4,2024-06-05
7441,Week 8,2024-07-03
7441,Week 12,2024-07-31
7442,Baseline,2024-03-12
7442,Week 4,2024-04-09
7442,Week 8,2024-05-07
7442,Week 12,2024-06-04
7443,Baseline,2024-02-14
7443,Week 4,2024-03-13
7443,Week 8,2024-04-10
7443,Week 12,2024-05-08
7444,Baseline,2024-02-13
7444,Week 4,2024-03-12
7444,Week 8,2024-04-09
7444,Week 12,2024-05-07
7445,Baseline,2024-06-06
7445,Week 4,2024-07-04
7445,Week 8,2024-08-01
7445,Week 12,2024-08-29
7446,Baseline,2024-05-26
7446,Week 4,2024-06-23
7446,Week 8,2024-07-21
7446,Week 12,2024-08-18
7447,Baseline,2024-04-04
7447,Week 4,2024-05-02
7447,Week 8,2024-05-30
7447,Week 12,2024-06-27
7448,Baseline,2024-02-09
7448,Week 4,2024-03-08
7448,Week 8,2024-04-05
7448,Week 12,2024-05-03
7449,Baseline,2024-02-01
7449,Week 4,2024-02-29
7449,Week 8,2024-03-28
7449,Week 12,2024-04-25
7450,Baseline,2024-03-26
7450,Week 4,2024-04-23
7450,Week 8,2024-05-21
7450,Week 12,2024-06-18
7451,Baseline,2024-04-07
7451,Week 4,2024-05-05
7451,Week 8,2024-06-02
7451,Week 12,2024-06-30
7452,Baseline,2024-06-01
7452,Week 4,2024-06-29
7452,Week 8,2024-07-27
7452,Week 12,2024-08-24
7453,Baseline,2024-06-17
7453,Week 4,2024-07-15
7453,Week 8,2024-08-12
7453,Week 12,2024-09-09
7454,Baseline,2024-05-30
7454,Week 4,2024-06-27
7454,Week 8,2024-07-25
7454,Week 12,2024-08-22
7455,Baseline,2024-05-22
7455,Week 4,2024-06-19
7455,Week 8,2024-07-17
7455,Week 12,2024-08-14
7456,Baseline,2024-05-15
7456,Week 4,2024-06-12
7456,Week 8,2024-07-10
7456,Week 12,2024-08-07
7457,Baseline,2024-03-19
7457,Week 4,2024-04-16
7457,Week 8,2024-05-14
7457,Week 12,2024-06-11
7458,Baseline,2024-06-08
7458,Week 4,2024-07-06
7458,Week 8,2024-08-03
7458,Week 12,2024-08-31
7459,Baseline,2024-06-07
7459,Week 4,2024-07-05
7459,Week 8,2024-08-02
7459,Week 12,2024-08-30
7460,Baseline,2024-04-23
7460,Week 4,2024-05-21
7460,Week 8,2024-06-18
7460,Week 12,2024-07-16
7461,Baseline,2024-03-07
7461,Week 4,2024-04-04
7461,Week 8,2024-05-02
7461,Week 12,2024-05-30
7462,Baseline,2024-03-11
7462,Week 4,2024-04-08
7462,Week 8,2024-05-06
7462,Week 12,2024-06-03
7463,Baseline,2024-04-23
7463,Week 4,2024-05-21
7463,Week 8,2024-06-18
7463,Week 12,2024-07-16
7464,Baseline,2024-06-05
7464,Week 4,2024-07-03
7464,Week 8,2024-07-31
7464,Week 12,2024-08-28
7465,Baseline,2024-03-20
7465,Week 4,2024-04-17
7465,Week 8,2024-05-15
7465,Week 12,2024-06-12
7466,Baseline,2024-05-12
7466,Week 4,2024-06-09
7466,Week 8,2024-07-07
7466,Week 12,2024-08-04
7467,Baseline,2024-01-01
7467,Week 4,2024-01-29
7467,Week 8,2024-02-26
7467,Week 12,2024-03-25
7468,Baseline,2024-03-29
7468,Week 4,2024-04-26
7468,Week 8,2024-05-24
7468,Week 12,2024-06-21
7469,Baseline,2024-04-24
7469,Week 4,2024-05-22
7469,Week 8,2024-06-19
7469,Week 12,2024-07-17
7470,Baseline,2024-01-04
7470,Week 4,2024-02-01
7470,Week 8,2024-02-29
7470,Week 12,2024-03-28
7471,Baseline,2024-01-13
7471,Week 4,2024-02-10
7471,Week 8,2024-03-09
7471,Week 12,2024-04-06
7472,Baseline,2024-06-21
7472,Week 4,2024-07-19
7472,Week 8,2024-08-16
7472,Week 12,2024-09-13
7473,Baseline,2024-05-28
7473,Week 4,2024-06-25
7473,Week 8,2024-07-23
7473,Week 12,2024-08-20
7474,Baseline,2024-01-25
7474,Week 4,2024-02-22
7474,Week 8,2024-03-21
7474,Week 12,2024-04-18
7475,Baseline,2024-01-22
7475,Week 4,2024-02-19
7475,Week 8,2024-03-18
7475,Week 12,2024-04-15
7476,Baseline,2024-05-10
7476,Week 4,2024-06-07
7476,Week 8,2024-07-05
7476,Week 12,2024-08-02
7477,Baseline,2024-04-20
7477,Week 4,2024-05-18
7477,Week 8,2024-06-15
7477,Week 12,2024-07-13
7478,Baseline,2024-06-13
7478,Week 4,2024-07-11
7478,Week 8,2024-08-08
7478,Week 12,2024-09-05
7479,Baseline,2024-06-10
7479,Week 4,2024-07-08
7479,Week 8,2024-08-05
7479,Week 12,2024-09-02
7480,Baseline,2024-03-23
7480,Week 4,2024-04-20
7480,Week 8,2024-05-18
7480,Week 12,2024-06-15
7481,Baseline,2024-02-23
7481,Week 4,2024-03-22
7481,Week 8,2024-04-19
7481,Week 12,2024-05-17
7482,Baseline,2024-03-05
7482,Week 4,2024-04-02
7482,Week 8,2024-04-30
7482,Week 12,2024-05-28
7483,Baseline,2024-01-04
7483,Week 4,2024-02-01
7483,Week 8,2024-02-29
7483,Week 12,2024-03-28
7484,Baseline,2024-04-30
7484,Week 4,2024-05-28
7484,Week 8,2024-06-25
7484,Week 12,2024-07-23
7485,Baseline,2024-02-12
7485,Week 4,2024-03-11
7485,Week 8,2024-04-08
7485,Week 12,2024-05-06
7486,Baseline,2024-01-21
7486,Week 4,2024-02-18
7486,Week 8,2024-03-17
7486,Week 12,2024-04-14
7487,Baseline,2024-04-17
7487,Week 4,2024-05-15
7487,Week 8,2024-06-12
7487,Week 12,2024-07-10
7488,Baseline,2024-03-08
7488,Week 4,2024-04-05
7488,Week 8,2024-05-03
7488,Week 12,2024-05-31
7489,Baseline,2024-05-07
7489,Week 4,2024-06-04
7489,Week 8,2024-07-02
7489,Week 12,2024-07-30
7490,Baseline,2024-04-27
7490,Week 4,2024-05-25
7490,Week 8,2024-06-22
7490,Week 12,2024-07-20
7491,Baseline,2024-04-02
7491,Week 4,2024-04-30
7491,Week 8,2024-05-28
7491,Week 12,2024-06-25
7492,Baseline,2024-04-15
7492,Week 4,2024-05-13
7492,Week 8,2024-06-10
7492,Week 12,2024-07-08
7493,Baseline,2024-05-02
7493,Week 4,2024-05-30
7493,Week 8,2024-06-27
7493,Week 12,2024-07-25
7494,Baseline,2024-01-20
7494,Week 4,2024-02-17
7494,Week 8,2024-03-16
7494,Week 12,2024-04-13
7495,Baseline,2024-02-16
7495,Week 4,2024-03-15
7495,Week 8,2024-04-12
7495,Week 12,2024-05-10
7496,Baseline,2024-04-17
7496,Week 4,2024-05-15
7496,Week 8,2024-06-12
7496,Week 12,2024-07-10
7497,Baseline,2024-05-08
7497,Week 4,2024-06-05
7497,Week 8,2024-07-03
7497,Week 12,2024-07-31
7498,Baseline,2024-04-26
7498,Week 4,2024-05-24
7498,Week 8,2024-06-21
7498,Week 12,2024-07-19
7499,Baseline,2024-02-20
7499,Week 4,2024-03-19
7499,Week 8,2024-04-16
7499,Week 12,2024-05-14
7500,Baseline,2024-02-26
7500,Week 4,2024-03-25
7500,Week 8,2024-04-22
7500,Week 12,2024-05-20
7501,Baseline,2024-03-23
7501,Week 4,2024-04-20
7501,Week 8,2024-05-18
7501,Week 12,2024-06-15
7502,Baseline,2024-01-04
7502,Week 4,2024-02-01
7502,Week 8,2024-02-29
7502,Week 12,2024-03-28
7503,Baseline,2024-05-15
7503,Week 4,2024-06-12
7503,Week 8,2024-07-10
7503,Week 12,2024-08-07
7504,Baseline,2024-05-20
7504,Week 4,2024-06-17
7504,Week 8,2024-07-15
7504,Week 12,2024-08-12
7505,Baseline,2024-06-25
7505,Week 4,2024-07-23
7505,Week 8,2024-08-20
7505,Week 12,2024-09-17
7506,Baseline,2024-05-06
7506,Week 4,2024-06-03
7506,Week 8,2024-07-01
7506,Week 12,2024-07-29
7507,Baseline,2024-04-18
7507,Week 4,2024-05-16
7507,Week 8,2024-06-13
7507,Week 12,2024-07-11
7508,Baseline,2024-03-18
7508,Week 4,2024-04-15
7508,Week 8,2024-05-13
7508,Week 12,2024-06-10
7509,Baseline,2024-04-21
7509,Week 4,2024-05-19
7509,Week 8,2024-06-16
7509,Week 12,2024-07-14
7510,Baseline,2024-03-28
7510,Week 4,2024-04-25
7510,Week 8,2024-05-23
7510,Week 12,2024-06-20
7511,Baseline,2024-03-15
7511,Week 4,2024-04-12
7511,Week 8,2024-05-10
7511,Week 12,2024-06-07
7512,Baseline,2024-02-09
7512,Week 4,2024-03-08
7512,Week 8,2024-04-05
7512,Week 12,2024-05-03
7513,Baseline,2024-05-26
7513,Week 4,2024-06-23
7513,Week 8,2024-07-21
7513,Week 12,2024-08-18
7514,Baseline,2024-05-22
7514,Week 4,2024-06-19
7514,Week 8,2024-07-17
7514,Week 12,2024-08-14
7515,Baseline,2024-04-02
7515,Week 4,2024-04-30
7515,Week 8,2024-05-28
7515,Week 12,2024-06-25
7516,Baseline,2024-01-14
7516,Week 4,2024-02-11
7516,Week 8,2024-03-10
7516,Week 12,2024-04-07
7517,Baseline,2024-02-29
7517,Week 4,2024-03-28
7517,Week 8,2024-04-25
7517,Week 12,2024-05-23
7518,Baseline,2024-02-05
7518,Week 4,2024-03-04
7518,Week 8,2024-04-01
7518,Week 12,2024-04-29
7519,Baseline,2024-05-25
7519,Week 4,2024-06-22
7519,Week 8,2024-07-20
7519,Week 12,2024-08-17
7520,Baseline,2024-03-07
7520,Week 4,2024-04-04
7520,Week 8,2024-05-02
7520,Week 12,2024-05-30
7521,Baseline,2024-03-02
7521,Week 4,2024-03-30
7521,Week 8,2024-04-27
7521,Week 12,2024-05-25
7522,Baseline,2024-06-20
7522,Week 4,2024-07-18
7522,Week 8,2024-08-15
7522,Week 12,2024-09-12
7523,Baseline,2024-05-02
7523,Week 4,2024-05-30
7523,Week 8,2024-06-27
7523,Week 12,2024-07-25
7524,Baseline,2024-03-02
7524,Week 4,2024-03-30
7524,Week 8,2024-04-27
7524,Week 12,2024-05-25
7525,Baseline,2024-04-12
7525,Week 4,2024-05-10
7525,Week 8,2024-06-07
7525,Week 12,2024-07-05
7526,Baseline,2024-01-28
7526,Week 4,2024-02-25
7526,Week 8,2024-03-24
7526,Week 12,2024-04-21
7527,Baseline,2024-04-25
7527,Week 4,2024-05-23
7527,Week 8,2024-06-20
7527,Week 12,2024-07-18
7528,Baseline,2024-01-05
7528,Week 4,2024-02-02
7528,Week 8,2024-03-01
7528,Week 12,2024-03-29
7529,Baseline,2024-06-20
7529,Week 4,2024-07-18
7529,Week 8,2024-08-15
7529,Week 12,2024-09-12
7530,Baseline,2024-05-28
7530,Week 4,2024-06-25
7530,Week 8,2024-07-23
7530,Week 12,2024-08-20
7531,Baseline,2024-03-28
7531,Week 4,2024-04-25
7531,Week 8,2024-05-23
7531,Week 12,2024-06-20
7532,Baseline,2024-05-05
7532,Week 4,2024-06-02
7532,Week 8,2024-06-30
7532,Week 12,2024-07-28
7533,Baseline,2024-04-09
7533,Week 4,2024-05-07
7533,Week 8,2024-06-04
7533,Week 12,2024-07-02
7534,Baseline,2024-02-10
7534,Week 4,2024-03-09
7534,Week 8,2024-04-06
7534,Week 12,2024-05-04
7535,Baseline,2024-03-17
7535,Week 4,2024-04-14
7535,Week 8,2024-05-12
7535,Week 12,2024-06-09
7536,Baseline,2024-02-05
7536,Week 4,2024-03-04
7536,Week 8,2024-04-01
7536,Week 12,2024-04-29
7537,Baseline,2024-04-12
7537,Week 4,2024-05-10
7537,Week 8,2024-06-07
7537,Week 12,2024-07-05
7538,Baseline,2024-05-09
7538,Week 4,2024-06-06
7538,Week 8,2024-07-04
7538,Week 12,2024-08-01
7539,Baseline,2024-06-13
7539,Week 4,2024-07-11
7539,Week 8,2024-08-08
7539,Week 12,2024-09-05
7540,Baseline,2024-06-21
7540,Week 4,2024-07-19
7540,Week 8,2024-08-16
7540,Week 12,2024-09-13
7541,Baseline,2024-02-23
7541,Week 4,2024-03-22
7541,Week 8,2024-04-19
7541,Week 12,2024-05-17
7542,Baseline,2024-05-14
7542,Week 4,2024-06-11
7542,Week 8,2024-07-09
7542,Week 12,2024-08-06
7543,Baseline,2024-02-27
7543,Week 4,2024-03-26
7543,Week 8,2024-04-23
7543,Week 12,2024-05-21
7544,Baseline,2024-05-02
7544,Week 4,2024-05-30
7544,Week 8,2024-06-27
7544,Week 12,2024-07-25
7545,Baseline,2024-05-06
7545,Week 4,2024-06-03
7545,Week 8,2024-07-01
7545,Week 12,2024-07-29
7546,Baseline,2024-06-18
7546,Week 4,2024-07-16
7546,Week 8,2024-08-13
7546,Week 12,2024-09-10
7547,Baseline,2024-06-23
7547,Week 4,2024-07-21
7547,Week 8,2024-08-18
7547,Week 12,2024-09-15
7548,Baseline,2024-02-04
7548,Week 4,2024-03-03
7548,Week 8,2024-03-31
7548,Week 12,2024-04-28
7549,Baseline,2024-04-26
7549,Week 4,2024-05-24
7549,Week 8,2024-06-21
7549,Week 12,2024-07-19
7550,Baseline,2024-01-30
7550,Week 4,2024-02-27
7550,Week 8,2024-03-26
7550,Week 12,2024-04-23
7551,Baseline,2024-05-04
7551,Week 4,2024-06-01
7551,Week 8,2024-06-29
7551,Week 12,2024-07-27
7552,Baseline,2024-05-08
7552,Week 4,2024-06-05
7552,Week 8,2024-07-03
7552,Week 12,2024-07-31
7553,Baseline,2024-04-14
7553,Week 4,2024-05-12
7553,Week 8,2024-06-09
7553,Week 12,2024-07-07
7554,Baseline,2024-06-09
7554,Week 4,2024-07-07
7554,Week 8,2024-08-04
7554,Week 12,2024-09-01
7555,Baseline,2024-03-22
7555,Week 4,2024-04-19
7555,Week 8,2024-05-17
7555,Week 12,2024-06-14
7556,Baseline,2024-05-18
7556,Week 4,2024-06-15
7556,Week 8,2024-07-13
7556,Week 12,2024-08-10
7557,Baseline,2024-03-31
7557,Week 4,2024-04-28
7557,Week 8,2024-05-26
7557,Week 12,2024-06-23
7558,Baseline,2024-03-10
7558,Week 4,2024-04-07
7558,Week 8,2024-05-05
7558,Week 12,2024-06-02
7559,Baseline,2024-03-27
7559,Week 4,2024-04-24
7559,Week 8,2024-05-22
7559,Week 12,2024-06-19
7560,Baseline,2024-03-26
7560,Week 4,2024-04-23
7560,Week 8,2024-05-21
7560,Week 12,2024-06-18
7561,Baseline,2024-02-13
7561,Week 4,2024-03-12
7561,Week 8,2024-04-09
7561,Week 12,2024-05-07
7562,Baseline,2024-04-24
7562,Week 4,2024-05-22
7562,Week 8,2024-06-19
7562,Week 12,2024-07-17
7563,Baseline,2024-01-28
7563,Week 4,2024-02-25
7563,Week 8,2024-03-24
7563,Week 12,2024-04-21
7564,Baseline,2024-05-13
7564,Week 4,2024-06-10
7564,Week 8,2024-07-08
7564,Week 12,2024-08-05
7565,Baseline,2024-03-04
7565,Week 4,2024-04-01
7565,Week 8,2024-04-29
7565,Week 12,2024-05-27
7566,Baseline,2024-05-16
7566,Week 4,2024-06-13
7566,Week 8,2024-07-11
7566,Week 12,2024-08-08
7567,Baseline,2024-06-27
7567,Week 4,2024-07-25
7567,Week 8,2024-08-22
7567,Week 12,2024-09-19
7568,Baseline,2024-04-23
7568,Week 4,2024-05-21
7568,Week 8,2024-06-18
7568,Week 12,2024-07-16
7569,Baseline,2024-04-15
7569,Week 4,2024-05-13
7569,Week 8,2024-06-10
7569,Week 12,2024-07-08
7570,Baseline,2024-06-06
7570,Week 4,2024-07-04
7570,Week 8,2024-08-01
7570,Week 12,2024-08-29
7571,Baseline,2024-01-04
7571,Week 4,2024-02-01
7571,Week 8,2024-02-29
7571,Week 12,2024-03-28
7572,Baseline,2024-03-20
7572,Week 4,2024-04-17
7572,Week 8,2024-05-15
7572,Week 12,2024-06-12
7573,Baseline,2024-03-09
7573,Week 4,2024-04-06
7573,Week 8,2024-05-04
7573,Week 12,2024-06-01
7574,Baseline,2024-04-24
7574,Week 4,2024-05-22
7574,Week 8,2024-06-19
7574,Week 12,2024-07-17
7575,Baseline,2024-03-05
7575,Week 4,2024-04-02
7575,Week 8,2024-04-30
7575,Week 12,2024-05-28
7576,Baseline,2024-04-05
7576,Week 4,2024-05-03
7576,Week 8,2024-05-31
7576,Week 12,2024-06-28
7577,Baseline,2024-03-30
7577,Week 4,2024-04-27
7577,Week 8,2024-05-25
7577,Week 12,2024-06-22
7578,Baseline,2024-04-26
7578,Week 4,2024-05-24
7578,Week 8,2024-06-21
7578,Week 12,2024-07-19
7579,Baseline,2024-01-06
7579,Week 4,2024-02-03
7579,Week 8,2024-03-02
7579,Week 12,2024-03-30
7580,Baseline,2024-01-04
7580,Week 4,2024-02-01
7580,Week 8,2024-02-29
7580,Week 12,2024-03-28
7581,Baseline,2024-03-02
7581,Week 4,2024-03-30
7581,Week 8,2024-04-27
7581,Week 12,2024-05-25
7582,Baseline,2024-01-30
7582,Week 4,2024-02-27
7582,Week 8,2024-03-26
7582,Week 12,2024-04-23
7583,Baseline,2024-03-08
7583,Week 4,2024-04-05
7583,Week 8,2024-05-03
7583,Week 12,2024-05-31
7584,Baseline,2024-04-02
7584,Week 4,2024-04-30
7584,Week 8,2024-05-28
7584,Week 12,2024-06-25
7585,Baseline,2024-03-10
7585,Week 4,2024-04-07
7585,Week 8,2024-05-05
7585,Week 12,2024-06-02
7586,Baseline,2024-02-22
7586,Week 4,2024-03-21
7586,Week 8,2024-04-18
7586,Week 12,2024-05-16
7587,Baseline,2024-04-29
7587,Week 4,2024-05-27
7587,Week 8,2024-06-24
7587,Week 12,2024-07-22
7588,Baseline,2024-05-29
7588,Week 4,2024-06-26
7588,Week 8,2024-07-24
7588,Week 12,2024-08-21
7589,Baseline,2024-06-11
7589,Week 4,2024-07-09
7589,Week 8,2024-08-06
7589,Week 12,2024-09-03
7590,Baseline,2024-02-29
7590,Week 4,2024-03-28
7590,Week 8,2024-04-25
7590,Week 12,2024-05-23
7591,Baseline,2024-01-23
7591,Week 4,2024-02-20
7591,Week 8,2024-03-19
7591,Week 12,2024-04-16
7592,Baseline,2024-05-15
7592,Week 4,2024-06-12
7592,Week 8,2024-07-10
7592,Week 12,2024-08-07
7593,Baseline,2024-06-04
7593,Week 4,2024-07-02
7593,Week 8,2024-07-30
7593,Week 12,2024-08-27
7594,Baseline,2024-03-31
7594,Week 4,2024-04-28
7594,Week 8,2024-05-26
7594,Week 12,2024-06-23
7595,Baseline,2024-01-15
7595,Week 4,2024-02-12
7595,Week 8,2024-03-11
7595,Week 12,2024-04-08
7596,Baseline,2024-05-19
7596,Week 4,2024-06-16
7596,Week 8,2024-07-14
7596,Week 12,2024-08-11
7597,Baseline,2024-02-17
7597,Week 4,2024-03-16
7597,Week 8,2024-04-13
7597,Week 12,2024-05-11
7598,Baseline,2024-01-25
7598,Week 4,2024-02-22
7598,Week 8,2024-03-21
7598,Week 12,2024-04-18
7599,Baseline,2024-02-19
7599,Week 4,2024-03-18
7599,Week 8,2024-04-15
7599,Week 12,2024-05-13
7600,Baseline,2024-01-16
7600,Week 4,2024-02-13
7600,Week 8,2024-03-12
7600,Week 12,2024-04-09
7601,Baseline,2024-04-17
7601,Week 4,2024-05-15
7601,Week 8,2024-06-12
7601,Week 12,2024-07-10
7602,Baseline,2024-02-15
7602,Week 4,2024-03-14
7602,Week 8,2024-04-11
7602,Week 12,2024-05-09
7603,Baseline,2024-03-11
7603,Week 4,2024-04-08
7603,Week 8,2024-05-06
7603,Week 12,2024-06-03
7604,Baseline,2024-04-10
7604,Week 4,2024-05-08
7604,Week 8,2024-06-05
7604,Week 12,2024-07-03
7605,Baseline,2024-01-09
7605,Week 4,2024-02-06
7605,Week 8,2024-03-05
7605,Week 12,2024-04-02
7606,Baseline,2024-05-06
7606,Week 4,2024-06-03
7606,Week 8,2024-07-01
7606,Week 12,2024-07-29
7607,Baseline,2024-02-06
7607,Week 4,2024-03-05
7607,Week 8,2024-04-02
7607,Week 12,2024-04-30
7608,Baseline,2024-05-14
7608,Week 4,2024-06-11
7608,Week 8,2024-07-09
7608,Week 12,2024-08-06
7609,Baseline,2024-02-21
7609,Week 4,2024-03-20
7609,Week 8,2024-04-17
7609,Week 12,2024-05-15
7610,Baseline,2024-02-11
7610,Week 4,2024-03-10
7610,Week 8,2024-04-07
7610,Week 12,2024-05-05
7611,Baseline,2024-06-09
7611,Week 4,2024-07-07
7611,Week 8,2024-08-04
7611,Week 12,2024-09-01
7612,Baseline,2024-04-23
7612,Week 4,2024-05-21
7612,Week 8,2024-06-18
7612,Week 12,2024-07-16
7613,Baseline,2024-05-01
7613,Week 4,2024-05-29
7613,Week 8,2024-06-26
7613,Week 12,2024-07-24
7614,Baseline,2024-02-09
7614,Week 4,2024-03-08
7614,Week 8,2024-04-05
7614,Week 12,2024-05-03
7615,Baseline,2024-03-28
7615,Week 4,2024-04-25
7615,Week 8,2024-05-23
7615,Week 12,2024-06-20
7616,Baseline,2024-06-12
7616,Week 4,2024-07-10
7616,Week 8,2024-08-07
7616,Week 12,2024-09-04
7617,Baseline,2024-01-12
7617,Week 4,2024-02-09
7617,Week 8,2024-03-08
7617,Week 12,2024-04-05
7618,Baseline,2024-05-24
7618,Week 4,2024-06-21
7618,Week 8,2024-07-19
7618,Week 12,2024-08-16
7619,Baseline,2024-06-02
7619,Week 4,2024-06-30
7619,Week 8,2024-07-28
7619,Week 12,2024-08-25
7620,Baseline,2024-01-29
7620,Week 4,2024-02-26
7620,Week 8,2024-03-25
7620,Week 12,2024-04-22
7621,Baseline,2024-01-31
7621,Week 4,2024-02-28
7621,Week 8,2024-03-27
7621,Week 12,2024-04-24
7622,Baseline,2024-05-15
7622,Week 4,2024-06-12
7622,Week 8,2024-07-10
7622,Week 12,2024-08-07
7623,Baseline,2024-06-16
7623,Week 4,2024-07-14
7623,Week 8,2024-08-11
7623,Week 12,2024-09-08
7624,Baseline,2024-02-14
7624,Week 4,2024-03-13
7624,Week 8,2024-04-10
7624,Week 12,2024-05-08
7625,Baseline,2024-04-08
7625,Week 4,2024-05-06
7625,Week 8,2024-06-03
7625,Week 12,2024-07-01
7626,Baseline,2024-06-25
7626,Week 4,2024-07-23
7626,Week 8,2024-08-20
7626,Week 12,2024-09-17
7627,Baseline,2024-04-21
7627,Week 4,2024-05-19
7627,Week 8,2024-06-16
7627,Week 12,2024-07-14
7628,Baseline,2024-02-27
7628,Week 4,2024-03-26
7628,Week 8,2024-04-23
7628,Week 12,2024-05-21
7629,Baseline,2024-04-29
7629,Week 4,2024-05-27
7629,Week 8,2024-06-24
7629,Week 12,2024-07-22
7630,Baseline,2024-03-03
7630,Week 4,2024-03-31
7630,Week 8,2024-04-28
7630,Week 12,2024-05-26
7631,Baseline,2024-05-18
7631,Week 4,2024-06-15
7631,Week 8,2024-07-13
7631,Week 12,2024-08-10
7632,Baseline,2024-05-25
7632,Week 4,2024-06-22
7632,Week 8,2024-07-20
7632,Week 12,2024-08-17
7633,Baseline,2024-01-16
7633,Week 4,2024-02-13
7633,Week 8,2024-03-12
7633,Week 12,2024-04-09
7634,Baseline,2024-02-04
7634,Week 4,2024-03-03
7634,Week 8,2024-03-31
7634,Week 12,2024-04-28
7635,Baseline,2024-06-10
7635,Week 4,2024-07-08
7635,Week 8,2024-08-05
7635,Week 12,2024-09-02
7636,Baseline,2024-04-03
7636,Week 4,2024-05-01
7636,Week 8,2024-05-29
7636,Week 12,2024-06-26
7637,Baseline,2024-04-22
7637,Week 4,2024-05-20
7637,Week 8,2024-06-17
7637,Week 12,2024-07-15
7638,Baseline,2024-04-22
7638,Week 4,2024-05-20
7638,Week 8,2024-06-17
7638,Week 12,2024-07-15
7639,Baseline,2024-05-28
7639,Week 4,2024-06-25
7639,Week 8,2024-07-23
7639,Week 12,2024-08-20
7640,Baseline,2024-02-12
7640,Week 4,2024-03-11
7640,Week 8,2024-04-08
7640,Week 12,2024-05-06
7641,Baseline,2024-03-26
7641,Week 4,2024-04-23
7641,Week 8,2024-05-21
7641,Week 12,2024-06-18
7642,Baseline,2024-01-15
7642,Week 4,2024-02-12
7642,Week 8,2024-03-11
7642,Week 12,2024-04-08
7643,Baseline,2024-05-16
7643,Week 4,2024-06-13
7643,Week 8,2024-07-11
7643,Week 12,2024-08-08
7644,Baseline,2024-03-28
7644,Week 4,2024-04-25
7644,Week 8,2024-05-23
7644,Week 12,2024-06-20
7645,Baseline,2024-04-12
7645,Week 4,2024-05-10
7645,Week 8,2024-06-07
7645,Week 12,2024-07-05
7646,Baseline,2024-06-26
7646,Week 4,2024-07-24
7646,Week 8,2024-08-21
7646,Week 12,2024-09-18
7647,Baseline,2024-02-17
7647,Week 4,2024-03-16
7647,Week 8,2024-04-13
7647,Week 12,2024-05-11
7648,Baseline,2024-06-17
7648,Week 4,2024-07-15
7648,Week 8,2024-08-12
7648,Week 12,2024-09-09
7649,Baseline,2024-06-14
7649,Week 4,2024-07-12
7649,Week 8,2024-08-09
7649,Week 12,2024-09-06
7650,Baseline,2024-01-09
7650,Week 4,2024-02-06
7650,Week 8,2024-03-05
7650,Week 12,2024-04-02
7651,Baseline,2024-01-26
7651,Week 4,2024-02-23
7651,Week 8,2024-03-22
7651,Week 12,2024-04-19
7652,Baseline,2024-02-25
7652,Week 4,2024-03-24
7652,Week 8,2024-04-21
7652,Week 12,2024-05-19
7653,Baseline,2024-02-11
7653,Week 4,2024-03-10
7653,Week 8,2024-04-07
7653,Week 12,2024-05-05
7654,Baseline,2024-04-27
7654,Week 4,2024-05-25
7654,Week 8,2024-06-22
7654,Week 12,2024-07-20
7655,Baseline,2024-04-20
7655,Week 4,2024-05-18
7655,Week 8,2024-06-15
7655,Week 12,2024-07-13
7656,Baseline,2024-04-28
7656,Week 4,2024-05-26
7656,Week 8,2024-06-23
7656,Week 12,2024-07-21
7657,Baseline,2024-04-23
7657,Week 4,2024-05-21
7657,Week 8,2024-06-18
7657,Week 12,2024-07-16
7658,Baseline,2024-02-24
7658,Week 4,2024-03-23
7658,Week 8,2024-04-20
7658,Week 12,2024-05-18
7659,Baseline,2024-05-15
7659,Week 4,2024-06-12
7659,Week 8,2024-07-10
7659,Week 12,2024-08-07
7660,Baseline,2024-01-14
7660,Week 4,2024-02-11
7660,Week 8,2024-03-10
7660,Week 12,2024-04-07
7661,Baseline,2024-06-09
7661,Week 4,2024-07-07
7661,Week 8,2024-08-04
7661,Week 12,2024-09-01
7662,Baseline,2024-01-31
7662,Week 4,2024-02-28
7662,Week 8,2024-03-27
7662,Week 12,2024-04-24
7663,Baseline,2024-05-29
7663,Week 4,2024-06-26
7663,Week 8,2024-07-24
7663,Week 12,2024-08-21
7664,Baseline,2024-04-07
7664,Week 4,2024-05-05
7664,Week 8,2024-06-02
7664,Week 12,2024-06-30
7665,Baseline,2024-05-18
7665,Week 4,2024-06-15
7665,Week 8,2024-07-13
7665,Week 12,2024-08-10
7666,Baseline,2024-02-18
7666,Week 4,2024-03-17
7666,Week 8,2024-04-14
7666,Week 12,2024-05-12
7667,Baseline,2024-04-01
7667,Week 4,2024-04-29
7667,Week 8,2024-05-27
7667,Week 12,2024-06-24
7668,Baseline,2024-02-17
7668,Week 4,2024-03-16
7668,Week 8,2024-04-13
7668,Week 12,2024-05-11
7669,Baseline,2024-06-01
7669,Week 4,2024-06-29
7669,Week 8,2024-07-27
7669,Week 12,2024-08-24
7670,Baseline,2024-04-01
7670,Week 4,2024-04-29
7670,Week 8,2024-05-27
7670,Week 12,2024-06-24
7671,Baseline,2024-01-24
7671,Week 4,2024-02-21
7671,Week 8,2024-03-20
7671,Week 12,2024-04-17
7672,Baseline,2024-01-15
7672,Week 4,2024-02-12
7672,Week 8,2024-03-11
7672,Week 12,2024-04-08
7673,Baseline,2024-02-01
7673,Week 4,2024-02-29
7673,Week 8,2024-03-28
7673,Week 12,2024-04-25
7674,Baseline,2024-01-09
7674,Week 4,2024-02-06
7674,Week 8,2024-03-05
7674,Week 12,2024-04-02
7675,Baseline,2024-01-19
7675,Week 4,2024-02-16
7675,Week 8,2024-03-15
7675,Week 12,2024-04-12
7676,Baseline,2024-01-20
7676,Week 4,2024-02-17
7676,Week 8,2024-03-16
7676,Week 12,2024-04-13
7677,Baseline,2024-04-01
7677,Week 4,2024-04-29
7677,Week 8,2024-05-27
7677,Week 12,2024-06-24
7678,Baseline,2024-06-11
7678,Week 4,2024-07-09
7678,Week 8,2024-08-06
7678,Week 12,2024-09-03
7679,Baseline,2024-01-04
7679,Week 4,2024-02-01
7679,Week 8,2024-02-29
7679,Week 12,2024-03-28
7680,Baseline,2024-04-01
7680,Week 4,2024-04-29
7680,Week 8,2024-05-27
7680,Week 12,2024-06-24
7681,Baseline,2024-05-07
7681,Week 4,2024-06-04
7681,Week 8,2024-07-02
7681,Week 12,2024-07-30
7682,Baseline,2024-01-19
7682,Week 4,2024-02-16
7682,Week 8,2024-03-15
7682,Week 12,2024-04-12
7683,Baseline,2024-06-01
7683,Week 4,2024-06-29
7683,Week 8,2024-07-27
7683,Week 12,2024-08-24
7684,Baseline,2024-02-05
7684,Week 4,2024-03-04
7684,Week 8,2024-04-01
7684,Week 12,2024-04-29
7685,Baseline,2024-02-06
7685,Week 4,2024-03-05
7685,Week 8,2024-04-02
7685,Week 12,2024-04-30
7686,Baseline,2024-06-21
7686,Week 4,2024-07-19
7686,Week 8,2024-08-16
7686,Week 12,2024-09-13
7687,Baseline,2024-06-17
7687,Week 4,2024-07-15
7687,Week 8,2024-08-12
7687,Week 12,2024-09-09
7688,Baseline,2024-05-13
7688,Week 4,2024-06-10
7688,Week 8,2024-07-08
7688,Week 12,2024-08-05
7689,Baseline,2024-02-12
7689,Week 4,2024-03-11
7689,Week 8,2024-04-08
7689,Week 12,2024-05-06
7690,Baseline,2024-04-01
7690,Week 4,2024-04-29
7690,Week 8,2024-05-27
7690,Week 12,2024-06-24
7691,Baseline,2024-01-28
7691,Week 4,2024-02-25
7691,Week 8,2024-03-24
7691,Week 12,2024-04-21
7692,Baseline,2024-06-19
7692,Week 4,2024-07-17
7692,Week 8,2024-08-14
7692,Week 12,2024-09-11
7693,Baseline,2024-03-31
7693,Week 4,2024-04-28
7693,Week 8,2024-05-26
7693,Week 12,2024-06-23
7694,Baseline,2024-04-03
7694,Week 4,2024-05-01
7694,Week 8,2024-05-29
7694,Week 12,2024-06-26
7695,Baseline,2024-01-14
7695,Week 4,2024-02-11
7695,Week 8,2024-03-10
7695,Week 12,2024-04-07
7696,Baseline,2024-01-25
7696,Week 4,2024-02-22
7696,Week 8,2024-03-21
7696,Week 12,2024-04-18
7697,Baseline,2024-03-03
7697,Week 4,2024-03-31
7697,Week 8,2024-04-28
7697,Week 12,2024-05-26
7698,Baseline,2024-03-21
7698,Week 4,2024-04-18
7698,Week 8,2024-05-16
7698,Week 12,2024-06-13
7699,Baseline,2024-06-20
7699,Week 4,2024-07-18
7699,Week 8,2024-08-15
7699,Week 12,2024-09-12
7700,Baseline,2024-01-22
7700,Week 4,2024-02-19
7700,Week 8,2024-03-18
7700,Week 12,2024-04-15
7701,Baseline,2024-06-21
7701,Week 4,2024-07-19
7701,Week 8,2024-08-16
7701,Week 12,2024-09-13
7702,Baseline,2024-03-05
7702,Week 4,2024-04-02
7702,Week 8,2024-04-30
7702,Week 12,2024-05-28
7703,Baseline,2024-05-05
7703,Week 4,2024-06-02
7703,Week 8,2024-06-30
7703,Week 12,2024-07-28
7704,Baseline,2024-06-08
7704,Week 4,2024-07-06
7704,Week 8,2024-08-03
7704,Week 12,2024-08-31
7705,Baseline,2024-01-19
7705,Week 4,2024-02-16
7705,Week 8,2024-03-15
7705,Week 12,2024-04-12
7706,Baseline,2024-01-04
7706,Week 4,2024-02-01
7706,Week 8,2024-02-29
7706,Week 12,2024-03-28
7707,Baseline,2024-02-15
7707,Week 4,2024-03-14
7707,Week 8,2024-04-11
7707,Week 12,2024-05-09
7708,Baseline,2024-05-01
7708,Week 4,2024-05-29
7708,Week 8,2024-06-26
7708,Week 12,2024-07-24
7709,Baseline,2024-06-19
7709,Week 4,2024-07-17
7709,Week 8,2024-08-14
7709,Week 12,2024-09-11
7710,Baseline,2024-01-06
7710,Week 4,2024-02-03
7710,Week 8,2024-03-02
7710,Week 12,2024-03-30
7711,Baseline,2024-05-03
7711,Week 4,2024-05-31
7711,Week 8,2024-06-28
7711,Week 12,2024-07-26
7712,Baseline,2024-03-02
7712,Week 4,2024-03-30
7712,Week 8,2024-04-27
7712,Week 12,2024-05-25
7713,Baseline,2024-03-03
7713,Week 4,2024-03-31
7713,Week 8,2024-04-28
7713,Week 12,2024-05-26
7714,Baseline,2024-02-20
7714,Week 4,2024-03-19
7714,Week 8,2024-04-16
7714,Week 12,2024-05-14
7715,Baseline,2024-03-10
7715,Week 4,2024-04-07
7715,Week 8,2024-05-05
7715,Week 12,2024-06-02
7716,Baseline,2024-03-13
7716,Week 4,2024-04-10
7716,Week 8,2024-05-08
7716,Week 12,2024-06-05
7717,Baseline,2024-05-18
7717,Week 4,2024-06-15
7717,Week 8,2024-07-13
7717,Week 12,2024-08-10
7718,Baseline,2024-04-24
7718,Week 4,2024-05-22
7718,Week 8,2024-06-19
7718,Week 12,2024-07-17
7719,Baseline,2024-04-29
7719,Week 4,2024-05-27
7719,Week 8,2024-06-24
7719,Week 12,2024-07-22
7720,Baseline,2024-04-16
7720,Week 4,2024-05-14
7720,Week 8,2024-06-11
7720,Week 12,2024-07-09
7721,Baseline,2024-03-29
7721,Week 4,2024-04-26
7721,Week 8,2024-05-24
7721,Week 12,2024-06-21
7722,Baseline,2024-02-09
7722,Week 4,2024-03-08
7722,Week 8,2024-04-05
7722,Week 12,2024-05-03
7723,Baseline,2024-04-22
7723,Week 4,2024-05-20
7723,Week 8,2024-06-17
7723,Week 12,2024-07-15
7724,Baseline,2024-01-01
7724,Week 4,2024-01-29
7724,Week 8,2024-02-26
7724,Week 12,2024-03-25
7725,Baseline,2024-03-17
7725,Week 4,2024-04-14
7725,Week 8,2024-05-12
7725,Week 12,2024-06-09
7726,Baseline,2024-02-07
7726,Week 4,2024-03-06
7726,Week 8,2024-04-03
7726,Week 12,2024-05-01
7727,Baseline,2024-01-16
7727,Week 4,2024-02-13
7727,Week 8,2024-03-12
7727,Week 12,2024-04-09
7728,Baseline,2024-01-25
7728,Week 4,2024-02-22
7728,Week 8,2024-03-21
7728,Week 12,2024-04-18
7729,Baseline,2024-05-02
7729,Week 4,2024-05-30
7729,Week 8,2024-06-27
7729,Week 12,2024-07-25
7730,Baseline,2024-01-14
7730,Week 4,2024-02-11
7730,Week 8,2024-03-10
7730,Week 12,2024-04-07
7731,Baseline,2024-01-27
7731,Week 4,2024-02-24
7731,Week 8,2024-03-23
7731,Week 12,2024-04-20
7732,Baseline,2024-06-14
7732,Week 4,2024-07-12
7732,Week 8,2024-08-09
7732,Week 12,2024-09-06
7733,Baseline,2024-05-26
7733,Week 4,2024-06-23
7733,Week 8,2024-07-21
7733,Week 12,2024-08-18
7734,Baseline,2024-03-02
7734,Week 4,2024-03-30
7734,Week 8,2024-04-27
7734,Week 12,2024-05-25
7735,Baseline,2024-04-12
7735,Week 4,2024-05-10
7735,Week 8,2024-06-07
7735,Week 12,2024-07-05
7736,Baseline,2024-06-25
7736,Week 4,2024-07-23
7736,Week 8,2024-08-20
7736,Week 12,2024-09-17
7737,Baseline,2024-01-29
7737,Week 4,2024-02-26
7737,Week 8,2024-03-25
7737,Week 12,2024-04-22
7738,Baseline,2024-05-19
7738,Week 4,2024-06-16
7738,Week 8,2024-07-14
7738,Week 12,2024-08-11
7739,Baseline,2024-06-13
7739,Week 4,2024-07-11
7739,Week 8,2024-08-08
7739,Week 12,2024-09-05
7740,Baseline,2024-06-13
7740,Week 4,2024-07-11
7740,Week 8,2024-08-08
7740,Week 12,2024-09-05
7741,Baseline,2024-02-01
7741,Week 4,2024-02-29
7741,Week 8,2024-03-28
7741,Week 12,2024-04-25
7742,Baseline,2024-05-28
7742,Week 4,2024-06-25
7742,Week 8,2024-07-23
7742,Week 12,2024-08-20
7743,Baseline,2024-03-07
7743,Week 4,2024-04-04
7743,Week 8,2024-05-02
7743,Week 12,2024-05-30
7744,Baseline,2024-01-09
7744,Week 4,2024-02-06
7744,Week 8,2024-03-05
7744,Week 12,2024-04-02
7745,Baseline,2024-03-21
7745,Week 4,2024-04-18
7745,Week 8,2024-05-16
7745,Week 12,2024-06-13
7746,Baseline,2024-01-04
7746,Week 4,2024-02-01
7746,Week 8,2024-02-29
7746,Week 12,2024-03-28
7747,Baseline,2024-06-04
7747,Week 4,2024-07-02
7747,Week 8,2024-07-30
7747,Week 12,2024-08-27
7748,Baseline,2024-01-01
7748,Week 4,2024-01-29
7748,Week 8,2024-02-26
7748,Week 12,2024-03-25
7749,Baseline,2024-05-08
7749,Week 4,2024-06-05
7749,Week 8,2024-07-03
7749,Week 12,2024-07-31
7750,Baseline,2024-04-28
7750,Week 4,2024-05-26
7750,Week 8,2024-06-23
7750,Week 12,2024-07-21
7751,Baseline,2024-02-17
7751,Week 4,2024-03-16
7751,Week 8,2024-04-13
7751,Week 12,2024-05-11
7752,Baseline,2024-01-22
7752,Week 4,2024-02-19
7752,Week 8,2024-03-18
7752,Week 12,2024-04-15
7753,Baseline,2024-01-13
7753,Week 4,2024-02-10
7753,Week 8,2024-03-09
7753,Week 12,2024-04-06
7754,Baseline,2024-05-02
7754,Week 4,2024-05-30
7754,Week 8,2024-06-27
7754,Week 12,2024-07-25
7755,Baseline,2024-01-02
7755,Week 4,2024-01-30
7755,Week 8,2024-02-27
7755,Week 12,2024-03-26
7756,Baseline,2024-01-25
7756,Week 4,2024-02-22
7756,Week 8,2024-03-21
7756,Week 12,2024-04-18
7757,Baseline,2024-05-24
7757,Week 4,2024-06-21
7757,Week 8,2024-07-19
7757,Week 12,2024-08-16
7758,Baseline,2024-05-24
7758,Week 4,2024-06-21
7758,Week 8,2024-07-19
7758,Week 12,2024-08-16
7759,Baseline,2024-01-10
7759,Week 4,2024-02-07
7759,Week 8,2024-03-06
7759,Week 12,2024-04-03
7760,Baseline,2024-01-24
7760,Week 4,2024-02-21
7760,Week 8,2024-03-20
7760,Week 12,2024-04-17
7761,Baseline,2024-02-16
7761,Week 4,2024-03-15
7761,Week 8,2024-04-12
7761,Week 12,2024-05-10
7762,Baseline,2024-06-05
7762,Week 4,2024-07-03
7762,Week 8,2024-07-31
7762,Week 12,2024-08-28
7763,Baseline,2024-04-30
7763,Week 4,2024-05-28
7763,Week 8,2024-06-25
7763,Week 12,2024-07-23
7764,Baseline,2024-03-16
7764,Week 4,2024-04-13
7764,Week 8,2024-05-11
7764,Week 12,2024-06-08
7765,Baseline,2024-05-03
7765,Week 4,2024-05-31
7765,Week 8,2024-06-28
7765,Week 12,2024-07-26
7766,Baseline,2024-02-29
7766,Week 4,2024-03-28
7766,Week 8,2024-04-25
7766,Week 12,2024-05-23
7767,Baseline,2024-03-28
7767,Week 4,2024-04-25
7767,Week 8,2024-05-23
7767,Week 12,2024-06-20
7768,Baseline,2024-03-11
7768,Week 4,2024-04-08
7768,Week 8,2024-05-06
7768,Week 12,2024-06-03
7769,Baseline,2024-01-15
7769,Week 4,2024-02-12
7769,Week 8,2024-03-11
7769,Week 12,2024-04-08
7770,Baseline,2024-01-30
7770,Week 4,2024-02-27
7770,Week 8,2024-03-26
7770,Week 12,2024-04-23
7771,Baseline,2024-06-18
7771,Week 4,2024-07-16
7771,Week 8,2024-08-13
7771,Week 12,2024-09-10
7772,Baseline,2024-04-02
7772,Week 4,2024-04-30
7772,Week 8,2024-05-28
7772,Week 12,2024-06-25
7773,Baseline,2024-02-20
7773,Week 4,2024-03-19
7773,Week 8,2024-04-16
7773,Week 12,2024-05-14
7774,Baseline,2024-05-14
7774,Week 4,2024-06-11
7774,Week 8,2024-07-09
7774,Week 12,2024-08-06
7775,Baseline,2024-01-27
7775,Week 4,2024-02-24
7775,Week 8,2024-03-23
7775,Week 12,2024-04-20
7776,Baseline,2024-03-10
7776,Week 4,2024-04-07
7776,Week 8,2024-05-05
7776,Week 12,2024-06-02
7777,Baseline,2024-03-21
7777,Week 4,2024-04-18
7777,Week 8,2024-05-16
7777,Week 12,2024-06-13
7778,Baseline,2024-05-11
7778,Week 4,2024-06-08
7778,Week 8,2024-07-06
7778,Week 12,2024-08-03
7779,Baseline,2024-03-18
7779,Week 4,2024-04-15
7779,Week 8,2024-05-13
7779,Week 12,2024-06-10
7780,Baseline,2024-05-12
7780,Week 4,2024-06-09
7780,Week 8,2024-07-07
7780,Week 12,2024-08-04
7781,Baseline,2024-06-25
7781,Week 4,2024-07-23
7781,Week 8,2024-08-20
7781,Week 12,2024-09-17
7782,Baseline,2024-03-20
7782,Week 4,2024-04-17
7782,Week 8,2024-05-15
7782,Week 12,2024-06-12
7783,Baseline,2024-05-18
7783,Week 4,2024-06-15
7783,Week 8,2024-07-13
7783,Week 12,2024-08-10
7784,Baseline,2024-05-11
7784,Week 4,2024-06-08
7784,Week 8,2024-07-06
7784,Week 12,2024-08-03
7785,Baseline,2024-01-06
7785,Week 4,2024-02-03
7785,Week 8,2024-03-02
7785,Week 12,2024-03-30
7786,Baseline,2024-05-16
7786,Week 4,2024-06-13
7786,Week 8,2024-07-11
7786,Week 12,2024-08-08
7787,Baseline,2024-06-03
7787,Week 4,2024-07-01
7787,Week 8,2024-07-29
7787,Week 12,2024-08-26
7788,Baseline,2024-01-12
7788,Week 4,2024-02-09
7788,Week 8,2024-03-08
7788,Week 12,2024-04-05
7789,Baseline,2024-02-06
7789,Week 4,2024-03-05
7789,Week 8,2024-04-02
7789,Week 12,2024-04-30
7790,Baseline,2024-03-31
7790,Week 4,2024-04-28
7790,Week 8,2024-05-26
7790,Week 12,2024-06-23
7791,Baseline,2024-04-12
7791,Week 4,2024-05-10
7791,Week 8,2024-06-07
7791,Week 12,2024-07-05
7792,Baseline,2024-01-20
7792,Week 4,2024-02-17
7792,Week 8,2024-03-16
7792,Week 12,2024-04-13
7793,Baseline,2024-01-09
7793,Week 4,2024-02-06
7793,Week 8,2024-03-05
7793,Week 12,2024-04-02
7794,Baseline,2024-01-08
7794,Week 4,2024-02-05
7794,Week 8,2024-03-04
7794,Week 12,2024-04-01
7795,Baseline,2024-02-23
7795,Week 4,2024-03-22
7795,Week 8,2024-04-19
7795,Week 12,2024-05-17
7796,Baseline,2024-01-09
7796,Week 4,2024-02-06
7796,Week 8,2024-03-05
7796,Week 12,2024-04-02
7797,Baseline,2024-03-19
7797,Week 4,2024-04-16
7797,Week 8,2024-05-14
7797,Week 12,2024-06-11
7798,Baseline,2024-05-10
7798,Week 4,2024-06-07
7798,Week 8,2024-07-05
7798,Week 12,2024-08-02
7799,Baseline,2024-01-23
7799,Week 4,2024-02-20
7799,Week 8,2024-03-19
7799,Week 12,2024-04-16
7800,Baseline,2024-02-23
7800,Week 4,2024-03-22
7800,Week 8,2024-04-19
7800,Week 12,2024-05-17
7801,Baseline,2024-03-04
7801,Week 4,2024-04-01
7801,Week 8,2024-04-29
7801,Week 12,2024-05-27
7802,Baseline,2024-05-25
7802,Week 4,2024-06-22
7802,Week 8,2024-07-20
7802,Week 12,2024-08-17
7803,Baseline,2024-04-10
7803,Week 4,2024-05-08
7803,Week 8,2024-06-05
7803,Week 12,2024-07-03
7804,Baseline,2024-04-23
7804,Week 4,2024-05-21
7804,Week 8,2024-06-18
7804,Week 12,2024-07-16
7805,Baseline,2024-02-10
7805,Week 4,2024-03-09
7805,Week 8,2024-04-06
7805,Week 12,2024-05-04
7806,Baseline,2024-05-02
7806,Week 4,2024-05-30
7806,Week 8,2024-06-27
7806,Week 12,2024-07-25
7807,Baseline,2024-05-15
7807,Week 4,2024-06-12
7807,Week 8,2024-07-10
7807,Week 12,2024-08-07
7808,Baseline,2024-06-01
7808,Week 4,2024-06-29
7808,Week 8,2024-07-27
7808,Week 12,2024-08-24
7809,Baseline,2024-04-20
7809,Week 4,2024-05-18
7809,Week 8,2024-06-15
7809,Week 12,2024-07-13
7810,Baseline,2024-05-27
7810,Week 4,2024-06-24
7810,Week 8,2024-07-22
7810,Week 12,2024-08-19
7811,Baseline,2024-05-22
7811,Week 4,2024-06-19
7811,Week 8,2024-07-17
7811,Week 12,2024-08-14
7812,Baseline,2024-01-06
7812,Week 4,2024-02-03
7812,Week 8,2024-03-02
7812,Week 12,2024-03-30
7813,Baseline,2024-01-10
7813,Week 4,2024-02-07
7813,Week 8,2024-03-06
7813,Week 12,2024-04-03
7814,Baseline,2024-01-20
7814,Week 4,2024-02-17
7814,Week 8,2024-03-16
7814,Week 12,2024-04-13
7815,Baseline,2024-05-21
7815,Week 4,2024-06-18
7815,Week 8,2024-07-16
7815,Week 12,2024-08-13
7816,Baseline,2024-05-22
7816,Week 4,2024-06-19
7816,Week 8,2024-07-17
7816,Week 12,2024-08-14
7817,Baseline,2024-06-24
7817,Week 4,2024-07-22
7817,Week 8,2024-08-19
7817,Week 12,2024-09-16
7818,Baseline,2024-04-14
7818,Week 4,2024-05-12
7818,Week 8,2024-06-09
7818,Week 12,2024-07-07
7819,Baseline,2024-04-17
7819,Week 4,2024-05-15
7819,Week 8,2024-06-12
7819,Week 12,2024-07-10
7820,Baseline,2024-02-25
7820,Week 4,2024-03-24
7820,Week 8,2024-04-21
7820,Week 12,2024-05-19
7821,Baseline,2024-06-11
7821,Week 4,2024-07-09
7821,Week 8,2024-08-06
7821,Week 12,2024-09-03
7822,Baseline,2024-05-30
7822,Week 4,2024-06-27
7822,Week 8,2024-07-25
7822,Week 12,2024-08-22
7823,Baseline,2024-06-11
7823,Week 4,2024-07-09
7823,Week 8,2024-08-06
7823,Week 12,2024-09-03
7824,Baseline,2024-04-22
7824,Week 4,2024-05-20
7824,Week 8,2024-06-17
7824,Week 12,2024-07-15
7825,Baseline,2024-01-20
7825,Week 4,2024-02-17
7825,Week 8,2024-03-16
7825,Week 12,2024-04-13
7826,Baseline,2024-06-14
7826,Week 4,2024-07-12
7826,Week 8,2024-08-09
7826,Week 12,2024-09-06
7827,Baseline,2024-04-25
7827,Week 4,2024-05-23
7827,Week 8,2024-06-20
7827,Week 12,2024-07-18
7828,Baseline,2024-03-28
7828,Week 4,2024-04-25
7828,Week 8,2024-05-23
7828,Week 12,2024-06-20
7829,Baseline,2024-03-06
7829,Week 4,2024-04-03
7829,Week 8,2024-05-01
7829,Week 12,2024-05-29
7830,Baseline,2024-05-10
7830,Week 4,2024-06-07
7830,Week 8,2024-07-05
7830,Week 12,2024-08-02
7831,Baseline,2024-03-25
7831,Week 4,2024-04-22
7831,Week 8,2024-05-20
7831,Week 12,2024-06-17
7832,Baseline,2024-01-16
7832,Week 4,2024-02-13
7832,Week 8,2024-03-12
7832,Week 12,2024-04-09
7833,Baseline,2024-03-26
7833,Week 4,2024-04-23
7833,Week 8,2024-05-21
7833,Week 12,2024-06-18
7834,Baseline,2024-03-04
7834,Week 4,2024-04-01
7834,Week 8,2024-04-29
7834,Week 12,2024-05-27
7835,Baseline,2024-06-04
7835,Week 4,2024-07-02
7835,Week 8,2024-07-30
7835,Week 12,2024-08-27
7836,Baseline,2024-02-26
7836,Week 4,2024-03-25
7836,Week 8,2024-04-22
7836,Week 12,2024-05-20
7837,Baseline,2024-03-22
7837,Week 4,2024-04-19
7837,Week 8,2024-05-17
7837,Week 12,2024-06-14
7838,Baseline,2024-05-15
7838,Week 4,2024-06-12
7838,Week 8,2024-07-10
7838,Week 12,2024-08-07
7839,Baseline,2024-02-06
7839,Week 4,2024-03-05
7839,Week 8,2024-04-02
7839,Week 12,2024-04-30
7840,Baseline,2024-03-07
7840,Week 4,2024-04-04
7840,Week 8,2024-05-02
7840,Week 12,2024-05-30
7841,Baseline,2024-06-13
7841,Week 4,2024-07-11
7841,Week 8,2024-08-08
7841,Week 12,2024-09-05
7842,Baseline,2024-05-11
7842,Week 4,2024-06-08
7842,Week 8,2024-07-06
7842,Week 12,2024-08-03
7843,Baseline,2024-01-23
7843,Week 4,2024-02-20
7843,Week 8,2024-03-19
7843,Week 12,2024-04-16
7844,Baseline,2024-02-17
7844,Week 4,2024-03-16
7844,Week 8,2024-04-13
7844,Week 12,2024-05-11
7845,Baseline,2024-03-15
7845,Week 4,2024-04-12
7845,Week 8,2024-05-10
7845,Week 12,2024-06-07
7846,Baseline,2024-04-04
7846,Week 4,2024-05-02
7846,Week 8,2024-05-30
7846,Week 12,2024-06-27
7847,Baseline,2024-05-23
7847,Week 4,2024-06-20
7847,Week 8,2024-07-18
7847,Week 12,2024-08-15
7848,Baseline,2024-05-10
7848,Week 4,2024-06-07
7848,Week 8,2024-07-05
7848,Week 12,2024-08-02
7849,Baseline,2024-05-08
7849,Week 4,2024-06-05
7849,Week 8,2024-07-03
7849,Week 12,2024-07-31
7850,Baseline,2024-04-02
7850,Week 4,2024-04-30
7850,Week 8,2024-05-28
7850,Week 12,2024-06-25
7851,Baseline,2024-03-16
7851,Week 4,2024-04-13
7851,Week 8,2024-05-11
7851,Week 12,2024-06-08
7852,Baseline,2024-01-11
7852,Week 4,2024-02-08
7852,Week 8,2024-03-07
7852,Week 12,2024-04-04
7853,Baseline,2024-04-29
7853,Week 4,2024-05-27
7853,Week 8,2024-06-24
7853,Week 12,2024-07-22
7854,Baseline,2024-03-23
7854,Week 4,2024-04-20
7854,Week 8,2024-05-18
7854,Week 12,2024-06-15
7855,Baseline,2024-02-25
7855,Week 4,2024-03-24
7855,Week 8,2024-04-21
7855,Week 12,2024-05-19
7856,Baseline,2024-03-21
7856,Week 4,2024-04-18
7856,Week 8,2024-05-16
7856,Week 12,2024-06-13
7857,Baseline,2024-04-04
7857,Week 4,2024-05-02
7857,Week 8,2024-05-30
7857,Week 12,2024-06-27
7858,Baseline,2024-05-11
7858,Week 4,2024-06-08
7858,Week 8,2024-07-06
7858,Week 12,2024-08-03
7859,Baseline,2024-04-29
7859,Week 4,2024-05-27
7859,Week 8,2024-06-24
7859,Week 12,2024-07-22
7860,Baseline,2024-05-13
7860,Week 4,2024-06-10
7860,Week 8,2024-07-08
7860,Week 12,2024-08-05
7861,Baseline,2024-03-07
7861,Week 4,2024-04-04
7861,Week 8,2024-05-02
7861,Week 12,2024-05-30
7862,Baseline,2024-06-10
7862,Week 4,2024-07-08
7862,Week 8,2024-08-05
7862,Week 12,2024-09-02
7863,Baseline,2024-03-23
7863,Week 4,2024-04-20
7863,Week 8,2024-05-18
7863,Week 12,2024-06-15
7864,Baseline,2024-04-10
7864,Week 4,2024-05-08
7864,Week 8,2024-06-05
7864,Week 12,2024-07-03
7865,Baseline,2024-05-24
7865,Week 4,2024-06-21
7865,Week 8,2024-07-19
7865,Week 12,2024-08-16
7866,Baseline,2024-05-02
7866,Week 4,2024-05-30
7866,Week 8,2024-06-27
7866,Week 12,2024-07-25
7867,Baseline,2024-03-25
7867,Week 4,2024-04-22
7867,Week 8,2024-05-20
7867,Week 12,2024-06-17
7868,Baseline,2024-02-04
7868,Week 4,2024-03-03
7868,Week 8,2024-03-31
7868,Week 12,2024-04-28
7869,Baseline,2024-02-11
7869,Week 4,2024-03-10
7869,Week 8,2024-04-07
7869,Week 12,2024-05-05
7870,Baseline,2024-03-25
7870,Week 4,2024-04-22
7870,Week 8,2024-05-20
7870,Week 12,2024-06-17
7871,Baseline,2024-04-20
7871,Week 4,2024-05-18
7871,Week 8,2024-06-15
7871,Week 12,2024-07-13
7872,Baseline,2024-02-17
7872,Week 4,2024-03-16
7872,Week 8,2024-04-13
7872,Week 12,2024-05-11
7873,Baseline,2024-06-11
7873,Week 4,2024-07-09
7873,Week 8,2024-08-06
7873,Week 12,2024-09-03
7874,Baseline,2024-03-03
7874,Week 4,2024-03-31
7874,Week 8,2024-04-28
7874,Week 12,2024-05-26
7875,Baseline,2024-05-09
7875,Week 4,2024-06-06
7875,Week 8,2024-07-04
7875,Week 12,2024-08-01
7876,Baseline,2024-02-17
7876,Week 4,2024-03-16
7876,Week 8,2024-04-13
7876,Week 12,2024-05-11
7877,Baseline,2024-03-01
7877,Week 4,2024-03-29
7877,Week 8,2024-04-26
7877,Week 12,2024-05-24
7878,Baseline,2024-03-02
7878,Week 4,2024-03-30
7878,Week 8,2024-04-27
7878,Week 12,2024-05-25
7879,Baseline,2024-04-27
7879,Week 4,2024-05-25
7879,Week 8,2024-06-22
7879,Week 12,2024-07-20
7880,Baseline,2024-01-28
7880,Week 4,2024-02-25
7880,Week 8,2024-03-24
7880,Week 12,2024-04-21
7881,Baseline,2024-03-06
7881,Week 4,2024-04-03
7881,Week 8,2024-05-01
7881,Week 12,2024-05-29
7882,Baseline,2024-01-10
7882,Week 4,2024-02-07
7882,Week 8,2024-03-06
7882,Week 12,2024-04-03
7883,Baseline,2024-01-29
7883,Week 4,2024-02-26
7883,Week 8,2024-03-25
7883,Week 12,2024-04-22
7884,Baseline,2024-04-13
7884,Week 4,2024-05-11
7884,Week 8,2024-06-08
7884,Week 12,2024-07-06
7885,Baseline,2024-02-04
7885,Week 4,2024-03-03
7885,Week 8,2024-03-31
7885,Week 12,2024-04-28
7886,Baseline,2024-01-23
7886,Week 4,2024-02-20
7886,Week 8,2024-03-19
7886,Week 12,2024-04-16
7887,Baseline,2024-05-22
7887,Week 4,2024-06-19
7887,Week 8,2024-07-17
7887,Week 12,2024-08-14
7888,Baseline,2024-04-24
7888,Week 4,2024-05-22
7888,Week 8,2024-06-19
7888,Week 12,2024-07-17
7889,Baseline,2024-06-17
7889,Week 4,2024-07-15
7889,Week 8,2024-08-12
7889,Week 12,2024-09-09
7890,Baseline,2024-04-29
7890,Week 4,2024-05-27
7890,Week 8,2024-06-24
7890,Week 12,2024-07-22
7891,Baseline,2024-06-07
7891,Week 4,2024-07-05
7891,Week 8,2024-08-02
7891,Week 12,2024-08-30
7892,Baseline,2024-01-11
7892,Week 4,2024-02-08
7892,Week 8,2024-03-07
7892,Week 12,2024-04-04
7893,Baseline,2024-03-17
7893,Week 4,2024-04-14
7893,Week 8,2024-05-12
7893,Week 12,2024-06-09
7894,Baseline,2024-02-21
7894,Week 4,2024-03-20
7894,Week 8,2024-04-17
7894,Week 12,2024-05-15
7895,Baseline,2024-03-24
7895,Week 4,2024-04-21
7895,Week 8,2024-05-19
7895,Week 12,2024-06-16
7896,Baseline,2024-05-03
7896,Week 4,2024-05-31
7896,Week 8,2024-06-28
7896,Week 12,2024-07-26
7897,Baseline,2024-02-13
7897,Week 4,2024-03-12
7897,Week 8,2024-04-09
7897,Week 12,2024-05-07
7898,Baseline,2024-05-15
7898,Week 4,2024-06-12
7898,Week 8,2024-07-10
7898,Week 12,2024-08-07
7899,Baseline,2024-01-28
7899,Week 4,2024-02-25
7899,Week 8,2024-03-24
7899,Week 12,2024-04-21
7900,Baseline,2024-04-26
7900,Week 4,2024-05-24
7900,Week 8,2024-06-21
7900,Week 12,2024-07-19
7901,Baseline,2024-03-21
7901,Week 4,2024-04-18
7901,Week 8,2024-05-16
7901,Week 12,2024-06-13
7902,Baseline,2024-01-02
7902,Week 4,2024-01-30
7902,Week 8,2024-02-27
7902,Week 12,2024-03-26
7903,Baseline,2024-05-16
7903,Week 4,2024-06-13
7903,Week 8,2024-07-11
7903,Week 12,2024-08-08
7904,Baseline,2024-03-13
7904,Week 4,2024-04-10
7904,Week 8,2024-05-08
7904,Week 12,2024-06-05
7905,Baseline,2024-04-22
7905,Week 4,2024-05-20
7905,Week 8,2024-06-17
7905,Week 12,2024-07-15
7906,Baseline,2024-01-29
7906,Week 4,2024-02-26
7906,Week 8,2024-03-25
7906,Week 12,2024-04-22
7907,Baseline,2024-02-10
7907,Week 4,2024-03-09
7907,Week 8,2024-04-06
7907,Week 12,2024-05-04
7908,Baseline,2024-01-27
7908,Week 4,2024-02-24
7908,Week 8,2024-03-23
7908,Week 12,2024-04-20
7909,Baseline,2024-05-16
7909,Week 4,2024-06-13
7909,Week 8,2024-07-11
7909,Week 12,2024-08-08
7910,Baseline,2024-01-07
7910,Week 4,2024-02-04
7910,Week 8,2024-03-03
7910,Week 12,2024-03-31
7911,Baseline,2024-02-21
7911,Week 4,2024-03-20
7911,Week 8,2024-04-17
7911,Week 12,2024-05-15
7912,Baseline,2024-06-12
7912,Week 4,2024-07-10
7912,Week 8,2024-08-07
7912,Week 12,2024-09-04
7913,Baseline,2024-02-06
7913,Week 4,2024-03-05
7913,Week 8,2024-04-02
7913,Week 12,2024-04-30
7914,Baseline,2024-04-05
7914,Week 4,2024-05-03
7914,Week 8,2024-05-31
7914,Week 12,2024-06-28
7915,Baseline,2024-03-15
7915,Week 4,2024-04-12
7915,Week 8,2024-05-10
7915,Week 12,2024-06-07
7916,Baseline,2024-05-13
7916,Week 4,2024-06-10
7916,Week 8,2024-07-08
7916,Week 12,2024-08-05
7917,Baseline,2024-01-26
7917,Week 4,2024-02-23
7917,Week 8,2024-03-22
7917,Week 12,2024-04-19
7918,Baseline,2024-05-29
7918,Week 4,2024-06-26
7918,Week 8,2024-07-24
7918,Week 12,2024-08-21
7919,Baseline,2024-03-05
7919,Week 4,2024-04-02
7919,Week 8,2024-04-30
7919,Week 12,2024-05-28
7920,Baseline,2024-02-28
7920,Week 4,2024-03-27
7920,Week 8,2024-04-24
7920,Week 12,2024-05-22
7921,Baseline,2024-02-01
7921,Week 4,2024-02-29
7921,Week 8,2024-03-28
7921,Week 12,2024-04-25
7922,Baseline,2024-03-07
7922,Week 4,2024-04-04
7922,Week 8,2024-05-02
7922,Week 12,2024-05-30
7923,Baseline,2024-04-27
7923,Week 4,2024-05-25
7923,Week 8,2024-06-22
7923,Week 12,2024-07-20
7924,Baseline,2024-02-28
7924,Week 4,2024-03-27
7924,Week 8,2024-04-24
7924,Week 12,2024-05-22
7925,Baseline,2024-05-04
7925,Week 4,2024-06-01
7925,Week 8,2024-06-29
7925,Week 12,2024-07-27
7926,Baseline,2024-05-07
7926,Week 4,2024-06-04
7926,Week 8,2024-07-02
7926,Week 12,2024-07-30
7927,Baseline,2024-05-18
7927,Week 4,2024-06-15
7927,Week 8,2024-07-13
7927,Week 12,2024-08-10
7928,Baseline,2024-03-24
7928,Week 4,2024-04-21
7928,Week 8,2024-05-19
7928,Week 12,2024-06-16
7929,Baseline,2024-06-02
7929,Week 4,2024-06-30
7929,Week 8,2024-07-28
7929,Week 12,2024-08-25
7930,Baseline,2024-04-25
7930,Week 4,2024-05-23
7930,Week 8,2024-06-20
7930,Week 12,2024-07-18
7931,Baseline,2024-03-15
7931,Week 4,2024-04-12
7931,Week 8,2024-05-10
7931,Week 12,2024-06-07
7932,Baseline,2024-02-29
7932,Week 4,2024-03-28
7932,Week 8,2024-04-25
7932,Week 12,2024-05-23
7933,Baseline,2024-05-19
7933,Week 4,2024-06-16
7933,Week 8,2024-07-14
7933,Week 12,2024-08-11
7934,Baseline,2024-02-14
7934,Week 4,2024-03-13
7934,Week 8,2024-04-10
7934,Week 12,2024-05-08
7935,Baseline,2024-05-27
7935,Week 4,2024-06-24
7935,Week 8,2024-07-22
7935,Week 12,2024-08-19
7936,Baseline,2024-01-11
7936,Week 4,2024-02-08
7936,Week 8,2024-03-07
7936,Week 12,2024-04-04
7937,Baseline,2024-06-04
7937,Week 4,2024-07-02
7937,Week 8,2024-07-30
7937,Week 12,2024-08-27
7938,Baseline,2024-02-16
7938,Week 4,2024-03-15
7938,Week 8,2024-04-12
7938,Week 12,2024-05-10
7939,Baseline,2024-03-16
7939,Week 4,2024-04-13
7939,Week 8,2024-05-11
7939,Week 12,2024-06-08
7940,Baseline,2024-05-12
7940,Week 4,2024-06-09
7940,Week 8,2024-07-07
7940,Week 12,2024-08-04
7941,Baseline,2024-05-04
7941,Week 4,2024-06-01
7941,Week 8,2024-06-29
7941,Week 12,2024-07-27
7942,Baseline,2024-04-04
7942,Week 4,2024-05-02
7942,Week 8,2024-05-30
7942,Week 12,2024-06-27
7943,Baseline,2024-03-23
7943,Week 4,2024-04-20
7943,Week 8,2024-05-18
7943,Week 12,2024-06-15
7944,Baseline,2024-05-28
7944,Week 4,2024-06-25
7944,Week 8,2024-07-23
7944,Week 12,2024-08-20
7945,Baseline,2024-06-24
7945,Week 4,2024-07-22
7945,Week 8,2024-08-19
7945,Week 12,2024-09-16
7946,Baseline,2024-01-09
7946,Week 4,2024-02-06
7946,Week 8,2024-03-05
7946,Week 12,2024-04-02
7947,Baseline,2024-01-20
7947,Week 4,2024-02-17
7947,Week 8,2024-03-16
7947,Week 12,2024-04-13
7948,Baseline,2024-06-11
7948,Week 4,2024-07-09
7948,Week 8,2024-08-06
7948,Week 12,2024-09-03
7949,Baseline,2024-03-03
7949,Week 4,2024-03-31
7949,Week 8,2024-04-28
7949,Week 12,2024-05-26
7950,Baseline,2024-01-29
7950,Week 4,2024-02-26
7950,Week 8,2024-03-25
7950,Week 12,2024-04-22
7951,Baseline,2024-04-03
7951,Week 4,2024-05-01
7951,Week 8,2024-05-29
7951,Week 12,2024-06-26
7952,Baseline,2024-06-14
7952,Week 4,2024-07-12
7952,Week 8,2024-08-09
7952,Week 12,2024-09-06
7953,Baseline,2024-01-14
7953,Week 4,2024-02-11
7953,Week 8,2024-03-10
7953,Week 12,2024-04-07
7954,Baseline,2024-05-03
7954,Week 4,2024-05-31
7954,Week 8,2024-06-28
7954,Week 12,2024-07-26
7955,Baseline,2024-05-02
7955,Week 4,2024-05-30
7955,Week 8,2024-06-27
7955,Week 12,2024-07-25
7956,Baseline,2024-03-11
7956,Week 4,2024-04-08
7956,Week 8,2024-05-06
7956,Week 12,2024-06-03
7957,Baseline,2024-03-22
7957,Week 4,2024-04-19
7957,Week 8,2024-05-17
7957,Week 12,2024-06-14
7958,Baseline,2024-01-28
7958,Week 4,2024-02-25
7958,Week 8,2024-03-24
7958,Week 12,2024-04-21
7959,Baseline,2024-02-25
7959,Week 4,2024-03-24
7959,Week 8,2024-04-21
7959,Week 12,2024-05-19
7960,Baseline,2024-02-07
7960,Week 4,2024-03-06
7960,Week 8,2024-04-03
7960,Week 12,2024-05-01
7961,Baseline,2024-06-07
7961,Week 4,2024-07-05
7961,Week 8,2024-08-02
7961,Week 12,2024-08-30
7962,Baseline,2024-01-06
7962,Week 4,2024-02-03
7962,Week 8,2024-03-02
7962,Week 12,2024-03-30
7963,Baseline,2024-05-26
7963,Week 4,2024-06-23
7963,Week 8,2024-07-21
7963,Week 12,2024-08-18
7964,Baseline,2024-03-31
7964,Week 4,2024-04-28
7964,Week 8,2024-05-26
7964,Week 12,2024-06-23
7965,Baseline,2024-04-25
7965,Week 4,2024-05-23
7965,Week 8,2024-06-20
7965,Week 12,2024-07-18
7966,Baseline,2024-04-02
7966,Week 4,2024-04-30
7966,Week 8,2024-05-28
7966,Week 12,2024-06-25
7967,Baseline,2024-05-29
7967,Week 4,2024-06-26
7967,Week 8,2024-07-24
7967,Week 12,2024-08-21
7968,Baseline,2024-04-20
7968,Week 4,2024-05-18
7968,Week 8,2024-06-15
7968,Week 12,2024-07-13
7969,Baseline,2024-06-22
7969,Week 4,2024-07-20
7969,Week 8,2024-08-17
7969,Week 12,2024-09-14
7970,Baseline,2024-03-25
7970,Week 4,2024-04-22
7970,Week 8,2024-05-20
7970,Week 12,2024-06-17
7971,Baseline,2024-04-28
7971,Week 4,2024-05-26
7971,Week 8,2024-06-23
7971,Week 12,2024-07-21
7972,Baseline,2024-02-18
7972,Week 4,2024-03-17
7972,Week 8,2024-04-14
7972,Week 12,2024-05-12
7973,Baseline,2024-02-24
7973,Week 4,2024-03-23
7973,Week 8,2024-04-20
7973,Week 12,2024-05-18
7974,Baseline,2024-06-08
7974,Week 4,2024-07-06
7974,Week 8,2024-08-03
7974,Week 12,2024-08-31
7975,Baseline,2024-02-26
7975,Week 4,2024-03-25
7975,Week 8,2024-04-22
7975,Week 12,2024-05-20
7976,Baseline,2024-05-11
7976,Week 4,2024-06-08
7976,Week 8,2024-07-06
7976,Week 12,2024-08-03
7977,Baseline,2024-06-04
7977,Week 4,2024-07-02
7977,Week 8,2024-07-30
7977,Week 12,2024-08-27
7978,Baseline,2024-05-04
7978,Week 4,2024-06-01
7978,Week 8,2024-06-29
7978,Week 12,2024-07-27
7979,Baseline,2024-03-06
7979,Week 4,2024-04-03
7979,Week 8,2024-05-01
7979,Week 12,2024-05-29
7980,Baseline,2024-05-12
7980,Week 4,2024-06-09
7980,Week 8,2024-07-07
7980,Week 12,2024-08-04
7981,Baseline,2024-01-23
7981,Week 4,2024-02-20
7981,Week 8,2024-03-19
7981,Week 12,2024-04-16
7982,Baseline,2024-03-01
7982,Week 4,2024-03-29
7982,Week 8,2024-04-26
7982,Week 12,2024-05-24
7983,Baseline,2024-02-10
7983,Week 4,2024-03-09
7983,Week 8,2024-04-06
7983,Week 12,2024-05-04
7984,Baseline,2024-04-08
7984,Week 4,2024-05-06
7984,Week 8,2024-06-03
7984,Week 12,2024-07-01
7985,Baseline,2024-04-04
7985,Week 4,2024-05-02
7985,Week 8,2024-05-30
7985,Week 12,2024-06-27
7986,Baseline,2024-05-22
7986,Week 4,2024-06-19
7986,Week 8,2024-07-17
7986,Week 12,2024-08-14
7987,Baseline,2024-05-14
7987,Week 4,2024-06-11
7987,Week 8,2024-07-09
7987,Week 12,2024-08-06
7988,Baseline,2024-06-25
7988,Week 4,2024-07-23
7988,Week 8,2024-08-20
7988,Week 12,2024-09-17
7989,Baseline,2024-02-26
7989,Week 4,2024-03-25
7989,Week 8,2024-04-22
7989,Week 12,2024-05-20
7990,Baseline,2024-03-07
7990,Week 4,2024-04-04
7990,Week 8,2024-05-02
7990,Week 12,2024-05-30
7991,Baseline,2024-06-11
7991,Week 4,2024-07-09
7991,Week 8,2024-08-06
7991,Week 12,2024-09-03
7992,Baseline,2024-06-15
7992,Week 4,2024-07-13
7992,Week 8,2024-08-10
7992,Week 12,2024-09-07
7993,Baseline,2024-05-08
7993,Week 4,2024-06-05
7993,Week 8,2024-07-03
7993,Week 12,2024-07-31
7994,Baseline,2024-02-14
7994,Week 4,2024-03-13
7994,Week 8,2024-04-10
7994,Week 12,2024-05-08
7995,Baseline,2024-04-07
7995,Week 4,2024-05-05
7995,Week 8,2024-06-02
7995,Week 12,2024-06-30
7996,Baseline,2024-02-15
7996,Week 4,2024-03-14
7996,Week 8,2024-04-11
7996,Week 12,2024-05-09
7997,Baseline,2024-05-20
7997,Week 4,2024-06-17
7997,Week 8,2024-07-15
7997,Week 12,2024-08-12
7998,Baseline,2024-01-12
7998,Week 4,2024-02-09
7998,Week 8,2024-03-08
7998,Week 12,2024-04-05
7999,Baseline,2024-02-23
7999,Week 4,2024-03-22
7999,Week 8,2024-04-19
7999,Week 12,2024-05-17
8000,Baseline,2024-06-16
8000,Week 4,2024-07-14
8000,Week 8,2024-08-11
8000,Week 12,2024-09-08
8001,Baseline,2024-06-24
8001,Week 4,2024-07-22
8001,Week 8,2024-08-19
8001,Week 12,2024-09-16
8002,Baseline,2024-05-28
8002,Week 4,2024-06-25
8002,Week 8,2024-07-23
8002,Week 12,2024-08-20
8003,Baseline,2024-05-08
8003,Week 4,2024-06-05
8003,Week 8,2024-07-03
8003,Week 12,2024-07-31
8004,Baseline,2024-06-18
8004,Week 4,2024-07-16
8004,Week 8,2024-08-13
8004,Week 12,2024-09-10
8005,Baseline,2024-02-24
8005,Week 4,2024-03-23
8005,Week 8,2024-04-20
8005,Week 12,2024-05-18
8006,Baseline,2024-06-09
8006,Week 4,2024-07-07
8006,Week 8,2024-08-04
8006,Week 12,2024-09-01
8007,Baseline,2024-01-03
8007,Week 4,2024-01-31
8007,Week 8,2024-02-28
8007,Week 12,2024-03-27
8008,Baseline,2024-04-28
8008,Week 4,2024-05-26
8008,Week 8,2024-06-23
8008,Week 12,2024-07-21
8009,Baseline,2024-06-18
8009,Week 4,2024-07-16
8009,Week 8,2024-08-13
8009,Week 12,2024-09-10
8010,Baseline,2024-06-15
8010,Week 4,2024-07-13
8010,Week 8,2024-08-10
8010,Week 12,2024-09-07
8011,Baseline,2024-03-18
8011,Week 4,2024-04-15
8011,Week 8,2024-05-13
8011,Week 12,2024-06-10
8012,Baseline,2024-03-17
8012,Week 4,2024-04-14
8012,Week 8,2024-05-12
8012,Week 12,2024-06-09
8013,Baseline,2024-01-19
8013,Week 4,2024-02-16
8013,Week 8,2024-03-15
8013,Week 12,2024-04-12
8014,Baseline,2024-05-26
8014,Week 4,2024-06-23
8014,Week 8,2024-07-21
8014,Week 12,2024-08-18
8015,Baseline,2024-02-12
8015,Week 4,2024-03-11
8015,Week 8,2024-04-08
8015,Week 12,2024-05-06
8016,Baseline,2024-02-21
8016,Week 4,2024-03-20
8016,Week 8,2024-04-17
8016,Week 12,2024-05-15
8017,Baseline,2024-02-16
8017,Week 4,2024-03-15
8017,Week 8,2024-04-12
8017,Week 12,2024-05-10
8018,Baseline,2024-02-24
8018,Week 4,2024-03-23
8018,Week 8,2024-04-20
8018,Week 12,2024-05-18
8019,Baseline,2024-04-30
8019,Week 4,2024-05-28
8019,Week 8,2024-06-25
8019,Week 12,2024-07-23
8020,Baseline,2024-06-28
8020,Week 4,2024-07-26
8020,Week 8,2024-08-23
8020,Week 12,2024-09-20
8021,Baseline,2024-02-07
8021,Week 4,2024-03-06
8021,Week 8,2024-04-03
8021,Week 12,2024-05-01
8022,Baseline,2024-05-08
8022,Week 4,2024-06-05
8022,Week 8,2024-07-03
8022,Week 12,2024-07-31
8023,Baseline,2024-02-28
8023,Week 4,2024-03-27
8023,Week 8,2024-04-24
8023,Week 12,2024-05-22
8024,Baseline,2024-02-29
8024,Week 4,2024-03-28
8024,Week 8,2024-04-25
8024,Week 12,2024-05-23
8025,Baseline,2024-02-29
8025,Week 4,2024-03-28
8025,Week 8,2024-04-25
8025,Week 12,2024-05-23
8026,Baseline,2024-01-24
8026,Week 4,2024-02-21
8026,Week 8,2024-03-20
8026,Week 12,2024-04-17
8027,Baseline,2024-03-05
8027,Week 4,2024-04-02
8027,Week 8,2024-04-30
8027,Week 12,2024-05-28
8028,Baseline,2024-01-15
8028,Week 4,2024-02-12
8028,Week 8,2024-03-11
8028,Week 12,2024-04-08
8029,Baseline,2024-04-02
8029,Week 4,2024-04-30
8029,Week 8,2024-05-28
8029,Week 12,2024-06-25
8030,Baseline,2024-04-02
8030,Week 4,2024-04-30
8030,Week 8,2024-05-28
8030,Week 12,2024-06-25
8031,Baseline,2024-01-02
8031,Week 4,2024-01-30
8031,Week 8,2024-02-27
8031,Week 12,2024-03-26
8032,Baseline,2024-02-01
8032,Week 4,2024-02-29
8032,Week 8,2024-03-28
8032,Week 12,2024-04-25
8033,Baseline,2024-03-25
8033,Week 4,2024-04-22
8033,Week 8,2024-05-20
8033,Week 12,2024-06-17
8034,Baseline,2024-02-15
8034,Week 4,2024-03-14
8034,Week 8,2024-04-11
8034,Week 12,2024-05-09
8035,Baseline,2024-06-05
8035,Week 4,2024-07-03
8035,Week 8,2024-07-31
8035,Week 12,2024-08-28
8036,Baseline,2024-02-07
8036,Week 4,2024-03-06
8036,Week 8,2024-04-03
8036,Week 12,2024-05-01
8037,Baseline,2024-02-20
8037,Week 4,2024-03-19
8037,Week 8,2024-04-16
8037,Week 12,2024-05-14
8038,Baseline,2024-03-22
8038,Week 4,2024-04-19
8038,Week 8,2024-05-17
8038,Week 12,2024-06-14
8039,Baseline,2024-02-07
8039,Week 4,2024-03-06
8039,Week 8,2024-04-03
8039,Week 12,2024-05-01
8040,Baseline,2024-03-05
8040,Week 4,2024-04-02
8040,Week 8,2024-04-30
8040,Week 12,2024-05-28
8041,Baseline,2024-03-13
8041,Week 4,2024-04-10
8041,Week 8,2024-05-08
8041,Week 12,2024-06-05
8042,Baseline,2024-03-09
8042,Week 4,2024-04-06
8042,Week 8,2024-05-04
8042,Week 12,2024-06-01
8043,Baseline,2024-01-18
8043,Week 4,2024-02-15
8043,Week 8,2024-03-14
8043,Week 12,2024-04-11
8044,Baseline,2024-04-11
8044,Week 4,2024-05-09
8044,Week 8,2024-06-06
8044,Week 12,2024-07-04
8045,Baseline,2024-01-25
8045,Week 4,2024-02-22
8045,Week 8,2024-03-21
8045,Week 12,2024-04-18
8046,Baseline,2024-02-07
8046,Week 4,2024-03-06
8046,Week 8,2024-04-03
8046,Week 12,2024-05-01
8047,Baseline,2024-04-11
8047,Week 4,2024-05-09
8047,Week 8,2024-06-06
8047,Week 12,2024-07-04
8048,Baseline,2024-02-09
8048,Week 4,2024-03-08
8048,Week 8,2024-04-05
8048,Week 12,2024-05-03
8049,Baseline,2024-04-07
8049,Week 4,2024-05-05
8049,Week 8,2024-06-02
8049,Week 12,2024-06-30
8050,Baseline,2024-06-04
8050,Week 4,2024-07-02
8050,Week 8,2024-07-30
8050,Week 12,2024-08-27
8051,Baseline,2024-06-06
8051,Week 4,2024-07-04
8051,Week 8,2024-08-01
8051,Week 12,2024-08-29
8052,Baseline,2024-01-28
8052,Week 4,2024-02-25
8052,Week 8,2024-03-24
8052,Week 12,2024-04-21
8053,Baseline,2024-05-14
8053,Week 4,2024-06-11
8053,Week 8,2024-07-09
8053,Week 12,2024-08-06
8054,Baseline,2024-01-15
8054,Week 4,2024-02-12
8054,Week 8,2024-03-11
8054,Week 12,2024-04-08
8055,Baseline,2024-04-11
8055,Week 4,2024-05-09
8055,Week 8,2024-06-06
8055,Week 12,2024-07-04
8056,Baseline,2024-01-01
8056,Week 4,2024-01-29
8056,Week 8,2024-02-26
8056,Week 12,2024-03-25
8057,Baseline,2024-05-19
8057,Week 4,2024-06-16
8057,Week 8,2024-07-14
8057,Week 12,2024-08-11
8058,Baseline,2024-05-05
8058,Week 4,2024-06-02
8058,Week 8,2024-06-30
8058,Week 12,2024-07-28
8059,Baseline,2024-03-15
8059,Week 4,2024-04-12
8059,Week 8,2024-05-10
8059,Week 12,2024-06-07
8060,Baseline,2024-05-19
8060,Week 4,2024-06-16
8060,Week 8,2024-07-14
8060,Week 12,2024-08-11
8061,Baseline,2024-02-11
8061,Week 4,2024-03-10
8061,Week 8,2024-04-07
8061,Week 12,2024-05-05
8062,Baseline,2024-05-02
8062,Week 4,2024-05-30
8062,Week 8,2024-06-27
8062,Week 12,2024-07-25
8063,Baseline,2024-02-08
8063,Week 4,2024-03-07
8063,Week 8,2024-04-04
8063,Week 12,2024-05-02
8064,Baseline,2024-05-29
8064,Week 4,2024-06-26
8064,Week 8,2024-07-24
8064,Week 12,2024-08-21
8065,Baseline,2024-02-10
8065,Week 4,2024-03-09
8065,Week 8,2024-04-06
8065,Week 12,2024-05-04
8066,Baseline,2024-06-06
8066,Week 4,2024-07-04
8066,Week 8,2024-08-01
8066,Week 12,2024-08-29
8067,Baseline,2024-02-10
8067,Week 4,2024-03-09
8067,Week 8,2024-04-06
8067,Week 12,2024-05-04
8068,Baseline,2024-05-07
8068,Week 4,2024-06-04
8068,Week 8,2024-07-02
8068,Week 12,2024-07-30
8069,Baseline,2024-02-29
8069,Week 4,2024-03-28
8069,Week 8,2024-04-25
8069,Week 12,2024-05-23
8070,Baseline,2024-02-24
8070,Week 4,2024-03-23
8070,Week 8,2024-04-20
8070,Week 12,2024-05-18
8071,Baseline,2024-05-13
8071,Week 4,2024-06-10
8071,Week 8,2024-07-08
8071,Week 12,2024-08-05
8072,Baseline,2024-04-28
8072,Week 4,2024-05-26
8072,Week 8,2024-06-23
8072,Week 12,2024-07-21
8073,Baseline,2024-02-03
8073,Week 4,2024-03-02
8073,Week 8,2024-03-30
8073,Week 12,2024-04-27
8074,Baseline,2024-03-26
8074,Week 4,2024-04-23
8074,Week 8,2024-05-21
8074,Week 12,2024-06-18
8075,Baseline,2024-05-01
8075,Week 4,2024-05-29
8075,Week 8,2024-06-26
8075,Week 12,2024-07-24
8076,Baseline,2024-06-13
8076,Week 4,2024-07-11
8076,Week 8,2024-08-08
8076,Week 12,2024-09-05
8077,Baseline,2024-02-14
8077,Week 4,2024-03-13
8077,Week 8,2024-04-10
8077,Week 12,2024-05-08
8078,Baseline,2024-06-25
8078,Week 4,2024-07-23
8078,Week 8,2024-08-20
8078,Week 12,2024-09-17
8079,Baseline,2024-05-20
8079,Week 4,2024-06-17
8079,Week 8,2024-07-15
8079,Week 12,2024-08-12
8080,Baseline,2024-01-02
8080,Week 4,2024-01-30
8080,Week 8,2024-02-27
8080,Week 12,2024-03-26
8081,Baseline,2024-01-21
8081,Week 4,2024-02-18
8081,Week 8,2024-03-17
8081,Week 12,2024-04-14
8082,Baseline,2024-04-08
8082,Week 4,2024-05-06
8082,Week 8,2024-06-03
8082,Week 12,2024-07-01
8083,Baseline,2024-06-20
8083,Week 4,2024-07-18
8083,Week 8,2024-08-15
8083,Week 12,2024-09-12
8084,Baseline,2024-01-13
8084,Week 4,2024-02-10
8084,Week 8,2024-03-09
8084,Week 12,2024-04-06
8085,Baseline,2024-03-25
8085,Week 4,2024-04-22
8085,Week 8,2024-05-20
8085,Week 12,2024-06-17
8086,Baseline,2024-06-15
8086,Week 4,2024-07-13
8086,Week 8,2024-08-10
8086,Week 12,2024-09-07
8087,Baseline,2024-04-02
8087,Week 4,2024-04-30
8087,Week 8,2024-05-28
8087,Week 12,2024-06-25
8088,Baseline,2024-04-11
8088,Week 4,2024-05-09
8088,Week 8,2024-06-06
8088,Week 12,2024-07-04
8089,Baseline,2024-05-29
8089,Week 4,2024-06-26
8089,Week 8,2024-07-24
8089,Week 12,2024-08-21
8090,Baseline,2024-01-20
8090,Week 4,2024-02-17
8090,Week 8,2024-03-16
8090,Week 12,2024-04-13
8091,Baseline,2024-01-14
8091,Week 4,2024-02-11
8091,Week 8,2024-03-10
8091,Week 12,2024-04-07
8092,Baseline,2024-05-04
8092,Week 4,2024-06-01
8092,Week 8,2024-06-29
8092,Week 12,2024-07-27
8093,Baseline,2024-04-06
8093,Week 4,2024-05-04
8093,Week 8,2024-06-01
8093,Week 12,2024-06-29
8094,Baseline,2024-01-31
8094,Week 4,2024-02-28
8094,Week 8,2024-03-27
8094,Week 12,2024-04-24
8095,Baseline,2024-06-15
8095,Week 4,2024-07-13
8095,Week 8,2024-08-10
8095,Week 12,2024-09-07
8096,Baseline,2024-04-23
8096,Week 4,2024-05-21
8096,Week 8,2024-06-18
8096,Week 12,2024-07-16
8097,Baseline,2024-06-03
8097,Week 4,2024-07-01
8097,Week 8,2024-07-29
8097,Week 12,2024-08-26
8098,Baseline,2024-06-07
8098,Week 4,2024-07-05
8098,Week 8,2024-08-02
8098,Week 12,2024-08-30
8099,Baseline,2024-04-20
8099,Week 4,2024-05-18
8099,Week 8,2024-06-15
8099,Week 12,2024-07-13
8100,Baseline,2024-06-09
8100,Week 4,2024-07-07
8100,Week 8,2024-08-04
8100,Week 12,2024-09-01
8101,Baseline,2024-03-21
8101,Week 4,2024-04-18
8101,Week 8,2024-05-16
8101,Week 12,2024-06-13
8102,Baseline,2024-02-17
8102,Week 4,2024-03-16
8102,Week 8,2024-04-13
8102,Week 12,2024-05-11
8103,Baseline,2024-05-10
8103,Week 4,2024-06-07
8103,Week 8,2024-07-05
8103,Week 12,2024-08-02
8104,Baseline,2024-02-04
8104,Week 4,2024-03-03
8104,Week 8,2024-03-31
8104,Week 12,2024-04-28
8105,Baseline,2024-01-28
8105,Week 4,2024-02-25
8105,Week 8,2024-03-24
8105,Week 12,2024-04-21
8106,Baseline,2024-06-02
8106,Week 4,2024-06-30
8106,Week 8,2024-07-28
8106,Week 12,2024-08-25
8107,Baseline,2024-02-06
8107,Week 4,2024-03-05
8107,Week 8,2024-04-02
8107,Week 12,2024-04-30
8108,Baseline,2024-03-10
8108,Week 4,2024-04-07
8108,Week 8,2024-05-05
8108,Week 12,2024-06-02
8109,Baseline,2024-01-06
8109,Week 4,2024-02-03
8109,Week 8,2024-03-02
8109,Week 12,2024-03-30
8110,Baseline,2024-02-17
8110,Week 4,2024-03-16
8110,Week 8,2024-04-13
8110,Week 12,2024-05-11
8111,Baseline,2024-02-15
8111,Week 4,2024-03-14
8111,Week 8,2024-04-11
8111,Week 12,2024-05-09
8112,Baseline,2024-03-16
8112,Week 4,2024-04-13
8112,Week 8,2024-05-11
8112,Week 12,2024-06-08
8113,Baseline,2024-04-28
8113,Week 4,2024-05-26
8113,Week 8,2024-06-23
8113,Week 12,2024-07-21
8114,Baseline,2024-05-19
8114,Week 4,2024-06-16
8114,Week 8,2024-07-14
8114,Week 12,2024-08-11
8115,Baseline,2024-04-05
8115,Week 4,2024-05-03
8115,Week 8,2024-05-31
8115,Week 12,2024-06-28
8116,Baseline,2024-01-26
8116,Week 4,2024-02-23
8116,Week 8,2024-03-22
8116,Week 12,2024-04-19
8117,Baseline,2024-03-24
8117,Week 4,2024-04-21
8117,Week 8,2024-05-19
8117,Week 12,2024-06-16
8118,Baseline,2024-04-01
8118,Week 4,2024-04-29
8118,Week 8,2024-05-27
8118,Week 12,2024-06-24
8119,Baseline,2024-05-27
8119,Week 4,2024-06-24
8119,Week 8,2024-07-22
8119,Week 12,2024-08-19
8120,Baseline,2024-03-02
8120,Week 4,2024-03-30
8120,Week 8,2024-04-27
8120,Week 12,2024-05-25
8121,Baseline,2024-04-25
8121,Week 4,2024-05-23
8121,Week 8,2024-06-20
8121,Week 12,2024-07-18
8122,Baseline,2024-05-28
8122,Week 4,2024-06-25
8122,Week 8,2024-07-23
8122,Week 12,2024-08-20
8123,Baseline,2024-01-07
8123,Week 4,2024-02-04
8123,Week 8,2024-03-03
8123,Week 12,2024-03-31
8124,Baseline,2024-03-11
8124,Week 4,2024-04-08
8124,Week 8,2024-05-06
8124,Week 12,2024-06-03
8125,Baseline,2024-05-13
8125,Week 4,2024-06-10
8125,Week 8,2024-07-08
8125,Week 12,2024-08-05
8126,Baseline,2024-02-15
8126,Week 4,2024-03-14
8126,Week 8,2024-04-11
8126,Week 12,2024-05-09
8127,Baseline,2024-02-13
8127,Week 4,2024-03-12
8127,Week 8,2024-04-09
8127,Week 12,2024-05-07
8128,Baseline,2024-05-24
8128,Week 4,2024-06-21
8128,Week 8,2024-07-19
8128,Week 12,2024-08-16
8129,Baseline,2024-01-09
8129,Week 4,2024-02-06
8129,Week 8,2024-03-05
8129,Week 12,2024-04-02
8130,Baseline,2024-05-31
8130,Week 4,2024-06-28
8130,Week 8,2024-07-26
8130,Week 12,2024-08-23
8131,Baseline,2024-06-20
8131,Week 4,2024-07-18
8131,Week 8,2024-08-15
8131,Week 12,2024-09-12
8132,Baseline,2024-02-11
8132,Week 4,2024-03-10
8132,Week 8,2024-04-07
8132,Week 12,2024-05-05
8133,Baseline,2024-03-07
8133,Week 4,2024-04-04
8133,Week 8,2024-05-02
8133,Week 12,2024-05-30
8134,Baseline,2024-02-19
8134,Week 4,2024-03-18
8134,Week 8,2024-04-15
8134,Week 12,2024-05-13
8135,Baseline,2024-06-27
8135,Week 4,2024-07-25
8135,Week 8,2024-08-22
8135,Week 12,2024-09-19
8136,Baseline,2024-01-16
8136,Week 4,2024-02-13
8136,Week 8,2024-03-12
8136,Week 12,2024-04-09
8137,Baseline,2024-03-12
8137,Week 4,2024-04-09
8137,Week 8,2024-05-07
8137,Week 12,2024-06-04
8138,Baseline,2024-03-23
8138,Week 4,2024-04-20
8138,Week 8,2024-05-18
8138,Week 12,2024-06-15
8139,Baseline,2024-03-11
8139,Week 4,2024-04-08
8139,Week 8,2024-05-06
8139,Week 12,2024-06-03
8140,Baseline,2024-06-10
8140,Week 4,2024-07-08
8140,Week 8,2024-08-05
8140,Week 12,2024-09-02
8141,Baseline,2024-06-03
8141,Week 4,2024-07-01
8141,Week 8,2024-07-29
8141,Week 12,2024-08-26
8142,Baseline,2024-06-11
8142,Week 4,2024-07-09
8142,Week 8,2024-08-06
8142,Week 12,2024-09-03
8143,Baseline,2024-02-03
8143,Week 4,2024-03-02
8143,Week 8,2024-03-30
8143,Week 12,2024-04-27
8144,Baseline,2024-06-13
8144,Week 4,2024-07-11
8144,Week 8,2024-08-08
8144,Week 12,2024-09-05
8145,Baseline,2024-05-09
8145,Week 4,2024-06-06
8145,Week 8,2024-07-04
8145,Week 12,2024-08-01
8146,Baseline,2024-01-28
8146,Week 4,2024-02-25
8146,Week 8,2024-03-24
8146,Week 12,2024-04-21
8147,Baseline,2024-03-02
8147,Week 4,2024-03-30
8147,Week 8,2024-04-27
8147,Week 12,2024-05-25
8148,Baseline,2024-01-11
8148,Week 4,2024-02-08
8148,Week 8,2024-03-07
8148,Week 12,2024-04-04
8149,Baseline,2024-02-20
8149,Week 4,2024-03-19
8149,Week 8,2024-04-16
8149,Week 12,2024-05-14
8150,Baseline,2024-05-11
8150,Week 4,2024-06-08
8150,Week 8,2024-07-06
8150,Week 12,2024-08-03
8151,Baseline,2024-04-22
8151,Week 4,2024-05-20
8151,Week 8,2024-06-17
8151,Week 12,2024-07-15
8152,Baseline,2024-03-19
8152,Week 4,2024-04-16
8152,Week 8,2024-05-14
8152,Week 12,2024-06-11
8153,Baseline,2024-04-14
8153,Week 4,2024-05-12
8153,Week 8,2024-06-09
8153,Week 12,2024-07-07
8154,Baseline,2024-02-09
8154,Week 4,2024-03-08
8154,Week 8,2024-04-05
8154,Week 12,2024-05-03
8155,Baseline,2024-03-05
8155,Week 4,2024-04-02
8155,Week 8,2024-04-30
8155,Week 12,2024-05-28
8156,Baseline,2024-03-18
8156,Week 4,2024-04-15
8156,Week 8,2024-05-13
8156,Week 12,2024-06-10
8157,Baseline,2024-04-21
8157,Week 4,2024-05-19
8157,Week 8,2024-06-16
8157,Week 12,2024-07-14
8158,Baseline,2024-06-11
8158,Week 4,2024-07-09
8158,Week 8,2024-08-06
8158,Week 12,2024-09-03
8159,Baseline,2024-01-21
8159,Week 4,2024-02-18
8159,Week 8,2024-03-17
8159,Week 12,2024-04-14
8160,Baseline,2024-01-31
8160,Week 4,2024-02-28
8160,Week 8,2024-03-27
8160,Week 12,2024-04-24
8161,Baseline,2024-01-31
8161,Week 4,2024-02-28
8161,Week 8,2024-03-27
8161,Week 12,2024-04-24
8162,Baseline,2024-03-10
8162,Week 4,2024-04-07
8162,Week 8,2024-05-05
8162,Week 12,2024-06-02
8163,Baseline,2024-03-20
8163,Week 4,2024-04-17
8163,Week 8,2024-05-15
8163,Week 12,2024-06-12
8164,Baseline,2024-04-24
8164,Week 4,2024-05-22
8164,Week 8,2024-06-19
8164,Week 12,2024-07-17
8165,Baseline,2024-01-01
8165,Week 4,2024-01-29
8165,Week 8,2024-02-26
8165,Week 12,2024-03-25
8166,Baseline,2024-06-17
8166,Week 4,2024-07-15
8166,Week 8,2024-08-12
8166,Week 12,2024-09-09
8167,Baseline,2024-03-20
8167,Week 4,2024-04-17
8167,Week 8,2024-05-15
8167,Week 12,2024-06-12
8168,Baseline,2024-03-25
8168,Week 4,2024-04-22
8168,Week 8,2024-05-20
8168,Week 12,2024-06-17
8169,Baseline,2024-04-17
8169,Week 4,2024-05-15
8169,Week 8,2024-06-12
8169,Week 12,2024-07-10
8170,Baseline,2024-01-14
8170,Week 4,2024-02-11
8170,Week 8,2024-03-10
8170,Week 12,2024-04-07
8171,Baseline,2024-03-19
8171,Week 4,2024-04-16
8171,Week 8,2024-05-14
8171,Week 12,2024-06-11
8172,Baseline,2024-03-12
8172,Week 4,2024-04-09
8172,Week 8,2024-05-07
8172,Week 12,2024-06-04
8173,Baseline,2024-04-29
8173,Week 4,2024-05-27
8173,Week 8,2024-06-24
8173,Week 12,2024-07-22
8174,Baseline,2024-02-11
8174,Week 4,2024-03-10
8174,Week 8,2024-04-07
8174,Week 12,2024-05-05
8175,Baseline,2024-03-24
8175,Week 4,2024-04-21
8175,Week 8,2024-05-19
8175,Week 12,2024-06-16
8176,Baseline,2024-02-19
8176,Week 4,2024-03-18
8176,Week 8,2024-04-15
8176,Week 12,2024-05-13
8177,Baseline,2024-03-11
8177,Week 4,2024-04-08
8177,Week 8,2024-05-06
8177,Week 12,2024-06-03
8178,Baseline,2024-02-29
8178,Week 4,2024-03-28
8178,Week 8,2024-04-25
8178,Week 12,2024-05-23
8179,Baseline,2024-03-14
8179,Week 4,2024-04-11
8179,Week 8,2024-05-09
8179,Week 12,2024-06-06
8180,Baseline,2024-02-08
8180,Week 4,2024-03-07
8180,Week 8,2024-04-04
8180,Week 12,2024-05-02
8181,Baseline,2024-02-16
8181,Week 4,2024-03-15
8181,Week 8,2024-04-12
8181,Week 12,2024-05-10
8182,Baseline,2024-01-14
8182,Week 4,2024-02-11
8182,Week 8,2024-03-10
8182,Week 12,2024-04-07
8183,Baseline,2024-01-22
8183,Week 4,2024-02-19
8183,Week 8,2024-03-18
8183,Week 12,2024-04-15
8184,Baseline,2024-03-26
8184,Week 4,2024-04-23
8184,Week 8,2024-05-21
8184,Week 12,2024-06-18
8185,Baseline,2024-06-13
8185,Week 4,2024-07-11
8185,Week 8,2024-08-08
8185,Week 12,2024-09-05
8186,Baseline,2024-03-28
8186,Week 4,2024-04-25
8186,Week 8,2024-05-23
8186,Week 12,2024-06-20
8187,Baseline,2024-03-26
8187,Week 4,2024-04-23
8187,Week 8,2024-05-21
8187,Week 12,2024-06-18
8188,Baseline,2024-04-01
8188,Week 4,2024-04-29
8188,Week 8,2024-05-27
8188,Week 12,2024-06-24
8189,Baseline,2024-04-18
8189,Week 4,2024-05-16
8189,Week 8,2024-06-13
8189,Week 12,2024-07-11
8190,Baseline,2024-04-19
8190,Week 4,2024-05-17
8190,Week 8,2024-06-14
8190,Week 12,2024-07-12
8191,Baseline,2024-01-27
8191,Week 4,2024-02-24
8191,Week 8,2024-03-23
8191,Week 12,2024-04-20
8192,Baseline,2024-03-05
8192,Week 4,2024-04-02
8192,Week 8,2024-04-30
8192,Week 12,2024-05-28
8193,Baseline,2024-01-03
8193,Week 4,2024-01-31
8193,Week 8,2024-02-28
8193,Week 12,2024-03-27
8194,Baseline,2024-01-19
8194,Week 4,2024-02-16
8194,Week 8,2024-03-15
8194,Week 12,2024-04-12
8195,Baseline,2024-04-13
8195,Week 4,2024-05-11
8195,Week 8,2024-06-08
8195,Week 12,2024-07-06
8196,Baseline,2024-01-01
8196,Week 4,2024-01-29
8196,Week 8,2024-02-26
8196,Week 12,2024-03-25
8197,Baseline,2024-02-21
8197,Week 4,2024-03-20
8197,Week 8,2024-04-17
8197,Week 12,2024-05-15
8198,Baseline,2024-04-07
8198,Week 4,2024-05-05
8198,Week 8,2024-06-02
8198,Week 12,2024-06-30
8199,Baseline,2024-05-07
8199,Week 4,2024-06-04
8199,Week 8,2024-07-02
8199,Week 12,2024-07-30
8200,Baseline,2024-03-06
8200,Week 4,2024-04-03
8200,Week 8,2024-05-01
8200,Week 12,2024-05-29
8201,Baseline,2024-06-08
8201,Week 4,2024-07-06
8201,Week 8,2024-08-03
8201,Week 12,2024-08-31
8202,Baseline,2024-04-11
8202,Week 4,2024-05-09
8202,Week 8,2024-06-06
8202,Week 12,2024-07-04
8203,Baseline,2024-06-05
8203,Week 4,2024-07-03
8203,Week 8,2024-07-31
8203,Week 12,2024-08-28
8204,Baseline,2024-03-20
8204,Week 4,2024-04-17
8204,Week 8,2024-05-15
8204,Week 12,2024-06-12
8205,Baseline,2024-03-28
8205,Week 4,2024-04-25
8205,Week 8,2024-05-23
8205,Week 12,2024-06-20
8206,Baseline,2024-05-23
8206,Week 4,2024-06-20
8206,Week 8,2024-07-18
8206,Week 12,2024-08-15
8207,Baseline,2024-05-02
8207,Week 4,2024-05-30
8207,Week 8,2024-06-27
8207,Week 12,2024-07-25
8208,Baseline,2024-03-02
8208,Week 4,2024-03-30
8208,Week 8,2024-04-27
8208,Week 12,2024-05-25
8209,Baseline,2024-06-21
8209,Week 4,2024-07-19
8209,Week 8,2024-08-16
8209,Week 12,2024-09-13
8210,Baseline,2024-05-07
8210,Week 4,2024-06-04
8210,Week 8,2024-07-02
8210,Week 12,2024-07-30
8211,Baseline,2024-04-02
8211,Week 4,2024-04-30
8211,Week 8,2024-05-28
8211,Week 12,2024-06-25
8212,Baseline,2024-04-22
8212,Week 4,2024-05-20
8212,Week 8,2024-06-17
8212,Week 12,2024-07-15
8213,Baseline,2024-05-25
8213,Week 4,2024-06-22
8213,Week 8,2024-07-20
8213,Week 12,2024-08-17
8214,Baseline,2024-04-01
8214,Week 4,2024-04-29
8214,Week 8,2024-05-27
8214,Week 12,2024-06-24
8215,Baseline,2024-01-26
8215,Week 4,2024-02-23
8215,Week 8,2024-03-22
8215,Week 12,2024-04-19
8216,Baseline,2024-01-23
8216,Week 4,2024-02-20
8216,Week 8,2024-03-19
8216,Week 12,2024-04-16
8217,Baseline,2024-06-18
8217,Week 4,2024-07-16
8217,Week 8,2024-08-13
8217,Week 12,2024-09-10
8218,Baseline,2024-03-22
8218,Week 4,2024-04-19
8218,Week 8,2024-05-17
8218,Week 12,2024-06-14
8219,Baseline,2024-03-10
8219,Week 4,2024-04-07
8219,Week 8,2024-05-05
8219,Week 12,2024-06-02
8220,Baseline,2024-03-27
8220,Week 4,2024-04-24
8220,Week 8,2024-05-22
8220,Week 12,2024-06-19
8221,Baseline,2024-04-22
8221,Week 4,2024-05-20
8221,Week 8,2024-06-17
8221,Week 12,2024-07-15
8222,Baseline,2024-05-31
8222,Week 4,2024-06-28
8222,Week 8,2024-07-26
8222,Week 12,2024-08-23
8223,Baseline,2024-01-18
8223,Week 4,2024-02-15
8223,Week 8,2024-03-14
8223,Week 12,2024-04-11
8224,Baseline,2024-03-26
8224,Week 4,2024-04-23
8224,Week 8,2024-05-21
8224,Week 12,2024-06-18
8225,Baseline,2024-06-13
8225,Week 4,2024-07-11
8225,Week 8,2024-08-08
8225,Week 12,2024-09-05
8226,Baseline,2024-05-10
8226,Week 4,2024-06-07
8226,Week 8,2024-07-05
8226,Week 12,2024-08-02
8227,Baseline,2024-02-04
8227,Week 4,2024-03-03
8227,Week 8,2024-03-31
8227,Week 12,2024-04-28
8228,Baseline,2024-02-29
8228,Week 4,2024-03-28
8228,Week 8,2024-04-25
8228,Week 12,2024-05-23
8229,Baseline,2024-04-28
8229,Week 4,2024-05-26
8229,Week 8,2024-06-23
8229,Week 12,2024-07-21
8230,Baseline,2024-04-14
8230,Week 4,2024-05-12
8230,Week 8,2024-06-09
8230,Week 12,2024-07-07
8231,Baseline,2024-06-08
8231,Week 4,2024-07-06
8231,Week 8,2024-08-03
8231,Week 12,2024-08-31
8232,Baseline,2024-03-27
8232,Week 4,2024-04-24
8232,Week 8,2024-05-22
8232,Week 12,2024-06-19
8233,Baseline,2024-01-04
8233,Week 4,2024-02-01
8233,Week 8,2024-02-29
8233,Week 12,2024-03-28
8234,Baseline,2024-03-26
8234,Week 4,2024-04-23
8234,Week 8,2024-05-21
8234,Week 12,2024-06-18
8235,Baseline,2024-03-18
8235,Week 4,2024-04-15
8235,Week 8,2024-05-13
8235,Week 12,2024-06-10
8236,Baseline,2024-03-27
8236,Week 4,2024-04-24
8236,Week 8,2024-05-22
8236,Week 12,2024-06-19
8237,Baseline,2024-03-12
8237,Week 4,2024-04-09
8237,Week 8,2024-05-07
8237,Week 12,2024-06-04
8238,Baseline,2024-02-02
8238,Week 4,2024-03-01
8238,Week 8,2024-03-29
8238,Week 12,2024-04-26
8239,Baseline,2024-04-02
8239,Week 4,2024-04-30
8239,Week 8,2024-05-28
8239,Week 12,2024-06-25
8240,Baseline,2024-02-18
8240,Week 4,2024-03-17
8240,Week 8,2024-04-14
8240,Week 12,2024-05-12
8241,Baseline,2024-01-21
8241,Week 4,2024-02-18
8241,Week 8,2024-03-17
8241,Week 12,2024-04-14
8242,Baseline,2024-06-07
8242,Week 4,2024-07-05
8242,Week 8,2024-08-02
8242,Week 12,2024-08-30
8243,Baseline,2024-02-22
8243,Week 4,2024-03-21
8243,Week 8,2024-04-18
8243,Week 12,2024-05-16
8244,Baseline,2024-04-03
8244,Week 4,2024-05-01
8244,Week 8,2024-05-29
8244,Week 12,2024-06-26
8245,Baseline,2024-05-21
8245,Week 4,2024-06-18
8245,Week 8,2024-07-16
8245,Week 12,2024-08-13
8246,Baseline,2024-03-16
8246,Week 4,2024-04-13
8246,Week 8,2024-05-11
8246,Week 12,2024-06-08
8247,Baseline,2024-02-17
8247,Week 4,2024-03-16
8247,Week 8,2024-04-13
8247,Week 12,2024-05-11
8248,Baseline,2024-04-03
8248,Week 4,2024-05-01
8248,Week 8,2024-05-29
8248,Week 12,2024-06-26
8249,Baseline,2024-02-17
8249,Week 4,2024-03-16
8249,Week 8,2024-04-13
8249,Week 12,2024-05-11
8250,Baseline,2024-04-25
8250,Week 4,2024-05-23
8250,Week 8,2024-06-20
8250,Week 12,2024-07-18
8251,Baseline,2024-02-27
8251,Week 4,2024-03-26
8251,Week 8,2024-04-23
8251,Week 12,2024-05-21
8252,Baseline,2024-05-28
8252,Week 4,2024-06-25
8252,Week 8,2024-07-23
8252,Week 12,2024-08-20
8253,Baseline,2024-01-28
8253,Week 4,2024-02-25
8253,Week 8,2024-03-24
8253,Week 12,2024-04-21
8254,Baseline,2024-02-29
8254,Week 4,2024-03-28
8254,Week 8,2024-04-25
8254,Week 12,2024-05-23
8255,Baseline,2024-03-28
8255,Week 4,2024-04-25
8255,Week 8,2024-05-23
8255,Week 12,2024-06-20
8256,Baseline,2024-03-14
8256,Week 4,2024-04-11
8256,Week 8,2024-05-09
8256,Week 12,2024-06-06
8257,Baseline,2024-05-02
8257,Week 4,2024-05-30
8257,Week 8,2024-06-27
8257,Week 12,2024-07-25
8258,Baseline,2024-01-24
8258,Week 4,2024-02-21
8258,Week 8,2024-03-20
8258,Week 12,2024-04-17
8259,Baseline,2024-03-19
8259,Week 4,2024-04-16
8259,Week 8,2024-05-14
8259,Week 12,2024-06-11
8260,Baseline,2024-03-27
8260,Week 4,2024-04-24
8260,Week 8,2024-05-22
8260,Week 12,2024-06-19
8261,Baseline,2024-02-25
8261,Week 4,2024-03-24
8261,Week 8,2024-04-21
8261,Week 12,2024-05-19
8262,Baseline,2024-02-17
8262,Week 4,2024-03-16
8262,Week 8,2024-04-13
8262,Week 12,2024-05-11
8263,Baseline,2024-04-17
8263,Week 4,2024-05-15
8263,Week 8,2024-06-12
8263,Week 12,2024-07-10
8264,Baseline,2024-01-08
8264,Week 4,2024-02-05
8264,Week 8,2024-03-04
8264,Week 12,2024-04-01
8265,Baseline,2024-06-22
8265,Week 4,2024-07-20
8265,Week 8,2024-08-17
8265,Week 12,2024-09-14
8266,Baseline,2024-05-03
8266,Week 4,2024-05-31
8266,Week 8,2024-06-28
8266,Week 12,2024-07-26
8267,Baseline,2024-04-24
8267,Week 4,2024-05-22
8267,Week 8,2024-06-19
8267,Week 12,2024-07-17
8268,Baseline,2024-03-08
8268,Week 4,2024-04-05
8268,Week 8,2024-05-03
8268,Week 12,2024-05-31
8269,Baseline,2024-02-06
8269,Week 4,2024-03-05
8269,Week 8,2024-04-02
8269,Week 12,2024-04-30
8270,Baseline,2024-05-21
8270,Week 4,2024-06-18
8270,Week 8,2024-07-16
8270,Week 12,2024-08-13
8271,Baseline,2024-02-22
8271,Week 4,2024-03-21
8271,Week 8,2024-04-18
8271,Week 12,2024-05-16
8272,Baseline,2024-03-10
8272,Week 4,2024-04-07
8272,Week 8,2024-05-05
8272,Week 12,2024-06-02
8273,Baseline,2024-03-13
8273,Week 4,2024-04-10
8273,Week 8,2024-05-08
8273,Week 12,2024-06-05
8274,Baseline,2024-02-29
8274,Week 4,2024-03-28
8274,Week 8,2024-04-25
8274,Week 12,2024-05-23
8275,Baseline,2024-04-25
8275,Week 4,2024-05-23
8275,Week 8,2024-06-20
8275,Week 12,2024-07-18
8276,Baseline,2024-03-09
8276,Week 4,2024-04-06
8276,Week 8,2024-05-04
8276,Week 12,2024-06-01
8277,Baseline,2024-01-01
8277,Week 4,2024-01-29
8277,Week 8,2024-02-26
8277,Week 12,2024-03-25
8278,Baseline,2024-06-22
8278,Week 4,2024-07-20
8278,Week 8,2024-08-17
8278,Week 12,2024-09-14
8279,Baseline,2024-03-13
8279,Week 4,2024-04-10
8279,Week 8,2024-05-08
8279,Week 12,2024-06-05
8280,Baseline,2024-03-10
8280,Week 4,2024-04-07
8280,Week 8,2024-05-05
8280,Week 12,2024-06-02
8281,Baseline,2024-05-08
8281,Week 4,2024-06-05
8281,Week 8,2024-07-03
8281,Week 12,2024-07-31
8282,Baseline,2024-02-16
8282,Week 4,2024-03-15
8282,Week 8,2024-04-12
8282,Week 12,2024-05-10
8283,Baseline,2024-04-12
8283,Week 4,2024-05-10
8283,Week 8,2024-06-07
8283,Week 12,2024-07-05
8284,Baseline,2024-06-14
8284,Week 4,2024-07-12
8284,Week 8,2024-08-09
8284,Week 12,2024-09-06
8285,Baseline,2024-04-21
8285,Week 4,2024-05-19
8285,Week 8,2024-06-16
8285,Week 12,2024-07-14
8286,Baseline,2024-01-16
8286,Week 4,2024-02-13
8286,Week 8,2024-03-12
8286,Week 12,2024-04-09
8287,Baseline,2024-01-18
8287,Week 4,2024-02-15
8287,Week 8,2024-03-14
8287,Week 12,2024-04-11
8288,Baseline,2024-03-04
8288,Week 4,2024-04-01
8288,Week 8,2024-04-29
8288,Week 12,2024-05-27
8289,Baseline,2024-05-21
8289,Week 4,2024-06-18
8289,Week 8,2024-07-16
8289,Week 12,2024-08-13
8290,Baseline,2024-02-06
8290,Week 4,2024-03-05
8290,Week 8,2024-04-02
8290,Week 12,2024-04-30
8291,Baseline,2024-05-04
8291,Week 4,2024-06-01
8291,Week 8,2024-06-29
8291,Week 12,2024-07-27
8292,Baseline,2024-01-07
8292,Week 4,2024-02-04
8292,Week 8,2024-03-03
8292,Week 12,2024-03-31
8293,Baseline,2024-03-25
8293,Week 4,2024-04-22
8293,Week 8,2024-05-20
8293,Week 12,2024-06-17
8294,Baseline,2024-04-30
8294,Week 4,2024-05-28
8294,Week 8,2024-06-25
8294,Week 12,2024-07-23
8295,Baseline,2024-05-14
8295,Week 4,2024-06-11
8295,Week 8,2024-07-09
8295,Week 12,2024-08-06
8296,Baseline,2024-04-20
8296,Week 4,2024-05-18
8296,Week 8,2024-06-15
8296,Week 12,2024-07-13
8297,Baseline,2024-01-16
8297,Week 4,2024-02-13
8297,Week 8,2024-03-12
8297,Week 12,2024-04-09
8298,Baseline,2024-01-29
8298,Week 4,2024-02-26
8298,Week 8,2024-03-25
8298,Week 12,2024-04-22
8299,Baseline,2024-06-11
8299,Week 4,2024-07-09
8299,Week 8,2024-08-06
8299,Week 12,2024-09-03
8300,Baseline,2024-05-08
8300,Week 4,2024-06-05
8300,Week 8,2024-07-03
8300,Week 12,2024-07-31
8301,Baseline,2024-03-02
8301,Week 4,2024-03-30
8301,Week 8,2024-04-27
8301,Week 12,2024-05-25
8302,Baseline,2024-05-20
8302,Week 4,2024-06-17
8302,Week 8,2024-07-15
8302,Week 12,2024-08-12
8303,Baseline,2024-03-23
8303,Week 4,2024-04-20
8303,Week 8,2024-05-18
8303,Week 12,2024-06-15
8304,Baseline,2024-03-16
8304,Week 4,2024-04-13
8304,Week 8,2024-05-11
8304,Week 12,2024-06-08
8305,Baseline,2024-04-09
8305,Week 4,2024-05-07
8305,Week 8,2024-06-04
8305,Week 12,2024-07-02
8306,Baseline,2024-05-05
8306,Week 4,2024-06-02
8306,Week 8,2024-06-30
8306,Week 12,2024-07-28
8307,Baseline,2024-04-10
8307,Week 4,2024-05-08
8307,Week 8,2024-06-05
8307,Week 12,2024-07-03
8308,Baseline,2024-01-08
8308,Week 4,2024-02-05
8308,Week 8,2024-03-04
8308,Week 12,2024-04-01
8309,Baseline,2024-06-23
8309,Week 4,2024-07-21
8309,Week 8,2024-08-18
8309,Week 12,2024-09-15
8310,Baseline,2024-01-30
8310,Week 4,2024-02-27
8310,Week 8,2024-03-26
8310,Week 12,2024-04-23
8311,Baseline,2024-03-05
8311,Week 4,2024-04-02
8311,Week 8,2024-04-30
8311,Week 12,2024-05-28
8312,Baseline,2024-02-16
8312,Week 4,2024-03-15
8312,Week 8,2024-04-12
8312,Week 12,2024-05-10
8313,Baseline,2024-03-20
8313,Week 4,2024-04-17
8313,Week 8,2024-05-15
8313,Week 12,2024-06-12
8314,Baseline,2024-03-10
8314,Week 4,2024-04-07
8314,Week 8,2024-05-05
8314,Week 12,2024-06-02
8315,Baseline,2024-06-18
8315,Week 4,2024-07-16
8315,Week 8,2024-08-13
8315,Week 12,2024-09-10
8316,Baseline,2024-06-12
8316,Week 4,2024-07-10
8316,Week 8,2024-08-07
8316,Week 12,2024-09-04
8317,Baseline,2024-03-22
8317,Week 4,2024-04-19
8317,Week 8,2024-05-17
8317,Week 12,2024-06-14
8318,Baseline,2024-05-03
8318,Week 4,2024-05-31
8318,Week 8,2024-06-28
8318,Week 12,2024-07-26
8319,Baseline,2024-03-23
8319,Week 4,2024-04-20
8319,Week 8,2024-05-18
8319,Week 12,2024-06-15
8320,Baseline,2024-02-25
8320,Week 4,2024-03-24
8320,Week 8,2024-04-21
8320,Week 12,2024-05-19
8321,Baseline,2024-03-21
8321,Week 4,2024-04-18
8321,Week 8,2024-05-16
8321,Week 12,2024-06-13
8322,Baseline,2024-03-08
8322,Week 4,2024-04-05
8322,Week 8,2024-05-03
8322,Week 12,2024-05-31
8323,Baseline,2024-03-18
8323,Week 4,2024-04-15
8323,Week 8,2024-05-13
8323,Week 12,2024-06-10
8324,Baseline,2024-02-08
8324,Week 4,2024-03-07
8324,Week 8,2024-04-04
8324,Week 12,2024-05-02
8325,Baseline,2024-04-12
8325,Week 4,2024-05-10
8325,Week 8,2024-06-07
8325,Week 12,2024-07-05
8326,Baseline,2024-02-12
8326,Week 4,2024-03-11
8326,Week 8,2024-04-08
8326,Week 12,2024-05-06
8327,Baseline,2024-02-01
8327,Week 4,2024-02-29
8327,Week 8,2024-03-28
8327,Week 12,2024-04-25
8328,Baseline,2024-05-12
8328,Week 4,2024-06-09
8328,Week 8,2024-07-07
8328,Week 12,2024-08-04
8329,Baseline,2024-04-19
8329,Week 4,2024-05-17
8329,Week 8,2024-06-14
8329,Week 12,2024-07-12
8330,Baseline,2024-01-24
8330,Week 4,2024-02-21
8330,Week 8,2024-03-20
8330,Week 12,2024-04-17
8331,Baseline,2024-06-06
8331,Week 4,2024-07-04
8331,Week 8,2024-08-01
8331,Week 12,2024-08-29
8332,Baseline,2024-01-25
8332,Week 4,2024-02-22
8332,Week 8,2024-03-21
8332,Week 12,2024-04-18
8333,Baseline,2024-06-07
8333,Week 4,2024-07-05
8333,Week 8,2024-08-02
8333,Week 12,2024-08-30
8334,Baseline,2024-05-13
8334,Week 4,2024-06-10
8334,Week 8,2024-07-08
8334,Week 12,2024-08-05
8335,Baseline,2024-01-08
8335,Week 4,2024-02-05
8335,Week 8,2024-03-04
8335,Week 12,2024-04-01
8336,Baseline,2024-05-29
8336,Week 4,2024-06-26
8336,Week 8,2024-07-24
8336,Week 12,2024-08-21
8337,Baseline,2024-04-03
8337,Week 4,2024-05-01
8337,Week 8,2024-05-29
8337,Week 12,2024-06-26
8338,Baseline,2024-04-14
8338,Week 4,2024-05-12
8338,Week 8,2024-06-09
8338,Week 12,2024-07-07
8339,Baseline,2024-05-23
8339,Week 4,2024-06-20
8339,Week 8,2024-07-18
8339,Week 12,2024-08-15
8340,Baseline,2024-04-09
8340,Week 4,2024-05-07
8340,Week 8,2024-06-04
8340,Week 12,2024-07-02
8341,Baseline,2024-05-28
8341,Week 4,2024-06-25
8341,Week 8,2024-07-23
8341,Week 12,2024-08-20
8342,Baseline,2024-05-16
8342,Week 4,2024-06-13
8342,Week 8,2024-07-11
8342,Week 12,2024-08-08
8343,Baseline,2024-05-27
8343,Week 4,2024-06-24
8343,Week 8,2024-07-22
8343,Week 12,2024-08-19
8344,Baseline,2024-06-14
8344,Week 4,2024-07-12
8344,Week 8,2024-08-09
8344,Week 12,2024-09-06
8345,Baseline,2024-04-19
8345,Week 4,2024-05-17
8345,Week 8,2024-06-14
8345,Week 12,2024-07-12
8346,Baseline,2024-03-24
8346,Week 4,2024-04-21
8346,Week 8,2024-05-19
8346,Week 12,2024-06-16
8347,Baseline,2024-02-21
8347,Week 4,2024-03-20
8347,Week 8,2024-04-17
8347,Week 12,2024-05-15
8348,Baseline,2024-04-06
8348,Week 4,2024-05-04
8348,Week 8,2024-06-01
8348,Week 12,2024-06-29
8349,Baseline,2024-04-21
8349,Week 4,2024-05-19
8349,Week 8,2024-06-16
8349,Week 12,2024-07-14
8350,Baseline,2024-06-20
8350,Week 4,2024-07-18
8350,Week 8,2024-08-15
8350,Week 12,2024-09-12
8351,Baseline,2024-05-29
8351,Week 4,2024-06-26
8351,Week 8,2024-07-24
8351,Week 12,2024-08-21
8352,Baseline,2024-05-24
8352,Week 4,2024-06-21
8352,Week 8,2024-07-19
8352,Week 12,2024-08-16
8353,Baseline,2024-05-31
8353,Week 4,2024-06-28
8353,Week 8,2024-07-26
8353,Week 12,2024-08-23
8354,Baseline,2024-01-10
8354,Week 4,2024-02-07
8354,Week 8,2024-03-06
8354,Week 12,2024-04-03
8355,Baseline,2024-06-21
8355,Week 4,2024-07-19
8355,Week 8,2024-08-16
8355,Week 12,2024-09-13
8356,Baseline,2024-03-30
8356,Week 4,2024-04-27
8356,Week 8,2024-05-25
8356,Week 12,2024-06-22
8357,Baseline,2024-01-27
8357,Week 4,2024-02-24
8357,Week 8,2024-03-23
8357,Week 12,2024-04-20
8358,Baseline,2024-03-24
8358,Week 4,2024-04-21
8358,Week 8,2024-05-19
8358,Week 12,2024-06-16
8359,Baseline,2024-06-05
8359,Week 4,2024-07-03
8359,Week 8,2024-07-31
8359,Week 12,2024-08-28
8360,Baseline,2024-04-29
8360,Week 4,2024-05-27
8360,Week 8,2024-06-24
8360,Week 12,2024-07-22
8361,Baseline,2024-02-03
8361,Week 4,2024-03-02
8361,Week 8,2024-03-30
8361,Week 12,2024-04-27
8362,Baseline,2024-01-02
8362,Week 4,2024-01-30
8362,Week 8,2024-02-27
8362,Week 12,2024-03-26
8363,Baseline,2024-04-06
8363,Week 4,2024-05-04
8363,Week 8,2024-06-01
8363,Week 12,2024-06-29
8364,Baseline,2024-02-25
8364,Week 4,2024-03-24
8364,Week 8,2024-04-21
8364,Week 12,2024-05-19
8365,Baseline,2024-02-23
8365,Week 4,2024-03-22
8365,Week 8,2024-04-19
8365,Week 12,2024-05-17
8366,Baseline,2024-02-23
8366,Week 4,2024-03-22
8366,Week 8,2024-04-19
8366,Week 12,2024-05-17
8367,Baseline,2024-04-25
8367,Week 4,2024-05-23
8367,Week 8,2024-06-20
8367,Week 12,2024-07-18
8368,Baseline,2024-03-03
8368,Week 4,2024-03-31
8368,Week 8,2024-04-28
8368,Week 12,2024-05-26
8369,Baseline,2024-06-05
8369,Week 4,2024-07-03
8369,Week 8,2024-07-31
8369,Week 12,2024-08-28
8370,Baseline,2024-05-20
8370,Week 4,2024-06-17
8370,Week 8,2024-07-15
8370,Week 12,2024-08-12
8371,Baseline,2024-06-04
8371,Week 4,2024-07-02
8371,Week 8,2024-07-30
8371,Week 12,2024-08-27
8372,Baseline,2024-03-31
8372,Week 4,2024-04-28
8372,Week 8,2024-05-26
8372,Week 12,2024-06-23
8373,Baseline,2024-06-04
8373,Week 4,2024-07-02
8373,Week 8,2024-07-30
8373,Week 12,2024-08-27
8374,Baseline,2024-03-30
8374,Week 4,2024-04-27
8374,Week 8,2024-05-25
8374,Week 12,2024-06-22
8375,Baseline,2024-06-23
8375,Week 4,2024-07-21
8375,Week 8,2024-08-18
8375,Week 12,2024-09-15
8376,Baseline,2024-05-13
8376,Week 4,2024-06-10
8376,Week 8,2024-07-08
8376,Week 12,2024-08-05
8377,Baseline,2024-04-14
8377,Week 4,2024-05-12
8377,Week 8,2024-06-09
8377,Week 12,2024-07-07
8378,Baseline,2024-03-17
8378,Week 4,2024-04-14
8378,Week 8,2024-05-12
8378,Week 12,2024-06-09
8379,Baseline,2024-06-13
8379,Week 4,2024-07-11
8379,Week 8,2024-08-08
8379,Week 12,2024-09-05
8380,Baseline,2024-02-10
8380,Week 4,2024-03-09
8380,Week 8,2024-04-06
8380,Week 12,2024-05-04
8381,Baseline,2024-05-27
8381,Week 4,2024-06-24
8381,Week 8,2024-07-22
8381,Week 12,2024-08-19
8382,Baseline,2024-02-19
8382,Week 4,2024-03-18
8382,Week 8,2024-04-15
8382,Week 12,2024-05-13
8383,Baseline,2024-01-23
8383,Week 4,2024-02-20
8383,Week 8,2024-03-19
8383,Week 12,2024-04-16
8384,Baseline,2024-04-16
8384,Week 4,2024-05-14
8384,Week 8,2024-06-11
8384,Week 12,2024-07-09
8385,Baseline,2024-06-03
8385,Week 4,2024-07-01
8385,Week 8,2024-07-29
8385,Week 12,2024-08-26
8386,Baseline,2024-05-26
8386,Week 4,2024-06-23
8386,Week 8,2024-07-21
8386,Week 12,2024-08-18
8387,Baseline,2024-01-17
8387,Week 4,2024-02-14
8387,Week 8,2024-03-13
8387,Week 12,2024-04-10
8388,Baseline,2024-05-04
8388,Week 4,2024-06-01
8388,Week 8,2024-06-29
8388,Week 12,2024-07-27
8389,Baseline,2024-04-28
8389,Week 4,2024-05-26
8389,Week 8,2024-06-23
8389,Week 12,2024-07-21
8390,Baseline,2024-03-28
8390,Week 4,2024-04-25
8390,Week 8,2024-05-23
8390,Week 12,2024-06-20
8391,Baseline,2024-01-30
8391,Week 4,2024-02-27
8391,Week 8,2024-03-26
8391,Week 12,2024-04-23
8392,Baseline,2024-01-24
8392,Week 4,2024-02-21
8392,Week 8,2024-03-20
8392,Week 12,2024-04-17
8393,Baseline,2024-04-03
8393,Week 4,2024-05-01
8393,Week 8,2024-05-29
8393,Week 12,2024-06-26
8394,Baseline,2024-01-17
8394,Week 4,2024-02-14
8394,Week 8,2024-03-13
8394,Week 12,2024-04-10
8395,Baseline,2024-06-01
8395,Week 4,2024-06-29
8395,Week 8,2024-07-27
8395,Week 12,2024-08-24
8396,Baseline,2024-06-15
8396,Week 4,2024-07-13
8396,Week 8,2024-08-10
8396,Week 12,2024-09-07
8397,Baseline,2024-04-27
8397,Week 4,2024-05-25
8397,Week 8,2024-06-22
8397,Week 12,2024-07-20
8398,Baseline,2024-05-20
8398,Week 4,2024-06-17
8398,Week 8,2024-07-15
8398,Week 12,2024-08-12
8399,Baseline,2024-06-01
8399,Week 4,2024-06-29
8399,Week 8,2024-07-27
8399,Week 12,2024-08-24
8400,Baseline,2024-06-20
8400,Week 4,2024-07-18
8400,Week 8,2024-08-15
8400,Week 12,2024-09-12
8401,Baseline,2024-04-23
8401,Week 4,2024-05-21
8401,Week 8,2024-06-18
8401,Week 12,2024-07-16
8402,Baseline,2024-01-12
8402,Week 4,2024-02-09
8402,Week 8,2024-03-08
8402,Week 12,2024-04-05
8403,Baseline,2024-05-13
8403,Week 4,2024-06-10
8403,Week 8,2024-07-08
8403,Week 12,2024-08-05
8404,Baseline,2024-06-13
8404,Week 4,2024-07-11
8404,Week 8,2024-08-08
8404,Week 12,2024-09-05
8405,Baseline,2024-04-18
8405,Week 4,2024-05-16
8405,Week 8,2024-06-13
8405,Week 12,2024-07-11
8406,Baseline,2024-01-06
8406,Week 4,2024-02-03
8406,Week 8,2024-03-02
8406,Week 12,2024-03-30
8407,Baseline,2024-01-22
8407,Week 4,2024-02-19
8407,Week 8,2024-03-18
8407,Week 12,2024-04-15
8408,Baseline,2024-03-01
8408,Week 4,2024-03-29
8408,Week 8,2024-04-26
8408,Week 12,2024-05-24
8409,Baseline,2024-06-24
8409,Week 4,2024-07-22
8409,Week 8,2024-08-19
8409,Week 12,2024-09-16
8410,Baseline,2024-06-24
8410,Week 4,2024-07-22
8410,Week 8,2024-08-19
8410,Week 12,2024-09-16
8411,Baseline,2024-02-20
8411,Week 4,2024-03-19
8411,Week 8,2024-04-16
8411,Week 12,2024-05-14
8412,Baseline,2024-01-31
8412,Week 4,2024-02-28
8412,Week 8,2024-03-27
8412,Week 12,2024-04-24
8413,Baseline,2024-05-19
8413,Week 4,2024-06-16
8413,Week 8,2024-07-14
8413,Week 12,2024-08-11
8414,Baseline,2024-06-19
8414,Week 4,2024-07-17
8414,Week 8,2024-08-14
8414,Week 12,2024-09-11
8415,Baseline,2024-04-18
8415,Week 4,2024-05-16
8415,Week 8,2024-06-13
8415,Week 12,2024-07-11
8416,Baseline,2024-05-23
8416,Week 4,2024-06-20
8416,Week 8,2024-07-18
8416,Week 12,2024-08-15
8417,Baseline,2024-02-22
8417,Week 4,2024-03-21
8417,Week 8,2024-04-18
8417,Week 12,2024-05-16
8418,Baseline,2024-05-06
8418,Week 4,2024-06-03
8418,Week 8,2024-07-01
8418,Week 12,2024-07-29
8419,Baseline,2024-06-27
8419,Week 4,2024-07-25
8419,Week 8,2024-08-22
8419,Week 12,2024-09-19
8420,Baseline,2024-04-14
8420,Week 4,2024-05-12
8420,Week 8,2024-06-09
8420,Week 12,2024-07-07
8421,Baseline,2024-06-04
8421,Week 4,2024-07-02
8421,Week 8,2024-07-30
8421,Week 12,2024-08-27
8422,Baseline,2024-05-18
8422,Week 4,2024-06-15
8422,Week 8,2024-07-13
8422,Week 12,2024-08-10
8423,Baseline,2024-04-02
8423,Week 4,2024-04-30
8423,Week 8,2024-05-28
8423,Week 12,2024-06-25
8424,Baseline,2024-01-16
8424,Week 4,2024-02-13
8424,Week 8,2024-03-12
8424,Week 12,2024-04-09
8425,Baseline,2024-05-09
8425,Week 4,2024-06-06
8425,Week 8,2024-07-04
8425,Week 12,2024-08-01
8426,Baseline,2024-01-01
8426,Week 4,2024-01-29
8426,Week 8,2024-02-26
8426,Week 12,2024-03-25
8427,Baseline,2024-06-10
8427,Week 4,2024-07-08
8427,Week 8,2024-08-05
8427,Week 12,2024-09-02
8428,Baseline,2024-04-23
8428,Week 4,2024-05-21
8428,Week 8,2024-06-18
8428,Week 12,2024-07-16
8429,Baseline,2024-05-03
8429,Week 4,2024-05-31
8429,Week 8,2024-06-28
8429,Week 12,2024-07-26
8430,Baseline,2024-01-11
8430,Week 4,2024-02-08
8430,Week 8,2024-03-07
8430,Week 12,2024-04-04
8431,Baseline,2024-05-09
8431,Week 4,2024-06-06
8431,Week 8,2024-07-04
8431,Week 12,2024-08-01
8432,Baseline,2024-03-25
8432,Week 4,2024-04-22
8432,Week 8,2024-05-20
8432,Week 12,2024-06-17
8433,Baseline,2024-05-20
8433,Week 4,2024-06-17
8433,Week 8,2024-07-15
8433,Week 12,2024-08-12
8434,Baseline,2024-03-08
8434,Week 4,2024-04-05
8434,Week 8,2024-05-03
8434,Week 12,2024-05-31
8435,Baseline,2024-05-28
8435,Week 4,2024-06-25
8435,Week 8,2024-07-23
8435,Week 12,2024-08-20
8436,Baseline,2024-05-11
8436,Week 4,2024-06-08
8436,Week 8,2024-07-06
8436,Week 12,2024-08-03
8437,Baseline,2024-01-07
8437,Week 4,2024-02-04
8437,Week 8,2024-03-03
8437,Week 12,2024-03-31
8438,Baseline,2024-06-10
8438,Week 4,2024-07-08
8438,Week 8,2024-08-05
8438,Week 12,2024-09-02
8439,Baseline,2024-06-10
8439,Week 4,2024-07-08
8439,Week 8,2024-08-05
8439,Week 12,2024-09-02
8440,Baseline,2024-01-01
8440,Week 4,2024-01-29
8440,Week 8,2024-02-26
8440,Week 12,2024-03-25
8441,Baseline,2024-03-21
8441,Week 4,2024-04-18
8441,Week 8,2024-05-16
8441,Week 12,2024-06-13
8442,Baseline,2024-04-20
8442,Week 4,2024-05-18
8442,Week 8,2024-06-15
8442,Week 12,2024-07-13
8443,Baseline,2024-03-03
8443,Week 4,2024-03-31
8443,Week 8,2024-04-28
8443,Week 12,2024-05-26
8444,Baseline,2024-01-11
8444,Week 4,2024-02-08
8444,Week 8,2024-03-07
8444,Week 12,2024-04-04
8445,Baseline,2024-05-27
8445,Week 4,2024-06-24
8445,Week 8,2024-07-22
8445,Week 12,2024-08-19
8446,Baseline,2024-04-28
8446,Week 4,2024-05-26
8446,Week 8,2024-06-23
8446,Week 12,2024-07-21
8447,Baseline,2024-06-14
8447,Week 4,2024-07-12
8447,Week 8,2024-08-09
8447,Week 12,2024-09-06
8448,Baseline,2024-01-21
8448,Week 4,2024-02-18
8448,Week 8,2024-03-17
8448,Week 12,2024-04-14
8449,Baseline,2024-02-07
8449,Week 4,2024-03-06
8449,Week 8,2024-04-03
8449,Week 12,2024-05-01
8450,Baseline,2024-04-06
8450,Week 4,2024-05-04
8450,Week 8,2024-06-01
8450,Week 12,2024-06-29
8451,Baseline,2024-06-10
8451,Week 4,2024-07-08
8451,Week 8,2024-08-05
8451,Week 12,2024-09-02
8452,Baseline,2024-01-03
8452,Week 4,2024-01-31
8452,Week 8,2024-02-28
8452,Week 12,2024-03-27
8453,Baseline,2024-05-25
8453,Week 4,2024-06-22
8453,Week 8,2024-07-20
8453,Week 12,2024-08-17
8454,Baseline,2024-02-17
8454,Week 4,2024-03-16
8454,Week 8,2024-04-13
8454,Week 12,2024-05-11
8455,Baseline,2024-02-02
8455,Week 4,2024-03-01
8455,Week 8,2024-03-29
8455,Week 12,2024-04-26
8456,Baseline,2024-02-09
8456,Week 4,2024-03-08
8456,Week 8,2024-04-05
8456,Week 12,2024-05-03
8457,Baseline,2024-05-28
8457,Week 4,2024-06-25
8457,Week 8,2024-07-23
8457,Week 12,2024-08-20
8458,Baseline,2024-05-27
8458,Week 4,2024-06-24
8458,Week 8,2024-07-22
8458,Week 12,2024-08-19
8459,Baseline,2024-05-02
8459,Week 4,2024-05-30
8459,Week 8,2024-06-27
8459,Week 12,2024-07-25
8460,Baseline,2024-05-30
8460,Week 4,2024-06-27
8460,Week 8,2024-07-25
8460,Week 12,2024-08-22
8461,Baseline,2024-03-28
8461,Week 4,2024-04-25
8461,Week 8,2024-05-23
8461,Week 12,2024-06-20
8462,Baseline,2024-03-07
8462,Week 4,2024-04-04
8462,Week 8,2024-05-02
8462,Week 12,2024-05-30
8463,Baseline,2024-01-30
8463,Week 4,2024-02-27
8463,Week 8,2024-03-26
8463,Week 12,2024-04-23
8464,Baseline,2024-02-21
8464,Week 4,2024-03-20
8464,Week 8,2024-04-17
8464,Week 12,2024-05-15
8465,Baseline,2024-06-17
8465,Week 4,2024-07-15
8465,Week 8,2024-08-12
8465,Week 12,2024-09-09
8466,Baseline,2024-01-17
8466,Week 4,2024-02-14
8466,Week 8,2024-03-13
8466,Week 12,2024-04-10
8467,Baseline,2024-04-24
8467,Week 4,2024-05-22
8467,Week 8,2024-06-19
8467,Week 12,2024-07-17
8468,Baseline,2024-02-05
8468,Week 4,2024-03-04
8468,Week 8,2024-04-01
8468,Week 12,2024-04-29
8469,Baseline,2024-03-29
8469,Week 4,2024-04-26
8469,Week 8,2024-05-24
8469,Week 12,2024-06-21
8470,Baseline,2024-06-07
8470,Week 4,2024-07-05
8470,Week 8,2024-08-02
8470,Week 12,2024-08-30
8471,Baseline,2024-04-22
8471,Week 4,2024-05-20
8471,Week 8,2024-06-17
8471,Week 12,2024-07-15
8472,Baseline,2024-06-18
8472,Week 4,2024-07-16
8472,Week 8,2024-08-13
8472,Week 12,2024-09-10
8473,Baseline,2024-02-03
8473,Week 4,2024-03-02
8473,Week 8,2024-03-30
8473,Week 12,2024-04-27
8474,Baseline,2024-06-28
8474,Week 4,2024-07-26
8474,Week 8,2024-08-23
8474,Week 12,2024-09-20
8475,Baseline,2024-02-08
8475,Week 4,2024-03-07
8475,Week 8,2024-04-04
8475,Week 12,2024-05-02
8476,Baseline,2024-04-07
8476,Week 4,2024-05-05
8476,Week 8,2024-06-02
8476,Week 12,2024-06-30
8477,Baseline,2024-03-08
8477,Week 4,2024-04-05
8477,Week 8,2024-05-03
8477,Week 12,2024-05-31
8478,Baseline,2024-04-12
8478,Week 4,2024-05-10
8478,Week 8,2024-06-07
8478,Week 12,2024-07-05
8479,Baseline,2024-03-03
8479,Week 4,2024-03-31
8479,Week 8,2024-04-28
8479,Week 12,2024-05-26
8480,Baseline,2024-06-23
8480,Week 4,2024-07-21
8480,Week 8,2024-08-18
8480,Week 12,2024-09-15
8481,Baseline,2024-02-08
8481,Week 4,2024-03-07
8481,Week 8,2024-04-04
8481,Week 12,2024-05-02
8482,Baseline,2024-06-06
8482,Week 4,2024-07-04
8482,Week 8,2024-08-01
8482,Week 12,2024-08-29
8483,Baseline,2024-03-16
8483,Week 4,2024-04-13
8483,Week 8,2024-05-11
8483,Week 12,2024-06-08
8484,Baseline,2024-04-05
8484,Week 4,2024-05-03
8484,Week 8,2024-05-31
8484,Week 12,2024-06-28
8485,Baseline,2024-04-01
8485,Week 4,2024-04-29
8485,Week 8,2024-05-27
8485,Week 12,2024-06-24
8486,Baseline,2024-01-18
8486,Week 4,2024-02-15
8486,Week 8,2024-03-14
8486,Week 12,2024-04-11
8487,Baseline,2024-01-26
8487,Week 4,2024-02-23
8487,Week 8,2024-03-22
8487,Week 12,2024-04-19
8488,Baseline,2024-03-27
8488,Week 4,2024-04-24
8488,Week 8,2024-05-22
8488,Week 12,2024-06-19
8489,Baseline,2024-04-28
8489,Week 4,2024-05-26
8489,Week 8,2024-06-23
8489,Week 12,2024-07-21
8490,Baseline,2024-06-26
8490,Week 4,2024-07-24
8490,Week 8,2024-08-21
8490,Week 12,2024-09-18
8491,Baseline,2024-05-07
8491,Week 4,2024-06-04
8491,Week 8,2024-07-02
8491,Week 12,2024-07-30
8492,Baseline,2024-03-31
8492,Week 4,2024-04-28
8492,Week 8,2024-05-26
8492,Week 12,2024-06-23
8493,Baseline,2024-06-06
8493,Week 4,2024-07-04
8493,Week 8,2024-08-01
8493,Week 12,2024-08-29
8494,Baseline,2024-04-28
8494,Week 4,2024-05-26
8494,Week 8,2024-06-23
8494,Week 12,2024-07-21
8495,Baseline,2024-02-21
8495,Week 4,2024-03-20
8495,Week 8,2024-04-17
8495,Week 12,2024-05-15
8496,Baseline,2024-02-19
8496,Week 4,2024-03-18
8496,Week 8,2024-04-15
8496,Week 12,2024-05-13
8497,Baseline,2024-05-16
8497,Week 4,2024-06-13
8497,Week 8,2024-07-11
8497,Week 12,2024-08-08
8498,Baseline,2024-05-05
8498,Week 4,2024-06-02
8498,Week 8,2024-06-30
8498,Week 12,2024-07-28
8499,Baseline,2024-03-28
8499,Week 4,2024-04-25
8499,Week 8,2024-05-23
8499,Week 12,2024-06-20
8500,Baseline,2024-05-07
8500,Week 4,2024-06-04
8500,Week 8,2024-07-02
8500,Week 12,2024-07-30
8501,Baseline,2024-05-13
8501,Week 4,2024-06-10
8501,Week 8,2024-07-08
8501,Week 12,2024-08-05
8502,Baseline,2024-05-11
8502,Week 4,2024-06-08
8502,Week 8,2024-07-06
8502,Week 12,2024-08-03
8503,Baseline,2024-06-14
8503,Week 4,2024-07-12
8503,Week 8,2024-08-09
8503,Week 12,2024-09-06
8504,Baseline,2024-05-20
8504,Week 4,2024-06-17
8504,Week 8,2024-07-15
8504,Week 12,2024-08-12
8505,Baseline,2024-06-09
8505,Week 4,2024-07-07
8505,Week 8,2024-08-04
8505,Week 12,2024-09-01
8506,Baseline,2024-05-20
8506,Week 4,2024-06-17
8506,Week 8,2024-07-15
8506,Week 12,2024-08-12
8507,Baseline,2024-03-30
8507,Week 4,2024-04-27
8507,Week 8,2024-05-25
8507,Week 12,2024-06-22
8508,Baseline,2024-05-11
8508,Week 4,2024-06-08
8508,Week 8,2024-07-06
8508,Week 12,2024-08-03
8509,Baseline,2024-01-10
8509,Week 4,2024-02-07
8509,Week 8,2024-03-06
8509,Week 12,2024-04-03
8510,Baseline,2024-03-02
8510,Week 4,2024-03-30
8510,Week 8,2024-04-27
8510,Week 12,2024-05-25
8511,Baseline,2024-01-02
8511,Week 4,2024-01-30
8511,Week 8,2024-02-27
8511,Week 12,2024-03-26
8512,Baseline,2024-01-14
8512,Week 4,2024-02-11
8512,Week 8,2024-03-10
8512,Week 12,2024-04-07
8513,Baseline,2024-04-08
8513,Week 4,2024-05-06
8513,Week 8,2024-06-03
8513,Week 12,2024-07-01
8514,Baseline,2024-02-18
8514,Week 4,2024-03-17
8514,Week 8,2024-04-14
8514,Week 12,2024-05-12
8515,Baseline,2024-05-08
8515,Week 4,2024-06-05
8515,Week 8,2024-07-03
8515,Week 12,2024-07-31
8516,Baseline,2024-04-15
8516,Week 4,2024-05-13
8516,Week 8,2024-06-10
8516,Week 12,2024-07-08
8517,Baseline,2024-03-31
8517,Week 4,2024-04-28
8517,Week 8,2024-05-26
8517,Week 12,2024-06-23
8518,Baseline,2024-05-29
8518,Week 4,2024-06-26
8518,Week 8,2024-07-24
8518,Week 12,2024-08-21
8519,Baseline,2024-06-04
8519,Week 4,2024-07-02
8519,Week 8,2024-07-30
8519,Week 12,2024-08-27
8520,Baseline,2024-01-26
8520,Week 4,2024-02-23
8520,Week 8,2024-03-22
8520,Week 12,2024-04-19
8521,Baseline,2024-04-24
8521,Week 4,2024-05-22
8521,Week 8,2024-06-19
8521,Week 12,2024-07-17
8522,Baseline,2024-02-21
8522,Week 4,2024-03-20
8522,Week 8,2024-04-17
8522,Week 12,2024-05-15
8523,Baseline,2024-03-11
8523,Week 4,2024-04-08
8523,Week 8,2024-05-06
8523,Week 12,2024-06-03
8524,Baseline,2024-02-03
8524,Week 4,2024-03-02
8524,Week 8,2024-03-30
8524,Week 12,2024-04-27
8525,Baseline,2024-05-23
8525,Week 4,2024-06-20
8525,Week 8,2024-07-18
8525,Week 12,2024-08-15
8526,Baseline,2024-06-07
8526,Week 4,2024-07-05
8526,Week 8,2024-08-02
8526,Week 12,2024-08-30
8527,Baseline,2024-05-23
8527,Week 4,2024-06-20
8527,Week 8,2024-07-18
8527,Week 12,2024-08-15
8528,Baseline,2024-02-11
8528,Week 4,2024-03-10
8528,Week 8,2024-04-07
8528,Week 12,2024-05-05
8529,Baseline,2024-02-15
8529,Week 4,2024-03-14
8529,Week 8,2024-04-11
8529,Week 12,2024-05-09
8530,Baseline,2024-02-13
8530,Week 4,2024-03-12
8530,Week 8,2024-04-09
8530,Week 12,2024-05-07
8531,Baseline,2024-04-30
8531,Week 4,2024-05-28
8531,Week 8,2024-06-25
8531,Week 12,2024-07-23
8532,Baseline,2024-04-13
8532,Week 4,2024-05-11
8532,Week 8,2024-06-08
8532,Week 12,2024-07-06
8533,Baseline,2024-06-04
8533,Week 4,2024-07-02
8533,Week 8,2024-07-30
8533,Week 12,2024-08-27
8534,Baseline,2024-02-18
8534,Week 4,2024-03-17
8534,Week 8,2024-04-14
8534,Week 12,2024-05-12
8535,Baseline,2024-01-22
8535,Week 4,2024-02-19
8535,Week 8,2024-03-18
8535,Week 12,2024-04-15
8536,Baseline,2024-04-21
8536,Week 4,2024-05-19
8536,Week 8,2024-06-16
8536,Week 12,2024-07-14
8537,Baseline,2024-01-15
8537,Week 4,2024-02-12
8537,Week 8,2024-03-11
8537,Week 12,2024-04-08
8538,Baseline,2024-03-01
8538,Week 4,2024-03-29
8538,Week 8,2024-04-26
8538,Week 12,2024-05-24
8539,Baseline,2024-04-09
8539,Week 4,2024-05-07
8539,Week 8,2024-06-04
8539,Week 12,2024-07-02
8540,Baseline,2024-06-13
8540,Week 4,2024-07-11
8540,Week 8,2024-08-08
8540,Week 12,2024-09-05
8541,Baseline,2024-01-04
8541,Week 4,2024-02-01
8541,Week 8,2024-02-29
8541,Week 12,2024-03-28
8542,Baseline,2024-04-07
8542,Week 4,2024-05-05
8542,Week 8,2024-06-02
8542,Week 12,2024-06-30
8543,Baseline,2024-03-31
8543,Week 4,2024-04-28
8543,Week 8,2024-05-26
8543,Week 12,2024-06-23
8544,Baseline,2024-06-10
8544,Week 4,2024-07-08
8544,Week 8,2024-08-05
8544,Week 12,2024-09-02
8545,Baseline,2024-04-29
8545,Week 4,2024-05-27
8545,Week 8,2024-06-24
8545,Week 12,2024-07-22
8546,Baseline,2024-01-02
8546,Week 4,2024-01-30
8546,Week 8,2024-02-27
8546,Week 12,2024-03-26
8547,Baseline,2024-05-02
8547,Week 4,2024-05-30
8547,Week 8,2024-06-27
8547,Week 12,2024-07-25
8548,Baseline,2024-01-11
8548,Week 4,2024-02-08
8548,Week 8,2024-03-07
8548,Week 12,2024-04-04
8549,Baseline,2024-01-24
8549,Week 4,2024-02-21
8549,Week 8,2024-03-20
8549,Week 12,2024-04-17
8550,Baseline,2024-05-30
8550,Week 4,2024-06-27
8550,Week 8,2024-07-25
8550,Week 12,2024-08-22
8551,Baseline,2024-04-08
8551,Week 4,2024-05-06
8551,Week 8,2024-06-03
8551,Week 12,2024-07-01
8552,Baseline,2024-02-24
8552,Week 4,2024-03-23
8552,Week 8,2024-04-20
8552,Week 12,2024-05-18
8553,Baseline,2024-05-04
8553,Week 4,2024-06-01
8553,Week 8,2024-06-29
8553,Week 12,2024-07-27
8554,Baseline,2024-01-29
8554,Week 4,2024-02-26
8554,Week 8,2024-03-25
8554,Week 12,2024-04-22
8555,Baseline,2024-06-03
8555,Week 4,2024-07-01
8555,Week 8,2024-07-29
8555,Week 12,2024-08-26
8556,Baseline,2024-05-03
8556,Week 4,2024-05-31
8556,Week 8,2024-06-28
8556,Week 12,2024-07-26
8557,Baseline,2024-05-13
8557,Week 4,2024-06-10
8557,Week 8,2024-07-08
8557,Week 12,2024-08-05
8558,Baseline,2024-04-20
8558,Week 4,2024-05-18
8558,Week 8,2024-06-15
8558,Week 12,2024-07-13
8559,Baseline,2024-04-10
8559,Week 4,2024-05-08
8559,Week 8,2024-06-05
8559,Week 12,2024-07-03
8560,Baseline,2024-02-06
8560,Week 4,2024-03-05
8560,Week 8,2024-04-02
8560,Week 12,2024-04-30
8561,Baseline,2024-03-29
8561,Week 4,2024-04-26
8561,Week 8,2024-05-24
8561,Week 12,2024-06-21
8562,Baseline,2024-04-21
8562,Week 4,2024-05-19
8562,Week 8,2024-06-16
8562,Week 12,2024-07-14
8563,Baseline,2024-05-19
8563,Week 4,2024-06-16
8563,Week 8,2024-07-14
8563,Week 12,2024-08-11
8564,Baseline,2024-04-29
8564,Week 4,2024-05-27
8564,Week 8,2024-06-24
8564,Week 12,2024-07-22
8565,Baseline,2024-03-04
8565,Week 4,2024-04-01
8565,Week 8,2024-04-29
8565,Week 12,2024-05-27
8566,Baseline,2024-06-22
8566,Week 4,2024-07-20
8566,Week 8,2024-08-17
8566,Week 12,2024-09-14
8567,Baseline,2024-04-16
8567,Week 4,2024-05-14
8567,Week 8,2024-06-11
8567,Week 12,2024-07-09
8568,Baseline,2024-01-02
8568,Week 4,2024-01-30
8568,Week 8,2024-02-27
8568,Week 12,2024-03-26
8569,Baseline,2024-04-19
8569,Week 4,2024-05-17
8569,Week 8,2024-06-14
8569,Week 12,2024-07-12
8570,Baseline,2024-01-04
8570,Week 4,2024-02-01
8570,Week 8,2024-02-29
8570,Week 12,2024-03-28
8571,Baseline,2024-06-03
8571,Week 4,2024-07-01
8571,Week 8,2024-07-29
8571,Week 12,2024-08-26
8572,Baseline,2024-03-02
8572,Week 4,2024-03-30
8572,Week 8,2024-04-27
8572,Week 12,2024-05-25
8573,Baseline,2024-05-18
8573,Week 4,2024-06-15
8573,Week 8,2024-07-13
8573,Week 12,2024-08-10
8574,Baseline,2024-01-19
8574,Week 4,2024-02-16
8574,Week 8,2024-03-15
8574,Week 12,2024-04-12
8575,Baseline,2024-01-13
8575,Week 4,2024-02-10
8575,Week 8,2024-03-09
8575,Week 12,2024-04-06
8576,Baseline,2024-02-29
8576,Week 4,2024-03-28
8576,Week 8,2024-04-25
8576,Week 12,2024-05-23
8577,Baseline,2024-06-09
8577,Week 4,2024-07-07
8577,Week 8,2024-08-04
8577,Week 12,2024-09-01
8578,Baseline,2024-06-02
8578,Week 4,2024-06-30
8578,Week 8,2024-07-28
8578,Week 12,2024-08-25
8579,Baseline,2024-01-21
8579,Week 4,2024-02-18
8579,Week 8,2024-03-17
8579,Week 12,2024-04-14
8580,Baseline,2024-04-15
8580,Week 4,2024-05-13
8580,Week 8,2024-06-10
8580,Week 12,2024-07-08
8581,Baseline,2024-06-20
8581,Week 4,2024-07-18
8581,Week 8,2024-08-15
8581,Week 12,2024-09-12
8582,Baseline,2024-04-05
8582,Week 4,2024-05-03
8582,Week 8,2024-05-31
8582,Week 12,2024-06-28
8583,Baseline,2024-06-23
8583,Week 4,2024-07-21
8583,Week 8,2024-08-18
8583,Week 12,2024-09-15
8584,Baseline,2024-05-28
8584,Week 4,2024-06-25
8584,Week 8,2024-07-23
8584,Week 12,2024-08-20
8585,Baseline,2024-03-05
8585,Week 4,2024-04-02
8585,Week 8,2024-04-30
8585,Week 12,2024-05-28
8586,Baseline,2024-04-13
8586,Week 4,2024-05-11
8586,Week 8,2024-06-08
8586,Week 12,2024-07-06
8587,Baseline,2024-01-23
8587,Week 4,2024-02-20
8587,Week 8,2024-03-19
8587,Week 12,2024-04-16
8588,Baseline,2024-04-07
8588,Week 4,2024-05-05
8588,Week 8,2024-06-02
8588,Week 12,2024-06-30
8589,Baseline,2024-03-18
8589,Week 4,2024-04-15
8589,Week 8,2024-05-13
8589,Week 12,2024-06-10
8590,Baseline,2024-03-14
8590,Week 4,2024-04-11
8590,Week 8,2024-05-09
8590,Week 12,2024-06-06
8591,Baseline,2024-04-12
8591,Week 4,2024-05-10
8591,Week 8,2024-06-07
8591,Week 12,2024-07-05
8592,Baseline,2024-05-11
8592,Week 4,2024-06-08
8592,Week 8,2024-07-06
8592,Week 12,2024-08-03
8593,Baseline,2024-03-30
8593,Week 4,2024-04-27
8593,Week 8,2024-05-25
8593,Week 12,2024-06-22
8594,Baseline,2024-01-14
8594,Week 4,2024-02-11
8594,Week 8,2024-03-10
8594,Week 12,2024-04-07
8595,Baseline,2024-03-29
8595,Week 4,2024-04-26
8595,Week 8,2024-05-24
8595,Week 12,2024-06-21
8596,Baseline,2024-01-26
8596,Week 4,2024-02-23
8596,Week 8,2024-03-22
8596,Week 12,2024-04-19
8597,Baseline,2024-03-01
8597,Week 4,2024-03-29
8597,Week 8,2024-04-26
8597,Week 12,2024-05-24
8598,Baseline,2024-04-13
8598,Week 4,2024-05-11
8598,Week 8,2024-06-08
8598,Week 12,2024-07-06
8599,Baseline,2024-04-02
8599,Week 4,2024-04-30
8599,Week 8,2024-05-28
8599,Week 12,2024-06-25
8600,Baseline,2024-03-12
8600,Week 4,2024-04-09
8600,Week 8,2024-05-07
8600,Week 12,2024-06-04
8601,Baseline,2024-05-29
8601,Week 4,2024-06-26
8601,Week 8,2024-07-24
8601,Week 12,2024-08-21
8602,Baseline,2024-01-23
8602,Week 4,2024-02-20
8602,Week 8,2024-03-19
8602,Week 12,2024-04-16
8603,Baseline,2024-02-04
8603,Week 4,2024-03-03
8603,Week 8,2024-03-31
8603,Week 12,2024-04-28
8604,Baseline,2024-06-24
8604,Week 4,2024-07-22
8604,Week 8,2024-08-19
8604,Week 12,2024-09-16
8605,Baseline,2024-03-29
8605,Week 4,2024-04-26
8605,Week 8,2024-05-24
8605,Week 12,2024-06-21
8606,Baseline,2024-03-31
8606,Week 4,2024-04-28
8606,Week 8,2024-05-26
8606,Week 12,2024-06-23
8607,Baseline,2024-01-26
8607,Week 4,2024-02-23
8607,Week 8,2024-03-22
8607,Week 12,2024-04-19
8608,Baseline,2024-04-17
8608,Week 4,2024-05-15
8608,Week 8,2024-06-12
8608,Week 12,2024-07-10
8609,Baseline,2024-06-09
8609,Week 4,2024-07-07
8609,Week 8,2024-08-04
8609,Week 12,2024-09-01
8610,Baseline,2024-02-21
8610,Week 4,2024-03-20
8610,Week 8,2024-04-17
8610,Week 12,2024-05-15
8611,Baseline,2024-05-20
8611,Week 4,2024-06-17
8611,Week 8,2024-07-15
8611,Week 12,2024-08-12
8612,Baseline,2024-04-10
8612,Week 4,2024-05-08
8612,Week 8,2024-06-05
8612,Week 12,2024-07-03
8613,Baseline,2024-02-18
8613,Week 4,2024-03-17
8613,Week 8,2024-04-14
8613,Week 12,2024-05-12
8614,Baseline,2024-04-23
8614,Week 4,2024-05-21
8614,Week 8,2024-06-18
8614,Week 12,2024-07-16
8615,Baseline,2024-03-17
8615,Week 4,2024-04-14
8615,Week 8,2024-05-12
8615,Week 12,2024-06-09
8616,Baseline,2024-03-21
8616,Week 4,2024-04-18
8616,Week 8,2024-05-16
8616,Week 12,2024-06-13
8617,Baseline,2024-05-31
8617,Week 4,2024-06-28
8617,Week 8,2024-07-26
8617,Week 12,2024-08-23
8618,Baseline,2024-05-06
8618,Week 4,2024-06-03
8618,Week 8,2024-07-01
8618,Week 12,2024-07-29
8619,Baseline,2024-03-27
8619,Week 4,2024-04-24
8619,Week 8,2024-05-22
8619,Week 12,2024-06-19
8620,Baseline,2024-05-07
8620,Week 4,2024-06-04
8620,Week 8,2024-07-02
8620,Week 12,2024-07-30
8621,Baseline,2024-03-31
8621,Week 4,2024-04-28
8621,Week 8,2024-05-26
8621,Week 12,2024-06-23
8622,Baseline,2024-03-19
8622,Week 4,2024-04-16
8622,Week 8,2024-05-14
8622,Week 12,2024-06-11
8623,Baseline,2024-05-29
8623,Week 4,2024-06-26
8623,Week 8,2024-07-24
8623,Week 12,2024-08-21
8624,Baseline,2024-01-14
8624,Week 4,2024-02-11
8624,Week 8,2024-03-10
8624,Week 12,2024-04-07
8625,Baseline,2024-05-27
8625,Week 4,2024-06-24
8625,Week 8,2024-07-22
8625,Week 12,2024-08-19
8626,Baseline,2024-06-07
8626,Week 4,2024-07-05
8626,Week 8,2024-08-02
8626,Week 12,2024-08-30
8627,Baseline,2024-02-02
8627,Week 4,2024-03-01
8627,Week 8,2024-03-29
8627,Week 12,2024-04-26
8628,Baseline,2024-03-04
8628,Week 4,2024-04-01
8628,Week 8,2024-04-29
8628,Week 12,2024-05-27
8629,Baseline,2024-03-13
8629,Week 4,2024-04-10
8629,Week 8,2024-05-08
8629,Week 12,2024-06-05
8630,Baseline,2024-04-20
8630,Week 4,2024-05-18
8630,Week 8,2024-06-15
8630,Week 12,2024-07-13
8631,Baseline,2024-06-13
8631,Week 4,2024-07-11
8631,Week 8,2024-08-08
8631,Week 12,2024-09-05
8632,Baseline,2024-04-29
8632,Week 4,2024-05-27
8632,Week 8,2024-06-24
8632,Week 12,2024-07-22
8633,Baseline,2024-03-15
8633,Week 4,2024-04-12
8633,Week 8,2024-05-10
8633,Week 12,2024-06-07
8634,Baseline,2024-06-09
8634,Week 4,2024-07-07
8634,Week 8,2024-08-04
8634,Week 12,2024-09-01
8635,Baseline,2024-05-27
8635,Week 4,2024-06-24
8635,Week 8,2024-07-22
8635,Week 12,2024-08-19
8636,Baseline,2024-03-02
8636,Week 4,2024-03-30
8636,Week 8,2024-04-27
8636,Week 12,2024-05-25
8637,Baseline,2024-01-04
8637,Week 4,2024-02-01
8637,Week 8,2024-02-29
8637,Week 12,2024-03-28
8638,Baseline,2024-01-27
8638,Week 4,2024-02-24
8638,Week 8,2024-03-23
8638,Week 12,2024-04-20
8639,Baseline,2024-02-08
8639,Week 4,2024-03-07
8639,Week 8,2024-04-04
8639,Week 12,2024-05-02
8640,Baseline,2024-05-11
8640,Week 4,2024-06-08
8640,Week 8,2024-07-06
8640,Week 12,2024-08-03
8641,Baseline,2024-03-07
8641,Week 4,2024-04-04
8641,Week 8,2024-05-02
8641,Week 12,2024-05-30
8642,Baseline,2024-02-08
8642,Week 4,2024-03-07
8642,Week 8,2024-04-04
8642,Week 12,2024-05-02
8643,Baseline,2024-04-03
8643,Week 4,2024-05-01
8643,Week 8,2024-05-29
8643,Week 12,2024-06-26
8644,Baseline,2024-06-22
8644,Week 4,2024-07-20
8644,Week 8,2024-08-17
8644,Week 12,2024-09-14
8645,Baseline,2024-02-20
8645,Week 4,2024-03-19
8645,Week 8,2024-04-16
8645,Week 12,2024-05-14
8646,Baseline,2024-01-27
8646,Week 4,2024-02-24
8646,Week 8,2024-03-23
8646,Week 12,2024-04-20
8647,Baseline,2024-05-15
8647,Week 4,2024-06-12
8647,Week 8,2024-07-10
8647,Week 12,2024-08-07
8648,Baseline,2024-06-13
8648,Week 4,2024-07-11
8648,Week 8,2024-08-08
8648,Week 12,2024-09-05
8649,Baseline,2024-05-05
8649,Week 4,2024-06-02
8649,Week 8,2024-06-30
8649,Week 12,2024-07-28
8650,Baseline,2024-06-02
8650,Week 4,2024-06-30
8650,Week 8,2024-07-28
8650,Week 12,2024-08-25
8651,Baseline,2024-04-29
8651,Week 4,2024-05-27
8651,Week 8,2024-06-24
8651,Week 12,2024-07-22
8652,Baseline,2024-05-23
8652,Week 4,2024-06-20
8652,Week 8,2024-07-18
8652,Week 12,2024-08-15
8653,Baseline,2024-03-30
8653,Week 4,2024-04-27
8653,Week 8,2024-05-25
8653,Week 12,2024-06-22
8654,Baseline,2024-06-01
8654,Week 4,2024-06-29
8654,Week 8,2024-07-27
8654,Week 12,2024-08-24
8655,Baseline,2024-05-08
8655,Week 4,2024-06-05
8655,Week 8,2024-07-03
8655,Week 12,2024-07-31
8656,Baseline,2024-03-11
8656,Week 4,2024-04-08
8656,Week 8,2024-05-06
8656,Week 12,2024-06-03
8657,Baseline,2024-04-10
8657,Week 4,2024-05-08
8657,Week 8,2024-06-05
8657,Week 12,2024-07-03
8658,Baseline,2024-04-11
8658,Week 4,2024-05-09
8658,Week 8,2024-06-06
8658,Week 12,2024-07-04
8659,Baseline,2024-04-27
8659,Week 4,2024-05-25
8659,Week 8,2024-06-22
8659,Week 12,2024-07-20
8660,Baseline,2024-02-14
8660,Week 4,2024-03-13
8660,Week 8,2024-04-10
8660,Week 12,2024-05-08
8661,Baseline,2024-01-18
8661,Week 4,2024-02-15
8661,Week 8,2024-03-14
8661,Week 12,2024-04-11
8662,Baseline,2024-01-27
8662,Week 4,2024-02-24
8662,Week 8,2024-03-23
8662,Week 12,2024-04-20
8663,Baseline,2024-05-02
8663,Week 4,2024-05-30
8663,Week 8,2024-06-27
8663,Week 12,2024-07-25
8664,Baseline,2024-06-18
8664,Week 4,2024-07-16
8664,Week 8,2024-08-13
8664,Week 12,2024-09-10
8665,Baseline,2024-05-24
8665,Week 4,2024-06-21
8665,Week 8,2024-07-19
8665,Week 12,2024-08-16
8666,Baseline,2024-04-04
8666,Week 4,2024-05-02
8666,Week 8,2024-05-30
8666,Week 12,2024-06-27
8667,Baseline,2024-06-27
8667,Week 4,2024-07-25
8667,Week 8,2024-08-22
8667,Week 12,2024-09-19
8668,Baseline,2024-03-22
8668,Week 4,2024-04-19
8668,Week 8,2024-05-17
8668,Week 12,2024-06-14
8669,Baseline,2024-06-01
8669,Week 4,2024-06-29
8669,Week 8,2024-07-27
8669,Week 12,2024-08-24
8670,Baseline,2024-03-04
8670,Week 4,2024-04-01
8670,Week 8,2024-04-29
8670,Week 12,2024-05-27
8671,Baseline,2024-02-05
8671,Week 4,2024-03-04
8671,Week 8,2024-04-01
8671,Week 12,2024-04-29
8672,Baseline,2024-02-26
8672,Week 4,2024-03-25
8672,Week 8,2024-04-22
8672,Week 12,2024-05-20
8673,Baseline,2024-03-13
8673,Week 4,2024-04-10
8673,Week 8,2024-05-08
8673,Week 12,2024-06-05
8674,Baseline,2024-04-15
8674,Week 4,2024-05-13
8674,Week 8,2024-06-10
8674,Week 12,2024-07-08
8675,Baseline,2024-04-02
8675,Week 4,2024-04-30
8675,Week 8,2024-05-28
8675,Week 12,2024-06-25
8676,Baseline,2024-01-29
8676,Week 4,2024-02-26
8676,Week 8,2024-03-25
8676,Week 12,2024-04-22
8677,Baseline,2024-03-23
8677,Week 4,2024-04-20
8677,Week 8,2024-05-18
8677,Week 12,2024-06-15
8678,Baseline,2024-04-21
8678,Week 4,2024-05-19
8678,Week 8,2024-06-16
8678,Week 12,2024-07-14
8679,Baseline,2024-05-01
8679,Week 4,2024-05-29
8679,Week 8,2024-06-26
8679,Week 12,2024-07-24
8680,Baseline,2024-06-16
8680,Week 4,2024-07-14
8680,Week 8,2024-08-11
8680,Week 12,2024-09-08
8681,Baseline,2024-03-08
8681,Week 4,2024-04-05
8681,Week 8,2024-05-03
8681,Week 12,2024-05-31
8682,Baseline,2024-02-01
8682,Week 4,2024-02-29
8682,Week 8,2024-03-28
8682,Week 12,2024-04-25
8683,Baseline,2024-02-06
8683,Week 4,2024-03-05
8683,Week 8,2024-04-02
8683,Week 12,2024-04-30
8684,Baseline,2024-01-05
8684,Week 4,2024-02-02
8684,Week 8,2024-03-01
8684,Week 12,2024-03-29
8685,Baseline,2024-02-14
8685,Week 4,2024-03-13
8685,Week 8,2024-04-10
8685,Week 12,2024-05-08
8686,Baseline,2024-05-07
8686,Week 4,2024-06-04
8686,Week 8,2024-07-02
8686,Week 12,2024-07-30
8687,Baseline,2024-03-04
8687,Week 4,2024-04-01
8687,Week 8,2024-04-29
8687,Week 12,2024-05-27
8688,Baseline,2024-05-26
8688,Week 4,2024-06-23
8688,Week 8,2024-07-21
8688,Week 12,2024-08-18
8689,Baseline,2024-04-20
8689,Week 4,2024-05-18
8689,Week 8,2024-06-15
8689,Week 12,2024-07-13
8690,Baseline,2024-06-24
8690,Week 4,2024-07-22
8690,Week 8,2024-08-19
8690,Week 12,2024-09-16
8691,Baseline,2024-01-13
8691,Week 4,2024-02-10
8691,Week 8,2024-03-09
8691,Week 12,2024-04-06
8692,Baseline,2024-01-13
8692,Week 4,2024-02-10
8692,Week 8,2024-03-09
8692,Week 12,2024-04-06
8693,Baseline,2024-02-05
8693,Week 4,2024-03-04
8693,Week 8,2024-04-01
8693,Week 12,2024-04-29
8694,Baseline,2024-06-06
8694,Week 4,2024-07-04
8694,Week 8,2024-08-01
8694,Week 12,2024-08-29
8695,Baseline,2024-03-30
8695,Week 4,2024-04-27
8695,Week 8,2024-05-25
8695,Week 12,2024-06-22
8696,Baseline,2024-01-30
8696,Week 4,2024-02-27
8696,Week 8,2024-03-26
8696,Week 12,2024-04-23
8697,Baseline,2024-05-21
8697,Week 4,2024-06-18
8697,Week 8,2024-07-16
8697,Week 12,2024-08-13
8698,Baseline,2024-01-12
8698,Week 4,2024-02-09
8698,Week 8,2024-03-08
8698,Week 12,2024-04-05
8699,Baseline,2024-06-22
8699,Week 4,2024-07-20
8699,Week 8,2024-08-17
8699,Week 12,2024-09-14
8700,Baseline,2024-02-04
8700,Week 4,2024-03-03
8700,Week 8,2024-03-31
8700,Week 12,2024-04-28
8701,Baseline,2024-04-29
8701,Week 4,2024-05-27
8701,Week 8,2024-06-24
8701,Week 12,2024-07-22
8702,Baseline,2024-05-25
8702,Week 4,2024-06-22
8702,Week 8,2024-07-20
8702,Week 12,2024-08-17
8703,Baseline,2024-05-23
8703,Week 4,2024-06-20
8703,Week 8,2024-07-18
8703,Week 12,2024-08-15
8704,Baseline,2024-03-14
8704,Week 4,2024-04-11
8704,Week 8,2024-05-09
8704,Week 12,2024-06-06
8705,Baseline,2024-05-30
8705,Week 4,2024-06-27
8705,Week 8,2024-07-25
8705,Week 12,2024-08-22
8706,Baseline,2024-02-11
8706,Week 4,2024-03-10
8706,Week 8,2024-04-07
8706,Week 12,2024-05-05
8707,Baseline,2024-02-11
8707,Week 4,2024-03-10
8707,Week 8,2024-04-07
8707,Week 12,2024-05-05
8708,Baseline,2024-04-20
8708,Week 4,2024-05-18
8708,Week 8,2024-06-15
8708,Week 12,2024-07-13
8709,Baseline,2024-05-20
8709,Week 4,2024-06-17
8709,Week 8,2024-07-15
8709,Week 12,2024-08-12
8710,Baseline,2024-05-28
8710,Week 4,2024-06-25
8710,Week 8,2024-07-23
8710,Week 12,2024-08-20
8711,Baseline,2024-01-23
8711,Week 4,2024-02-20
8711,Week 8,2024-03-19
8711,Week 12,2024-04-16
8712,Baseline,2024-06-28
8712,Week 4,2024-07-26
8712,Week 8,2024-08-23
8712,Week 12,2024-09-20
8713,Baseline,2024-02-13
8713,Week 4,2024-03-12
8713,Week 8,2024-04-09
8713,Week 12,2024-05-07
8714,Baseline,2024-06-23
8714,Week 4,2024-07-21
8714,Week 8,2024-08-18
8714,Week 12,2024-09-15
8715,Baseline,2024-03-29
8715,Week 4,2024-04-26
8715,Week 8,2024-05-24
8715,Week 12,2024-06-21
8716,Baseline,2024-01-06
8716,Week 4,2024-02-03
8716,Week 8,2024-03-02
8716,Week 12,2024-03-30
8717,Baseline,2024-03-12
8717,Week 4,2024-04-09
8717,Week 8,2024-05-07
8717,Week 12,2024-06-04
8718,Baseline,2024-02-26
8718,Week 4,2024-03-25
8718,Week 8,2024-04-22
8718,Week 12,2024-05-20
8719,Baseline,2024-06-24
8719,Week 4,2024-07-22
8719,Week 8,2024-08-19
8719,Week 12,2024-09-16
8720,Baseline,2024-04-01
8720,Week 4,2024-04-29
8720,Week 8,2024-05-27
8720,Week 12,2024-06-24
8721,Baseline,2024-05-23
8721,Week 4,2024-06-20
8721,Week 8,2024-07-18
8721,Week 12,2024-08-15
8722,Baseline,2024-04-17
8722,Week 4,2024-05-15
8722,Week 8,2024-06-12
8722,Week 12,2024-07-10
8723,Baseline,2024-06-03
8723,Week 4,2024-07-01
8723,Week 8,2024-07-29
8723,Week 12,2024-08-26
8724,Baseline,2024-04-09
8724,Week 4,2024-05-07
8724,Week 8,2024-06-04
8724,Week 12,2024-07-02
8725,Baseline,2024-06-16
8725,Week 4,2024-07-14
8725,Week 8,2024-08-11
8725,Week 12,2024-09-08
8726,Baseline,2024-01-26
8726,Week 4,2024-02-23
8726,Week 8,2024-03-22
8726,Week 12,2024-04-19
8727,Baseline,2024-03-22
8727,Week 4,2024-04-19
8727,Week 8,2024-05-17
8727,Week 12,2024-06-14
8728,Baseline,2024-02-29
8728,Week 4,2024-03-28
8728,Week 8,2024-04-25
8728,Week 12,2024-05-23
8729,Baseline,2024-04-21
8729,Week 4,2024-05-19
8729,Week 8,2024-06-16
8729,Week 12,2024-07-14
8730,Baseline,2024-04-09
8730,Week 4,2024-05-07
8730,Week 8,2024-06-04
8730,Week 12,2024-07-02
8731,Baseline,2024-02-17
8731,Week 4,2024-03-16
8731,Week 8,2024-04-13
8731,Week 12,2024-05-11
8732,Baseline,2024-05-10
8732,Week 4,2024-06-07
8732,Week 8,2024-07-05
8732,Week 12,2024-08-02
8733,Baseline,2024-06-05
8733,Week 4,2024-07-03
8733,Week 8,2024-07-31
8733,Week 12,2024-08-28
8734,Baseline,2024-02-28
8734,Week 4,2024-03-27
8734,Week 8,2024-04-24
8734,Week 12,2024-05-22
8735,Baseline,2024-04-05
8735,Week 4,2024-05-03
8735,Week 8,2024-05-31
8735,Week 12,2024-06-28
8736,Baseline,2024-03-27
8736,Week 4,2024-04-24
8736,Week 8,2024-05-22
8736,Week 12,2024-06-19
8737,Baseline,2024-06-08
8737,Week 4,2024-07-06
8737,Week 8,2024-08-03
8737,Week 12,2024-08-31
8738,Baseline,2024-04-18
8738,Week 4,2024-05-16
8738,Week 8,2024-06-13
8738,Week 12,2024-07-11
8739,Baseline,2024-02-29
8739,Week 4,2024-03-28
8739,Week 8,2024-04-25
8739,Week 12,2024-05-23
8740,Baseline,2024-01-04
8740,Week 4,2024-02-01
8740,Week 8,2024-02-29
8740,Week 12,2024-03-28
8741,Baseline,2024-03-02
8741,Week 4,2024-03-30
8741,Week 8,2024-04-27
8741,Week 12,2024-05-25
8742,Baseline,2024-06-10
8742,Week 4,2024-07-08
8742,Week 8,2024-08-05
8742,Week 12,2024-09-02
8743,Baseline,2024-02-02
8743,Week 4,2024-03-01
8743,Week 8,2024-03-29
8743,Week 12,2024-04-26
8744,Baseline,2024-06-09
8744,Week 4,2024-07-07
8744,Week 8,2024-08-04
8744,Week 12,2024-09-01
8745,Baseline,2024-02-26
8745,Week 4,2024-03-25
8745,Week 8,2024-04-22
8745,Week 12,2024-05-20
8746,Baseline,2024-05-20
8746,Week 4,2024-06-17
8746,Week 8,2024-07-15
8746,Week 12,2024-08-12
8747,Baseline,2024-03-22
8747,Week 4,2024-04-19
8747,Week 8,2024-05-17
8747,Week 12,2024-06-14
8748,Baseline,2024-02-16
8748,Week 4,2024-03-15
8748,Week 8,2024-04-12
8748,Week 12,2024-05-10
8749,Baseline,2024-05-16
8749,Week 4,2024-06-13
8749,Week 8,2024-07-11
8749,Week 12,2024-08-08
8750,Baseline,2024-04-14
8750,Week 4,2024-05-12
8750,Week 8,2024-06-09
8750,Week 12,2024-07-07
8751,Baseline,2024-01-14
8751,Week 4,2024-02-11
8751,Week 8,2024-03-10
8751,Week 12,2024-04-07
8752,Baseline,2024-01-08
8752,Week 4,2024-02-05
8752,Week 8,2024-03-04
8752,Week 12,2024-04-01
8753,Baseline,2024-05-15
8753,Week 4,2024-06-12
8753,Week 8,2024-07-10
8753,Week 12,2024-08-07
8754,Baseline,2024-06-24
8754,Week 4,2024-07-22
8754,Week 8,2024-08-19
8754,Week 12,2024-09-16
8755,Baseline,2024-04-27
8755,Week 4,2024-05-25
8755,Week 8,2024-06-22
8755,Week 12,2024-07-20
8756,Baseline,2024-04-03
8756,Week 4,2024-05-01
8756,Week 8,2024-05-29
8756,Week 12,2024-06-26
8757,Baseline,2024-04-27
8757,Week 4,2024-05-25
8757,Week 8,2024-06-22
8757,Week 12,2024-07-20
8758,Baseline,2024-01-02
8758,Week 4,2024-01-30
8758,Week 8,2024-02-27
8758,Week 12,2024-03-26
8759,Baseline,2024-03-01
8759,Week 4,2024-03-29
8759,Week 8,2024-04-26
8759,Week 12,2024-05-24
8760,Baseline,2024-05-10
8760,Week 4,2024-06-07
8760,Week 8,2024-07-05
8760,Week 12,2024-08-02
8761,Baseline,2024-03-16
8761,Week 4,2024-04-13
8761,Week 8,2024-05-11
8761,Week 12,2024-06-08
8762,Baseline,2024-05-02
8762,Week 4,2024-05-30
8762,Week 8,2024-06-27
8762,Week 12,2024-07-25
8763,Baseline,2024-02-26
8763,Week 4,2024-03-25
8763,Week 8,2024-04-22
8763,Week 12,2024-05-20
8764,Baseline,2024-02-05
8764,Week 4,2024-03-04
8764,Week 8,2024-04-01
8764,Week 12,2024-04-29
8765,Baseline,2024-01-08
8765,Week 4,2024-02-05
8765,Week 8,2024-03-04
8765,Week 12,2024-04-01
8766,Baseline,2024-04-14
8766,Week 4,2024-05-12
8766,Week 8,2024-06-09
8766,Week 12,2024-07-07
8767,Baseline,2024-05-04
8767,Week 4,2024-06-01
8767,Week 8,2024-06-29
8767,Week 12,2024-07-27
8768,Baseline,2024-06-05
8768,Week 4,2024-07-03
8768,Week 8,2024-07-31
8768,Week 12,2024-08-28
8769,Baseline,2024-06-11
8769,Week 4,2024-07-09
8769,Week 8,2024-08-06
8769,Week 12,2024-09-03
8770,Baseline,2024-05-22
8770,Week 4,2024-06-19
8770,Week 8,2024-07-17
8770,Week 12,2024-08-14
8771,Baseline,2024-01-25
8771,Week 4,2024-02-22
8771,Week 8,2024-03-21
8771,Week 12,2024-04-18
8772,Baseline,2024-03-13
8772,Week 4,2024-04-10
8772,Week 8,2024-05-08
8772,Week 12,2024-06-05
8773,Baseline,2024-06-23
8773,Week 4,2024-07-21
8773,Week 8,2024-08-18
8773,Week 12,2024-09-15
8774,Baseline,2024-06-04
8774,Week 4,2024-07-02
8774,Week 8,2024-07-30
8774,Week 12,2024-08-27
8775,Baseline,2024-01-16
8775,Week 4,2024-02-13
8775,Week 8,2024-03-12
8775,Week 12,2024-04-09
8776,Baseline,2024-03-31
8776,Week 4,2024-04-28
8776,Week 8,2024-05-26
8776,Week 12,2024-06-23
8777,Baseline,2024-06-27
8777,Week 4,2024-07-25
8777,Week 8,2024-08-22
8777,Week 12,2024-09-19
8778,Baseline,2024-05-24
8778,Week 4,2024-06-21
8778,Week 8,2024-07-19
8778,Week 12,2024-08-16
8779,Baseline,2024-03-10
8779,Week 4,2024-04-07
8779,Week 8,2024-05-05
8779,Week 12,2024-06-02
8780,Baseline,2024-01-23
8780,Week 4,2024-02-20
8780,Week 8,2024-03-19
8780,Week 12,2024-04-16
8781,Baseline,2024-02-23
8781,Week 4,2024-03-22
8781,Week 8,2024-04-19
8781,Week 12,2024-05-17
8782,Baseline,2024-02-25
8782,Week 4,2024-03-24
8782,Week 8,2024-04-21
8782,Week 12,2024-05-19
8783,Baseline,2024-03-25
8783,Week 4,2024-04-22
8783,Week 8,2024-05-20
8783,Week 12,2024-06-17
8784,Baseline,2024-01-01
8784,Week 4,2024-01-29
8784,Week 8,2024-02-26
8784,Week 12,2024-03-25
8785,Baseline,2024-02-24
8785,Week 4,2024-03-23
8785,Week 8,2024-04-20
8785,Week 12,2024-05-18
8786,Baseline,2024-02-18
8786,Week 4,2024-03-17
8786,Week 8,2024-04-14
8786,Week 12,2024-05-12
8787,Baseline,2024-04-14
8787,Week 4,2024-05-12
8787,Week 8,2024-06-09
8787,Week 12,2024-07-07
8788,Baseline,2024-02-13
8788,Week 4,2024-03-12
8788,Week 8,2024-04-09
8788,Week 12,2024-05-07
8789,Baseline,2024-02-17
8789,Week 4,2024-03-16
8789,Week 8,2024-04-13
8789,Week 12,2024-05-11
8790,Baseline,2024-01-16
8790,Week 4,2024-02-13
8790,Week 8,2024-03-12
8790,Week 12,2024-04-09
8791,Baseline,2024-01-23
8791,Week 4,2024-02-20
8791,Week 8,2024-03-19
8791,Week 12,2024-04-16
8792,Baseline,2024-05-07
8792,Week 4,2024-06-04
8792,Week 8,2024-07-02
8792,Week 12,2024-07-30
8793,Baseline,2024-05-13
8793,Week 4,2024-06-10
8793,Week 8,2024-07-08
8793,Week 12,2024-08-05
8794,Baseline,2024-06-02
8794,Week 4,2024-06-30
8794,Week 8,2024-07-28
8794,Week 12,2024-08-25
8795,Baseline,2024-04-22
8795,Week 4,2024-05-20
8795,Week 8,2024-06-17
8795,Week 12,2024-07-15
8796,Baseline,2024-04-25
8796,Week 4,2024-05-23
8796,Week 8,2024-06-20
8796,Week 12,2024-07-18
8797,Baseline,2024-02-02
8797,Week 4,2024-03-01
8797,Week 8,2024-03-29
8797,Week 12,2024-04-26
8798,Baseline,2024-05-02
8798,Week 4,2024-05-30
8798,Week 8,2024-06-27
8798,Week 12,2024-07-25
8799,Baseline,2024-02-09
8799,Week 4,2024-03-08
8799,Week 8,2024-04-05
8799,Week 12,2024-05-03
8800,Baseline,2024-06-09
8800,Week 4,2024-07-07
8800,Week 8,2024-08-04
8800,Week 12,2024-09-01
8801,Baseline,2024-01-05
8801,Week 4,2024-02-02
8801,Week 8,2024-03-01
8801,Week 12,2024-03-29
8802,Baseline,2024-06-26
8802,Week 4,2024-07-24
8802,Week 8,2024-08-21
8802,Week 12,2024-09-18
8803,Baseline,2024-04-30
8803,Week 4,2024-05-28
8803,Week 8,2024-06-25
8803,Week 12,2024-07-23
8804,Baseline,2024-05-21
8804,Week 4,2024-06-18
8804,Week 8,2024-07-16
8804,Week 12,2024-08-13
8805,Baseline,2024-04-18
8805,Week 4,2024-05-16
8805,Week 8,2024-06-13
8805,Week 12,2024-07-11
8806,Baseline,2024-05-19
8806,Week 4,2024-06-16
8806,Week 8,2024-07-14
8806,Week 12,2024-08-11
8807,Baseline,2024-06-28
8807,Week 4,2024-07-26
8807,Week 8,2024-08-23
8807,Week 12,2024-09-20
8808,Baseline,2024-06-12
8808,Week 4,2024-07-10
8808,Week 8,2024-08-07
8808,Week 12,2024-09-04
8809,Baseline,2024-06-08
8809,Week 4,2024-07-06
8809,Week 8,2024-08-03
8809,Week 12,2024-08-31
8810,Baseline,2024-04-07
8810,Week 4,2024-05-05
8810,Week 8,2024-06-02
8810,Week 12,2024-06-30
8811,Baseline,2024-06-25
8811,Week 4,2024-07-23
8811,Week 8,2024-08-20
8811,Week 12,2024-09-17
8812,Baseline,2024-06-09
8812,Week 4,2024-07-07
8812,Week 8,2024-08-04
8812,Week 12,2024-09-01
8813,Baseline,2024-04-17
8813,Week 4,2024-05-15
8813,Week 8,2024-06-12
8813,Week 12,2024-07-10
8814,Baseline,2024-03-18
8814,Week 4,2024-04-15
8814,Week 8,2024-05-13
8814,Week 12,2024-06-10
8815,Baseline,2024-01-16
8815,Week 4,2024-02-13
8815,Week 8,2024-03-12
8815,Week 12,2024-04-09
8816,Baseline,2024-05-23
8816,Week 4,2024-06-20
8816,Week 8,2024-07-18
8816,Week 12,2024-08-15
8817,Baseline,2024-02-13
8817,Week 4,2024-03-12
8817,Week 8,2024-04-09
8817,Week 12,2024-05-07
8818,Baseline,2024-06-19
8818,Week 4,2024-07-17
8818,Week 8,2024-08-14
8818,Week 12,2024-09-11
8819,Baseline,2024-01-19
8819,Week 4,2024-02-16
8819,Week 8,2024-03-15
8819,Week 12,2024-04-12
8820,Baseline,2024-02-20
8820,Week 4,2024-03-19
8820,Week 8,2024-04-16
8820,Week 12,2024-05-14
8821,Baseline,2024-01-06
8821,Week 4,2024-02-03
8821,Week 8,2024-03-02
8821,Week 12,2024-03-30
8822,Baseline,2024-05-12
8822,Week 4,2024-06-09
8822,Week 8,2024-07-07
8822,Week 12,2024-08-04
8823,Baseline,2024-02-24
8823,Week 4,2024-03-23
8823,Week 8,2024-04-20
8823,Week 12,2024-05-18
8824,Baseline,2024-05-20
8824,Week 4,2024-06-17
8824,Week 8,2024-07-15
8824,Week 12,2024-08-12
8825,Baseline,2024-05-15
8825,Week 4,2024-06-12
8825,Week 8,2024-07-10
8825,Week 12,2024-08-07
8826,Baseline,2024-05-04
8826,Week 4,2024-06-01
8826,Week 8,2024-06-29
8826,Week 12,2024-07-27
8827,Baseline,2024-03-02
8827,Week 4,2024-03-30
8827,Week 8,2024-04-27
8827,Week 12,2024-05-25
8828,Baseline,2024-01-02
8828,Week 4,2024-01-30
8828,Week 8,2024-02-27
8828,Week 12,2024-03-26
8829,Baseline,2024-01-13
8829,Week 4,2024-02-10
8829,Week 8,2024-03-09
8829,Week 12,2024-04-06
8830,Baseline,2024-01-31
8830,Week 4,2024-02-28
8830,Week 8,2024-03-27
8830,Week 12,2024-04-24
8831,Baseline,2024-03-14
8831,Week 4,2024-04-11
8831,Week 8,2024-05-09
8831,Week 12,2024-06-06
8832,Baseline,2024-01-20
8832,Week 4,2024-02-17
8832,Week 8,2024-03-16
8832,Week 12,2024-04-13
8833,Baseline,2024-06-06
8833,Week 4,2024-07-04
8833,Week 8,2024-08-01
8833,Week 12,2024-08-29
8834,Baseline,2024-02-14
8834,Week 4,2024-03-13
8834,Week 8,2024-04-10
8834,Week 12,2024-05-08
8835,Baseline,2024-01-01
8835,Week 4,2024-01-29
8835,Week 8,2024-02-26
8835,Week 12,2024-03-25
8836,Baseline,2024-05-29
8836,Week 4,2024-06-26
8836,Week 8,2024-07-24
8836,Week 12,2024-08-21
8837,Baseline,2024-06-20
8837,Week 4,2024-07-18
8837,Week 8,2024-08-15
8837,Week 12,2024-09-12
8838,Baseline,2024-06-12
8838,Week 4,2024-07-10
8838,Week 8,2024-08-07
8838,Week 12,2024-09-04
8839,Baseline,2024-02-21
8839,Week 4,2024-03-20
8839,Week 8,2024-04-17
8839,Week 12,2024-05-15
8840,Baseline,2024-04-09
8840,Week 4,2024-05-07
8840,Week 8,2024-06-04
8840,Week 12,2024-07-02
8841,Baseline,2024-06-11
8841,Week 4,2024-07-09
8841,Week 8,2024-08-06
8841,Week 12,2024-09-03
8842,Baseline,2024-04-04
8842,Week 4,2024-05-02
8842,Week 8,2024-05-30
8842,Week 12,2024-06-27
8843,Baseline,2024-06-12
8843,Week 4,2024-07-10
8843,Week 8,2024-08-07
8843,Week 12,2024-09-04
8844,Baseline,2024-02-24
8844,Week 4,2024-03-23
8844,Week 8,2024-04-20
8844,Week 12,2024-05-18
8845,Baseline,2024-04-21
8845,Week 4,2024-05-19
8845,Week 8,2024-06-16
8845,Week 12,2024-07-14
8846,Baseline,2024-02-04
8846,Week 4,2024-03-03
8846,Week 8,2024-03-31
8846,Week 12,2024-04-28
8847,Baseline,2024-05-12
8847,Week 4,2024-06-09
8847,Week 8,2024-07-07
8847,Week 12,2024-08-04
8848,Baseline,2024-05-19
8848,Week 4,2024-06-16
8848,Week 8,2024-07-14
8848,Week 12,2024-08-11
8849,Baseline,2024-03-27
8849,Week 4,2024-04-24
8849,Week 8,2024-05-22
8849,Week 12,2024-06-19
8850,Baseline,2024-01-28
8850,Week 4,2024-02-25
8850,Week 8,2024-03-24
8850,Week 12,2024-04-21
8851,Baseline,2024-03-15
8851,Week 4,2024-04-12
8851,Week 8,2024-05-10
8851,Week 12,2024-06-07
8852,Baseline,2024-06-15
8852,Week 4,2024-07-13
8852,Week 8,2024-08-10
8852,Week 12,2024-09-07
8853,Baseline,2024-02-12
8853,Week 4,2024-03-11
8853,Week 8,2024-04-08
8853,Week 12,2024-05-06
8854,Baseline,2024-05-16
8854,Week 4,2024-06-13
8854,Week 8,2024-07-11
8854,Week 12,2024-08-08
8855,Baseline,2024-04-15
8855,Week 4,2024-05-13
8855,Week 8,2024-06-10
8855,Week 12,2024-07-08
8856,Baseline,2024-02-26
8856,Week 4,2024-03-25
8856,Week 8,2024-04-22
8856,Week 12,2024-05-20
8857,Baseline,2024-04-14
8857,Week 4,2024-05-12
8857,Week 8,2024-06-09
8857,Week 12,2024-07-07
8858,Baseline,2024-04-25
8858,Week 4,2024-05-23
8858,Week 8,2024-06-20
8858,Week 12,2024-07-18
8859,Baseline,2024-04-06
8859,Week 4,2024-05-04
8859,Week 8,2024-06-01
8859,Week 12,2024-06-29
8860,Baseline,2024-05-08
8860,Week 4,2024-06-05
8860,Week 8,2024-07-03
8860,Week 12,2024-07-31
8861,Baseline,2024-03-14
8861,Week 4,2024-04-11
8861,Week 8,2024-05-09
8861,Week 12,2024-06-06
8862,Baseline,2024-01-26
8862,Week 4,2024-02-23
8862,Week 8,2024-03-22
8862,Week 12,2024-04-19
8863,Baseline,2024-02-23
8863,Week 4,2024-03-22
8863,Week 8,2024-04-19
8863,Week 12,2024-05-17
8864,Baseline,2024-01-13
8864,Week 4,2024-02-10
8864,Week 8,2024-03-09
8864,Week 12,2024-04-06
8865,Baseline,2024-06-12
8865,Week 4,2024-07-10
8865,Week 8,2024-08-07
8865,Week 12,2024-09-04
8866,Baseline,2024-03-27
8866,Week 4,2024-04-24
8866,Week 8,2024-05-22
8866,Week 12,2024-06-19
8867,Baseline,2024-03-23
8867,Week 4,2024-04-20
8867,Week 8,2024-05-18
8867,Week 12,2024-06-15
8868,Baseline,2024-02-28
8868,Week 4,2024-03-27
8868,Week 8,2024-04-24
8868,Week 12,2024-05-22
8869,Baseline,2024-04-08
8869,Week 4,2024-05-06
8869,Week 8,2024-06-03
8869,Week 12,2024-07-01
8870,Baseline,2024-03-07
8870,Week 4,2024-04-04
8870,Week 8,2024-05-02
8870,Week 12,2024-05-30
8871,Baseline,2024-03-06
8871,Week 4,2024-04-03
8871,Week 8,2024-05-01
8871,Week 12,2024-05-29
8872,Baseline,2024-03-26
8872,Week 4,2024-04-23
8872,Week 8,2024-05-21
8872,Week 12,2024-06-18
8873,Baseline,2024-02-05
8873,Week 4,2024-03-04
8873,Week 8,2024-04-01
8873,Week 12,2024-04-29
8874,Baseline,2024-03-04
8874,Week 4,2024-04-01
8874,Week 8,2024-04-29
8874,Week 12,2024-05-27
8875,Baseline,2024-05-20
8875,Week 4,2024-06-17
8875,Week 8,2024-07-15
8875,Week 12,2024-08-12
8876,Baseline,2024-03-27
8876,Week 4,2024-04-24
8876,Week 8,2024-05-22
8876,Week 12,2024-06-19
8877,Baseline,2024-05-19
8877,Week 4,2024-06-16
8877,Week 8,2024-07-14
8877,Week 12,2024-08-11
8878,Baseline,2024-05-15
8878,Week 4,2024-06-12
8878,Week 8,2024-07-10
8878,Week 12,2024-08-07
8879,Baseline,2024-01-15
8879,Week 4,2024-02-12
8879,Week 8,2024-03-11
8879,Week 12,2024-04-08
8880,Baseline,2024-05-04
8880,Week 4,2024-06-01
8880,Week 8,2024-06-29
8880,Week 12,2024-07-27
8881,Baseline,2024-05-31
8881,Week 4,2024-06-28
8881,Week 8,2024-07-26
8881,Week 12,2024-08-23
8882,Baseline,2024-03-09
8882,Week 4,2024-04-06
8882,Week 8,2024-05-04
8882,Week 12,2024-06-01
8883,Baseline,2024-05-15
8883,Week 4,2024-06-12
8883,Week 8,2024-07-10
8883,Week 12,2024-08-07
8884,Baseline,2024-03-25
8884,Week 4,2024-04-22
8884,Week 8,2024-05-20
8884,Week 12,2024-06-17
8885,Baseline,2024-02-23
8885,Week 4,2024-03-22
8885,Week 8,2024-04-19
8885,Week 12,2024-05-17
8886,Baseline,2024-01-20
8886,Week 4,2024-02-17
8886,Week 8,2024-03-16
8886,Week 12,2024-04-13
8887,Baseline,2024-01-24
8887,Week 4,2024-02-21
8887,Week 8,2024-03-20
8887,Week 12,2024-04-17
8888,Baseline,2024-05-17
8888,Week 4,2024-06-14
8888,Week 8,2024-07-12
8888,Week 12,2024-08-09
8889,Baseline,2024-04-15
8889,Week 4,2024-05-13
8889,Week 8,2024-06-10
8889,Week 12,2024-07-08
8890,Baseline,2024-01-17
8890,Week 4,2024-02-14
8890,Week 8,2024-03-13
8890,Week 12,2024-04-10
8891,Baseline,2024-03-14
8891,Week 4,2024-04-11
8891,Week 8,2024-05-09
8891,Week 12,2024-06-06
8892,Baseline,2024-01-19
8892,Week 4,2024-02-16
8892,Week 8,2024-03-15
8892,Week 12,2024-04-12
8893,Baseline,2024-04-14
8893,Week 4,2024-05-12
8893,Week 8,2024-06-09
8893,Week 12,2024-07-07
8894,Baseline,2024-05-27
8894,Week 4,2024-06-24
8894,Week 8,2024-07-22
8894,Week 12,2024-08-19
8895,Baseline,2024-05-02
8895,Week 4,2024-05-30
8895,Week 8,2024-06-27
8895,Week 12,2024-07-25
8896,Baseline,2024-03-21
8896,Week 4,2024-04-18
8896,Week 8,2024-05-16
8896,Week 12,2024-06-13
8897,Baseline,2024-04-10
8897,Week 4,2024-05-08
8897,Week 8,2024-06-05
8897,Week 12,2024-07-03
8898,Baseline,2024-05-20
8898,Week 4,2024-06-17
8898,Week 8,2024-07-15
8898,Week 12,2024-08-12
8899,Baseline,2024-06-27
8899,Week 4,2024-07-25
8899,Week 8,2024-08-22
8899,Week 12,2024-09-19
8900,Baseline,2024-02-19
8900,Week 4,2024-03-18
8900,Week 8,2024-04-15
8900,Week 12,2024-05-13
8901,Baseline,2024-04-07
8901,Week 4,2024-05-05
8901,Week 8,2024-06-02
8901,Week 12,2024-06-30
8902,Baseline,2024-03-15
8902,Week 4,2024-04-12
8902,Week 8,2024-05-10
8902,Week 12,2024-06-07
8903,Baseline,2024-04-15
8903,Week 4,2024-05-13
8903,Week 8,2024-06-10
8903,Week 12,2024-07-08
8904,Baseline,2024-06-05
8904,Week 4,2024-07-03
8904,Week 8,2024-07-31
8904,Week 12,2024-08-28
8905,Baseline,2024-05-08
8905,Week 4,2024-06-05
8905,Week 8,2024-07-03
8905,Week 12,2024-07-31
8906,Baseline,2024-02-15
8906,Week 4,2024-03-14
8906,Week 8,2024-04-11
8906,Week 12,2024-05-09
8907,Baseline,2024-03-24
8907,Week 4,2024-04-21
8907,Week 8,2024-05-19
8907,Week 12,2024-06-16
8908,Baseline,2024-04-22
8908,Week 4,2024-05-20
8908,Week 8,2024-06-17
8908,Week 12,2024-07-15
8909,Baseline,2024-02-27
8909,Week 4,2024-03-26
8909,Week 8,2024-04-23
8909,Week 12,2024-05-21
8910,Baseline,2024-05-13
8910,Week 4,2024-06-10
8910,Week 8,2024-07-08
8910,Week 12,2024-08-05
8911,Baseline,2024-06-19
8911,Week 4,2024-07-17
8911,Week 8,2024-08-14
8911,Week 12,2024-09-11
8912,Baseline,2024-01-31
8912,Week 4,2024-02-28
8912,Week 8,2024-03-27
8912,Week 12,2024-04-24
8913,Baseline,2024-06-17
8913,Week 4,2024-07-15
8913,Week 8,2024-08-12
8913,Week 12,2024-09-09
8914,Baseline,2024-05-11
8914,Week 4,2024-06-08
8914,Week 8,2024-07-06
8914,Week 12,2024-08-03
8915,Baseline,2024-06-13
8915,Week 4,2024-07-11
8915,Week 8,2024-08-08
8915,Week 12,2024-09-05
8916,Baseline,2024-03-17
8916,Week 4,2024-04-14
8916,Week 8,2024-05-12
8916,Week 12,2024-06-09
8917,Baseline,2024-04-25
8917,Week 4,2024-05-23
8917,Week 8,2024-06-20
8917,Week 12,2024-07-18
8918,Baseline,2024-06-17
8918,Week 4,2024-07-15
8918,Week 8,2024-08-12
8918,Week 12,2024-09-09
8919,Baseline,2024-01-31
8919,Week 4,2024-02-28
8919,Week 8,2024-03-27
8919,Week 12,2024-04-24
8920,Baseline,2024-02-22
8920,Week 4,2024-03-21
8920,Week 8,2024-04-18
8920,Week 12,2024-05-16
8921,Baseline,2024-01-31
8921,Week 4,2024-02-28
8921,Week 8,2024-03-27
8921,Week 12,2024-04-24
8922,Baseline,2024-04-03
8922,Week 4,2024-05-01
8922,Week 8,2024-05-29
8922,Week 12,2024-06-26
8923,Baseline,2024-02-25
8923,Week 4,2024-03-24
8923,Week 8,2024-04-21
8923,Week 12,2024-05-19
8924,Baseline,2024-03-07
8924,Week 4,2024-04-04
8924,Week 8,2024-05-02
8924,Week 12,2024-05-30
8925,Baseline,2024-04-08
8925,Week 4,2024-05-06
8925,Week 8,2024-06-03
8925,Week 12,2024-07-01
8926,Baseline,2024-01-22
8926,Week 4,2024-02-19
8926,Week 8,2024-03-18
8926,Week 12,2024-04-15
8927,Baseline,2024-03-09
8927,Week 4,2024-04-06
8927,Week 8,2024-05-04
8927,Week 12,2024-06-01
8928,Baseline,2024-05-07
8928,Week 4,2024-06-04
8928,Week 8,2024-07-02
8928,Week 12,2024-07-30
8929,Baseline,2024-01-02
8929,Week 4,2024-01-30
8929,Week 8,2024-02-27
8929,Week 12,2024-03-26
8930,Baseline,2024-05-24
8930,Week 4,2024-06-21
8930,Week 8,2024-07-19
8930,Week 12,2024-08-16
8931,Baseline,2024-01-13
8931,Week 4,2024-02-10
8931,Week 8,2024-03-09
8931,Week 12,2024-04-06
8932,Baseline,2024-04-27
8932,Week 4,2024-05-25
8932,Week 8,2024-06-22
8932,Week 12,2024-07-20
8933,Baseline,2024-05-29
8933,Week 4,2024-06-26
8933,Week 8,2024-07-24
8933,Week 12,2024-08-21
8934,Baseline,2024-05-03
8934,Week 4,2024-05-31
8934,Week 8,2024-06-28
8934,Week 12,2024-07-26
8935,Baseline,2024-05-23
8935,Week 4,2024-06-20
8935,Week 8,2024-07-18
8935,Week 12,2024-08-15
8936,Baseline,2024-03-28
8936,Week 4,2024-04-25
8936,Week 8,2024-05-23
8936,Week 12,2024-06-20
8937,Baseline,2024-01-31
8937,Week 4,2024-02-28
8937,Week 8,2024-03-27
8937,Week 12,2024-04-24
8938,Baseline,2024-01-18
8938,Week 4,2024-02-15
8938,Week 8,2024-03-14
8938,Week 12,2024-04-11
8939,Baseline,2024-06-22
8939,Week 4,2024-07-20
8939,Week 8,2024-08-17
8939,Week 12,2024-09-14
8940,Baseline,2024-05-23
8940,Week 4,2024-06-20
8940,Week 8,2024-07-18
8940,Week 12,2024-08-15
8941,Baseline,2024-04-06
8941,Week 4,2024-05-04
8941,Week 8,2024-06-01
8941,Week 12,2024-06-29
8942,Baseline,2024-03-31
8942,Week 4,2024-04-28
8942,Week 8,2024-05-26
8942,Week 12,2024-06-23
8943,Baseline,2024-01-21
8943,Week 4,2024-02-18
8943,Week 8,2024-03-17
8943,Week 12,2024-04-14
8944,Baseline,2024-02-29
8944,Week 4,2024-03-28
8944,Week 8,2024-04-25
8944,Week 12,2024-05-23
8945,Baseline,2024-05-05
8945,Week 4,2024-06-02
8945,Week 8,2024-06-30
8945,Week 12,2024-07-28
8946,Baseline,2024-02-19
8946,Week 4,2024-03-18
8946,Week 8,2024-04-15
8946,Week 12,2024-05-13
8947,Baseline,2024-01-26
8947,Week 4,2024-02-23
8947,Week 8,2024-03-22
8947,Week 12,2024-04-19
8948,Baseline,2024-06-03
8948,Week 4,2024-07-01
8948,Week 8,2024-07-29
8948,Week 12,2024-08-26
8949,Baseline,2024-01-23
8949,Week 4,2024-02-20
8949,Week 8,2024-03-19
8949,Week 12,2024-04-16
8950,Baseline,2024-02-22
8950,Week 4,2024-03-21
8950,Week 8,2024-04-18
8950,Week 12,2024-05-16
8951,Baseline,2024-06-09
8951,Week 4,2024-07-07
8951,Week 8,2024-08-04
8951,Week 12,2024-09-01
8952,Baseline,2024-01-07
8952,Week 4,2024-02-04
8952,Week 8,2024-03-03
8952,Week 12,2024-03-31
8953,Baseline,2024-03-09
8953,Week 4,2024-04-06
8953,Week 8,2024-05-04
8953,Week 12,2024-06-01
8954,Baseline,2024-06-28
8954,Week 4,2024-07-26
8954,Week 8,2024-08-23
8954,Week 12,2024-09-20
8955,Baseline,2024-06-16
8955,Week 4,2024-07-14
8955,Week 8,2024-08-11
8955,Week 12,2024-09-08
8956,Baseline,2024-02-05
8956,Week 4,2024-03-04
8956,Week 8,2024-04-01
8956,Week 12,2024-04-29
8957,Baseline,2024-03-22
8957,Week 4,2024-04-19
8957,Week 8,2024-05-17
8957,Week 12,2024-06-14
8958,Baseline,2024-01-18
8958,Week 4,2024-02-15
8958,Week 8,2024-03-14
8958,Week 12,2024-04-11
8959,Baseline,2024-05-28
8959,Week 4,2024-06-25
8959,Week 8,2024-07-23
8959,Week 12,2024-08-20
8960,Baseline,2024-04-12
8960,Week 4,2024-05-10
8960,Week 8,2024-06-07
8960,Week 12,2024-07-05
8961,Baseline,2024-02-09
8961,Week 4,2024-03-08
8961,Week 8,2024-04-05
8961,Week 12,2024-05-03
8962,Baseline,2024-02-01
8962,Week 4,2024-02-29
8962,Week 8,2024-03-28
8962,Week 12,2024-04-25
8963,Baseline,2024-05-21
8963,Week 4,2024-06-18
8963,Week 8,2024-07-16
8963,Week 12,2024-08-13
8964,Baseline,2024-03-26
8964,Week 4,2024-04-23
8964,Week 8,2024-05-21
8964,Week 12,2024-06-18
8965,Baseline,2024-03-29
8965,Week 4,2024-04-26
8965,Week 8,2024-05-24
8965,Week 12,2024-06-21
8966,Baseline,2024-03-02
8966,Week 4,2024-03-30
8966,Week 8,2024-04-27
8966,Week 12,2024-05-25
8967,Baseline,2024-04-15
8967,Week 4,2024-05-13
8967,Week 8,2024-06-10
8967,Week 12,2024-07-08
8968,Baseline,2024-04-18
8968,Week 4,2024-05-16
8968,Week 8,2024-06-13
8968,Week 12,2024-07-11
8969,Baseline,2024-02-03
8969,Week 4,2024-03-02
8969,Week 8,2024-03-30
8969,Week 12,2024-04-27
8970,Baseline,2024-01-14
8970,Week 4,2024-02-11
8970,Week 8,2024-03-10
8970,Week 12,2024-04-07
8971,Baseline,2024-05-20
8971,Week 4,2024-06-17
8971,Week 8,2024-07-15
8971,Week 12,2024-08-12
8972,Baseline,2024-05-15
8972,Week 4,2024-06-12
8972,Week 8,2024-07-10
8972,Week 12,2024-08-07
8973,Baseline,2024-01-07
8973,Week 4,2024-02-04
8973,Week 8,2024-03-03
8973,Week 12,2024-03-31
8974,Baseline,2024-05-28
8974,Week 4,2024-06-25
8974,Week 8,2024-07-23
8974,Week 12,2024-08-20
8975,Baseline,2024-05-11
8975,Week 4,2024-06-08
8975,Week 8,2024-07-06
8975,Week 12,2024-08-03
8976,Baseline,2024-06-02
8976,Week 4,2024-06-30
8976,Week 8,2024-07-28
8976,Week 12,2024-08-25
8977,Baseline,2024-01-25
8977,Week 4,2024-02-22
8977,Week 8,2024-03-21
8977,Week 12,2024-04-18
8978,Baseline,2024-01-13
8978,Week 4,2024-02-10
8978,Week 8,2024-03-09
8978,Week 12,2024-04-06
8979,Baseline,2024-04-10
8979,Week 4,2024-05-08
8979,Week 8,2024-06-05
8979,Week 12,2024-07-03
8980,Baseline,2024-03-06
8980,Week 4,2024-04-03
8980,Week 8,2024-05-01
8980,Week 12,2024-05-29
8981,Baseline,2024-05-25
8981,Week 4,2024-06-22
8981,Week 8,2024-07-20
8981,Week 12,2024-08-17
8982,Baseline,2024-02-09
8982,Week 4,2024-03-08
8982,Week 8,2024-04-05
8982,Week 12,2024-05-03
8983,Baseline,2024-03-13
8983,Week 4,2024-04-10
8983,Week 8,2024-05-08
8983,Week 12,2024-06-05
8984,Baseline,2024-01-27
8984,Week 4,2024-02-24
8984,Week 8,2024-03-23
8984,Week 12,2024-04-20
8985,Baseline,2024-04-22
8985,Week 4,2024-05-20
8985,Week 8,2024-06-17
8985,Week 12,2024-07-15
8986,Baseline,2024-01-27
8986,Week 4,2024-02-24
8986,Week 8,2024-03-23
8986,Week 12,2024-04-20
8987,Baseline,2024-04-09
8987,Week 4,2024-05-07
8987,Week 8,2024-06-04
8987,Week 12,2024-07-02
8988,Baseline,2024-01-06
8988,Week 4,2024-02-03
8988,Week 8,2024-03-02
8988,Week 12,2024-03-30
8989,Baseline,2024-02-02
8989,Week 4,2024-03-01
8989,Week 8,2024-03-29
8989,Week 12,2024-04-26
8990,Baseline,2024-06-06
8990,Week 4,2024-07-04
8990,Week 8,2024-08-01
8990,Week 12,2024-08-29
8991,Baseline,2024-04-23
8991,Week 4,2024-05-21
8991,Week 8,2024-06-18
8991,Week 12,2024-07-16
8992,Baseline,2024-02-05
8992,Week 4,2024-03-04
8992,Week 8,2024-04-01
8992,Week 12,2024-04-29
8993,Baseline,2024-04-18
8993,Week 4,2024-05-16
8993,Week 8,2024-06-13
8993,Week 12,2024-07-11
8994,Baseline,2024-02-07
8994,Week 4,2024-03-06
8994,Week 8,2024-04-03
8994,Week 12,2024-05-01
8995,Baseline,2024-05-13
8995,Week 4,2024-06-10
8995,Week 8,2024-07-08
8995,Week 12,2024-08-05
8996,Baseline,2024-05-19
8996,Week 4,2024-06-16
8996,Week 8,2024-07-14
8996,Week 12,2024-08-11
8997,Baseline,2024-05-15
8997,Week 4,2024-06-12
8997,Week 8,2024-07-10
8997,Week 12,2024-08-07
8998,Baseline,2024-01-13
8998,Week 4,2024-02-10
8998,Week 8,2024-03-09
8998,Week 12,2024-04-06
8999,Baseline,2024-03-14
8999,Week 4,2024-04-11
8999,Week 8,2024-05-09
8999,Week 12,2024-06-06
9000,Baseline,2024-06-16
9000,Week 4,2024-07-14
9000,Week 8,2024-08-11
9000,Week 12,2024-09-08
9001,Baseline,2024-04-02
9001,Week 4,2024-04-30
9001,Week 8,2024-05-28
9001,Week 12,2024-06-25
9002,Baseline,2024-03-27
9002,Week 4,2024-04-24
9002,Week 8,2024-05-22
9002,Week 12,2024-06-19
9003,Baseline,2024-03-06
9003,Week 4,2024-04-03
9003,Week 8,2024-05-01
9003,Week 12,2024-05-29
9004,Baseline,2024-01-11
9004,Week 4,2024-02-08
9004,Week 8,2024-03-07
9004,Week 12,2024-04-04
9005,Baseline,2024-01-14
9005,Week 4,2024-02-11
9005,Week 8,2024-03-10
9005,Week 12,2024-04-07
9006,Baseline,2024-03-13
9006,Week 4,2024-04-10
9006,Week 8,2024-05-08
9006,Week 12,2024-06-05
9007,Baseline,2024-02-19
9007,Week 4,2024-03-18
9007,Week 8,2024-04-15
9007,Week 12,2024-05-13
9008,Baseline,2024-01-24
9008,Week 4,2024-02-21
9008,Week 8,2024-03-20
9008,Week 12,2024-04-17
9009,Baseline,2024-01-12
9009,Week 4,2024-02-09
9009,Week 8,2024-03-08
9009,Week 12,2024-04-05
9010,Baseline,2024-02-14
9010,Week 4,2024-03-13
9010,Week 8,2024-04-10
9010,Week 12,2024-05-08
9011,Baseline,2024-06-11
9011,Week 4,2024-07-09
9011,Week 8,2024-08-06
9011,Week 12,2024-09-03
9012,Baseline,2024-02-02
9012,Week 4,2024-03-01
9012,Week 8,2024-03-29
9012,Week 12,2024-04-26
9013,Baseline,2024-03-18
9013,Week 4,2024-04-15
9013,Week 8,2024-05-13
9013,Week 12,2024-06-10
9014,Baseline,2024-02-07
9014,Week 4,2024-03-06
9014,Week 8,2024-04-03
9014,Week 12,2024-05-01
9015,Baseline,2024-01-14
9015,Week 4,2024-02-11
9015,Week 8,2024-03-10
9015,Week 12,2024-04-07
9016,Baseline,2024-06-01
9016,Week 4,2024-06-29
9016,Week 8,2024-07-27
9016,Week 12,2024-08-24
9017,Baseline,2024-02-23
9017,Week 4,2024-03-22
9017,Week 8,2024-04-19
9017,Week 12,2024-05-17
9018,Baseline,2024-02-22
9018,Week 4,2024-03-21
9018,Week 8,2024-04-18
9018,Week 12,2024-05-16
9019,Baseline,2024-05-11
9019,Week 4,2024-06-08
9019,Week 8,2024-07-06
9019,Week 12,2024-08-03
9020,Baseline,2024-01-23
9020,Week 4,2024-02-20
9020,Week 8,2024-03-19
9020,Week 12,2024-04-16
9021,Baseline,2024-06-19
9021,Week 4,2024-07-17
9021,Week 8,2024-08-14
9021,Week 12,2024-09-11
9022,Baseline,2024-01-27
9022,Week 4,2024-02-24
9022,Week 8,2024-03-23
9022,Week 12,2024-04-20
9023,Baseline,2024-03-17
9023,Week 4,2024-04-14
9023,Week 8,2024-05-12
9023,Week 12,2024-06-09
9024,Baseline,2024-02-17
9024,Week 4,2024-03-16
9024,Week 8,2024-04-13
9024,Week 12,2024-05-11
9025,Baseline,2024-04-18
9025,Week 4,2024-05-16
9025,Week 8,2024-06-13
9025,Week 12,2024-07-11
9026,Baseline,2024-04-27
9026,Week 4,2024-05-25
9026,Week 8,2024-06-22
9026,Week 12,2024-07-20
9027,Baseline,2024-02-20
9027,Week 4,2024-03-19
9027,Week 8,2024-04-16
9027,Week 12,2024-05-14
9028,Baseline,2024-03-29
9028,Week 4,2024-04-26
9028,Week 8,2024-05-24
9028,Week 12,2024-06-21
9029,Baseline,2024-03-26
9029,Week 4,2024-04-23
9029,Week 8,2024-05-21
9029,Week 12,2024-06-18
9030,Baseline,2024-05-23
9030,Week 4,2024-06-20
9030,Week 8,2024-07-18
9030,Week 12,2024-08-15
9031,Baseline,2024-05-10
9031,Week 4,2024-06-07
9031,Week 8,2024-07-05
9031,Week 12,2024-08-02
9032,Baseline,2024-03-22
9032,Week 4,2024-04-19
9032,Week 8,2024-05-17
9032,Week 12,2024-06-14
9033,Baseline,2024-02-12
9033,Week 4,2024-03-11
9033,Week 8,2024-04-08
9033,Week 12,2024-05-06
9034,Baseline,2024-02-28
9034,Week 4,2024-03-27
9034,Week 8,2024-04-24
9034,Week 12,2024-05-22
9035,Baseline,2024-05-24
9035,Week 4,2024-06-21
9035,Week 8,2024-07-19
9035,Week 12,2024-08-16
9036,Baseline,2024-01-14
9036,Week 4,2024-02-11
9036,Week 8,2024-03-10
9036,Week 12,2024-04-07
9037,Baseline,2024-04-24
9037,Week 4,2024-05-22
9037,Week 8,2024-06-19
9037,Week 12,2024-07-17
9038,Baseline,2024-03-26
9038,Week 4,2024-04-23
9038,Week 8,2024-05-21
9038,Week 12,2024-06-18
9039,Baseline,2024-03-11
9039,Week 4,2024-04-08
9039,Week 8,2024-05-06
9039,Week 12,2024-06-03
9040,Baseline,2024-04-17
9040,Week 4,2024-05-15
9040,Week 8,2024-06-12
9040,Week 12,2024-07-10
9041,Baseline,2024-01-18
9041,Week 4,2024-02-15
9041,Week 8,2024-03-14
9041,Week 12,2024-04-11
9042,Baseline,2024-03-04
9042,Week 4,2024-04-01
9042,Week 8,2024-04-29
9042,Week 12,2024-05-27
9043,Baseline,2024-04-16
9043,Week 4,2024-05-14
9043,Week 8,2024-06-11
9043,Week 12,2024-07-09
9044,Baseline,2024-03-31
9044,Week 4,2024-04-28
9044,Week 8,2024-05-26
9044,Week 12,2024-06-23
9045,Baseline,2024-04-27
9045,Week 4,2024-05-25
9045,Week 8,2024-06-22
9045,Week 12,2024-07-20
9046,Baseline,2024-01-14
9046,Week 4,2024-02-11
9046,Week 8,2024-03-10
9046,Week 12,2024-04-07
9047,Baseline,2024-02-18
9047,Week 4,2024-03-17
9047,Week 8,2024-04-14
9047,Week 12,2024-05-12
9048,Baseline,2024-06-06
9048,Week 4,2024-07-04
9048,Week 8,2024-08-01
9048,Week 12,2024-08-29
9049,Baseline,2024-03-26
9049,Week 4,2024-04-23
9049,Week 8,2024-05-21
9049,Week 12,2024-06-18
9050,Baseline,2024-01-02
9050,Week 4,2024-01-30
9050,Week 8,2024-02-27
9050,Week 12,2024-03-26
9051,Baseline,2024-01-04
9051,Week 4,2024-02-01
9051,Week 8,2024-02-29
9051,Week 12,2024-03-28
9052,Baseline,2024-04-12
9052,Week 4,2024-05-10
9052,Week 8,2024-06-07
9052,Week 12,2024-07-05
9053,Baseline,2024-02-10
9053,Week 4,2024-03-09
9053,Week 8,2024-04-06
9053,Week 12,2024-05-04
9054,Baseline,2024-03-20
9054,Week 4,2024-04-17
9054,Week 8,2024-05-15
9054,Week 12,2024-06-12
9055,Baseline,2024-05-09
9055,Week 4,2024-06-06
9055,Week 8,2024-07-04
9055,Week 12,2024-08-01
9056,Baseline,2024-05-22
9056,Week 4,2024-06-19
9056,Week 8,2024-07-17
9056,Week 12,2024-08-14
9057,Baseline,2024-02-29
9057,Week 4,2024-03-28
9057,Week 8,2024-04-25
9057,Week 12,2024-05-23
9058,Baseline,2024-03-30
9058,Week 4,2024-04-27
9058,Week 8,2024-05-25
9058,Week 12,2024-06-22
9059,Baseline,2024-04-13
9059,Week 4,2024-05-11
9059,Week 8,2024-06-08
9059,Week 12,2024-07-06
9060,Baseline,2024-02-18
9060,Week 4,2024-03-17
9060,Week 8,2024-04-14
9060,Week 12,2024-05-12
9061,Baseline,2024-04-27
9061,Week 4,2024-05-25
9061,Week 8,2024-06-22
9061,Week 12,2024-07-20
9062,Baseline,2024-04-30
9062,Week 4,2024-05-28
9062,Week 8,2024-06-25
9062,Week 12,2024-07-23
9063,Baseline,2024-01-27
9063,Week 4,2024-02-24
9063,Week 8,2024-03-23
9063,Week 12,2024-04-20
9064,Baseline,2024-02-11
9064,Week 4,2024-03-10
9064,Week 8,2024-04-07
9064,Week 12,2024-05-05
9065,Baseline,2024-04-24
9065,Week 4,2024-05-22
9065,Week 8,2024-06-19
9065,Week 12,2024-07-17
9066,Baseline,2024-05-17
9066,Week 4,2024-06-14
9066,Week 8,2024-07-12
9066,Week 12,2024-08-09
9067,Baseline,2024-01-02
9067,Week 4,2024-01-30
9067,Week 8,2024-02-27
9067,Week 12,2024-03-26
9068,Baseline,2024-06-03
9068,Week 4,2024-07-01
9068,Week 8,2024-07-29
9068,Week 12,2024-08-26
9069,Baseline,2024-01-09
9069,Week 4,2024-02-06
9069,Week 8,2024-03-05
9069,Week 12,2024-04-02
9070,Baseline,2024-02-19
9070,Week 4,2024-03-18
9070,Week 8,2024-04-15
9070,Week 12,2024-05-13
9071,Baseline,2024-03-18
9071,Week 4,2024-04-15
9071,Week 8,2024-05-13
9071,Week 12,2024-06-10
9072,Baseline,2024-04-26
9072,Week 4,2024-05-24
9072,Week 8,2024-06-21
9072,Week 12,2024-07-19
9073,Baseline,2024-04-30
9073,Week 4,2024-05-28
9073,Week 8,2024-06-25
9073,Week 12,2024-07-23
9074,Baseline,2024-01-20
9074,Week 4,2024-02-17
9074,Week 8,2024-03-16
9074,Week 12,2024-04-13
9075,Baseline,2024-03-01
9075,Week 4,2024-03-29
9075,Week 8,2024-04-26
9075,Week 12,2024-05-24
9076,Baseline,2024-05-28
9076,Week 4,2024-06-25
9076,Week 8,2024-07-23
9076,Week 12,2024-08-20
9077,Baseline,2024-03-02
9077,Week 4,2024-03-30
9077,Week 8,2024-04-27
9077,Week 12,2024-05-25
9078,Baseline,2024-02-26
9078,Week 4,2024-03-25
9078,Week 8,2024-04-22
9078,Week 12,2024-05-20
9079,Baseline,2024-01-14
9079,Week 4,2024-02-11
9079,Week 8,2024-03-10
9079,Week 12,2024-04-07
9080,Baseline,2024-02-27
9080,Week 4,2024-03-26
9080,Week 8,2024-04-23
9080,Week 12,2024-05-21
9081,Baseline,2024-06-19
9081,Week 4,2024-07-17
9081,Week 8,2024-08-14
9081,Week 12,2024-09-11
9082,Baseline,2024-05-20
9082,Week 4,2024-06-17
9082,Week 8,2024-07-15
9082,Week 12,2024-08-12
9083,Baseline,2024-01-19
9083,Week 4,2024-02-16
9083,Week 8,2024-03-15
9083,Week 12,2024-04-12
9084,Baseline,2024-04-02
9084,Week 4,2024-04-30
9084,Week 8,2024-05-28
9084,Week 12,2024-06-25
9085,Baseline,2024-01-22
9085,Week 4,2024-02-19
9085,Week 8,2024-03-18
9085,Week 12,2024-04-15
9086,Baseline,2024-04-26
9086,Week 4,2024-05-24
9086,Week 8,2024-06-21
9086,Week 12,2024-07-19
9087,Baseline,2024-05-04
9087,Week 4,2024-06-01
9087,Week 8,2024-06-29
9087,Week 12,2024-07-27
9088,Baseline,2024-06-23
9088,Week 4,2024-07-21
9088,Week 8,2024-08-18
9088,Week 12,2024-09-15
9089,Baseline,2024-02-28
9089,Week 4,2024-03-27
9089,Week 8,2024-04-24
9089,Week 12,2024-05-22
9090,Baseline,2024-05-31
9090,Week 4,2024-06-28
9090,Week 8,2024-07-26
9090,Week 12,2024-08-23
9091,Baseline,2024-04-07
9091,Week 4,2024-05-05
9091,Week 8,2024-06-02
9091,Week 12,2024-06-30
9092,Baseline,2024-04-15
9092,Week 4,2024-05-13
9092,Week 8,2024-06-10
9092,Week 12,2024-07-08
9093,Baseline,2024-02-19
9093,Week 4,2024-03-18
9093,Week 8,2024-04-15
9093,Week 12,2024-05-13
9094,Baseline,2024-01-31
9094,Week 4,2024-02-28
9094,Week 8,2024-03-27
9094,Week 12,2024-04-24
9095,Baseline,2024-03-07
9095,Week 4,2024-04-04
9095,Week 8,2024-05-02
9095,Week 12,2024-05-30
9096,Baseline,2024-04-29
9096,Week 4,2024-05-27
9096,Week 8,2024-06-24
9096,Week 12,2024-07-22
9097,Baseline,2024-03-10
9097,Week 4,2024-04-07
9097,Week 8,2024-05-05
9097,Week 12,2024-06-02
9098,Baseline,2024-05-13
9098,Week 4,2024-06-10
9098,Week 8,2024-07-08
9098,Week 12,2024-08-05
9099,Baseline,2024-04-24
9099,Week 4,2024-05-22
9099,Week 8,2024-06-19
9099,Week 12,2024-07-17
9100,Baseline,2024-02-27
9100,Week 4,2024-03-26
9100,Week 8,2024-04-23
9100,Week 12,2024-05-21
9101,Baseline,2024-05-12
9101,Week 4,2024-06-09
9101,Week 8,2024-07-07
9101,Week 12,2024-08-04
9102,Baseline,2024-04-19
9102,Week 4,2024-05-17
9102,Week 8,2024-06-14
9102,Week 12,2024-07-12
9103,Baseline,2024-05-09
9103,Week 4,2024-06-06
9103,Week 8,2024-07-04
9103,Week 12,2024-08-01
9104,Baseline,2024-05-25
9104,Week 4,2024-06-22
9104,Week 8,2024-07-20
9104,Week 12,2024-08-17
9105,Baseline,2024-06-10
9105,Week 4,2024-07-08
9105,Week 8,2024-08-05
9105,Week 12,2024-09-02
9106,Baseline,2024-02-14
9106,Week 4,2024-03-13
9106,Week 8,2024-04-10
9106,Week 12,2024-05-08
9107,Baseline,2024-04-17
9107,Week 4,2024-05-15
9107,Week 8,2024-06-12
9107,Week 12,2024-07-10
9108,Baseline,2024-04-10
9108,Week 4,2024-05-08
9108,Week 8,2024-06-05
9108,Week 12,2024-07-03
9109,Baseline,2024-05-06
9109,Week 4,2024-06-03
9109,Week 8,2024-07-01
9109,Week 12,2024-07-29
9110,Baseline,2024-05-30
9110,Week 4,2024-06-27
9110,Week 8,2024-07-25
9110,Week 12,2024-08-22
9111,Baseline,2024-05-18
9111,Week 4,2024-06-15
9111,Week 8,2024-07-13
9111,Week 12,2024-08-10
9112,Baseline,2024-03-16
9112,Week 4,2024-04-13
9112,Week 8,2024-05-11
9112,Week 12,2024-06-08
9113,Baseline,2024-04-11
9113,Week 4,2024-05-09
9113,Week 8,2024-06-06
9113,Week 12,2024-07-04
9114,Baseline,2024-02-17
9114,Week 4,2024-03-16
9114,Week 8,2024-04-13
9114,Week 12,2024-05-11
9115,Baseline,2024-03-12
9115,Week 4,2024-04-09
9115,Week 8,2024-05-07
9115,Week 12,2024-06-04
9116,Baseline,2024-04-18
9116,Week 4,2024-05-16
9116,Week 8,2024-06-13
9116,Week 12,2024-07-11
9117,Baseline,2024-01-22
9117,Week 4,2024-02-19
9117,Week 8,2024-03-18
9117,Week 12,2024-04-15
9118,Baseline,2024-05-25
9118,Week 4,2024-06-22
9118,Week 8,2024-07-20
9118,Week 12,2024-08-17
9119,Baseline,2024-02-27
9119,Week 4,2024-03-26
9119,Week 8,2024-04-23
9119,Week 12,2024-05-21
9120,Baseline,2024-03-06
9120,Week 4,2024-04-03
9120,Week 8,2024-05-01
9120,Week 12,2024-05-29
9121,Baseline,2024-04-16
9121,Week 4,2024-05-14
9121,Week 8,2024-06-11
9121,Week 12,2024-07-09
9122,Baseline,2024-05-26
9122,Week 4,2024-06-23
9122,Week 8,2024-07-21
9122,Week 12,2024-08-18
9123,Baseline,2024-05-28
9123,Week 4,2024-06-25
9123,Week 8,2024-07-23
9123,Week 12,2024-08-20
9124,Baseline,2024-01-23
9124,Week 4,2024-02-20
9124,Week 8,2024-03-19
9124,Week 12,2024-04-16
9125,Baseline,2024-01-12
9125,Week 4,2024-02-09
9125,Week 8,2024-03-08
9125,Week 12,2024-04-05
9126,Baseline,2024-01-07
9126,Week 4,2024-02-04
9126,Week 8,2024-03-03
9126,Week 12,2024-03-31
9127,Baseline,2024-06-03
9127,Week 4,2024-07-01
9127,Week 8,2024-07-29
9127,Week 12,2024-08-26
9128,Baseline,2024-03-25
9128,Week 4,2024-04-22
9128,Week 8,2024-05-20
9128,Week 12,2024-06-17
9129,Baseline,2024-06-16
9129,Week 4,2024-07-14
9129,Week 8,2024-08-11
9129,Week 12,2024-09-08
9130,Baseline,2024-05-19
9130,Week 4,2024-06-16
9130,Week 8,2024-07-14
9130,Week 12,2024-08-11
9131,Baseline,2024-04-19
9131,Week 4,2024-05-17
9131,Week 8,2024-06-14
9131,Week 12,2024-07-12
9132,Baseline,2024-01-13
9132,Week 4,2024-02-10
9132,Week 8,2024-03-09
9132,Week 12,2024-04-06
9133,Baseline,2024-03-22
9133,Week 4,2024-04-19
9133,Week 8,2024-05-17
9133,Week 12,2024-06-14
9134,Baseline,2024-05-27
9134,Week 4,2024-06-24
9134,Week 8,2024-07-22
9134,Week 12,2024-08-19
9135,Baseline,2024-01-09
9135,Week 4,2024-02-06
9135,Week 8,2024-03-05
9135,Week 12,2024-04-02
9136,Baseline,2024-02-04
9136,Week 4,2024-03-03
9136,Week 8,2024-03-31
9136,Week 12,2024-04-28
9137,Baseline,2024-03-31
9137,Week 4,2024-04-28
9137,Week 8,2024-05-26
9137,Week 12,2024-06-23
9138,Baseline,2024-01-20
9138,Week 4,2024-02-17
9138,Week 8,2024-03-16
9138,Week 12,2024-04-13
9139,Baseline,2024-05-19
9139,Week 4,2024-06-16
9139,Week 8,2024-07-14
9139,Week 12,2024-08-11
9140,Baseline,2024-05-03
9140,Week 4,2024-05-31
9140,Week 8,2024-06-28
9140,Week 12,2024-07-26
9141,Baseline,2024-03-02
9141,Week 4,2024-03-30
9141,Week 8,2024-04-27
9141,Week 12,2024-05-25
9142,Baseline,2024-04-20
9142,Week 4,2024-05-18
9142,Week 8,2024-06-15
9142,Week 12,2024-07-13
9143,Baseline,2024-06-17
9143,Week 4,2024-07-15
9143,Week 8,2024-08-12
9143,Week 12,2024-09-09
9144,Baseline,2024-01-02
9144,Week 4,2024-01-30
9144,Week 8,2024-02-27
9144,Week 12,2024-03-26
9145,Baseline,2024-04-10
9145,Week 4,2024-05-08
9145,Week 8,2024-06-05
9145,Week 12,2024-07-03
9146,Baseline,2024-01-03
9146,Week 4,2024-01-31
9146,Week 8,2024-02-28
9146,Week 12,2024-03-27
9147,Baseline,2024-05-29
9147,Week 4,2024-06-26
9147,Week 8,2024-07-24
9147,Week 12,2024-08-21
9148,Baseline,2024-04-03
9148,Week 4,2024-05-01
9148,Week 8,2024-05-29
9148,Week 12,2024-06-26
9149,Baseline,2024-03-31
9149,Week 4,2024-04-28
9149,Week 8,2024-05-26
9149,Week 12,2024-06-23
9150,Baseline,2024-04-05
9150,Week 4,2024-05-03
9150,Week 8,2024-05-31
9150,Week 12,2024-06-28
9151,Baseline,2024-06-25
9151,Week 4,2024-07-23
9151,Week 8,2024-08-20
9151,Week 12,2024-09-17
9152,Baseline,2024-03-17
9152,Week 4,2024-04-14
9152,Week 8,2024-05-12
9152,Week 12,2024-06-09
9153,Baseline,2024-06-26
9153,Week 4,2024-07-24
9153,Week 8,2024-08-21
9153,Week 12,2024-09-18
9154,Baseline,2024-06-19
9154,Week 4,2024-07-17
9154,Week 8,2024-08-14
9154,Week 12,2024-09-11
9155,Baseline,2024-06-18
9155,Week 4,2024-07-16
9155,Week 8,2024-08-13
9155,Week 12,2024-09-10
9156,Baseline,2024-01-04
9156,Week 4,2024-02-01
9156,Week 8,2024-02-29
9156,Week 12,2024-03-28
9157,Baseline,2024-01-30
9157,Week 4,2024-02-27
9157,Week 8,2024-03-26
9157,Week 12,2024-04-23
9158,Baseline,2024-01-02
9158,Week 4,2024-01-30
9158,Week 8,2024-02-27
9158,Week 12,2024-03-26
9159,Baseline,2024-03-19
9159,Week 4,2024-04-16
9159,Week 8,2024-05-14
9159,Week 12,2024-06-11
9160,Baseline,2024-05-04
9160,Week 4,2024-06-01
9160,Week 8,2024-06-29
9160,Week 12,2024-07-27
9161,Baseline,2024-03-11
9161,Week 4,2024-04-08
9161,Week 8,2024-05-06
9161,Week 12,2024-06-03
9162,Baseline,2024-02-06
9162,Week 4,2024-03-05
9162,Week 8,2024-04-02
9162,Week 12,2024-04-30
9163,Baseline,2024-06-28
9163,Week 4,2024-07-26
9163,Week 8,2024-08-23
9163,Week 12,2024-09-20
9164,Baseline,2024-04-24
9164,Week 4,2024-05-22
9164,Week 8,2024-06-19
9164,Week 12,2024-07-17
9165,Baseline,2024-04-03
9165,Week 4,2024-05-01
9165,Week 8,2024-05-29
9165,Week 12,2024-06-26
9166,Baseline,2024-05-05
9166,Week 4,2024-06-02
9166,Week 8,2024-06-30
9166,Week 12,2024-07-28
9167,Baseline,2024-06-07
9167,Week 4,2024-07-05
9167,Week 8,2024-08-02
9167,Week 12,2024-08-30
9168,Baseline,2024-04-27
9168,Week 4,2024-05-25
9168,Week 8,2024-06-22
9168,Week 12,2024-07-20
9169,Baseline,2024-05-18
9169,Week 4,2024-06-15
9169,Week 8,2024-07-13
9169,Week 12,2024-08-10
9170,Baseline,2024-04-25
9170,Week 4,2024-05-23
9170,Week 8,2024-06-20
9170,Week 12,2024-07-18
9171,Baseline,2024-05-30
9171,Week 4,2024-06-27
9171,Week 8,2024-07-25
9171,Week 12,2024-08-22
9172,Baseline,2024-04-09
9172,Week 4,2024-05-07
9172,Week 8,2024-06-04
9172,Week 12,2024-07-02
9173,Baseline,2024-03-26
9173,Week 4,2024-04-23
9173,Week 8,2024-05-21
9173,Week 12,2024-06-18
9174,Baseline,2024-01-05
9174,Week 4,2024-02-02
9174,Week 8,2024-03-01
9174,Week 12,2024-03-29
9175,Baseline,2024-02-04
9175,Week 4,2024-03-03
9175,Week 8,2024-03-31
9175,Week 12,2024-04-28
9176,Baseline,2024-06-14
9176,Week 4,2024-07-12
9176,Week 8,2024-08-09
9176,Week 12,2024-09-06
9177,Baseline,2024-01-30
9177,Week 4,2024-02-27
9177,Week 8,2024-03-26
9177,Week 12,2024-04-23
9178,Baseline,2024-02-03
9178,Week 4,2024-03-02
9178,Week 8,2024-03-30
9178,Week 12,2024-04-27
9179,Baseline,2024-02-13
9179,Week 4,2024-03-12
9179,Week 8,2024-04-09
9179,Week 12,2024-05-07
9180,Baseline,2024-02-11
9180,Week 4,2024-03-10
9180,Week 8,2024-04-07
9180,Week 12,2024-05-05
9181,Baseline,2024-03-26
9181,Week 4,2024-04-23
9181,Week 8,2024-05-21
9181,Week 12,2024-06-18
9182,Baseline,2024-05-20
9182,Week 4,2024-06-17
9182,Week 8,2024-07-15
9182,Week 12,2024-08-12
9183,Baseline,2024-05-12
9183,Week 4,2024-06-09
9183,Week 8,2024-07-07
9183,Week 12,2024-08-04
9184,Baseline,2024-04-03
9184,Week 4,2024-05-01
9184,Week 8,2024-05-29
9184,Week 12,2024-06-26
9185,Baseline,2024-02-23
9185,Week 4,2024-03-22
9185,Week 8,2024-04-19
9185,Week 12,2024-05-17
9186,Baseline,2024-03-30
9186,Week 4,2024-04-27
9186,Week 8,2024-05-25
9186,Week 12,2024-06-22
9187,Baseline,2024-05-29
9187,Week 4,2024-06-26
9187,Week 8,2024-07-24
9187,Week 12,2024-08-21
9188,Baseline,2024-01-25
9188,Week 4,2024-02-22
9188,Week 8,2024-03-21
9188,Week 12,2024-04-18
9189,Baseline,2024-05-26
9189,Week 4,2024-06-23
9189,Week 8,2024-07-21
9189,Week 12,2024-08-18
9190,Baseline,2024-03-28
9190,Week 4,2024-04-25
9190,Week 8,2024-05-23
9190,Week 12,2024-06-20
9191,Baseline,2024-06-22
9191,Week 4,2024-07-20
9191,Week 8,2024-08-17
9191,Week 12,2024-09-14
9192,Baseline,2024-05-11
9192,Week 4,2024-06-08
9192,Week 8,2024-07-06
9192,Week 12,2024-08-03
9193,Baseline,2024-05-25
9193,Week 4,2024-06-22
9193,Week 8,2024-07-20
9193,Week 12,2024-08-17
9194,Baseline,2024-01-24
9194,Week 4,2024-02-21
9194,Week 8,2024-03-20
9194,Week 12,2024-04-17
9195,Baseline,2024-02-20
9195,Week 4,2024-03-19
9195,Week 8,2024-04-16
9195,Week 12,2024-05-14
9196,Baseline,2024-03-10
9196,Week 4,2024-04-07
9196,Week 8,2024-05-05
9196,Week 12,2024-06-02
9197,Baseline,2024-03-25
9197,Week 4,2024-04-22
9197,Week 8,2024-05-20
9197,Week 12,2024-06-17
9198,Baseline,2024-02-08
9198,Week 4,2024-03-07
9198,Week 8,2024-04-04
9198,Week 12,2024-05-02
9199,Baseline,2024-03-12
9199,Week 4,2024-04-09
9199,Week 8,2024-05-07
9199,Week 12,2024-06-04
9200,Baseline,2024-03-31
9200,Week 4,2024-04-28
9200,Week 8,2024-05-26
9200,Week 12,2024-06-23
9201,Baseline,2024-01-25
9201,Week 4,2024-02-22
9201,Week 8,2024-03-21
9201,Week 12,2024-04-18
9202,Baseline,2024-03-17
9202,Week 4,2024-04-14
9202,Week 8,2024-05-12
9202,Week 12,2024-06-09
9203,Baseline,2024-05-03
9203,Week 4,2024-05-31
9203,Week 8,2024-06-28
9203,Week 12,2024-07-26
9204,Baseline,2024-01-14
9204,Week 4,2024-02-11
9204,Week 8,2024-03-10
9204,Week 12,2024-04-07
9205,Baseline,2024-05-14
9205,Week 4,2024-06-11
9205,Week 8,2024-07-09
9205,Week 12,2024-08-06
9206,Baseline,2024-05-02
9206,Week 4,2024-05-30
9206,Week 8,2024-06-27
9206,Week 12,2024-07-25
9207,Baseline,2024-05-18
9207,Week 4,2024-06-15
9207,Week 8,2024-07-13
9207,Week 12,2024-08-10
9208,Baseline,2024-03-11
9208,Week 4,2024-04-08
9208,Week 8,2024-05-06
9208,Week 12,2024-06-03
9209,Baseline,2024-02-17
9209,Week 4,2024-03-16
9209,Week 8,2024-04-13
9209,Week 12,2024-05-11
9210,Baseline,2024-02-23
9210,Week 4,2024-03-22
9210,Week 8,2024-04-19
9210,Week 12,2024-05-17
9211,Baseline,2024-03-05
9211,Week 4,2024-04-02
9211,Week 8,2024-04-30
9211,Week 12,2024-05-28
9212,Baseline,2024-01-02
9212,Week 4,2024-01-30
9212,Week 8,2024-02-27
9212,Week 12,2024-03-26
9213,Baseline,2024-01-08
9213,Week 4,2024-02-05
9213,Week 8,2024-03-04
9213,Week 12,2024-04-01
9214,Baseline,2024-06-06
9214,Week 4,2024-07-04
9214,Week 8,2024-08-01
9214,Week 12,2024-08-29
9215,Baseline,2024-03-10
9215,Week 4,2024-04-07
9215,Week 8,2024-05-05
9215,Week 12,2024-06-02
9216,Baseline,2024-02-19
9216,Week 4,2024-03-18
9216,Week 8,2024-04-15
9216,Week 12,2024-05-13
9217,Baseline,2024-06-25
9217,Week 4,2024-07-23
9217,Week 8,2024-08-20
9217,Week 12,2024-09-17
9218,Baseline,2024-06-03
9218,Week 4,2024-07-01
9218,Week 8,2024-07-29
9218,Week 12,2024-08-26
9219,Baseline,2024-02-07
9219,Week 4,2024-03-06
9219,Week 8,2024-04-03
9219,Week 12,2024-05-01
9220,Baseline,2024-03-16
9220,Week 4,2024-04-13
9220,Week 8,2024-05-11
9220,Week 12,2024-06-08
9221,Baseline,2024-02-01
9221,Week 4,2024-02-29
9221,Week 8,2024-03-28
9221,Week 12,2024-04-25
9222,Baseline,2024-01-04
9222,Week 4,2024-02-01
9222,Week 8,2024-02-29
9222,Week 12,2024-03-28
9223,Baseline,2024-03-12
9223,Week 4,2024-04-09
9223,Week 8,2024-05-07
9223,Week 12,2024-06-04
9224,Baseline,2024-03-05
9224,Week 4,2024-04-02
9224,Week 8,2024-04-30
9224,Week 12,2024-05-28
9225,Baseline,2024-01-15
9225,Week 4,2024-02-12
9225,Week 8,2024-03-11
9225,Week 12,2024-04-08
9226,Baseline,2024-04-22
9226,Week 4,2024-05-20
9226,Week 8,2024-06-17
9226,Week 12,2024-07-15
9227,Baseline,2024-05-09
9227,Week 4,2024-06-06
9227,Week 8,2024-07-04
9227,Week 12,2024-08-01
9228,Baseline,2024-03-18
9228,Week 4,2024-04-15
9228,Week 8,2024-05-13
9228,Week 12,2024-06-10
9229,Baseline,2024-05-14
9229,Week 4,2024-06-11
9229,Week 8,2024-07-09
9229,Week 12,2024-08-06
9230,Baseline,2024-05-04
9230,Week 4,2024-06-01
9230,Week 8,2024-06-29
9230,Week 12,2024-07-27
9231,Baseline,2024-06-07
9231,Week 4,2024-07-05
9231,Week 8,2024-08-02
9231,Week 12,2024-08-30
9232,Baseline,2024-04-19
9232,Week 4,2024-05-17
9232,Week 8,2024-06-14
9232,Week 12,2024-07-12
9233,Baseline,2024-06-21
9233,Week 4,2024-07-19
9233,Week 8,2024-08-16
9233,Week 12,2024-09-13
9234,Baseline,2024-02-12
9234,Week 4,2024-03-11
9234,Week 8,2024-04-08
9234,Week 12,2024-05-06
9235,Baseline,2024-04-30
9235,Week 4,2024-05-28
9235,Week 8,2024-06-25
9235,Week 12,2024-07-23
9236,Baseline,2024-05-30
9236,Week 4,2024-06-27
9236,Week 8,2024-07-25
9236,Week 12,2024-08-22
9237,Baseline,2024-01-24
9237,Week 4,2024-02-21
9237,Week 8,2024-03-20
9237,Week 12,2024-04-17
9238,Baseline,2024-06-04
9238,Week 4,2024-07-02
9238,Week 8,2024-07-30
9238,Week 12,2024-08-27
9239,Baseline,2024-03-12
9239,Week 4,2024-04-09
9239,Week 8,2024-05-07
9239,Week 12,2024-06-04
9240,Baseline,2024-03-28
9240,Week 4,2024-04-25
9240,Week 8,2024-05-23
9240,Week 12,2024-06-20
9241,Baseline,2024-01-07
9241,Week 4,2024-02-04
9241,Week 8,2024-03-03
9241,Week 12,2024-03-31
9242,Baseline,2024-03-30
9242,Week 4,2024-04-27
9242,Week 8,2024-05-25
9242,Week 12,2024-06-22
9243,Baseline,2024-04-02
9243,Week 4,2024-04-30
9243,Week 8,2024-05-28
9243,Week 12,2024-06-25
9244,Baseline,2024-03-19
9244,Week 4,2024-04-16
9244,Week 8,2024-05-14
9244,Week 12,2024-06-11
9245,Baseline,2024-02-03
9245,Week 4,2024-03-02
9245,Week 8,2024-03-30
9245,Week 12,2024-04-27
9246,Baseline,2024-05-27
9246,Week 4,2024-06-24
9246,Week 8,2024-07-22
9246,Week 12,2024-08-19
9247,Baseline,2024-03-15
9247,Week 4,2024-04-12
9247,Week 8,2024-05-10
9247,Week 12,2024-06-07
9248,Baseline,2024-04-16
9248,Week 4,2024-05-14
9248,Week 8,2024-06-11
9248,Week 12,2024-07-09
9249,Baseline,2024-03-04
9249,Week 4,2024-04-01
9249,Week 8,2024-04-29
9249,Week 12,2024-05-27
9250,Baseline,2024-03-07
9250,Week 4,2024-04-04
9250,Week 8,2024-05-02
9250,Week 12,2024-05-30
9251,Baseline,2024-01-28
9251,Week 4,2024-02-25
9251,Week 8,2024-03-24
9251,Week 12,2024-04-21
9252,Baseline,2024-05-28
9252,Week 4,2024-06-25
9252,Week 8,2024-07-23
9252,Week 12,2024-08-20
9253,Baseline,2024-06-06
9253,Week 4,2024-07-04
9253,Week 8,2024-08-01
9253,Week 12,2024-08-29
9254,Baseline,2024-04-07
9254,Week 4,2024-05-05
9254,Week 8,2024-06-02
9254,Week 12,2024-06-30
9255,Baseline,2024-03-27
9255,Week 4,2024-04-24
9255,Week 8,2024-05-22
9255,Week 12,2024-06-19
9256,Baseline,2024-03-14
9256,Week 4,2024-04-11
9256,Week 8,2024-05-09
9256,Week 12,2024-06-06
9257,Baseline,2024-06-26
9257,Week 4,2024-07-24
9257,Week 8,2024-08-21
9257,Week 12,2024-09-18
9258,Baseline,2024-01-31
9258,Week 4,2024-02-28
9258,Week 8,2024-03-27
9258,Week 12,2024-04-24
9259,Baseline,2024-03-01
9259,Week 4,2024-03-29
9259,Week 8,2024-04-26
9259,Week 12,2024-05-24
9260,Baseline,2024-01-01
9260,Week 4,2024-01-29
9260,Week 8,2024-02-26
9260,Week 12,2024-03-25
9261,Baseline,2024-04-26
9261,Week 4,2024-05-24
9261,Week 8,2024-06-21
9261,Week 12,2024-07-19
9262,Baseline,2024-02-21
9262,Week 4,2024-03-20
9262,Week 8,2024-04-17
9262,Week 12,2024-05-15
9263,Baseline,2024-03-04
9263,Week 4,2024-04-01
9263,Week 8,2024-04-29
9263,Week 12,2024-05-27
9264,Baseline,2024-01-02
9264,Week 4,2024-01-30
9264,Week 8,2024-02-27
9264,Week 12,2024-03-26
9265,Baseline,2024-05-07
9265,Week 4,2024-06-04
9265,Week 8,2024-07-02
9265,Week 12,2024-07-30
9266,Baseline,2024-03-24
9266,Week 4,2024-04-21
9266,Week 8,2024-05-19
9266,Week 12,2024-06-16
9267,Baseline,2024-05-26
9267,Week 4,2024-06-23
9267,Week 8,2024-07-21
9267,Week 12,2024-08-18
9268,Baseline,2024-03-06
9268,Week 4,2024-04-03
9268,Week 8,2024-05-01
9268,Week 12,2024-05-29
9269,Baseline,2024-03-01
9269,Week 4,2024-03-29
9269,Week 8,2024-04-26
9269,Week 12,2024-05-24
9270,Baseline,2024-04-12
9270,Week 4,2024-05-10
9270,Week 8,2024-06-07
9270,Week 12,2024-07-05
9271,Baseline,2024-03-14
9271,Week 4,2024-04-11
9271,Week 8,2024-05-09
9271,Week 12,2024-06-06
9272,Baseline,2024-03-04
9272,Week 4,2024-04-01
9272,Week 8,2024-04-29
9272,Week 12,2024-05-27
9273,Baseline,2024-02-29
9273,Week 4,2024-03-28
9273,Week 8,2024-04-25
9273,Week 12,2024-05-23
9274,Baseline,2024-04-13
9274,Week 4,2024-05-11
9274,Week 8,2024-06-08
9274,Week 12,2024-07-06
9275,Baseline,2024-05-01
9275,Week 4,2024-05-29
9275,Week 8,2024-06-26
9275,Week 12,2024-07-24
9276,Baseline,2024-04-02
9276,Week 4,2024-04-30
9276,Week 8,2024-05-28
9276,Week 12,2024-06-25
9277,Baseline,2024-06-27
9277,Week 4,2024-07-25
9277,Week 8,2024-08-22
9277,Week 12,2024-09-19
9278,Baseline,2024-02-15
9278,Week 4,2024-03-14
9278,Week 8,2024-04-11
9278,Week 12,2024-05-09
9279,Baseline,2024-05-23
9279,Week 4,2024-06-20
9279,Week 8,2024-07-18
9279,Week 12,2024-08-15
9280,Baseline,2024-06-22
9280,Week 4,2024-07-20
9280,Week 8,2024-08-17
9280,Week 12,2024-09-14
9281,Baseline,2024-04-08
9281,Week 4,2024-05-06
9281,Week 8,2024-06-03
9281,Week 12,2024-07-01
9282,Baseline,2024-06-03
9282,Week 4,2024-07-01
9282,Week 8,2024-07-29
9282,Week 12,2024-08-26
9283,Baseline,2024-06-17
9283,Week 4,2024-07-15
9283,Week 8,2024-08-12
9283,Week 12,2024-09-09
9284,Baseline,2024-04-23
9284,Week 4,2024-05-21
9284,Week 8,2024-06-18
9284,Week 12,2024-07-16
9285,Baseline,2024-05-06
9285,Week 4,2024-06-03
9285,Week 8,2024-07-01
9285,Week 12,2024-07-29
9286,Baseline,2024-04-21
9286,Week 4,2024-05-19
9286,Week 8,2024-06-16
9286,Week 12,2024-07-14
9287,Baseline,2024-02-06
9287,Week 4,2024-03-05
9287,Week 8,2024-04-02
9287,Week 12,2024-04-30
9288,Baseline,2024-06-14
9288,Week 4,2024-07-12
9288,Week 8,2024-08-09
9288,Week 12,2024-09-06
9289,Baseline,2024-01-03
9289,Week 4,2024-01-31
9289,Week 8,2024-02-28
9289,Week 12,2024-03-27
9290,Baseline,2024-03-14
9290,Week 4,2024-04-11
9290,Week 8,2024-05-09
9290,Week 12,2024-06-06
9291,Baseline,2024-05-18
9291,Week 4,2024-06-15
9291,Week 8,2024-07-13
9291,Week 12,2024-08-10
9292,Baseline,2024-04-27
9292,Week 4,2024-05-25
9292,Week 8,2024-06-22
9292,Week 12,2024-07-20
9293,Baseline,2024-04-09
9293,Week 4,2024-05-07
9293,Week 8,2024-06-04
9293,Week 12,2024-07-02
9294,Baseline,2024-06-17
9294,Week 4,2024-07-15
9294,Week 8,2024-08-12
9294,Week 12,2024-09-09
9295,Baseline,2024-04-25
9295,Week 4,2024-05-23
9295,Week 8,2024-06-20
9295,Week 12,2024-07-18
9296,Baseline,2024-03-10
9296,Week 4,2024-04-07
9296,Week 8,2024-05-05
9296,Week 12,2024-06-02
9297,Baseline,2024-01-05
9297,Week 4,2024-02-02
9297,Week 8,2024-03-01
9297,Week 12,2024-03-29
9298,Baseline,2024-01-12
9298,Week 4,2024-02-09
9298,Week 8,2024-03-08
9298,Week 12,2024-04-05
9299,Baseline,2024-01-04
9299,Week 4,2024-02-01
9299,Week 8,2024-02-29
9299,Week 12,2024-03-28
9300,Baseline,2024-01-30
9300,Week 4,2024-02-27
9300,Week 8,2024-03-26
9300,Week 12,2024-04-23
9301,Baseline,2024-04-21
9301,Week 4,2024-05-19
9301,Week 8,2024-06-16
9301,Week 12,2024-07-14
9302,Baseline,2024-06-19
9302,Week 4,2024-07-17
9302,Week 8,2024-08-14
9302,Week 12,2024-09-11
9303,Baseline,2024-03-01
9303,Week 4,2024-03-29
9303,Week 8,2024-04-26
9303,Week 12,2024-05-24
9304,Baseline,2024-05-24
9304,Week 4,2024-06-21
9304,Week 8,2024-07-19
9304,Week 12,2024-08-16
9305,Baseline,2024-03-09
9305,Week 4,2024-04-06
9305,Week 8,2024-05-04
9305,Week 12,2024-06-01
9306,Baseline,2024-02-10
9306,Week 4,2024-03-09
9306,Week 8,2024-04-06
9306,Week 12,2024-05-04
9307,Baseline,2024-03-07
9307,Week 4,2024-04-04
9307,Week 8,2024-05-02
9307,Week 12,2024-05-30
9308,Baseline,2024-01-16
9308,Week 4,2024-02-13
9308,Week 8,2024-03-12
9308,Week 12,2024-04-09
9309,Baseline,2024-06-06
9309,Week 4,2024-07-04
9309,Week 8,2024-08-01
9309,Week 12,2024-08-29
9310,Baseline,2024-06-02
9310,Week 4,2024-06-30
9310,Week 8,2024-07-28
9310,Week 12,2024-08-25
9311,Baseline,2024-06-04
9311,Week 4,2024-07-02
9311,Week 8,2024-07-30
9311,Week 12,2024-08-27
9312,Baseline,2024-01-08
9312,Week 4,2024-02-05
9312,Week 8,2024-03-04
9312,Week 12,2024-04-01
9313,Baseline,2024-02-02
9313,Week 4,2024-03-01
9313,Week 8,2024-03-29
9313,Week 12,2024-04-26
9314,Baseline,2024-06-11
9314,Week 4,2024-07-09
9314,Week 8,2024-08-06
9314,Week 12,2024-09-03
9315,Baseline,2024-05-29
9315,Week 4,2024-06-26
9315,Week 8,2024-07-24
9315,Week 12,2024-08-21
9316,Baseline,2024-04-11
9316,Week 4,2024-05-09
9316,Week 8,2024-06-06
9316,Week 12,2024-07-04
9317,Baseline,2024-05-22
9317,Week 4,2024-06-19
9317,Week 8,2024-07-17
9317,Week 12,2024-08-14
9318,Baseline,2024-03-17
9318,Week 4,2024-04-14
9318,Week 8,2024-05-12
9318,Week 12,2024-06-09
9319,Baseline,2024-04-03
9319,Week 4,2024-05-01
9319,Week 8,2024-05-29
9319,Week 12,2024-06-26
9320,Baseline,2024-06-21
9320,Week 4,2024-07-19
9320,Week 8,2024-08-16
9320,Week 12,2024-09-13
9321,Baseline,2024-01-18
9321,Week 4,2024-02-15
9321,Week 8,2024-03-14
9321,Week 12,2024-04-11
9322,Baseline,2024-02-05
9322,Week 4,2024-03-04
9322,Week 8,2024-04-01
9322,Week 12,2024-04-29
9323,Baseline,2024-05-31
9323,Week 4,2024-06-28
9323,Week 8,2024-07-26
9323,Week 12,2024-08-23
9324,Baseline,2024-05-25
9324,Week 4,2024-06-22
9324,Week 8,2024-07-20
9324,Week 12,2024-08-17
9325,Baseline,2024-04-04
9325,Week 4,2024-05-02
9325,Week 8,2024-05-30
9325,Week 12,2024-06-27
9326,Baseline,2024-03-25
9326,Week 4,2024-04-22
9326,Week 8,2024-05-20
9326,Week 12,2024-06-17
9327,Baseline,2024-05-07
9327,Week 4,2024-06-04
9327,Week 8,2024-07-02
9327,Week 12,2024-07-30
9328,Baseline,2024-06-12
9328,Week 4,2024-07-10
9328,Week 8,2024-08-07
9328,Week 12,2024-09-04
9329,Baseline,2024-03-17
9329,Week 4,2024-04-14
9329,Week 8,2024-05-12
9329,Week 12,2024-06-09
9330,Baseline,2024-05-10
9330,Week 4,2024-06-07
9330,Week 8,2024-07-05
9330,Week 12,2024-08-02
9331,Baseline,2024-01-19
9331,Week 4,2024-02-16
9331,Week 8,2024-03-15
9331,Week 12,2024-04-12
9332,Baseline,2024-05-16
9332,Week 4,2024-06-13
9332,Week 8,2024-07-11
9332,Week 12,2024-08-08
9333,Baseline,2024-06-08
9333,Week 4,2024-07-06
9333,Week 8,2024-08-03
9333,Week 12,2024-08-31
9334,Baseline,2024-06-17
9334,Week 4,2024-07-15
9334,Week 8,2024-08-12
9334,Week 12,2024-09-09
9335,Baseline,2024-06-16
9335,Week 4,2024-07-14
9335,Week 8,2024-08-11
9335,Week 12,2024-09-08
9336,Baseline,2024-02-01
9336,Week 4,2024-02-29
9336,Week 8,2024-03-28
9336,Week 12,2024-04-25
9337,Baseline,2024-06-27
9337,Week 4,2024-07-25
9337,Week 8,2024-08-22
9337,Week 12,2024-09-19
9338,Baseline,2024-04-29
9338,Week 4,2024-05-27
9338,Week 8,2024-06-24
9338,Week 12,2024-07-22
9339,Baseline,2024-01-08
9339,Week 4,2024-02-05
9339,Week 8,2024-03-04
9339,Week 12,2024-04-01
9340,Baseline,2024-02-20
9340,Week 4,2024-03-19
9340,Week 8,2024-04-16
9340,Week 12,2024-05-14
9341,Baseline,2024-01-01
9341,Week 4,2024-01-29
9341,Week 8,2024-02-26
9341,Week 12,2024-03-25
9342,Baseline,2024-05-11
9342,Week 4,2024-06-08
9342,Week 8,2024-07-06
9342,Week 12,2024-08-03
9343,Baseline,2024-05-17
9343,Week 4,2024-06-14
9343,Week 8,2024-07-12
9343,Week 12,2024-08-09
9344,Baseline,2024-05-02
9344,Week 4,2024-05-30
9344,Week 8,2024-06-27
9344,Week 12,2024-07-25
9345,Baseline,2024-06-13
9345,Week 4,2024-07-11
9345,Week 8,2024-08-08
9345,Week 12,2024-09-05
9346,Baseline,2024-05-03
9346,Week 4,2024-05-31
9346,Week 8,2024-06-28
9346,Week 12,2024-07-26
9347,Baseline,2024-02-08
9347,Week 4,2024-03-07
9347,Week 8,2024-04-04
9347,Week 12,2024-05-02
9348,Baseline,2024-02-11
9348,Week 4,2024-03-10
9348,Week 8,2024-04-07
9348,Week 12,2024-05-05
9349,Baseline,2024-03-14
9349,Week 4,2024-04-11
9349,Week 8,2024-05-09
9349,Week 12,2024-06-06
9350,Baseline,2024-01-24
9350,Week 4,2024-02-21
9350,Week 8,2024-03-20
9350,Week 12,2024-04-17
9351,Baseline,2024-05-25
9351,Week 4,2024-06-22
9351,Week 8,2024-07-20
9351,Week 12,2024-08-17
9352,Baseline,2024-04-09
9352,Week 4,2024-05-07
9352,Week 8,2024-06-04
9352,Week 12,2024-07-02
9353,Baseline,2024-01-08
9353,Week 4,2024-02-05
9353,Week 8,2024-03-04
9353,Week 12,2024-04-01
9354,Baseline,2024-05-04
9354,Week 4,2024-06-01
9354,Week 8,2024-06-29
9354,Week 12,2024-07-27
9355,Baseline,2024-02-04
9355,Week 4,2024-03-03
9355,Week 8,2024-03-31
9355,Week 12,2024-04-28
9356,Baseline,2024-01-10
9356,Week 4,2024-02-07
9356,Week 8,2024-03-06
9356,Week 12,2024-04-03
9357,Baseline,2024-03-17
9357,Week 4,2024-04-14
9357,Week 8,2024-05-12
9357,Week 12,2024-06-09
9358,Baseline,2024-02-12
9358,Week 4,2024-03-11
9358,Week 8,2024-04-08
9358,Week 12,2024-05-06
9359,Baseline,2024-01-08
9359,Week 4,2024-02-05
9359,Week 8,2024-03-04
9359,Week 12,2024-04-01
9360,Baseline,2024-03-07
9360,Week 4,2024-04-04
9360,Week 8,2024-05-02
9360,Week 12,2024-05-30
9361,Baseline,2024-05-22
9361,Week 4,2024-06-19
9361,Week 8,2024-07-17
9361,Week 12,2024-08-14
9362,Baseline,2024-06-16
9362,Week 4,2024-07-14
9362,Week 8,2024-08-11
9362,Week 12,2024-09-08
9363,Baseline,2024-06-24
9363,Week 4,2024-07-22
9363,Week 8,2024-08-19
9363,Week 12,2024-09-16
9364,Baseline,2024-02-15
9364,Week 4,2024-03-14
9364,Week 8,2024-04-11
9364,Week 12,2024-05-09
9365,Baseline,2024-03-28
9365,Week 4,2024-04-25
9365,Week 8,2024-05-23
9365,Week 12,2024-06-20
9366,Baseline,2024-04-04
9366,Week 4,2024-05-02
9366,Week 8,2024-05-30
9366,Week 12,2024-06-27
9367,Baseline,2024-05-04
9367,Week 4,2024-06-01
9367,Week 8,2024-06-29
9367,Week 12,2024-07-27
9368,Baseline,2024-04-04
9368,Week 4,2024-05-02
9368,Week 8,2024-05-30
9368,Week 12,2024-06-27
9369,Baseline,2024-04-03
9369,Week 4,2024-05-01
9369,Week 8,2024-05-29
9369,Week 12,2024-06-26
9370,Baseline,2024-01-10
9370,Week 4,2024-02-07
9370,Week 8,2024-03-06
9370,Week 12,2024-04-03
9371,Baseline,2024-03-10
9371,Week 4,2024-04-07
9371,Week 8,2024-05-05
9371,Week 12,2024-06-02
9372,Baseline,2024-02-07
9372,Week 4,2024-03-06
9372,Week 8,2024-04-03
9372,Week 12,2024-05-01
9373,Baseline,2024-01-26
9373,Week 4,2024-02-23
9373,Week 8,2024-03-22
9373,Week 12,2024-04-19
9374,Baseline,2024-04-26
9374,Week 4,2024-05-24
9374,Week 8,2024-06-21
9374,Week 12,2024-07-19
9375,Baseline,2024-03-06
9375,Week 4,2024-04-03
9375,Week 8,2024-05-01
9375,Week 12,2024-05-29
9376,Baseline,2024-03-06
9376,Week 4,2024-04-03
9376,Week 8,2024-05-01
9376,Week 12,2024-05-29
9377,Baseline,2024-02-02
9377,Week 4,2024-03-01
9377,Week 8,2024-03-29
9377,Week 12,2024-04-26
9378,Baseline,2024-01-13
9378,Week 4,2024-02-10
9378,Week 8,2024-03-09
9378,Week 12,2024-04-06
9379,Baseline,2024-06-21
9379,Week 4,2024-07-19
9379,Week 8,2024-08-16
9379,Week 12,2024-09-13
9380,Baseline,2024-01-21
9380,Week 4,2024-02-18
9380,Week 8,2024-03-17
9380,Week 12,2024-04-14
9381,Baseline,2024-06-26
9381,Week 4,2024-07-24
9381,Week 8,2024-08-21
9381,Week 12,2024-09-18
9382,Baseline,2024-05-28
9382,Week 4,2024-06-25
9382,Week 8,2024-07-23
9382,Week 12,2024-08-20
9383,Baseline,2024-02-21
9383,Week 4,2024-03-20
9383,Week 8,2024-04-17
9383,Week 12,2024-05-15
9384,Baseline,2024-06-05
9384,Week 4,2024-07-03
9384,Week 8,2024-07-31
9384,Week 12,2024-08-28
9385,Baseline,2024-06-23
9385,Week 4,2024-07-21
9385,Week 8,2024-08-18
9385,Week 12,2024-09-15
9386,Baseline,2024-04-18
9386,Week 4,2024-05-16
9386,Week 8,2024-06-13
9386,Week 12,2024-07-11
9387,Baseline,2024-04-12
9387,Week 4,2024-05-10
9387,Week 8,2024-06-07
9387,Week 12,2024-07-05
9388,Baseline,2024-05-21
9388,Week 4,2024-06-18
9388,Week 8,2024-07-16
9388,Week 12,2024-08-13
9389,Baseline,2024-01-22
9389,Week 4,2024-02-19
9389,Week 8,2024-03-18
9389,Week 12,2024-04-15
9390,Baseline,2024-01-24
9390,Week 4,2024-02-21
9390,Week 8,2024-03-20
9390,Week 12,2024-04-17
9391,Baseline,2024-04-04
9391,Week 4,2024-05-02
9391,Week 8,2024-05-30
9391,Week 12,2024-06-27
9392,Baseline,2024-03-30
9392,Week 4,2024-04-27
9392,Week 8,2024-05-25
9392,Week 12,2024-06-22
9393,Baseline,2024-02-19
9393,Week 4,2024-03-18
9393,Week 8,2024-04-15
9393,Week 12,2024-05-13
9394,Baseline,2024-01-22
9394,Week 4,2024-02-19
9394,Week 8,2024-03-18
9394,Week 12,2024-04-15
9395,Baseline,2024-01-01
9395,Week 4,2024-01-29
9395,Week 8,2024-02-26
9395,Week 12,2024-03-25
9396,Baseline,2024-04-18
9396,Week 4,2024-05-16
9396,Week 8,2024-06-13
9396,Week 12,2024-07-11
9397,Baseline,2024-06-27
9397,Week 4,2024-07-25
9397,Week 8,2024-08-22
9397,Week 12,2024-09-19
9398,Baseline,2024-04-26
9398,Week 4,2024-05-24
9398,Week 8,2024-06-21
9398,Week 12,2024-07-19
9399,Baseline,2024-04-13
9399,Week 4,2024-05-11
9399,Week 8,2024-06-08
9399,Week 12,2024-07-06
9400,Baseline,2024-01-26
9400,Week 4,2024-02-23
9400,Week 8,2024-03-22
9400,Week 12,2024-04-19
9401,Baseline,2024-01-17
9401,Week 4,2024-02-14
9401,Week 8,2024-03-13
9401,Week 12,2024-04-10
9402,Baseline,2024-06-01
9402,Week 4,2024-06-29
9402,Week 8,2024-07-27
9402,Week 12,2024-08-24
9403,Baseline,2024-01-02
9403,Week 4,2024-01-30
9403,Week 8,2024-02-27
9403,Week 12,2024-03-26
9404,Baseline,2024-04-21
9404,Week 4,2024-05-19
9404,Week 8,2024-06-16
9404,Week 12,2024-07-14
9405,Baseline,2024-04-13
9405,Week 4,2024-05-11
9405,Week 8,2024-06-08
9405,Week 12,2024-07-06
9406,Baseline,2024-02-25
9406,Week 4,2024-03-24
9406,Week 8,2024-04-21
9406,Week 12,2024-05-19
9407,Baseline,2024-04-28
9407,Week 4,2024-05-26
9407,Week 8,2024-06-23
9407,Week 12,2024-07-21
9408,Baseline,2024-06-20
9408,Week 4,2024-07-18
9408,Week 8,2024-08-15
9408,Week 12,2024-09-12
9409,Baseline,2024-02-24
9409,Week 4,2024-03-23
9409,Week 8,2024-04-20
9409,Week 12,2024-05-18
9410,Baseline,2024-04-15
9410,Week 4,2024-05-13
9410,Week 8,2024-06-10
9410,Week 12,2024-07-08
9411,Baseline,2024-01-15
9411,Week 4,2024-02-12
9411,Week 8,2024-03-11
9411,Week 12,2024-04-08
9412,Baseline,2024-01-27
9412,Week 4,2024-02-24
9412,Week 8,2024-03-23
9412,Week 12,2024-04-20
9413,Baseline,2024-06-13
9413,Week 4,2024-07-11
9413,Week 8,2024-08-08
9413,Week 12,2024-09-05
9414,Baseline,2024-02-23
9414,Week 4,2024-03-22
9414,Week 8,2024-04-19
9414,Week 12,2024-05-17
9415,Baseline,2024-01-20
9415,Week 4,2024-02-17
9415,Week 8,2024-03-16
9415,Week 12,2024-04-13
9416,Baseline,2024-03-10
9416,Week 4,2024-04-07
9416,Week 8,2024-05-05
9416,Week 12,2024-06-02
9417,Baseline,2024-01-15
9417,Week 4,2024-02-12
9417,Week 8,2024-03-11
9417,Week 12,2024-04-08
9418,Baseline,2024-04-21
9418,Week 4,2024-05-19
9418,Week 8,2024-06-16
9418,Week 12,2024-07-14
9419,Baseline,2024-05-15
9419,Week 4,2024-06-12
9419,Week 8,2024-07-10
9419,Week 12,2024-08-07
9420,Baseline,2024-03-03
9420,Week 4,2024-03-31
9420,Week 8,2024-04-28
9420,Week 12,2024-05-26
9421,Baseline,2024-01-07
9421,Week 4,2024-02-04
9421,Week 8,2024-03-03
9421,Week 12,2024-03-31
9422,Baseline,2024-04-09
9422,Week 4,2024-05-07
9422,Week 8,2024-06-04
9422,Week 12,2024-07-02
9423,Baseline,2024-01-31
9423,Week 4,2024-02-28
9423,Week 8,2024-03-27
9423,Week 12,2024-04-24
9424,Baseline,2024-02-20
9424,Week 4,2024-03-19
9424,Week 8,2024-04-16
9424,Week 12,2024-05-14
9425,Baseline,2024-06-19
9425,Week 4,2024-07-17
9425,Week 8,2024-08-14
9425,Week 12,2024-09-11
9426,Baseline,2024-03-26
9426,Week 4,2024-04-23
9426,Week 8,2024-05-21
9426,Week 12,2024-06-18
9427,Baseline,2024-02-23
9427,Week 4,2024-03-22
9427,Week 8,2024-04-19
9427,Week 12,2024-05-17
9428,Baseline,2024-02-19
9428,Week 4,2024-03-18
9428,Week 8,2024-04-15
9428,Week 12,2024-05-13
9429,Baseline,2024-05-28
9429,Week 4,2024-06-25
9429,Week 8,2024-07-23
9429,Week 12,2024-08-20
9430,Baseline,2024-01-27
9430,Week 4,2024-02-24
9430,Week 8,2024-03-23
9430,Week 12,2024-04-20
9431,Baseline,2024-06-27
9431,Week 4,2024-07-25
9431,Week 8,2024-08-22
9431,Week 12,2024-09-19
9432,Baseline,2024-01-03
9432,Week 4,2024-01-31
9432,Week 8,2024-02-28
9432,Week 12,2024-03-27
9433,Baseline,2024-03-03
9433,Week 4,2024-03-31
9433,Week 8,2024-04-28
9433,Week 12,2024-05-26
9434,Baseline,2024-04-21
9434,Week 4,2024-05-19
9434,Week 8,2024-06-16
9434,Week 12,2024-07-14
9435,Baseline,2024-01-07
9435,Week 4,2024-02-04
9435,Week 8,2024-03-03
9435,Week 12,2024-03-31
9436,Baseline,2024-06-18
9436,Week 4,2024-07-16
9436,Week 8,2024-08-13
9436,Week 12,2024-09-10
9437,Baseline,2024-06-25
9437,Week 4,2024-07-23
9437,Week 8,2024-08-20
9437,Week 12,2024-09-17
9438,Baseline,2024-02-06
9438,Week 4,2024-03-05
9438,Week 8,2024-04-02
9438,Week 12,2024-04-30
9439,Baseline,2024-04-09
9439,Week 4,2024-05-07
9439,Week 8,2024-06-04
9439,Week 12,2024-07-02
9440,Baseline,2024-01-27
9440,Week 4,2024-02-24
9440,Week 8,2024-03-23
9440,Week 12,2024-04-20
9441,Baseline,2024-05-21
9441,Week 4,2024-06-18
9441,Week 8,2024-07-16
9441,Week 12,2024-08-13
9442,Baseline,2024-06-27
9442,Week 4,2024-07-25
9442,Week 8,2024-08-22
9442,Week 12,2024-09-19
9443,Baseline,2024-05-09
9443,Week 4,2024-06-06
9443,Week 8,2024-07-04
9443,Week 12,2024-08-01
9444,Baseline,2024-01-08
9444,Week 4,2024-02-05
9444,Week 8,2024-03-04
9444,Week 12,2024-04-01
9445,Baseline,2024-04-18
9445,Week 4,2024-05-16
9445,Week 8,2024-06-13
9445,Week 12,2024-07-11
9446,Baseline,2024-03-16
9446,Week 4,2024-04-13
9446,Week 8,2024-05-11
9446,Week 12,2024-06-08
9447,Baseline,2024-05-10
9447,Week 4,2024-06-07
9447,Week 8,2024-07-05
9447,Week 12,2024-08-02
9448,Baseline,2024-02-22
9448,Week 4,2024-03-21
9448,Week 8,2024-04-18
9448,Week 12,2024-05-16
9449,Baseline,2024-06-09
9449,Week 4,2024-07-07
9449,Week 8,2024-08-04
9449,Week 12,2024-09-01
9450,Baseline,2024-04-09
9450,Week 4,2024-05-07
9450,Week 8,2024-06-04
9450,Week 12,2024-07-02
9451,Baseline,2024-02-07
9451,Week 4,2024-03-06
9451,Week 8,2024-04-03
9451,Week 12,2024-05-01
9452,Baseline,2024-03-22
9452,Week 4,2024-04-19
9452,Week 8,2024-05-17
9452,Week 12,2024-06-14
9453,Baseline,2024-04-16
9453,Week 4,2024-05-14
9453,Week 8,2024-06-11
9453,Week 12,2024-07-09
9454,Baseline,2024-02-16
9454,Week 4,2024-03-15
9454,Week 8,2024-04-12
9454,Week 12,2024-05-10
9455,Baseline,2024-01-24
9455,Week 4,2024-02-21
9455,Week 8,2024-03-20
9455,Week 12,2024-04-17
9456,Baseline,2024-04-17
9456,Week 4,2024-05-15
9456,Week 8,2024-06-12
9456,Week 12,2024-07-10
9457,Baseline,2024-06-23
9457,Week 4,2024-07-21
9457,Week 8,2024-08-18
9457,Week 12,2024-09-15
9458,Baseline,2024-03-19
9458,Week 4,2024-04-16
9458,Week 8,2024-05-14
9458,Week 12,2024-06-11
9459,Baseline,2024-02-14
9459,Week 4,2024-03-13
9459,Week 8,2024-04-10
9459,Week 12,2024-05-08
9460,Baseline,2024-03-23
9460,Week 4,2024-04-20
9460,Week 8,2024-05-18
9460,Week 12,2024-06-15
9461,Baseline,2024-06-18
9461,Week 4,2024-07-16
9461,Week 8,2024-08-13
9461,Week 12,2024-09-10
9462,Baseline,2024-01-02
9462,Week 4,2024-01-30
9462,Week 8,2024-02-27
9462,Week 12,2024-03-26
9463,Baseline,2024-04-27
9463,Week 4,2024-05-25
9463,Week 8,2024-06-22
9463,Week 12,2024-07-20
9464,Baseline,2024-01-19
9464,Week 4,2024-02-16
9464,Week 8,2024-03-15
9464,Week 12,2024-04-12
9465,Baseline,2024-06-03
9465,Week 4,2024-07-01
9465,Week 8,2024-07-29
9465,Week 12,2024-08-26
9466,Baseline,2024-01-14
9466,Week 4,2024-02-11
9466,Week 8,2024-03-10
9466,Week 12,2024-04-07
9467,Baseline,2024-04-20
9467,Week 4,2024-05-18
9467,Week 8,2024-06-15
9467,Week 12,2024-07-13
9468,Baseline,2024-03-05
9468,Week 4,2024-04-02
9468,Week 8,2024-04-30
9468,Week 12,2024-05-28
9469,Baseline,2024-06-16
9469,Week 4,2024-07-14
9469,Week 8,2024-08-11
9469,Week 12,2024-09-08
9470,Baseline,2024-04-06
9470,Week 4,2024-05-04
9470,Week 8,2024-06-01
9470,Week 12,2024-06-29
9471,Baseline,2024-04-28
9471,Week 4,2024-05-26
9471,Week 8,2024-06-23
9471,Week 12,2024-07-21
9472,Baseline,2024-03-14
9472,Week 4,2024-04-11
9472,Week 8,2024-05-09
9472,Week 12,2024-06-06
9473,Baseline,2024-03-31
9473,Week 4,2024-04-28
9473,Week 8,2024-05-26
9473,Week 12,2024-06-23
9474,Baseline,2024-04-28
9474,Week 4,2024-05-26
9474,Week 8,2024-06-23
9474,Week 12,2024-07-21
9475,Baseline,2024-06-26
9475,Week 4,2024-07-24
9475,Week 8,2024-08-21
9475,Week 12,2024-09-18
9476,Baseline,2024-01-08
9476,Week 4,2024-02-05
9476,Week 8,2024-03-04
9476,Week 12,2024-04-01
9477,Baseline,2024-01-30
9477,Week 4,2024-02-27
9477,Week 8,2024-03-26
9477,Week 12,2024-04-23
9478,Baseline,2024-04-18
9478,Week 4,2024-05-16
9478,Week 8,2024-06-13
9478,Week 12,2024-07-11
9479,Baseline,2024-05-02
9479,Week 4,2024-05-30
9479,Week 8,2024-06-27
9479,Week 12,2024-07-25
9480,Baseline,2024-05-05
9480,Week 4,2024-06-02
9480,Week 8,2024-06-30
9480,Week 12,2024-07-28
9481,Baseline,2024-06-06
9481,Week 4,2024-07-04
9481,Week 8,2024-08-01
9481,Week 12,2024-08-29
9482,Baseline,2024-02-25
9482,Week 4,2024-03-24
9482,Week 8,2024-04-21
9482,Week 12,2024-05-19
9483,Baseline,2024-05-30
9483,Week 4,2024-06-27
9483,Week 8,2024-07-25
9483,Week 12,2024-08-22
9484,Baseline,2024-04-04
9484,Week 4,2024-05-02
9484,Week 8,2024-05-30
9484,Week 12,2024-06-27
9485,Baseline,2024-06-13
9485,Week 4,2024-07-11
9485,Week 8,2024-08-08
9485,Week 12,2024-09-05
9486,Baseline,2024-03-05
9486,Week 4,2024-04-02
9486,Week 8,2024-04-30
9486,Week 12,2024-05-28
9487,Baseline,2024-03-18
9487,Week 4,2024-04-15
9487,Week 8,2024-05-13
9487,Week 12,2024-06-10
9488,Baseline,2024-05-09
9488,Week 4,2024-06-06
9488,Week 8,2024-07-04
9488,Week 12,2024-08-01
9489,Baseline,2024-01-20
9489,Week 4,2024-02-17
9489,Week 8,2024-03-16
9489,Week 12,2024-04-13
9490,Baseline,2024-02-26
9490,Week 4,2024-03-25
9490,Week 8,2024-04-22
9490,Week 12,2024-05-20
9491,Baseline,2024-01-29
9491,Week 4,2024-02-26
9491,Week 8,2024-03-25
9491,Week 12,2024-04-22
9492,Baseline,2024-04-26
9492,Week 4,2024-05-24
9492,Week 8,2024-06-21
9492,Week 12,2024-07-19
9493,Baseline,2024-02-27
9493,Week 4,2024-03-26
9493,Week 8,2024-04-23
9493,Week 12,2024-05-21
9494,Baseline,2024-03-11
9494,Week 4,2024-04-08
9494,Week 8,2024-05-06
9494,Week 12,2024-06-03
9495,Baseline,2024-05-21
9495,Week 4,2024-06-18
9495,Week 8,2024-07-16
9495,Week 12,2024-08-13
9496,Baseline,2024-02-17
9496,Week 4,2024-03-16
9496,Week 8,2024-04-13
9496,Week 12,2024-05-11
9497,Baseline,2024-02-01
9497,Week 4,2024-02-29
9497,Week 8,2024-03-28
9497,Week 12,2024-04-25
9498,Baseline,2024-02-10
9498,Week 4,2024-03-09
9498,Week 8,2024-04-06
9498,Week 12,2024-05-04
9499,Baseline,2024-06-17
9499,Week 4,2024-07-15
9499,Week 8,2024-08-12
9499,Week 12,2024-09-09
9500,Baseline,2024-03-11
9500,Week 4,2024-04-08
9500,Week 8,2024-05-06
9500,Week 12,2024-06-03
9501,Baseline,2024-02-09
9501,Week 4,2024-03-08
9501,Week 8,2024-04-05
9501,Week 12,2024-05-03
9502,Baseline,2024-01-08
9502,Week 4,2024-02-05
9502,Week 8,2024-03-04
9502,Week 12,2024-04-01
9503,Baseline,2024-06-16
9503,Week 4,2024-07-14
9503,Week 8,2024-08-11
9503,Week 12,2024-09-08
9504,Baseline,2024-02-25
9504,Week 4,2024-03-24
9504,Week 8,2024-04-21
9504,Week 12,2024-05-19
9505,Baseline,2024-04-09
9505,Week 4,2024-05-07
9505,Week 8,2024-06-04
9505,Week 12,2024-07-02
9506,Baseline,2024-05-06
9506,Week 4,2024-06-03
9506,Week 8,2024-07-01
9506,Week 12,2024-07-29
9507,Baseline,2024-01-27
9507,Week 4,2024-02-24
9507,Week 8,2024-03-23
9507,Week 12,2024-04-20
9508,Baseline,2024-01-19
9508,Week 4,2024-02-16
9508,Week 8,2024-03-15
9508,Week 12,2024-04-12
9509,Baseline,2024-05-16
9509,Week 4,2024-06-13
9509,Week 8,2024-07-11
9509,Week 12,2024-08-08
9510,Baseline,2024-01-13
9510,Week 4,2024-02-10
9510,Week 8,2024-03-09
9510,Week 12,2024-04-06
9511,Baseline,2024-06-17
9511,Week 4,2024-07-15
9511,Week 8,2024-08-12
9511,Week 12,2024-09-09
9512,Baseline,2024-03-16
9512,Week 4,2024-04-13
9512,Week 8,2024-05-11
9512,Week 12,2024-06-08
9513,Baseline,2024-05-25
9513,Week 4,2024-06-22
9513,Week 8,2024-07-20
9513,Week 12,2024-08-17
9514,Baseline,2024-05-11
9514,Week 4,2024-06-08
9514,Week 8,2024-07-06
9514,Week 12,2024-08-03
9515,Baseline,2024-04-05
9515,Week 4,2024-05-03
9515,Week 8,2024-05-31
9515,Week 12,2024-06-28
9516,Baseline,2024-05-15
9516,Week 4,2024-06-12
9516,Week 8,2024-07-10
9516,Week 12,2024-08-07
9517,Baseline,2024-04-09
9517,Week 4,2024-05-07
9517,Week 8,2024-06-04
9517,Week 12,2024-07-02
9518,Baseline,2024-05-13
9518,Week 4,2024-06-10
9518,Week 8,2024-07-08
9518,Week 12,2024-08-05
9519,Baseline,2024-05-03
9519,Week 4,2024-05-31
9519,Week 8,2024-06-28
9519,Week 12,2024-07-26
9520,Baseline,2024-03-25
9520,Week 4,2024-04-22
9520,Week 8,2024-05-20
9520,Week 12,2024-06-17
9521,Baseline,2024-04-16
9521,Week 4,2024-05-14
9521,Week 8,2024-06-11
9521,Week 12,2024-07-09
9522,Baseline,2024-01-04
9522,Week 4,2024-02-01
9522,Week 8,2024-02-29
9522,Week 12,2024-03-28
9523,Baseline,2024-03-30
9523,Week 4,2024-04-27
9523,Week 8,2024-05-25
9523,Week 12,2024-06-22
9524,Baseline,2024-03-21
9524,Week 4,2024-04-18
9524,Week 8,2024-05-16
9524,Week 12,2024-06-13
9525,Baseline,2024-01-30
9525,Week 4,2024-02-27
9525,Week 8,2024-03-26
9525,Week 12,2024-04-23
9526,Baseline,2024-03-27
9526,Week 4,2024-04-24
9526,Week 8,2024-05-22
9526,Week 12,2024-06-19
9527,Baseline,2024-06-20
9527,Week 4,2024-07-18
9527,Week 8,2024-08-15
9527,Week 12,2024-09-12
9528,Baseline,2024-03-23
9528,Week 4,2024-04-20
9528,Week 8,2024-05-18
9528,Week 12,2024-06-15
9529,Baseline,2024-02-15
9529,Week 4,2024-03-14
9529,Week 8,2024-04-11
9529,Week 12,2024-05-09
9530,Baseline,2024-06-04
9530,Week 4,2024-07-02
9530,Week 8,2024-07-30
9530,Week 12,2024-08-27
9531,Baseline,2024-01-26
9531,Week 4,2024-02-23
9531,Week 8,2024-03-22
9531,Week 12,2024-04-19
9532,Baseline,2024-03-29
9532,Week 4,2024-04-26
9532,Week 8,2024-05-24
9532,Week 12,2024-06-21
9533,Baseline,2024-04-05
9533,Week 4,2024-05-03
9533,Week 8,2024-05-31
9533,Week 12,2024-06-28
9534,Baseline,2024-02-14
9534,Week 4,2024-03-13
9534,Week 8,2024-04-10
9534,Week 12,2024-05-08
9535,Baseline,2024-02-02
9535,Week 4,2024-03-01
9535,Week 8,2024-03-29
9535,Week 12,2024-04-26
9536,Baseline,2024-05-20
9536,Week 4,2024-06-17
9536,Week 8,2024-07-15
9536,Week 12,2024-08-12
9537,Baseline,2024-04-14
9537,Week 4,2024-05-12
9537,Week 8,2024-06-09
9537,Week 12,2024-07-07
9538,Baseline,2024-02-04
9538,Week 4,2024-03-03
9538,Week 8,2024-03-31
9538,Week 12,2024-04-28
9539,Baseline,2024-05-21
9539,Week 4,2024-06-18
9539,Week 8,2024-07-16
9539,Week 12,2024-08-13
9540,Baseline,2024-02-25
9540,Week 4,2024-03-24
9540,Week 8,2024-04-21
9540,Week 12,2024-05-19
9541,Baseline,2024-03-03
9541,Week 4,2024-03-31
9541,Week 8,2024-04-28
9541,Week 12,2024-05-26
9542,Baseline,2024-01-11
9542,Week 4,2024-02-08
9542,Week 8,2024-03-07
9542,Week 12,2024-04-04
9543,Baseline,2024-06-04
9543,Week 4,2024-07-02
9543,Week 8,2024-07-30
9543,Week 12,2024-08-27
9544,Baseline,2024-03-04
9544,Week 4,2024-04-01
9544,Week 8,2024-04-29
9544,Week 12,2024-05-27
9545,Baseline,2024-06-03
9545,Week 4,2024-07-01
9545,Week 8,2024-07-29
9545,Week 12,2024-08-26
9546,Baseline,2024-02-24
9546,Week 4,2024-03-23
9546,Week 8,2024-04-20
9546,Week 12,2024-05-18
9547,Baseline,2024-01-19
9547,Week 4,2024-02-16
9547,Week 8,2024-03-15
9547,Week 12,2024-04-12
9548,Baseline,2024-05-06
9548,Week 4,2024-06-03
9548,Week 8,2024-07-01
9548,Week 12,2024-07-29
9549,Baseline,2024-03-04
9549,Week 4,2024-04-01
9549,Week 8,2024-04-29
9549,Week 12,2024-05-27
9550,Baseline,2024-04-19
9550,Week 4,2024-05-17
9550,Week 8,2024-06-14
9550,Week 12,2024-07-12
9551,Baseline,2024-04-04
9551,Week 4,2024-05-02
9551,Week 8,2024-05-30
9551,Week 12,2024-06-27
9552,Baseline,2024-06-17
9552,Week 4,2024-07-15
9552,Week 8,2024-08-12
9552,Week 12,2024-09-09
9553,Baseline,2024-04-16
9553,Week 4,2024-05-14
9553,Week 8,2024-06-11
9553,Week 12,2024-07-09
9554,Baseline,2024-05-29
9554,Week 4,2024-06-26
9554,Week 8,2024-07-24
9554,Week 12,2024-08-21
9555,Baseline,2024-01-09
9555,Week 4,2024-02-06
9555,Week 8,2024-03-05
9555,Week 12,2024-04-02
9556,Baseline,2024-04-23
9556,Week 4,2024-05-21
9556,Week 8,2024-06-18
9556,Week 12,2024-07-16
9557,Baseline,2024-04-09
9557,Week 4,2024-05-07
9557,Week 8,2024-06-04
9557,Week 12,2024-07-02
9558,Baseline,2024-02-28
9558,Week 4,2024-03-27
9558,Week 8,2024-04-24
9558,Week 12,2024-05-22
9559,Baseline,2024-05-02
9559,Week 4,2024-05-30
9559,Week 8,2024-06-27
9559,Week 12,2024-07-25
9560,Baseline,2024-02-17
9560,Week 4,2024-03-16
9560,Week 8,2024-04-13
9560,Week 12,2024-05-11
9561,Baseline,2024-01-08
9561,Week 4,2024-02-05
9561,Week 8,2024-03-04
9561,Week 12,2024-04-01
9562,Baseline,2024-05-10
9562,Week 4,2024-06-07
9562,Week 8,2024-07-05
9562,Week 12,2024-08-02
9563,Baseline,2024-01-26
9563,Week 4,2024-02-23
9563,Week 8,2024-03-22
9563,Week 12,2024-04-19
9564,Baseline,2024-05-24
9564,Week 4,2024-06-21
9564,Week 8,2024-07-19
9564,Week 12,2024-08-16
9565,Baseline,2024-05-12
9565,Week 4,2024-06-09
9565,Week 8,2024-07-07
9565,Week 12,2024-08-04
9566,Baseline,2024-01-30
9566,Week 4,2024-02-27
9566,Week 8,2024-03-26
9566,Week 12,2024-04-23
9567,Baseline,2024-01-28
9567,Week 4,2024-02-25
9567,Week 8,2024-03-24
9567,Week 12,2024-04-21
9568,Baseline,2024-06-04
9568,Week 4,2024-07-02
9568,Week 8,2024-07-30
9568,Week 12,2024-08-27
9569,Baseline,2024-03-30
9569,Week 4,2024-04-27
9569,Week 8,2024-05-25
9569,Week 12,2024-06-22
9570,Baseline,2024-06-02
9570,Week 4,2024-06-30
9570,Week 8,2024-07-28
9570,Week 12,2024-08-25
9571,Baseline,2024-04-14
9571,Week 4,2024-05-12
9571,Week 8,2024-06-09
9571,Week 12,2024-07-07
9572,Baseline,2024-02-09
9572,Week 4,2024-03-08
9572,Week 8,2024-04-05
9572,Week 12,2024-05-03
9573,Baseline,2024-01-14
9573,Week 4,2024-02-11
9573,Week 8,2024-03-10
9573,Week 12,2024-04-07
9574,Baseline,2024-03-02
9574,Week 4,2024-03-30
9574,Week 8,2024-04-27
9574,Week 12,2024-05-25
9575,Baseline,2024-05-10
9575,Week 4,2024-06-07
9575,Week 8,2024-07-05
9575,Week 12,2024-08-02
9576,Baseline,2024-01-16
9576,Week 4,2024-02-13
9576,Week 8,2024-03-12
9576,Week 12,2024-04-09
9577,Baseline,2024-04-14
9577,Week 4,2024-05-12
9577,Week 8,2024-06-09
9577,Week 12,2024-07-07
9578,Baseline,2024-04-30
9578,Week 4,2024-05-28
9578,Week 8,2024-06-25
9578,Week 12,2024-07-23
9579,Baseline,2024-04-19
9579,Week 4,2024-05-17
9579,Week 8,2024-06-14
9579,Week 12,2024-07-12
9580,Baseline,2024-03-15
9580,Week 4,2024-04-12
9580,Week 8,2024-05-10
9580,Week 12,2024-06-07
9581,Baseline,2024-06-14
9581,Week 4,2024-07-12
9581,Week 8,2024-08-09
9581,Week 12,2024-09-06
9582,Baseline,2024-01-29
9582,Week 4,2024-02-26
9582,Week 8,2024-03-25
9582,Week 12,2024-04-22
9583,Baseline,2024-01-04
9583,Week 4,2024-02-01
9583,Week 8,2024-02-29
9583,Week 12,2024-03-28
9584,Baseline,2024-01-11
9584,Week 4,2024-02-08
9584,Week 8,2024-03-07
9584,Week 12,2024-04-04
9585,Baseline,2024-03-01
9585,Week 4,2024-03-29
9585,Week 8,2024-04-26
9585,Week 12,2024-05-24
9586,Baseline,2024-02-27
9586,Week 4,2024-03-26
9586,Week 8,2024-04-23
9586,Week 12,2024-05-21
9587,Baseline,2024-02-08
9587,Week 4,2024-03-07
9587,Week 8,2024-04-04
9587,Week 12,2024-05-02
9588,Baseline,2024-02-19
9588,Week 4,2024-03-18
9588,Week 8,2024-04-15
9588,Week 12,2024-05-13
9589,Baseline,2024-01-05
9589,Week 4,2024-02-02
9589,Week 8,2024-03-01
9589,Week 12,2024-03-29
9590,Baseline,2024-01-03
9590,Week 4,2024-01-31
9590,Week 8,2024-02-28
9590,Week 12,2024-03-27
9591,Baseline,2024-05-20
9591,Week 4,2024-06-17
9591,Week 8,2024-07-15
9591,Week 12,2024-08-12
9592,Baseline,2024-06-28
9592,Week 4,2024-07-26
9592,Week 8,2024-08-23
9592,Week 12,2024-09-20
9593,Baseline,2024-01-09
9593,Week 4,2024-02-06
9593,Week 8,2024-03-05
9593,Week 12,2024-04-02
9594,Baseline,2024-04-02
9594,Week 4,2024-04-30
9594,Week 8,2024-05-28
9594,Week 12,2024-06-25
9595,Baseline,2024-02-06
9595,Week 4,2024-03-05
9595,Week 8,2024-04-02
9595,Week 12,2024-04-30
9596,Baseline,2024-04-30
9596,Week 4,2024-05-28
9596,Week 8,2024-06-25
9596,Week 12,2024-07-23
9597,Baseline,2024-04-22
9597,Week 4,2024-05-20
9597,Week 8,2024-06-17
9597,Week 12,2024-07-15
9598,Baseline,2024-03-24
9598,Week 4,2024-04-21
9598,Week 8,2024-05-19
9598,Week 12,2024-06-16
9599,Baseline,2024-03-22
9599,Week 4,2024-04-19
9599,Week 8,2024-05-17
9599,Week 12,2024-06-14
9600,Baseline,2024-02-29
9600,Week 4,2024-03-28
9600,Week 8,2024-04-25
9600,Week 12,2024-05-23
9601,Baseline,2024-05-02
9601,Week 4,2024-05-30
9601,Week 8,2024-06-27
9601,Week 12,2024-07-25
9602,Baseline,2024-01-16
9602,Week 4,2024-02-13
9602,Week 8,2024-03-12
9602,Week 12,2024-04-09
9603,Baseline,2024-04-04
9603,Week 4,2024-05-02
9603,Week 8,2024-05-30
9603,Week 12,2024-06-27
9604,Baseline,2024-03-25
9604,Week 4,2024-04-22
9604,Week 8,2024-05-20
9604,Week 12,2024-06-17
9605,Baseline,2024-03-30
9605,Week 4,2024-04-27
9605,Week 8,2024-05-25
9605,Week 12,2024-06-22
9606,Baseline,2024-03-04
9606,Week 4,2024-04-01
9606,Week 8,2024-04-29
9606,Week 12,2024-05-27
9607,Baseline,2024-06-17
9607,Week 4,2024-07-15
9607,Week 8,2024-08-12
9607,Week 12,2024-09-09
9608,Baseline,2024-05-04
9608,Week 4,2024-06-01
9608,Week 8,2024-06-29
9608,Week 12,2024-07-27
9609,Baseline,2024-03-28
9609,Week 4,2024-04-25
9609,Week 8,2024-05-23
9609,Week 12,2024-06-20
9610,Baseline,2024-05-31
9610,Week 4,2024-06-28
9610,Week 8,2024-07-26
9610,Week 12,2024-08-23
9611,Baseline,2024-04-19
9611,Week 4,2024-05-17
9611,Week 8,2024-06-14
9611,Week 12,2024-07-12
9612,Baseline,2024-06-03
9612,Week 4,2024-07-01
9612,Week 8,2024-07-29
9612,Week 12,2024-08-26
9613,Baseline,2024-02-25
9613,Week 4,2024-03-24
9613,Week 8,2024-04-21
9613,Week 12,2024-05-19
9614,Baseline,2024-04-11
9614,Week 4,2024-05-09
9614,Week 8,2024-06-06
9614,Week 12,2024-07-04
9615,Baseline,2024-02-21
9615,Week 4,2024-03-20
9615,Week 8,2024-04-17
9615,Week 12,2024-05-15
9616,Baseline,2024-04-28
9616,Week 4,2024-05-26
9616,Week 8,2024-06-23
9616,Week 12,2024-07-21
9617,Baseline,2024-01-07
9617,Week 4,2024-02-04
9617,Week 8,2024-03-03
9617,Week 12,2024-03-31
9618,Baseline,2024-02-28
9618,Week 4,2024-03-27
9618,Week 8,2024-04-24
9618,Week 12,2024-05-22
9619,Baseline,2024-05-29
9619,Week 4,2024-06-26
9619,Week 8,2024-07-24
9619,Week 12,2024-08-21
9620,Baseline,2024-04-10
9620,Week 4,2024-05-08
9620,Week 8,2024-06-05
9620,Week 12,2024-07-03
9621,Baseline,2024-05-21
9621,Week 4,2024-06-18
9621,Week 8,2024-07-16
9621,Week 12,2024-08-13
9622,Baseline,2024-05-03
9622,Week 4,2024-05-31
9622,Week 8,2024-06-28
9622,Week 12,2024-07-26
9623,Baseline,2024-03-20
9623,Week 4,2024-04-17
9623,Week 8,2024-05-15
9623,Week 12,2024-06-12
9624,Baseline,2024-01-23
9624,Week 4,2024-02-20
9624,Week 8,2024-03-19
9624,Week 12,2024-04-16
9625,Baseline,2024-01-15
9625,Week 4,2024-02-12
9625,Week 8,2024-03-11
9625,Week 12,2024-04-08
9626,Baseline,2024-01-02
9626,Week 4,2024-01-30
9626,Week 8,2024-02-27
9626,Week 12,2024-03-26
9627,Baseline,2024-05-26
9627,Week 4,2024-06-23
9627,Week 8,2024-07-21
9627,Week 12,2024-08-18
9628,Baseline,2024-04-18
9628,Week 4,2024-05-16
9628,Week 8,2024-06-13
9628,Week 12,2024-07-11
9629,Baseline,2024-03-05
9629,Week 4,2024-04-02
9629,Week 8,2024-04-30
9629,Week 12,2024-05-28
9630,Baseline,2024-03-04
9630,Week 4,2024-04-01
9630,Week 8,2024-04-29
9630,Week 12,2024-05-27
9631,Baseline,2024-05-19
9631,Week 4,2024-06-16
9631,Week 8,2024-07-14
9631,Week 12,2024-08-11
9632,Baseline,2024-05-11
9632,Week 4,2024-06-08
9632,Week 8,2024-07-06
9632,Week 12,2024-08-03
9633,Baseline,2024-06-15
9633,Week 4,2024-07-13
9633,Week 8,2024-08-10
9633,Week 12,2024-09-07
9634,Baseline,2024-06-08
9634,Week 4,2024-07-06
9634,Week 8,2024-08-03
9634,Week 12,2024-08-31
9635,Baseline,2024-03-24
9635,Week 4,2024-04-21
9635,Week 8,2024-05-19
9635,Week 12,2024-06-16
9636,Baseline,2024-05-21
9636,Week 4,2024-06-18
9636,Week 8,2024-07-16
9636,Week 12,2024-08-13
9637,Baseline,2024-05-26
9637,Week 4,2024-06-23
9637,Week 8,2024-07-21
9637,Week 12,2024-08-18
9638,Baseline,2024-01-27
9638,Week 4,2024-02-24
9638,Week 8,2024-03-23
9638,Week 12,2024-04-20
9639,Baseline,2024-06-21
9639,Week 4,2024-07-19
9639,Week 8,2024-08-16
9639,Week 12,2024-09-13
9640,Baseline,2024-04-28
9640,Week 4,2024-05-26
9640,Week 8,2024-06-23
9640,Week 12,2024-07-21
9641,Baseline,2024-05-06
9641,Week 4,2024-06-03
9641,Week 8,2024-07-01
9641,Week 12,2024-07-29
9642,Baseline,2024-05-02
9642,Week 4,2024-05-30
9642,Week 8,2024-06-27
9642,Week 12,2024-07-25
9643,Baseline,2024-05-31
9643,Week 4,2024-06-28
9643,Week 8,2024-07-26
9643,Week 12,2024-08-23
9644,Baseline,2024-05-23
9644,Week 4,2024-06-20
9644,Week 8,2024-07-18
9644,Week 12,2024-08-15
9645,Baseline,2024-04-05
9645,Week 4,2024-05-03
9645,Week 8,2024-05-31
9645,Week 12,2024-06-28
9646,Baseline,2024-02-13
9646,Week 4,2024-03-12
9646,Week 8,2024-04-09
9646,Week 12,2024-05-07
9647,Baseline,2024-02-13
9647,Week 4,2024-03-12
9647,Week 8,2024-04-09
9647,Week 12,2024-05-07
9648,Baseline,2024-05-22
9648,Week 4,2024-06-19
9648,Week 8,2024-07-17
9648,Week 12,2024-08-14
9649,Baseline,2024-02-08
9649,Week 4,2024-03-07
9649,Week 8,2024-04-04
9649,Week 12,2024-05-02
9650,Baseline,2024-06-23
9650,Week 4,2024-07-21
9650,Week 8,2024-08-18
9650,Week 12,2024-09-15
9651,Baseline,2024-06-07
9651,Week 4,2024-07-05
9651,Week 8,2024-08-02
9651,Week 12,2024-08-30
9652,Baseline,2024-05-04
9652,Week 4,2024-06-01
9652,Week 8,2024-06-29
9652,Week 12,2024-07-27
9653,Baseline,2024-01-26
9653,Week 4,2024-02-23
9653,Week 8,2024-03-22
9653,Week 12,2024-04-19
9654,Baseline,2024-05-06
9654,Week 4,2024-06-03
9654,Week 8,2024-07-01
9654,Week 12,2024-07-29
9655,Baseline,2024-01-31
9655,Week 4,2024-02-28
9655,Week 8,2024-03-27
9655,Week 12,2024-04-24
9656,Baseline,2024-04-30
9656,Week 4,2024-05-28
9656,Week 8,2024-06-25
9656,Week 12,2024-07-23
9657,Baseline,2024-01-31
9657,Week 4,2024-02-28
9657,Week 8,2024-03-27
9657,Week 12,2024-04-24
9658,Baseline,2024-04-19
9658,Week 4,2024-05-17
9658,Week 8,2024-06-14
9658,Week 12,2024-07-12
9659,Baseline,2024-02-04
9659,Week 4,2024-03-03
9659,Week 8,2024-03-31
9659,Week 12,2024-04-28
9660,Baseline,2024-03-01
9660,Week 4,2024-03-29
9660,Week 8,2024-04-26
9660,Week 12,2024-05-24
9661,Baseline,2024-02-20
9661,Week 4,2024-03-19
9661,Week 8,2024-04-16
9661,Week 12,2024-05-14
9662,Baseline,2024-05-17
9662,Week 4,2024-06-14
9662,Week 8,2024-07-12
9662,Week 12,2024-08-09
9663,Baseline,2024-03-28
9663,Week 4,2024-04-25
9663,Week 8,2024-05-23
9663,Week 12,2024-06-20
9664,Baseline,2024-02-07
9664,Week 4,2024-03-06
9664,Week 8,2024-04-03
9664,Week 12,2024-05-01
9665,Baseline,2024-06-13
9665,Week 4,2024-07-11
9665,Week 8,2024-08-08
9665,Week 12,2024-09-05
9666,Baseline,2024-01-27
9666,Week 4,2024-02-24
9666,Week 8,2024-03-23
9666,Week 12,2024-04-20
9667,Baseline,2024-04-25
9667,Week 4,2024-05-23
9667,Week 8,2024-06-20
9667,Week 12,2024-07-18
9668,Baseline,2024-02-03
9668,Week 4,2024-03-02
9668,Week 8,2024-03-30
9668,Week 12,2024-04-27
9669,Baseline,2024-02-09
9669,Week 4,2024-03-08
9669,Week 8,2024-04-05
9669,Week 12,2024-05-03
9670,Baseline,2024-01-26
9670,Week 4,2024-02-23
9670,Week 8,2024-03-22
9670,Week 12,2024-04-19
9671,Baseline,2024-02-26
9671,Week 4,2024-03-25
9671,Week 8,2024-04-22
9671,Week 12,2024-05-20
9672,Baseline,2024-06-11
9672,Week 4,2024-07-09
9672,Week 8,2024-08-06
9672,Week 12,2024-09-03
9673,Baseline,2024-05-11
9673,Week 4,2024-06-08
9673,Week 8,2024-07-06
9673,Week 12,2024-08-03
9674,Baseline,2024-05-14
9674,Week 4,2024-06-11
9674,Week 8,2024-07-09
9674,Week 12,2024-08-06
9675,Baseline,2024-02-17
9675,Week 4,2024-03-16
9675,Week 8,2024-04-13
9675,Week 12,2024-05-11
9676,Baseline,2024-02-23
9676,Week 4,2024-03-22
9676,Week 8,2024-04-19
9676,Week 12,2024-05-17
9677,Baseline,2024-06-09
9677,Week 4,2024-07-07
9677,Week 8,2024-08-04
9677,Week 12,2024-09-01
9678,Baseline,2024-05-10
9678,Week 4,2024-06-07
9678,Week 8,2024-07-05
9678,Week 12,2024-08-02
9679,Baseline,2024-01-24
9679,Week 4,2024-02-21
9679,Week 8,2024-03-20
9679,Week 12,2024-04-17
9680,Baseline,2024-01-23
9680,Week 4,2024-02-20
9680,Week 8,2024-03-19
9680,Week 12,2024-04-16
9681,Baseline,2024-06-27
9681,Week 4,2024-07-25
9681,Week 8,2024-08-22
9681,Week 12,2024-09-19
9682,Baseline,2024-05-24
9682,Week 4,2024-06-21
9682,Week 8,2024-07-19
9682,Week 12,2024-08-16
9683,Baseline,2024-05-11
9683,Week 4,2024-06-08
9683,Week 8,2024-07-06
9683,Week 12,2024-08-03
9684,Baseline,2024-05-22
9684,Week 4,2024-06-19
9684,Week 8,2024-07-17
9684,Week 12,2024-08-14
9685,Baseline,2024-01-31
9685,Week 4,2024-02-28
9685,Week 8,2024-03-27
9685,Week 12,2024-04-24
9686,Baseline,2024-04-15
9686,Week 4,2024-05-13
9686,Week 8,2024-06-10
9686,Week 12,2024-07-08
9687,Baseline,2024-03-22
9687,Week 4,2024-04-19
9687,Week 8,2024-05-17
9687,Week 12,2024-06-14
9688,Baseline,2024-05-16
9688,Week 4,2024-06-13
9688,Week 8,2024-07-11
9688,Week 12,2024-08-08
9689,Baseline,2024-03-20
9689,Week 4,2024-04-17
9689,Week 8,2024-05-15
9689,Week 12,2024-06-12
9690,Baseline,2024-03-01
9690,Week 4,2024-03-29
9690,Week 8,2024-04-26
9690,Week 12,2024-05-24
9691,Baseline,2024-01-16
9691,Week 4,2024-02-13
9691,Week 8,2024-03-12
9691,Week 12,2024-04-09
9692,Baseline,2024-03-22
9692,Week 4,2024-04-19
9692,Week 8,2024-05-17
9692,Week 12,2024-06-14
9693,Baseline,2024-02-05
9693,Week 4,2024-03-04
9693,Week 8,2024-04-01
9693,Week 12,2024-04-29
9694,Baseline,2024-05-22
9694,Week 4,2024-06-19
9694,Week 8,2024-07-17
9694,Week 12,2024-08-14
9695,Baseline,2024-03-04
9695,Week 4,2024-04-01
9695,Week 8,2024-04-29
9695,Week 12,2024-05-27
9696,Baseline,2024-01-23
9696,Week 4,2024-02-20
9696,Week 8,2024-03-19
9696,Week 12,2024-04-16
9697,Baseline,2024-03-09
9697,Week 4,2024-04-06
9697,Week 8,2024-05-04
9697,Week 12,2024-06-01
9698,Baseline,2024-04-05
9698,Week 4,2024-05-03
9698,Week 8,2024-05-31
9698,Week 12,2024-06-28
9699,Baseline,2024-01-28
9699,Week 4,2024-02-25
9699,Week 8,2024-03-24
9699,Week 12,2024-04-21
9700,Baseline,2024-04-20
9700,Week 4,2024-05-18
9700,Week 8,2024-06-15
9700,Week 12,2024-07-13
9701,Baseline,2024-01-19
9701,Week 4,2024-02-16
9701,Week 8,2024-03-15
9701,Week 12,2024-04-12
9702,Baseline,2024-04-03
9702,Week 4,2024-05-01
9702,Week 8,2024-05-29
9702,Week 12,2024-06-26
9703,Baseline,2024-06-08
9703,Week 4,2024-07-06
9703,Week 8,2024-08-03
9703,Week 12,2024-08-31
9704,Baseline,2024-06-02
9704,Week 4,2024-06-30
9704,Week 8,2024-07-28
9704,Week 12,2024-08-25
9705,Baseline,2024-04-01
9705,Week 4,2024-04-29
9705,Week 8,2024-05-27
9705,Week 12,2024-06-24
9706,Baseline,2024-01-08
9706,Week 4,2024-02-05
9706,Week 8,2024-03-04
9706,Week 12,2024-04-01
9707,Baseline,2024-03-31
9707,Week 4,2024-04-28
9707,Week 8,2024-05-26
9707,Week 12,2024-06-23
9708,Baseline,2024-03-03
9708,Week 4,2024-03-31
9708,Week 8,2024-04-28
9708,Week 12,2024-05-26
9709,Baseline,2024-05-14
9709,Week 4,2024-06-11
9709,Week 8,2024-07-09
9709,Week 12,2024-08-06
9710,Baseline,2024-01-25
9710,Week 4,2024-02-22
9710,Week 8,2024-03-21
9710,Week 12,2024-04-18
9711,Baseline,2024-01-04
9711,Week 4,2024-02-01
9711,Week 8,2024-02-29
9711,Week 12,2024-03-28
9712,Baseline,2024-02-23
9712,Week 4,2024-03-22
9712,Week 8,2024-04-19
9712,Week 12,2024-05-17
9713,Baseline,2024-01-10
9713,Week 4,2024-02-07
9713,Week 8,2024-03-06
9713,Week 12,2024-04-03
9714,Baseline,2024-03-13
9714,Week 4,2024-04-10
9714,Week 8,2024-05-08
9714,Week 12,2024-06-05
9715,Baseline,2024-03-21
9715,Week 4,2024-04-18
9715,Week 8,2024-05-16
9715,Week 12,2024-06-13
9716,Baseline,2024-05-23
9716,Week 4,2024-06-20
9716,Week 8,2024-07-18
9716,Week 12,2024-08-15
9717,Baseline,2024-05-19
9717,Week 4,2024-06-16
9717,Week 8,2024-07-14
9717,Week 12,2024-08-11
9718,Baseline,2024-05-16
9718,Week 4,2024-06-13
9718,Week 8,2024-07-11
9718,Week 12,2024-08-08
9719,Baseline,2024-04-26
9719,Week 4,2024-05-24
9719,Week 8,2024-06-21
9719,Week 12,2024-07-19
9720,Baseline,2024-03-21
9720,Week 4,2024-04-18
9720,Week 8,2024-05-16
9720,Week 12,2024-06-13
9721,Baseline,2024-06-09
9721,Week 4,2024-07-07
9721,Week 8,2024-08-04
9721,Week 12,2024-09-01
9722,Baseline,2024-05-04
9722,Week 4,2024-06-01
9722,Week 8,2024-06-29
9722,Week 12,2024-07-27
9723,Baseline,2024-03-19
9723,Week 4,2024-04-16
9723,Week 8,2024-05-14
9723,Week 12,2024-06-11
9724,Baseline,2024-02-03
9724,Week 4,2024-03-02
9724,Week 8,2024-03-30
9724,Week 12,2024-04-27
9725,Baseline,2024-02-03
9725,Week 4,2024-03-02
9725,Week 8,2024-03-30
9725,Week 12,2024-04-27
9726,Baseline,2024-01-31
9726,Week 4,2024-02-28
9726,Week 8,2024-03-27
9726,Week 12,2024-04-24
9727,Baseline,2024-03-05
9727,Week 4,2024-04-02
9727,Week 8,2024-04-30
9727,Week 12,2024-05-28
9728,Baseline,2024-01-18
9728,Week 4,2024-02-15
9728,Week 8,2024-03-14
9728,Week 12,2024-04-11
9729,Baseline,2024-04-22
9729,Week 4,2024-05-20
9729,Week 8,2024-06-17
9729,Week 12,2024-07-15
9730,Baseline,2024-02-27
9730,Week 4,2024-03-26
9730,Week 8,2024-04-23
9730,Week 12,2024-05-21
9731,Baseline,2024-03-28
9731,Week 4,2024-04-25
9731,Week 8,2024-05-23
9731,Week 12,2024-06-20
9732,Baseline,2024-03-22
9732,Week 4,2024-04-19
9732,Week 8,2024-05-17
9732,Week 12,2024-06-14
9733,Baseline,2024-05-16
9733,Week 4,2024-06-13
9733,Week 8,2024-07-11
9733,Week 12,2024-08-08
9734,Baseline,2024-02-23
9734,Week 4,2024-03-22
9734,Week 8,2024-04-19
9734,Week 12,2024-05-17
9735,Baseline,2024-01-30
9735,Week 4,2024-02-27
9735,Week 8,2024-03-26
9735,Week 12,2024-04-23
9736,Baseline,2024-03-21
9736,Week 4,2024-04-18
9736,Week 8,2024-05-16
9736,Week 12,2024-06-13
9737,Baseline,2024-05-20
9737,Week 4,2024-06-17
9737,Week 8,2024-07-15
9737,Week 12,2024-08-12
9738,Baseline,2024-02-20
9738,Week 4,2024-03-19
9738,Week 8,2024-04-16
9738,Week 12,2024-05-14
9739,Baseline,2024-01-11
9739,Week 4,2024-02-08
9739,Week 8,2024-03-07
9739,Week 12,2024-04-04
9740,Baseline,2024-01-16
9740,Week 4,2024-02-13
9740,Week 8,2024-03-12
9740,Week 12,2024-04-09
9741,Baseline,2024-04-19
9741,Week 4,2024-05-17
9741,Week 8,2024-06-14
9741,Week 12,2024-07-12
9742,Baseline,2024-03-26
9742,Week 4,2024-04-23
9742,Week 8,2024-05-21
9742,Week 12,2024-06-18
9743,Baseline,2024-03-16
9743,Week 4,2024-04-13
9743,Week 8,2024-05-11
9743,Week 12,2024-06-08
9744,Baseline,2024-05-09
9744,Week 4,2024-06-06
9744,Week 8,2024-07-04
9744,Week 12,2024-08-01
9745,Baseline,2024-01-06
9745,Week 4,2024-02-03
9745,Week 8,2024-03-02
9745,Week 12,2024-03-30
9746,Baseline,2024-05-17
9746,Week 4,2024-06-14
9746,Week 8,2024-07-12
9746,Week 12,2024-08-09
9747,Baseline,2024-01-04
9747,Week 4,2024-02-01
9747,Week 8,2024-02-29
9747,Week 12,2024-03-28
9748,Baseline,2024-06-28
9748,Week 4,2024-07-26
9748,Week 8,2024-08-23
9748,Week 12,2024-09-20
9749,Baseline,2024-03-12
9749,Week 4,2024-04-09
9749,Week 8,2024-05-07
9749,Week 12,2024-06-04
9750,Baseline,2024-03-16
9750,Week 4,2024-04-13
9750,Week 8,2024-05-11
9750,Week 12,2024-06-08
9751,Baseline,2024-05-17
9751,Week 4,2024-06-14
9751,Week 8,2024-07-12
9751,Week 12,2024-08-09
9752,Baseline,2024-04-24
9752,Week 4,2024-05-22
9752,Week 8,2024-06-19
9752,Week 12,2024-07-17
9753,Baseline,2024-04-03
9753,Week 4,2024-05-01
9753,Week 8,2024-05-29
9753,Week 12,2024-06-26
9754,Baseline,2024-04-21
9754,Week 4,2024-05-19
9754,Week 8,2024-06-16
9754,Week 12,2024-07-14
9755,Baseline,2024-03-23
9755,Week 4,2024-04-20
9755,Week 8,2024-05-18
9755,Week 12,2024-06-15
9756,Baseline,2024-01-02
9756,Week 4,2024-01-30
9756,Week 8,2024-02-27
9756,Week 12,2024-03-26
9757,Baseline,2024-01-07
9757,Week 4,2024-02-04
9757,Week 8,2024-03-03
9757,Week 12,2024-03-31
9758,Baseline,2024-04-18
9758,Week 4,2024-05-16
9758,Week 8,2024-06-13
9758,Week 12,2024-07-11
9759,Baseline,2024-01-07
9759,Week 4,2024-02-04
9759,Week 8,2024-03-03
9759,Week 12,2024-03-31
9760,Baseline,2024-02-27
9760,Week 4,2024-03-26
9760,Week 8,2024-04-23
9760,Week 12,2024-05-21
9761,Baseline,2024-01-27
9761,Week 4,2024-02-24
9761,Week 8,2024-03-23
9761,Week 12,2024-04-20
9762,Baseline,2024-02-13
9762,Week 4,2024-03-12
9762,Week 8,2024-04-09
9762,Week 12,2024-05-07
9763,Baseline,2024-05-10
9763,Week 4,2024-06-07
9763,Week 8,2024-07-05
9763,Week 12,2024-08-02
9764,Baseline,2024-01-18
9764,Week 4,2024-02-15
9764,Week 8,2024-03-14
9764,Week 12,2024-04-11
9765,Baseline,2024-04-23
9765,Week 4,2024-05-21
9765,Week 8,2024-06-18
9765,Week 12,2024-07-16
9766,Baseline,2024-06-23
9766,Week 4,2024-07-21
9766,Week 8,2024-08-18
9766,Week 12,2024-09-15
9767,Baseline,2024-03-25
9767,Week 4,2024-04-22
9767,Week 8,2024-05-20
9767,Week 12,2024-06-17
9768,Baseline,2024-06-05
9768,Week 4,2024-07-03
9768,Week 8,2024-07-31
9768,Week 12,2024-08-28
9769,Baseline,2024-04-18
9769,Week 4,2024-05-16
9769,Week 8,2024-06-13
9769,Week 12,2024-07-11
9770,Baseline,2024-02-06
9770,Week 4,2024-03-05
9770,Week 8,2024-04-02
9770,Week 12,2024-04-30
9771,Baseline,2024-01-06
9771,Week 4,2024-02-03
9771,Week 8,2024-03-02
9771,Week 12,2024-03-30
9772,Baseline,2024-04-20
9772,Week 4,2024-05-18
9772,Week 8,2024-06-15
9772,Week 12,2024-07-13
9773,Baseline,2024-06-25
9773,Week 4,2024-07-23
9773,Week 8,2024-08-20
9773,Week 12,2024-09-17
9774,Baseline,2024-04-27
9774,Week 4,2024-05-25
9774,Week 8,2024-06-22
9774,Week 12,2024-07-20
9775,Baseline,2024-04-22
9775,Week 4,2024-05-20
9775,Week 8,2024-06-17
9775,Week 12,2024-07-15
9776,Baseline,2024-01-06
9776,Week 4,2024-02-03
9776,Week 8,2024-03-02
9776,Week 12,2024-03-30
9777,Baseline,2024-03-05
9777,Week 4,2024-04-02
9777,Week 8,2024-04-30
9777,Week 12,2024-05-28
9778,Baseline,2024-05-14
9778,Week 4,2024-06-11
9778,Week 8,2024-07-09
9778,Week 12,2024-08-06
9779,Baseline,2024-03-16
9779,Week 4,2024-04-13
9779,Week 8,2024-05-11
9779,Week 12,2024-06-08
9780,Baseline,2024-03-02
9780,Week 4,2024-03-30
9780,Week 8,2024-04-27
9780,Week 12,2024-05-25
9781,Baseline,2024-04-08
9781,Week 4,2024-05-06
9781,Week 8,2024-06-03
9781,Week 12,2024-07-01
9782,Baseline,2024-06-04
9782,Week 4,2024-07-02
9782,Week 8,2024-07-30
9782,Week 12,2024-08-27
9783,Baseline,2024-02-21
9783,Week 4,2024-03-20
9783,Week 8,2024-04-17
9783,Week 12,2024-05-15
9784,Baseline,2024-01-01
9784,Week 4,2024-01-29
9784,Week 8,2024-02-26
9784,Week 12,2024-03-25
9785,Baseline,2024-01-19
9785,Week 4,2024-02-16
9785,Week 8,2024-03-15
9785,Week 12,2024-04-12
9786,Baseline,2024-04-30
9786,Week 4,2024-05-28
9786,Week 8,2024-06-25
9786,Week 12,2024-07-23
9787,Baseline,2024-02-26
9787,Week 4,2024-03-25
9787,Week 8,2024-04-22
9787,Week 12,2024-05-20
9788,Baseline,2024-01-14
9788,Week 4,2024-02-11
9788,Week 8,2024-03-10
9788,Week 12,2024-04-07
9789,Baseline,2024-06-22
9789,Week 4,2024-07-20
9789,Week 8,2024-08-17
9789,Week 12,2024-09-14
9790,Baseline,2024-03-17
9790,Week 4,2024-04-14
9790,Week 8,2024-05-12
9790,Week 12,2024-06-09
9791,Baseline,2024-02-18
9791,Week 4,2024-03-17
9791,Week 8,2024-04-14
9791,Week 12,2024-05-12
9792,Baseline,2024-06-19
9792,Week 4,2024-07-17
9792,Week 8,2024-08-14
9792,Week 12,2024-09-11
9793,Baseline,2024-06-16
9793,Week 4,2024-07-14
9793,Week 8,2024-08-11
9793,Week 12,2024-09-08
9794,Baseline,2024-02-21
9794,Week 4,2024-03-20
9794,Week 8,2024-04-17
9794,Week 12,2024-05-15
9795,Baseline,2024-06-05
9795,Week 4,2024-07-03
9795,Week 8,2024-07-31
9795,Week 12,2024-08-28
9796,Baseline,2024-01-16
9796,Week 4,2024-02-13
9796,Week 8,2024-03-12
9796,Week 12,2024-04-09
9797,Baseline,2024-04-20
9797,Week 4,2024-05-18
9797,Week 8,2024-06-15
9797,Week 12,2024-07-13
9798,Baseline,2024-06-23
9798,Week 4,2024-07-21
9798,Week 8,2024-08-18
9798,Week 12,2024-09-15
9799,Baseline,2024-02-11
9799,Week 4,2024-03-10
9799,Week 8,2024-04-07
9799,Week 12,2024-05-05
9800,Baseline,2024-05-06
9800,Week 4,2024-06-03
9800,Week 8,2024-07-01
9800,Week 12,2024-07-29
9801,Baseline,2024-02-14
9801,Week 4,2024-03-13
9801,Week 8,2024-04-10
9801,Week 12,2024-05-08
9802,Baseline,2024-05-29
9802,Week 4,2024-06-26
9802,Week 8,2024-07-24
9802,Week 12,2024-08-21
9803,Baseline,2024-05-16
9803,Week 4,2024-06-13
9803,Week 8,2024-07-11
9803,Week 12,2024-08-08
9804,Baseline,2024-02-21
9804,Week 4,2024-03-20
9804,Week 8,2024-04-17
9804,Week 12,2024-05-15
9805,Baseline,2024-03-22
9805,Week 4,2024-04-19
9805,Week 8,2024-05-17
9805,Week 12,2024-06-14
9806,Baseline,2024-02-14
9806,Week 4,2024-03-13
9806,Week 8,2024-04-10
9806,Week 12,2024-05-08
9807,Baseline,2024-03-31
9807,Week 4,2024-04-28
9807,Week 8,2024-05-26
9807,Week 12,2024-06-23
9808,Baseline,2024-06-24
9808,Week 4,2024-07-22
9808,Week 8,2024-08-19
9808,Week 12,2024-09-16
9809,Baseline,2024-05-09
9809,Week 4,2024-06-06
9809,Week 8,2024-07-04
9809,Week 12,2024-08-01
9810,Baseline,2024-06-18
9810,Week 4,2024-07-16
9810,Week 8,2024-08-13
9810,Week 12,2024-09-10
9811,Baseline,2024-03-28
9811,Week 4,2024-04-25
9811,Week 8,2024-05-23
9811,Week 12,2024-06-20
9812,Baseline,2024-02-15
9812,Week 4,2024-03-14
9812,Week 8,2024-04-11
9812,Week 12,2024-05-09
9813,Baseline,2024-05-27
9813,Week 4,2024-06-24
9813,Week 8,2024-07-22
9813,Week 12,2024-08-19
9814,Baseline,2024-04-11
9814,Week 4,2024-05-09
9814,Week 8,2024-06-06
9814,Week 12,2024-07-04
9815,Baseline,2024-02-24
9815,Week 4,2024-03-23
9815,Week 8,2024-04-20
9815,Week 12,2024-05-18
9816,Baseline,2024-04-29
9816,Week 4,2024-05-27
9816,Week 8,2024-06-24
9816,Week 12,2024-07-22
9817,Baseline,2024-01-20
9817,Week 4,2024-02-17
9817,Week 8,2024-03-16
9817,Week 12,2024-04-13
9818,Baseline,2024-01-09
9818,Week 4,2024-02-06
9818,Week 8,2024-03-05
9818,Week 12,2024-04-02
9819,Baseline,2024-01-05
9819,Week 4,2024-02-02
9819,Week 8,2024-03-01
9819,Week 12,2024-03-29
9820,Baseline,2024-06-20
9820,Week 4,2024-07-18
9820,Week 8,2024-08-15
9820,Week 12,2024-09-12
9821,Baseline,2024-04-14
9821,Week 4,2024-05-12
9821,Week 8,2024-06-09
9821,Week 12,2024-07-07
9822,Baseline,2024-03-21
9822,Week 4,2024-04-18
9822,Week 8,2024-05-16
9822,Week 12,2024-06-13
9823,Baseline,2024-03-11
9823,Week 4,2024-04-08
9823,Week 8,2024-05-06
9823,Week 12,2024-06-03
9824,Baseline,2024-03-31
9824,Week 4,2024-04-28
9824,Week 8,2024-05-26
9824,Week 12,2024-06-23
9825,Baseline,2024-06-18
9825,Week 4,2024-07-16
9825,Week 8,2024-08-13
9825,Week 12,2024-09-10
9826,Baseline,2024-02-23
9826,Week 4,2024-03-22
9826,Week 8,2024-04-19
9826,Week 12,2024-05-17
9827,Baseline,2024-01-27
9827,Week 4,2024-02-24
9827,Week 8,2024-03-23
9827,Week 12,2024-04-20
9828,Baseline,2024-03-09
9828,Week 4,2024-04-06
9828,Week 8,2024-05-04
9828,Week 12,2024-06-01
9829,Baseline,2024-01-09
9829,Week 4,2024-02-06
9829,Week 8,2024-03-05
9829,Week 12,2024-04-02
9830,Baseline,2024-04-17
9830,Week 4,2024-05-15
9830,Week 8,2024-06-12
9830,Week 12,2024-07-10
9831,Baseline,2024-03-07
9831,Week 4,2024-04-04
9831,Week 8,2024-05-02
9831,Week 12,2024-05-30
9832,Baseline,2024-02-05
9832,Week 4,2024-03-04
9832,Week 8,2024-04-01
9832,Week 12,2024-04-29
9833,Baseline,2024-01-24
9833,Week 4,2024-02-21
9833,Week 8,2024-03-20
9833,Week 12,2024-04-17
9834,Baseline,2024-03-08
9834,Week 4,2024-04-05
9834,Week 8,2024-05-03
9834,Week 12,2024-05-31
9835,Baseline,2024-06-26
9835,Week 4,2024-07-24
9835,Week 8,2024-08-21
9835,Week 12,2024-09-18
9836,Baseline,2024-03-31
9836,Week 4,2024-04-28
9836,Week 8,2024-05-26
9836,Week 12,2024-06-23
9837,Baseline,2024-01-18
9837,Week 4,2024-02-15
9837,Week 8,2024-03-14
9837,Week 12,2024-04-11
9838,Baseline,2024-04-02
9838,Week 4,2024-04-30
9838,Week 8,2024-05-28
9838,Week 12,2024-06-25
9839,Baseline,2024-04-21
9839,Week 4,2024-05-19
9839,Week 8,2024-06-16
9839,Week 12,2024-07-14
9840,Baseline,2024-04-25
9840,Week 4,2024-05-23
9840,Week 8,2024-06-20
9840,Week 12,2024-07-18
9841,Baseline,2024-06-19
9841,Week 4,2024-07-17
9841,Week 8,2024-08-14
9841,Week 12,2024-09-11
9842,Baseline,2024-06-26
9842,Week 4,2024-07-24
9842,Week 8,2024-08-21
9842,Week 12,2024-09-18
9843,Baseline,2024-06-22
9843,Week 4,2024-07-20
9843,Week 8,2024-08-17
9843,Week 12,2024-09-14
9844,Baseline,2024-06-05
9844,Week 4,2024-07-03
9844,Week 8,2024-07-31
9844,Week 12,2024-08-28
9845,Baseline,2024-05-01
9845,Week 4,2024-05-29
9845,Week 8,2024-06-26
9845,Week 12,2024-07-24
9846,Baseline,2024-02-01
9846,Week 4,2024-02-29
9846,Week 8,2024-03-28
9846,Week 12,2024-04-25
9847,Baseline,2024-03-11
9847,Week 4,2024-04-08
9847,Week 8,2024-05-06
9847,Week 12,2024-06-03
9848,Baseline,2024-06-19
9848,Week 4,2024-07-17
9848,Week 8,2024-08-14
9848,Week 12,2024-09-11
9849,Baseline,2024-04-07
9849,Week 4,2024-05-05
9849,Week 8,2024-06-02
9849,Week 12,2024-06-30
9850,Baseline,2024-05-09
9850,Week 4,2024-06-06
9850,Week 8,2024-07-04
9850,Week 12,2024-08-01
9851,Baseline,2024-04-17
9851,Week 4,2024-05-15
9851,Week 8,2024-06-12
9851,Week 12,2024-07-10
9852,Baseline,2024-03-14
9852,Week 4,2024-04-11
9852,Week 8,2024-05-09
9852,Week 12,2024-06-06
9853,Baseline,2024-06-03
9853,Week 4,2024-07-01
9853,Week 8,2024-07-29
9853,Week 12,2024-08-26
9854,Baseline,2024-05-22
9854,Week 4,2024-06-19
9854,Week 8,2024-07-17
9854,Week 12,2024-08-14
9855,Baseline,2024-05-04
9855,Week 4,2024-06-01
9855,Week 8,2024-06-29
9855,Week 12,2024-07-27
9856,Baseline,2024-02-11
9856,Week 4,2024-03-10
9856,Week 8,2024-04-07
9856,Week 12,2024-05-05
9857,Baseline,2024-05-23
9857,Week 4,2024-06-20
9857,Week 8,2024-07-18
9857,Week 12,2024-08-15
9858,Baseline,2024-01-16
9858,Week 4,2024-02-13
9858,Week 8,2024-03-12
9858,Week 12,2024-04-09
9859,Baseline,2024-05-08
9859,Week 4,2024-06-05
9859,Week 8,2024-07-03
9859,Week 12,2024-07-31
9860,Baseline,2024-01-12
9860,Week 4,2024-02-09
9860,Week 8,2024-03-08
9860,Week 12,2024-04-05
9861,Baseline,2024-01-31
9861,Week 4,2024-02-28
9861,Week 8,2024-03-27
9861,Week 12,2024-04-24
9862,Baseline,2024-03-09
9862,Week 4,2024-04-06
9862,Week 8,2024-05-04
9862,Week 12,2024-06-01
9863,Baseline,2024-03-17
9863,Week 4,2024-04-14
9863,Week 8,2024-05-12
9863,Week 12,2024-06-09
9864,Baseline,2024-02-22
9864,Week 4,2024-03-21
9864,Week 8,2024-04-18
9864,Week 12,2024-05-16
9865,Baseline,2024-06-09
9865,Week 4,2024-07-07
9865,Week 8,2024-08-04
9865,Week 12,2024-09-01
9866,Baseline,2024-06-24
9866,Week 4,2024-07-22
9866,Week 8,2024-08-19
9866,Week 12,2024-09-16
9867,Baseline,2024-03-12
9867,Week 4,2024-04-09
9867,Week 8,2024-05-07
9867,Week 12,2024-06-04
9868,Baseline,2024-05-06
9868,Week 4,2024-06-03
9868,Week 8,2024-07-01
9868,Week 12,2024-07-29
9869,Baseline,2024-03-27
9869,Week 4,2024-04-24
9869,Week 8,2024-05-22
9869,Week 12,2024-06-19
9870,Baseline,2024-05-30
9870,Week 4,2024-06-27
9870,Week 8,2024-07-25
9870,Week 12,2024-08-22
9871,Baseline,2024-05-09
9871,Week 4,2024-06-06
9871,Week 8,2024-07-04
9871,Week 12,2024-08-01
9872,Baseline,2024-04-02
9872,Week 4,2024-04-30
9872,Week 8,2024-05-28
9872,Week 12,2024-06-25
9873,Baseline,2024-01-16
9873,Week 4,2024-02-13
9873,Week 8,2024-03-12
9873,Week 12,2024-04-09
9874,Baseline,2024-05-09
9874,Week 4,2024-06-06
9874,Week 8,2024-07-04
9874,Week 12,2024-08-01
9875,Baseline,2024-03-31
9875,Week 4,2024-04-28
9875,Week 8,2024-05-26
9875,Week 12,2024-06-23
9876,Baseline,2024-03-22
9876,Week 4,2024-04-19
9876,Week 8,2024-05-17
9876,Week 12,2024-06-14
9877,Baseline,2024-03-29
9877,Week 4,2024-04-26
9877,Week 8,2024-05-24
9877,Week 12,2024-06-21
9878,Baseline,2024-05-07
9878,Week 4,2024-06-04
9878,Week 8,2024-07-02
9878,Week 12,2024-07-30
9879,Baseline,2024-01-11
9879,Week 4,2024-02-08
9879,Week 8,2024-03-07
9879,Week 12,2024-04-04
9880,Baseline,2024-02-04
9880,Week 4,2024-03-03
9880,Week 8,2024-03-31
9880,Week 12,2024-04-28
9881,Baseline,2024-01-01
9881,Week 4,2024-01-29
9881,Week 8,2024-02-26
9881,Week 12,2024-03-25
9882,Baseline,2024-04-21
9882,Week 4,2024-05-19
9882,Week 8,2024-06-16
9882,Week 12,2024-07-14
9883,Baseline,2024-02-20
9883,Week 4,2024-03-19
9883,Week 8,2024-04-16
9883,Week 12,2024-05-14
9884,Baseline,2024-05-19
9884,Week 4,2024-06-16
9884,Week 8,2024-07-14
9884,Week 12,2024-08-11
9885,Baseline,2024-05-09
9885,Week 4,2024-06-06
9885,Week 8,2024-07-04
9885,Week 12,2024-08-01
9886,Baseline,2024-05-14
9886,Week 4,2024-06-11
9886,Week 8,2024-07-09
9886,Week 12,2024-08-06
9887,Baseline,2024-02-10
9887,Week 4,2024-03-09
9887,Week 8,2024-04-06
9887,Week 12,2024-05-04
9888,Baseline,2024-01-20
9888,Week 4,2024-02-17
9888,Week 8,2024-03-16
9888,Week 12,2024-04-13
9889,Baseline,2024-05-20
9889,Week 4,2024-06-17
9889,Week 8,2024-07-15
9889,Week 12,2024-08-12
9890,Baseline,2024-03-27
9890,Week 4,2024-04-24
9890,Week 8,2024-05-22
9890,Week 12,2024-06-19
9891,Baseline,2024-04-01
9891,Week 4,2024-04-29
9891,Week 8,2024-05-27
9891,Week 12,2024-06-24
9892,Baseline,2024-05-11
9892,Week 4,2024-06-08
9892,Week 8,2024-07-06
9892,Week 12,2024-08-03
9893,Baseline,2024-01-31
9893,Week 4,2024-02-28
9893,Week 8,2024-03-27
9893,Week 12,2024-04-24
9894,Baseline,2024-04-05
9894,Week 4,2024-05-03
9894,Week 8,2024-05-31
9894,Week 12,2024-06-28
9895,Baseline,2024-03-09
9895,Week 4,2024-04-06
9895,Week 8,2024-05-04
9895,Week 12,2024-06-01
9896,Baseline,2024-05-17
9896,Week 4,2024-06-14
9896,Week 8,2024-07-12
9896,Week 12,2024-08-09
9897,Baseline,2024-03-14
9897,Week 4,2024-04-11
9897,Week 8,2024-05-09
9897,Week 12,2024-06-06
9898,Baseline,2024-03-25
9898,Week 4,2024-04-22
9898,Week 8,2024-05-20
9898,Week 12,2024-06-17
9899,Baseline,2024-04-18
9899,Week 4,2024-05-16
9899,Week 8,2024-06-13
9899,Week 12,2024-07-11
9900,Baseline,2024-06-20
9900,Week 4,2024-07-18
9900,Week 8,2024-08-15
9900,Week 12,2024-09-12
9901,Baseline,2024-02-01
9901,Week 4,2024-02-29
9901,Week 8,2024-03-28
9901,Week 12,2024-04-25
9902,Baseline,2024-03-14
9902,Week 4,2024-04-11
9902,Week 8,2024-05-09
9902,Week 12,2024-06-06
9903,Baseline,2024-04-29
9903,Week 4,2024-05-27
9903,Week 8,2024-06-24
9903,Week 12,2024-07-22
9904,Baseline,2024-02-16
9904,Week 4,2024-03-15
9904,Week 8,2024-04-12
9904,Week 12,2024-05-10
9905,Baseline,2024-02-16
9905,Week 4,2024-03-15
9905,Week 8,2024-04-12
9905,Week 12,2024-05-10
9906,Baseline,2024-06-24
9906,Week 4,2024-07-22
9906,Week 8,2024-08-19
9906,Week 12,2024-09-16
9907,Baseline,2024-03-20
9907,Week 4,2024-04-17
9907,Week 8,2024-05-15
9907,Week 12,2024-06-12
9908,Baseline,2024-02-26
9908,Week 4,2024-03-25
9908,Week 8,2024-04-22
9908,Week 12,2024-05-20
9909,Baseline,2024-04-24
9909,Week 4,2024-05-22
9909,Week 8,2024-06-19
9909,Week 12,2024-07-17
9910,Baseline,2024-06-24
9910,Week 4,2024-07-22
9910,Week 8,2024-08-19
9910,Week 12,2024-09-16
9911,Baseline,2024-06-10
9911,Week 4,2024-07-08
9911,Week 8,2024-08-05
9911,Week 12,2024-09-02
9912,Baseline,2024-05-06
9912,Week 4,2024-06-03
9912,Week 8,2024-07-01
9912,Week 12,2024-07-29
9913,Baseline,2024-05-29
9913,Week 4,2024-06-26
9913,Week 8,2024-07-24
9913,Week 12,2024-08-21
9914,Baseline,2024-04-16
9914,Week 4,2024-05-14
9914,Week 8,2024-06-11
9914,Week 12,2024-07-09
9915,Baseline,2024-01-26
9915,Week 4,2024-02-23
9915,Week 8,2024-03-22
9915,Week 12,2024-04-19
9916,Baseline,2024-03-26
9916,Week 4,2024-04-23
9916,Week 8,2024-05-21
9916,Week 12,2024-06-18
9917,Baseline,2024-02-21
9917,Week 4,2024-03-20
9917,Week 8,2024-04-17
9917,Week 12,2024-05-15
9918,Baseline,2024-05-06
9918,Week 4,2024-06-03
9918,Week 8,2024-07-01
9918,Week 12,2024-07-29
9919,Baseline,2024-01-21
9919,Week 4,2024-02-18
9919,Week 8,2024-03-17
9919,Week 12,2024-04-14
9920,Baseline,2024-03-17
9920,Week 4,2024-04-14
9920,Week 8,2024-05-12
9920,Week 12,2024-06-09
9921,Baseline,2024-01-04
9921,Week 4,2024-02-01
9921,Week 8,2024-02-29
9921,Week 12,2024-03-28
9922,Baseline,2024-05-19
9922,Week 4,2024-06-16
9922,Week 8,2024-07-14
9922,Week 12,2024-08-11
9923,Baseline,2024-02-28
9923,Week 4,2024-03-27
9923,Week 8,2024-04-24
9923,Week 12,2024-05-22
9924,Baseline,2024-01-03
9924,Week 4,2024-01-31
9924,Week 8,2024-02-28
9924,Week 12,2024-03-27
9925,Baseline,2024-03-30
9925,Week 4,2024-04-27
9925,Week 8,2024-05-25
9925,Week 12,2024-06-22
9926,Baseline,2024-02-15
9926,Week 4,2024-03-14
9926,Week 8,2024-04-11
9926,Week 12,2024-05-09
9927,Baseline,2024-04-19
9927,Week 4,2024-05-17
9927,Week 8,2024-06-14
9927,Week 12,2024-07-12
9928,Baseline,2024-03-16
9928,Week 4,2024-04-13
9928,Week 8,2024-05-11
9928,Week 12,2024-06-08
9929,Baseline,2024-01-17
9929,Week 4,2024-02-14
9929,Week 8,2024-03-13
9929,Week 12,2024-04-10
9930,Baseline,2024-06-28
9930,Week 4,2024-07-26
9930,Week 8,2024-08-23
9930,Week 12,2024-09-20
9931,Baseline,2024-01-10
9931,Week 4,2024-02-07
9931,Week 8,2024-03-06
9931,Week 12,2024-04-03
9932,Baseline,2024-01-18
9932,Week 4,2024-02-15
9932,Week 8,2024-03-14
9932,Week 12,2024-04-11
9933,Baseline,2024-03-29
9933,Week 4,2024-04-26
9933,Week 8,2024-05-24
9933,Week 12,2024-06-21
9934,Baseline,2024-02-18
9934,Week 4,2024-03-17
9934,Week 8,2024-04-14
9934,Week 12,2024-05-12
9935,Baseline,2024-01-28
9935,Week 4,2024-02-25
9935,Week 8,2024-03-24
9935,Week 12,2024-04-21
9936,Baseline,2024-01-25
9936,Week 4,2024-02-22
9936,Week 8,2024-03-21
9936,Week 12,2024-04-18
9937,Baseline,2024-06-01
9937,Week 4,2024-06-29
9937,Week 8,2024-07-27
9937,Week 12,2024-08-24
9938,Baseline,2024-04-20
9938,Week 4,2024-05-18
9938,Week 8,2024-06-15
9938,Week 12,2024-07-13
9939,Baseline,2024-05-21
9939,Week 4,2024-06-18
9939,Week 8,2024-07-16
9939,Week 12,2024-08-13
9940,Baseline,2024-06-05
9940,Week 4,2024-07-03
9940,Week 8,2024-07-31
9940,Week 12,2024-08-28
9941,Baseline,2024-02-20
9941,Week 4,2024-03-19
9941,Week 8,2024-04-16
9941,Week 12,2024-05-14
9942,Baseline,2024-06-24
9942,Week 4,2024-07-22
9942,Week 8,2024-08-19
9942,Week 12,2024-09-16
9943,Baseline,2024-04-01
9943,Week 4,2024-04-29
9943,Week 8,2024-05-27
9943,Week 12,2024-06-24
9944,Baseline,2024-06-19
9944,Week 4,2024-07-17
9944,Week 8,2024-08-14
9944,Week 12,2024-09-11
9945,Baseline,2024-04-30
9945,Week 4,2024-05-28
9945,Week 8,2024-06-25
9945,Week 12,2024-07-23
9946,Baseline,2024-03-30
9946,Week 4,2024-04-27
9946,Week 8,2024-05-25
9946,Week 12,2024-06-22
9947,Baseline,2024-03-25
9947,Week 4,2024-04-22
9947,Week 8,2024-05-20
9947,Week 12,2024-06-17
9948,Baseline,2024-06-20
9948,Week 4,2024-07-18
9948,Week 8,2024-08-15
9948,Week 12,2024-09-12
9949,Baseline,2024-06-14
9949,Week 4,2024-07-12
9949,Week 8,2024-08-09
9949,Week 12,2024-09-06
9950,Baseline,2024-02-28
9950,Week 4,2024-03-27
9950,Week 8,2024-04-24
9950,Week 12,2024-05-22
9951,Baseline,2024-05-06
9951,Week 4,2024-06-03
9951,Week 8,2024-07-01
9951,Week 12,2024-07-29
9952,Baseline,2024-01-16
9952,Week 4,2024-02-13
9952,Week 8,2024-03-12
9952,Week 12,2024-04-09
9953,Baseline,2024-02-06
9953,Week 4,2024-03-05
9953,Week 8,2024-04-02
9953,Week 12,2024-04-30
9954,Baseline,2024-03-26
9954,Week 4,2024-04-23
9954,Week 8,2024-05-21
9954,Week 12,2024-06-18
9955,Baseline,2024-05-14
9955,Week 4,2024-06-11
9955,Week 8,2024-07-09
9955,Week 12,2024-08-06
9956,Baseline,2024-05-20
9956,Week 4,2024-06-17
9956,Week 8,2024-07-15
9956,Week 12,2024-08-12
9957,Baseline,2024-04-15
9957,Week 4,2024-05-13
9957,Week 8,2024-06-10
9957,Week 12,2024-07-08
9958,Baseline,2024-02-16
9958,Week 4,2024-03-15
9958,Week 8,2024-04-12
9958,Week 12,2024-05-10
9959,Baseline,2024-01-14
9959,Week 4,2024-02-11
9959,Week 8,2024-03-10
9959,Week 12,2024-04-07
9960,Baseline,2024-02-15
9960,Week 4,2024-03-14
9960,Week 8,2024-04-11
9960,Week 12,2024-05-09
9961,Baseline,2024-02-27
9961,Week 4,2024-03-26
9961,Week 8,2024-04-23
9961,Week 12,2024-05-21
9962,Baseline,2024-06-18
9962,Week 4,2024-07-16
9962,Week 8,2024-08-13
9962,Week 12,2024-09-10
9963,Baseline,2024-04-06
9963,Week 4,2024-05-04
9963,Week 8,2024-06-01
9963,Week 12,2024-06-29
9964,Baseline,2024-02-14
9964,Week 4,2024-03-13
9964,Week 8,2024-04-10
9964,Week 12,2024-05-08
9965,Baseline,2024-04-27
9965,Week 4,2024-05-25
9965,Week 8,2024-06-22
9965,Week 12,2024-07-20
9966,Baseline,2024-06-11
9966,Week 4,2024-07-09
9966,Week 8,2024-08-06
9966,Week 12,2024-09-03
9967,Baseline,2024-03-11
9967,Week 4,2024-04-08
9967,Week 8,2024-05-06
9967,Week 12,2024-06-03
9968,Baseline,2024-02-15
9968,Week 4,2024-03-14
9968,Week 8,2024-04-11
9968,Week 12,2024-05-09
9969,Baseline,2024-06-06
9969,Week 4,2024-07-04
9969,Week 8,2024-08-01
9969,Week 12,2024-08-29
9970,Baseline,2024-04-28
9970,Week 4,2024-05-26
9970,Week 8,2024-06-23
9970,Week 12,2024-07-21
9971,Baseline,2024-05-24
9971,Week 4,2024-06-21
9971,Week 8,2024-07-19
9971,Week 12,2024-08-16
9972,Baseline,2024-04-29
9972,Week 4,2024-05-27
9972,Week 8,2024-06-24
9972,Week 12,2024-07-22
9973,Baseline,2024-02-19
9973,Week 4,2024-03-18
9973,Week 8,2024-04-15
9973,Week 12,2024-05-13
9974,Baseline,2024-02-14
9974,Week 4,2024-03-13
9974,Week 8,2024-04-10
9974,Week 12,2024-05-08
9975,Baseline,2024-03-11
9975,Week 4,2024-04-08
9975,Week 8,2024-05-06
9975,Week 12,2024-06-03
9976,Baseline,2024-06-28
9976,Week 4,2024-07-26
9976,Week 8,2024-08-23
9976,Week 12,2024-09-20
9977,Baseline,2024-04-05
9977,Week 4,2024-05-03
9977,Week 8,2024-05-31
9977,Week 12,2024-06-28
9978,Baseline,2024-04-20
9978,Week 4,2024-05-18
9978,Week 8,2024-06-15
9978,Week 12,2024-07-13
9979,Baseline,2024-06-14
9979,Week 4,2024-07-12
9979,Week 8,2024-08-09
9979,Week 12,2024-09-06
9980,Baseline,2024-04-13
9980,Week 4,2024-05-11
9980,Week 8,2024-06-08
9980,Week 12,2024-07-06
9981,Baseline,2024-03-14
9981,Week 4,2024-04-11
9981,Week 8,2024-05-09
9981,Week 12,2024-06-06
9982,Baseline,2024-04-19
9982,Week 4,2024-05-17
9982,Week 8,2024-06-14
9982,Week 12,2024-07-12
9983,Baseline,2024-03-31
9983,Week 4,2024-04-28
9983,Week 8,2024-05-26
9983,Week 12,2024-06-23
9984,Baseline,2024-01-25
9984,Week 4,2024-02-22
9984,Week 8,2024-03-21
9984,Week 12,2024-04-18
9985,Baseline,2024-05-06
9985,Week 4,2024-06-03
9985,Week 8,2024-07-01
9985,Week 12,2024-07-29
9986,Baseline,2024-03-06
9986,Week 4,2024-04-03
9986,Week 8,2024-05-01
9986,Week 12,2024-05-29
9987,Baseline,2024-05-03
9987,Week 4,2024-05-31
9987,Week 8,2024-06-28
9987,Week 12,2024-07-26
9988,Baseline,2024-06-05
9988,Week 4,2024-07-03
9988,Week 8,2024-07-31
9988,Week 12,2024-08-28
9989,Baseline,2024-02-12
9989,Week 4,2024-03-11
9989,Week 8,2024-04-08
9989,Week 12,2024-05-06
9990,Baseline,2024-01-09
9990,Week 4,2024-02-06
9990,Week 8,2024-03-05
9990,Week 12,2024-04-02
9991,Baseline,2024-01-27
9991,Week 4,2024-02-24
9991,Week 8,2024-03-23
9991,Week 12,2024-04-20
9992,Baseline,2024-02-06
9992,Week 4,2024-03-05
9992,Week 8,2024-04-02
9992,Week 12,2024-04-30
9993,Baseline,2024-02-01
9993,Week 4,2024-02-29
9993,Week 8,2024-03-28
9993,Week 12,2024-04-25
9994,Baseline,2024-03-21
9994,Week 4,2024-04-18
9994,Week 8,2024-05-16
9994,Week 12,2024-06-13
9995,Baseline,2024-02-13
9995,Week 4,2024-03-12
9995,Week 8,2024-04-09
9995,Week 12,2024-05-07
9996,Baseline,2024-02-21
9996,Week 4,2024-03-20
9996,Week 8,2024-04-17
9996,Week 12,2024-05-15
9997,Baseline,2024-01-23
9997,Week 4,2024-02-20
9997,Week 8,2024-03-19
9997,Week 12,2024-04-16
9998,Baseline,2024-05-03
9998,Week 4,2024-05-31
9998,Week 8,2024-06-28
9998,Week 12,2024-07-26
9999,Baseline,2024-01-02
9999,Week 4,2024-01-30
9999,Week 8,2024-02-27
9999,Week 12,2024-03-26
10000,Baseline,2024-06-25
10000,Week 4,2024-07-23
10000,Week 8,2024-08-20
10000,Week 12,2024-09-17
